experiment_id,dataset,method,split_index,alpha,empirical
e2_uci,kin8nm,gp,0,0.05,0.061050061050061
e2_uci,kin8nm,gp,0,0.1,0.1111111111111111
e2_uci,kin8nm,gp,0,0.15,0.155067155067155
e2_uci,kin8nm,gp,0,0.2,0.2002442002442002
e2_uci,kin8nm,gp,0,0.25,0.2417582417582417
e2_uci,kin8nm,gp,0,0.3,0.2918192918192918
e2_uci,kin8nm,gp,0,0.35,0.3333333333333333
e2_uci,kin8nm,gp,0,0.4,0.3846153846153846
e2_uci,kin8nm,gp,0,0.45,0.4444444444444444
e2_uci,kin8nm,gp,0,0.5,0.4908424908424908
e2_uci,kin8nm,gp,0,0.55,0.5518925518925519
e2_uci,kin8nm,gp,0,0.6000000000000001,0.6019536019536019
e2_uci,kin8nm,gp,0,0.6500000000000001,0.6507936507936508
e2_uci,kin8nm,gp,0,0.7000000000000001,0.7045177045177046
e2_uci,kin8nm,gp,0,0.7500000000000001,0.7716727716727717
e2_uci,kin8nm,gp,0,0.8,0.8241758241758241
e2_uci,kin8nm,gp,0,0.8500000000000001,0.8681318681318682
e2_uci,kin8nm,gp,0,0.9000000000000001,0.9218559218559218
e2_uci,kin8nm,gp,0,0.95,0.956043956043956
e2_uci,yacht,gp,0,0.05,0.064516129032258
e2_uci,yacht,gp,0,0.1,0.1290322580645161
e2_uci,yacht,gp,0,0.15,0.1290322580645161
e2_uci,yacht,gp,0,0.2,0.2258064516129032
e2_uci,yacht,gp,0,0.25,0.2903225806451613
e2_uci,yacht,gp,0,0.3,0.3548387096774194
e2_uci,yacht,gp,0,0.35,0.3870967741935484
e2_uci,yacht,gp,0,0.4,0.4516129032258064
e2_uci,yacht,gp,0,0.45,0.4838709677419355
e2_uci,yacht,gp,0,0.5,0.5483870967741935
e2_uci,yacht,gp,0,0.55,0.5806451612903226
e2_uci,yacht,gp,0,0.6000000000000001,0.6451612903225806
e2_uci,yacht,gp,0,0.6500000000000001,0.7096774193548387
e2_uci,yacht,gp,0,0.7000000000000001,0.7096774193548387
e2_uci,yacht,gp,0,0.7500000000000001,0.8064516129032258
e2_uci,yacht,gp,0,0.8,0.8387096774193549
e2_uci,yacht,gp,0,0.8500000000000001,0.8709677419354839
e2_uci,yacht,gp,0,0.9000000000000001,0.8709677419354839
e2_uci,yacht,gp,0,0.95,0.935483870967742
e2_uci,yacht,gp,1,0.05,0.0
e2_uci,yacht,gp,1,0.1,0.032258064516129
e2_uci,yacht,gp,1,0.15,0.0967741935483871
e2_uci,yacht,gp,1,0.2,0.0967741935483871
e2_uci,yacht,gp,1,0.25,0.2258064516129032
e2_uci,yacht,gp,1,0.3,0.2903225806451613
e2_uci,yacht,gp,1,0.35,0.3225806451612903
e2_uci,yacht,gp,1,0.4,0.3548387096774194
e2_uci,yacht,gp,1,0.45,0.3548387096774194
e2_uci,yacht,gp,1,0.5,0.3870967741935484
e2_uci,yacht,gp,1,0.55,0.4516129032258064
e2_uci,yacht,gp,1,0.6000000000000001,0.4838709677419355
e2_uci,yacht,gp,1,0.6500000000000001,0.5483870967741935
e2_uci,yacht,gp,1,0.7000000000000001,0.5806451612903226
e2_uci,yacht,gp,1,0.7500000000000001,0.6774193548387096
e2_uci,yacht,gp,1,0.8,0.7419354838709677
e2_uci,yacht,gp,1,0.8500000000000001,0.8064516129032258
e2_uci,yacht,gp,1,0.9000000000000001,0.9032258064516128
e2_uci,yacht,gp,1,0.95,0.967741935483871
e2_uci,yacht,gp,2,0.05,0.064516129032258
e2_uci,yacht,gp,2,0.1,0.0967741935483871
e2_uci,yacht,gp,2,0.15,0.1290322580645161
e2_uci,yacht,gp,2,0.2,0.1935483870967742
e2_uci,yacht,gp,2,0.25,0.2258064516129032
e2_uci,yacht,gp,2,0.3,0.2258064516129032
e2_uci,yacht,gp,2,0.35,0.2580645161290322
e2_uci,yacht,gp,2,0.4,0.3870967741935484
e2_uci,yacht,gp,2,0.45,0.4838709677419355
e2_uci,yacht,gp,2,0.5,0.6129032258064516
e2_uci,yacht,gp,2,0.55,0.6451612903225806
e2_uci,yacht,gp,2,0.6000000000000001,0.7096774193548387
e2_uci,yacht,gp,2,0.6500000000000001,0.8387096774193549
e2_uci,yacht,gp,2,0.7000000000000001,0.8387096774193549
e2_uci,yacht,gp,2,0.7500000000000001,0.8709677419354839
e2_uci,yacht,gp,2,0.8,0.8709677419354839
e2_uci,yacht,gp,2,0.8500000000000001,0.9032258064516128
e2_uci,yacht,gp,2,0.9000000000000001,0.967741935483871
e2_uci,yacht,gp,2,0.95,1.0
e2_uci,yacht,gp,3,0.05,0.064516129032258
e2_uci,yacht,gp,3,0.1,0.1612903225806451
e2_uci,yacht,gp,3,0.15,0.1612903225806451
e2_uci,yacht,gp,3,0.2,0.2258064516129032
e2_uci,yacht,gp,3,0.25,0.2580645161290322
e2_uci,yacht,gp,3,0.3,0.3225806451612903
e2_uci,yacht,gp,3,0.35,0.3548387096774194
e2_uci,yacht,gp,3,0.4,0.4193548387096774
e2_uci,yacht,gp,3,0.45,0.4193548387096774
e2_uci,yacht,gp,3,0.5,0.5161290322580645
e2_uci,yacht,gp,3,0.55,0.5806451612903226
e2_uci,yacht,gp,3,0.6000000000000001,0.6129032258064516
e2_uci,yacht,gp,3,0.6500000000000001,0.6129032258064516
e2_uci,yacht,gp,3,0.7000000000000001,0.6774193548387096
e2_uci,yacht,gp,3,0.7500000000000001,0.6774193548387096
e2_uci,yacht,gp,3,0.8,0.7419354838709677
e2_uci,yacht,gp,3,0.8500000000000001,0.7419354838709677
e2_uci,yacht,gp,3,0.9000000000000001,0.9032258064516128
e2_uci,yacht,gp,3,0.95,0.9032258064516128
e2_uci,yacht,gp,4,0.05,0.032258064516129
e2_uci,yacht,gp,4,0.1,0.032258064516129
e2_uci,yacht,gp,4,0.15,0.064516129032258
e2_uci,yacht,gp,4,0.2,0.1290322580645161
e2_uci,yacht,gp,4,0.25,0.2580645161290322
e2_uci,yacht,gp,4,0.3,0.2903225806451613
e2_uci,yacht,gp,4,0.35,0.2903225806451613
e2_uci,yacht,gp,4,0.4,0.3225806451612903
e2_uci,yacht,gp,4,0.45,0.4193548387096774
e2_uci,yacht,gp,4,0.5,0.4516129032258064
e2_uci,yacht,gp,4,0.55,0.4516129032258064
e2_uci,yacht,gp,4,0.6000000000000001,0.4838709677419355
e2_uci,yacht,gp,4,0.6500000000000001,0.5161290322580645
e2_uci,yacht,gp,4,0.7000000000000001,0.5806451612903226
e2_uci,yacht,gp,4,0.7500000000000001,0.6451612903225806
e2_uci,yacht,gp,4,0.8,0.7741935483870968
e2_uci,yacht,gp,4,0.8500000000000001,0.8064516129032258
e2_uci,yacht,gp,4,0.9000000000000001,0.9032258064516128
e2_uci,yacht,gp,4,0.95,0.967741935483871
e2_uci,yacht,gp,5,0.05,0.1290322580645161
e2_uci,yacht,gp,5,0.1,0.1935483870967742
e2_uci,yacht,gp,5,0.15,0.1935483870967742
e2_uci,yacht,gp,5,0.2,0.2580645161290322
e2_uci,yacht,gp,5,0.25,0.2903225806451613
e2_uci,yacht,gp,5,0.3,0.2903225806451613
e2_uci,yacht,gp,5,0.35,0.3225806451612903
e2_uci,yacht,gp,5,0.4,0.3225806451612903
e2_uci,yacht,gp,5,0.45,0.3870967741935484
e2_uci,yacht,gp,5,0.5,0.3870967741935484
e2_uci,yacht,gp,5,0.55,0.4193548387096774
e2_uci,yacht,gp,5,0.6000000000000001,0.5483870967741935
e2_uci,yacht,gp,5,0.6500000000000001,0.6129032258064516
e2_uci,yacht,gp,5,0.7000000000000001,0.6451612903225806
e2_uci,yacht,gp,5,0.7500000000000001,0.7096774193548387
e2_uci,yacht,gp,5,0.8,0.7741935483870968
e2_uci,yacht,gp,5,0.8500000000000001,0.8709677419354839
e2_uci,yacht,gp,5,0.9000000000000001,0.9032258064516128
e2_uci,yacht,gp,5,0.95,0.935483870967742
e2_uci,yacht,gp,6,0.05,0.1290322580645161
e2_uci,yacht,gp,6,0.1,0.1290322580645161
e2_uci,yacht,gp,6,0.15,0.1612903225806451
e2_uci,yacht,gp,6,0.2,0.2580645161290322
e2_uci,yacht,gp,6,0.25,0.2903225806451613
e2_uci,yacht,gp,6,0.3,0.3870967741935484
e2_uci,yacht,gp,6,0.35,0.4193548387096774
e2_uci,yacht,gp,6,0.4,0.4838709677419355
e2_uci,yacht,gp,6,0.45,0.5806451612903226
e2_uci,yacht,gp,6,0.5,0.5806451612903226
e2_uci,yacht,gp,6,0.55,0.6451612903225806
e2_uci,yacht,gp,6,0.6000000000000001,0.6774193548387096
e2_uci,yacht,gp,6,0.6500000000000001,0.7419354838709677
e2_uci,yacht,gp,6,0.7000000000000001,0.7741935483870968
e2_uci,yacht,gp,6,0.7500000000000001,0.7741935483870968
e2_uci,yacht,gp,6,0.8,0.8709677419354839
e2_uci,yacht,gp,6,0.8500000000000001,0.935483870967742
e2_uci,yacht,gp,6,0.9000000000000001,0.967741935483871
e2_uci,yacht,gp,6,0.95,0.967741935483871
e2_uci,yacht,gp,7,0.05,0.0967741935483871
e2_uci,yacht,gp,7,0.1,0.0967741935483871
e2_uci,yacht,gp,7,0.15,0.1290322580645161
e2_uci,yacht,gp,7,0.2,0.1612903225806451
e2_uci,yacht,gp,7,0.25,0.2258064516129032
e2_uci,yacht,gp,7,0.3,0.2903225806451613
e2_uci,yacht,gp,7,0.35,0.3548387096774194
e2_uci,yacht,gp,7,0.4,0.4193548387096774
e2_uci,yacht,gp,7,0.45,0.4838709677419355
e2_uci,yacht,gp,7,0.5,0.4838709677419355
e2_uci,yacht,gp,7,0.55,0.5161290322580645
e2_uci,yacht,gp,7,0.6000000000000001,0.5483870967741935
e2_uci,yacht,gp,7,0.6500000000000001,0.6129032258064516
e2_uci,yacht,gp,7,0.7000000000000001,0.6774193548387096
e2_uci,yacht,gp,7,0.7500000000000001,0.7419354838709677
e2_uci,yacht,gp,7,0.8,0.8064516129032258
e2_uci,yacht,gp,7,0.8500000000000001,0.9032258064516128
e2_uci,yacht,gp,7,0.9000000000000001,0.935483870967742
e2_uci,yacht,gp,7,0.95,0.935483870967742
e2_uci,yacht,gp,8,0.05,0.064516129032258
e2_uci,yacht,gp,8,0.1,0.1290322580645161
e2_uci,yacht,gp,8,0.15,0.1935483870967742
e2_uci,yacht,gp,8,0.2,0.2258064516129032
e2_uci,yacht,gp,8,0.25,0.2903225806451613
e2_uci,yacht,gp,8,0.3,0.2903225806451613
e2_uci,yacht,gp,8,0.35,0.3870967741935484
e2_uci,yacht,gp,8,0.4,0.3870967741935484
e2_uci,yacht,gp,8,0.45,0.4193548387096774
e2_uci,yacht,gp,8,0.5,0.4516129032258064
e2_uci,yacht,gp,8,0.55,0.4838709677419355
e2_uci,yacht,gp,8,0.6000000000000001,0.5161290322580645
e2_uci,yacht,gp,8,0.6500000000000001,0.6129032258064516
e2_uci,yacht,gp,8,0.7000000000000001,0.6451612903225806
e2_uci,yacht,gp,8,0.7500000000000001,0.7096774193548387
e2_uci,yacht,gp,8,0.8,0.7419354838709677
e2_uci,yacht,gp,8,0.8500000000000001,0.8064516129032258
e2_uci,yacht,gp,8,0.9000000000000001,0.8387096774193549
e2_uci,yacht,gp,8,0.95,0.935483870967742
e2_uci,yacht,gp,9,0.05,0.0
e2_uci,yacht,gp,9,0.1,0.0
e2_uci,yacht,gp,9,0.15,0.032258064516129
e2_uci,yacht,gp,9,0.2,0.1290322580645161
e2_uci,yacht,gp,9,0.25,0.1612903225806451
e2_uci,yacht,gp,9,0.3,0.2258064516129032
e2_uci,yacht,gp,9,0.35,0.2580645161290322
e2_uci,yacht,gp,9,0.4,0.2903225806451613
e2_uci,yacht,gp,9,0.45,0.3548387096774194
e2_uci,yacht,gp,9,0.5,0.3548387096774194
e2_uci,yacht,gp,9,0.55,0.4516129032258064
e2_uci,yacht,gp,9,0.6000000000000001,0.5161290322580645
e2_uci,yacht,gp,9,0.6500000000000001,0.5806451612903226
e2_uci,yacht,gp,9,0.7000000000000001,0.6129032258064516
e2_uci,yacht,gp,9,0.7500000000000001,0.7419354838709677
e2_uci,yacht,gp,9,0.8,0.8064516129032258
e2_uci,yacht,gp,9,0.8500000000000001,0.8387096774193549
e2_uci,yacht,gp,9,0.9000000000000001,0.935483870967742
e2_uci,yacht,gp,9,0.95,0.967741935483871
e2_uci,yacht,gp,10,0.05,0.0967741935483871
e2_uci,yacht,gp,10,0.1,0.1612903225806451
e2_uci,yacht,gp,10,0.15,0.3225806451612903
e2_uci,yacht,gp,10,0.2,0.4193548387096774
e2_uci,yacht,gp,10,0.25,0.4516129032258064
e2_uci,yacht,gp,10,0.3,0.4838709677419355
e2_uci,yacht,gp,10,0.35,0.5161290322580645
e2_uci,yacht,gp,10,0.4,0.5483870967741935
e2_uci,yacht,gp,10,0.45,0.5806451612903226
e2_uci,yacht,gp,10,0.5,0.6129032258064516
e2_uci,yacht,gp,10,0.55,0.6451612903225806
e2_uci,yacht,gp,10,0.6000000000000001,0.7096774193548387
e2_uci,yacht,gp,10,0.6500000000000001,0.8064516129032258
e2_uci,yacht,gp,10,0.7000000000000001,0.8064516129032258
e2_uci,yacht,gp,10,0.7500000000000001,0.8387096774193549
e2_uci,yacht,gp,10,0.8,0.9032258064516128
e2_uci,yacht,gp,10,0.8500000000000001,0.9032258064516128
e2_uci,yacht,gp,10,0.9000000000000001,0.9032258064516128
e2_uci,yacht,gp,10,0.95,0.9032258064516128
e2_uci,yacht,gp,11,0.05,0.0
e2_uci,yacht,gp,11,0.1,0.032258064516129
e2_uci,yacht,gp,11,0.15,0.0967741935483871
e2_uci,yacht,gp,11,0.2,0.2903225806451613
e2_uci,yacht,gp,11,0.25,0.3548387096774194
e2_uci,yacht,gp,11,0.3,0.4516129032258064
e2_uci,yacht,gp,11,0.35,0.4838709677419355
e2_uci,yacht,gp,11,0.4,0.5806451612903226
e2_uci,yacht,gp,11,0.45,0.6451612903225806
e2_uci,yacht,gp,11,0.5,0.6774193548387096
e2_uci,yacht,gp,11,0.55,0.7096774193548387
e2_uci,yacht,gp,11,0.6000000000000001,0.7096774193548387
e2_uci,yacht,gp,11,0.6500000000000001,0.8064516129032258
e2_uci,yacht,gp,11,0.7000000000000001,0.8064516129032258
e2_uci,yacht,gp,11,0.7500000000000001,0.8387096774193549
e2_uci,yacht,gp,11,0.8,0.8387096774193549
e2_uci,yacht,gp,11,0.8500000000000001,0.9032258064516128
e2_uci,yacht,gp,11,0.9000000000000001,0.9032258064516128
e2_uci,yacht,gp,11,0.95,0.9032258064516128
e2_uci,yacht,gp,12,0.05,0.032258064516129
e2_uci,yacht,gp,12,0.1,0.032258064516129
e2_uci,yacht,gp,12,0.15,0.064516129032258
e2_uci,yacht,gp,12,0.2,0.1290322580645161
e2_uci,yacht,gp,12,0.25,0.2258064516129032
e2_uci,yacht,gp,12,0.3,0.2258064516129032
e2_uci,yacht,gp,12,0.35,0.3548387096774194
e2_uci,yacht,gp,12,0.4,0.3870967741935484
e2_uci,yacht,gp,12,0.45,0.4516129032258064
e2_uci,yacht,gp,12,0.5,0.4838709677419355
e2_uci,yacht,gp,12,0.55,0.5483870967741935
e2_uci,yacht,gp,12,0.6000000000000001,0.7096774193548387
e2_uci,yacht,gp,12,0.6500000000000001,0.7741935483870968
e2_uci,yacht,gp,12,0.7000000000000001,0.7741935483870968
e2_uci,yacht,gp,12,0.7500000000000001,0.8387096774193549
e2_uci,yacht,gp,12,0.8,0.9032258064516128
e2_uci,yacht,gp,12,0.8500000000000001,0.935483870967742
e2_uci,yacht,gp,12,0.9000000000000001,0.935483870967742
e2_uci,yacht,gp,12,0.95,0.967741935483871
e2_uci,yacht,gp,13,0.05,0.0967741935483871
e2_uci,yacht,gp,13,0.1,0.1612903225806451
e2_uci,yacht,gp,13,0.15,0.1935483870967742
e2_uci,yacht,gp,13,0.2,0.1935483870967742
e2_uci,yacht,gp,13,0.25,0.2580645161290322
e2_uci,yacht,gp,13,0.3,0.3548387096774194
e2_uci,yacht,gp,13,0.35,0.3870967741935484
e2_uci,yacht,gp,13,0.4,0.4193548387096774
e2_uci,yacht,gp,13,0.45,0.4516129032258064
e2_uci,yacht,gp,13,0.5,0.4516129032258064
e2_uci,yacht,gp,13,0.55,0.4838709677419355
e2_uci,yacht,gp,13,0.6000000000000001,0.5483870967741935
e2_uci,yacht,gp,13,0.6500000000000001,0.6129032258064516
e2_uci,yacht,gp,13,0.7000000000000001,0.6129032258064516
e2_uci,yacht,gp,13,0.7500000000000001,0.6129032258064516
e2_uci,yacht,gp,13,0.8,0.6451612903225806
e2_uci,yacht,gp,13,0.8500000000000001,0.7419354838709677
e2_uci,yacht,gp,13,0.9000000000000001,0.7419354838709677
e2_uci,yacht,gp,13,0.95,0.8064516129032258
e2_uci,yacht,gp,14,0.05,0.0967741935483871
e2_uci,yacht,gp,14,0.1,0.1612903225806451
e2_uci,yacht,gp,14,0.15,0.2580645161290322
e2_uci,yacht,gp,14,0.2,0.3548387096774194
e2_uci,yacht,gp,14,0.25,0.3548387096774194
e2_uci,yacht,gp,14,0.3,0.3548387096774194
e2_uci,yacht,gp,14,0.35,0.3870967741935484
e2_uci,yacht,gp,14,0.4,0.3870967741935484
e2_uci,yacht,gp,14,0.45,0.4193548387096774
e2_uci,yacht,gp,14,0.5,0.4838709677419355
e2_uci,yacht,gp,14,0.55,0.5483870967741935
e2_uci,yacht,gp,14,0.6000000000000001,0.5483870967741935
e2_uci,yacht,gp,14,0.6500000000000001,0.6129032258064516
e2_uci,yacht,gp,14,0.7000000000000001,0.6451612903225806
e2_uci,yacht,gp,14,0.7500000000000001,0.7096774193548387
e2_uci,yacht,gp,14,0.8,0.7741935483870968
e2_uci,yacht,gp,14,0.8500000000000001,0.8387096774193549
e2_uci,yacht,gp,14,0.9000000000000001,0.8709677419354839
e2_uci,yacht,gp,14,0.95,0.9032258064516128
e2_uci,yacht,gp,15,0.05,0.032258064516129
e2_uci,yacht,gp,15,0.1,0.064516129032258
e2_uci,yacht,gp,15,0.15,0.1290322580645161
e2_uci,yacht,gp,15,0.2,0.1612903225806451
e2_uci,yacht,gp,15,0.25,0.1935483870967742
e2_uci,yacht,gp,15,0.3,0.2903225806451613
e2_uci,yacht,gp,15,0.35,0.3870967741935484
e2_uci,yacht,gp,15,0.4,0.4193548387096774
e2_uci,yacht,gp,15,0.45,0.5483870967741935
e2_uci,yacht,gp,15,0.5,0.6129032258064516
e2_uci,yacht,gp,15,0.55,0.6451612903225806
e2_uci,yacht,gp,15,0.6000000000000001,0.7096774193548387
e2_uci,yacht,gp,15,0.6500000000000001,0.7419354838709677
e2_uci,yacht,gp,15,0.7000000000000001,0.8387096774193549
e2_uci,yacht,gp,15,0.7500000000000001,0.8387096774193549
e2_uci,yacht,gp,15,0.8,0.8709677419354839
e2_uci,yacht,gp,15,0.8500000000000001,0.935483870967742
e2_uci,yacht,gp,15,0.9000000000000001,0.935483870967742
e2_uci,yacht,gp,15,0.95,1.0
e2_uci,yacht,gp,16,0.05,0.032258064516129
e2_uci,yacht,gp,16,0.1,0.064516129032258
e2_uci,yacht,gp,16,0.15,0.1290322580645161
e2_uci,yacht,gp,16,0.2,0.1612903225806451
e2_uci,yacht,gp,16,0.25,0.1935483870967742
e2_uci,yacht,gp,16,0.3,0.2580645161290322
e2_uci,yacht,gp,16,0.35,0.3225806451612903
e2_uci,yacht,gp,16,0.4,0.3870967741935484
e2_uci,yacht,gp,16,0.45,0.4193548387096774
e2_uci,yacht,gp,16,0.5,0.5483870967741935
e2_uci,yacht,gp,16,0.55,0.5806451612903226
e2_uci,yacht,gp,16,0.6000000000000001,0.6774193548387096
e2_uci,yacht,gp,16,0.6500000000000001,0.7096774193548387
e2_uci,yacht,gp,16,0.7000000000000001,0.8064516129032258
e2_uci,yacht,gp,16,0.7500000000000001,0.8387096774193549
e2_uci,yacht,gp,16,0.8,0.8387096774193549
e2_uci,yacht,gp,16,0.8500000000000001,0.935483870967742
e2_uci,yacht,gp,16,0.9000000000000001,0.935483870967742
e2_uci,yacht,gp,16,0.95,0.967741935483871
e2_uci,yacht,gp,17,0.05,0.032258064516129
e2_uci,yacht,gp,17,0.1,0.032258064516129
e2_uci,yacht,gp,17,0.15,0.032258064516129
e2_uci,yacht,gp,17,0.2,0.1290322580645161
e2_uci,yacht,gp,17,0.25,0.1935483870967742
e2_uci,yacht,gp,17,0.3,0.3225806451612903
e2_uci,yacht,gp,17,0.35,0.3870967741935484
e2_uci,yacht,gp,17,0.4,0.5161290322580645
e2_uci,yacht,gp,17,0.45,0.5161290322580645
e2_uci,yacht,gp,17,0.5,0.5483870967741935
e2_uci,yacht,gp,17,0.55,0.5806451612903226
e2_uci,yacht,gp,17,0.6000000000000001,0.6129032258064516
e2_uci,yacht,gp,17,0.6500000000000001,0.6129032258064516
e2_uci,yacht,gp,17,0.7000000000000001,0.7419354838709677
e2_uci,yacht,gp,17,0.7500000000000001,0.9032258064516128
e2_uci,yacht,gp,17,0.8,0.9032258064516128
e2_uci,yacht,gp,17,0.8500000000000001,0.9032258064516128
e2_uci,yacht,gp,17,0.9000000000000001,0.9032258064516128
e2_uci,yacht,gp,17,0.95,0.967741935483871
e2_uci,yacht,gp,18,0.05,0.032258064516129
e2_uci,yacht,gp,18,0.1,0.1290322580645161
e2_uci,yacht,gp,18,0.15,0.1290322580645161
e2_uci,yacht,gp,18,0.2,0.1290322580645161
e2_uci,yacht,gp,18,0.25,0.1612903225806451
e2_uci,yacht,gp,18,0.3,0.1935483870967742
e2_uci,yacht,gp,18,0.35,0.3225806451612903
e2_uci,yacht,gp,18,0.4,0.3225806451612903
e2_uci,yacht,gp,18,0.45,0.4193548387096774
e2_uci,yacht,gp,18,0.5,0.4516129032258064
e2_uci,yacht,gp,18,0.55,0.4838709677419355
e2_uci,yacht,gp,18,0.6000000000000001,0.5161290322580645
e2_uci,yacht,gp,18,0.6500000000000001,0.5806451612903226
e2_uci,yacht,gp,18,0.7000000000000001,0.6774193548387096
e2_uci,yacht,gp,18,0.7500000000000001,0.6774193548387096
e2_uci,yacht,gp,18,0.8,0.7741935483870968
e2_uci,yacht,gp,18,0.8500000000000001,0.8387096774193549
e2_uci,yacht,gp,18,0.9000000000000001,0.8709677419354839
e2_uci,yacht,gp,18,0.95,0.9032258064516128
e2_uci,yacht,gp,19,0.05,0.0967741935483871
e2_uci,yacht,gp,19,0.1,0.0967741935483871
e2_uci,yacht,gp,19,0.15,0.0967741935483871
e2_uci,yacht,gp,19,0.2,0.1612903225806451
e2_uci,yacht,gp,19,0.25,0.2258064516129032
e2_uci,yacht,gp,19,0.3,0.4193548387096774
e2_uci,yacht,gp,19,0.35,0.4193548387096774
e2_uci,yacht,gp,19,0.4,0.5161290322580645
e2_uci,yacht,gp,19,0.45,0.5806451612903226
e2_uci,yacht,gp,19,0.5,0.6129032258064516
e2_uci,yacht,gp,19,0.55,0.6129032258064516
e2_uci,yacht,gp,19,0.6000000000000001,0.6451612903225806
e2_uci,yacht,gp,19,0.6500000000000001,0.6451612903225806
e2_uci,yacht,gp,19,0.7000000000000001,0.7741935483870968
e2_uci,yacht,gp,19,0.7500000000000001,0.8064516129032258
e2_uci,yacht,gp,19,0.8,0.8387096774193549
e2_uci,yacht,gp,19,0.8500000000000001,0.8709677419354839
e2_uci,yacht,gp,19,0.9000000000000001,0.9032258064516128
e2_uci,yacht,gp,19,0.95,0.967741935483871
e2_uci,energy,gp,0,0.05,0.0389610389610389
e2_uci,energy,gp,0,0.1,0.0779220779220779
e2_uci,energy,gp,0,0.15,0.1298701298701298
e2_uci,energy,gp,0,0.2,0.1298701298701298
e2_uci,energy,gp,0,0.25,0.1818181818181818
e2_uci,energy,gp,0,0.3,0.2337662337662337
e2_uci,energy,gp,0,0.35,0.2857142857142857
e2_uci,energy,gp,0,0.4,0.3246753246753247
e2_uci,energy,gp,0,0.45,0.3636363636363636
e2_uci,energy,gp,0,0.5,0.4805194805194805
e2_uci,energy,gp,0,0.55,0.5324675324675324
e2_uci,energy,gp,0,0.6000000000000001,0.6493506493506493
e2_uci,energy,gp,0,0.6500000000000001,0.7142857142857143
e2_uci,energy,gp,0,0.7000000000000001,0.7662337662337663
e2_uci,energy,gp,0,0.7500000000000001,0.8181818181818182
e2_uci,energy,gp,0,0.8,0.8571428571428571
e2_uci,energy,gp,0,0.8500000000000001,0.935064935064935
e2_uci,energy,gp,0,0.9000000000000001,0.948051948051948
e2_uci,energy,gp,0,0.95,0.974025974025974
e2_uci,energy,gp,1,0.05,0.0649350649350649
e2_uci,energy,gp,1,0.1,0.1038961038961039
e2_uci,energy,gp,1,0.15,0.1558441558441558
e2_uci,energy,gp,1,0.2,0.1818181818181818
e2_uci,energy,gp,1,0.25,0.2337662337662337
e2_uci,energy,gp,1,0.3,0.2727272727272727
e2_uci,energy,gp,1,0.35,0.2987012987012987
e2_uci,energy,gp,1,0.4,0.3246753246753247
e2_uci,energy,gp,1,0.45,0.3766233766233766
e2_uci,energy,gp,1,0.5,0.4155844155844156
e2_uci,energy,gp,1,0.55,0.5324675324675324
e2_uci,energy,gp,1,0.6000000000000001,0.6103896103896104
e2_uci,energy,gp,1,0.6500000000000001,0.6883116883116883
e2_uci,energy,gp,1,0.7000000000000001,0.7272727272727273
e2_uci,energy,gp,1,0.7500000000000001,0.7532467532467533
e2_uci,energy,gp,1,0.8,0.8051948051948052
e2_uci,energy,gp,1,0.8500000000000001,0.8701298701298701
e2_uci,energy,gp,1,0.9000000000000001,0.8961038961038961
e2_uci,energy,gp,1,0.95,0.935064935064935
e2_uci,energy,gp,2,0.05,0.0389610389610389
e2_uci,energy,gp,2,0.1,0.0649350649350649
e2_uci,energy,gp,2,0.15,0.0909090909090909
e2_uci,energy,gp,2,0.2,0.1038961038961039
e2_uci,energy,gp,2,0.25,0.1428571428571428
e2_uci,energy,gp,2,0.3,0.1558441558441558
e2_uci,energy,gp,2,0.35,0.2467532467532467
e2_uci,energy,gp,2,0.4,0.3246753246753247
e2_uci,energy,gp,2,0.45,0.3896103896103896
e2_uci,energy,gp,2,0.5,0.4545454545454545
e2_uci,energy,gp,2,0.55,0.5194805194805194
e2_uci,energy,gp,2,0.6000000000000001,0.6233766233766234
e2_uci,energy,gp,2,0.6500000000000001,0.6623376623376623
e2_uci,energy,gp,2,0.7000000000000001,0.7012987012987013
e2_uci,energy,gp,2,0.7500000000000001,0.7532467532467533
e2_uci,energy,gp,2,0.8,0.8441558441558441
e2_uci,energy,gp,2,0.8500000000000001,0.8701298701298701
e2_uci,energy,gp,2,0.9000000000000001,0.9090909090909092
e2_uci,energy,gp,2,0.95,0.948051948051948
e2_uci,energy,gp,3,0.05,0.0649350649350649
e2_uci,energy,gp,3,0.1,0.1038961038961039
e2_uci,energy,gp,3,0.15,0.1428571428571428
e2_uci,energy,gp,3,0.2,0.1558441558441558
e2_uci,energy,gp,3,0.25,0.1688311688311688
e2_uci,energy,gp,3,0.3,0.2337662337662337
e2_uci,energy,gp,3,0.35,0.2857142857142857
e2_uci,energy,gp,3,0.4,0.3636363636363636
e2_uci,energy,gp,3,0.45,0.4025974025974026
e2_uci,energy,gp,3,0.5,0.4285714285714285
e2_uci,energy,gp,3,0.55,0.5064935064935064
e2_uci,energy,gp,3,0.6000000000000001,0.5584415584415584
e2_uci,energy,gp,3,0.6500000000000001,0.6363636363636364
e2_uci,energy,gp,3,0.7000000000000001,0.7272727272727273
e2_uci,energy,gp,3,0.7500000000000001,0.7922077922077922
e2_uci,energy,gp,3,0.8,0.8181818181818182
e2_uci,energy,gp,3,0.8500000000000001,0.8571428571428571
e2_uci,energy,gp,3,0.9000000000000001,0.922077922077922
e2_uci,energy,gp,3,0.95,0.961038961038961
e2_uci,energy,gp,4,0.05,0.1168831168831168
e2_uci,energy,gp,4,0.1,0.1558441558441558
e2_uci,energy,gp,4,0.15,0.1818181818181818
e2_uci,energy,gp,4,0.2,0.1948051948051948
e2_uci,energy,gp,4,0.25,0.2467532467532467
e2_uci,energy,gp,4,0.3,0.2467532467532467
e2_uci,energy,gp,4,0.35,0.2857142857142857
e2_uci,energy,gp,4,0.4,0.3116883116883117
e2_uci,energy,gp,4,0.45,0.3376623376623376
e2_uci,energy,gp,4,0.5,0.4415584415584415
e2_uci,energy,gp,4,0.55,0.5194805194805194
e2_uci,energy,gp,4,0.6000000000000001,0.5844155844155844
e2_uci,energy,gp,4,0.6500000000000001,0.6363636363636364
e2_uci,energy,gp,4,0.7000000000000001,0.7142857142857143
e2_uci,energy,gp,4,0.7500000000000001,0.7792207792207793
e2_uci,energy,gp,4,0.8,0.8051948051948052
e2_uci,energy,gp,4,0.8500000000000001,0.8831168831168831
e2_uci,energy,gp,4,0.9000000000000001,0.9090909090909092
e2_uci,energy,gp,4,0.95,0.935064935064935
e2_uci,energy,gp,5,0.05,0.0909090909090909
e2_uci,energy,gp,5,0.1,0.1428571428571428
e2_uci,energy,gp,5,0.15,0.1818181818181818
e2_uci,energy,gp,5,0.2,0.1948051948051948
e2_uci,energy,gp,5,0.25,0.1948051948051948
e2_uci,energy,gp,5,0.3,0.2207792207792207
e2_uci,energy,gp,5,0.35,0.2857142857142857
e2_uci,energy,gp,5,0.4,0.3246753246753247
e2_uci,energy,gp,5,0.45,0.4155844155844156
e2_uci,energy,gp,5,0.5,0.5064935064935064
e2_uci,energy,gp,5,0.55,0.5454545454545454
e2_uci,energy,gp,5,0.6000000000000001,0.6623376623376623
e2_uci,energy,gp,5,0.6500000000000001,0.7012987012987013
e2_uci,energy,gp,5,0.7000000000000001,0.7532467532467533
e2_uci,energy,gp,5,0.7500000000000001,0.7922077922077922
e2_uci,energy,gp,5,0.8,0.8181818181818182
e2_uci,energy,gp,5,0.8500000000000001,0.8701298701298701
e2_uci,energy,gp,5,0.9000000000000001,0.935064935064935
e2_uci,energy,gp,5,0.95,0.987012987012987
e2_uci,energy,gp,6,0.05,0.0909090909090909
e2_uci,energy,gp,6,0.1,0.1298701298701298
e2_uci,energy,gp,6,0.15,0.1428571428571428
e2_uci,energy,gp,6,0.2,0.1688311688311688
e2_uci,energy,gp,6,0.25,0.2077922077922078
e2_uci,energy,gp,6,0.3,0.2597402597402597
e2_uci,energy,gp,6,0.35,0.3636363636363636
e2_uci,energy,gp,6,0.4,0.4025974025974026
e2_uci,energy,gp,6,0.45,0.4675324675324675
e2_uci,energy,gp,6,0.5,0.5324675324675324
e2_uci,energy,gp,6,0.55,0.5714285714285714
e2_uci,energy,gp,6,0.6000000000000001,0.6103896103896104
e2_uci,energy,gp,6,0.6500000000000001,0.6623376623376623
e2_uci,energy,gp,6,0.7000000000000001,0.7272727272727273
e2_uci,energy,gp,6,0.7500000000000001,0.7662337662337663
e2_uci,energy,gp,6,0.8,0.8181818181818182
e2_uci,energy,gp,6,0.8500000000000001,0.9090909090909092
e2_uci,energy,gp,6,0.9000000000000001,0.935064935064935
e2_uci,energy,gp,6,0.95,0.961038961038961
e2_uci,energy,gp,7,0.05,0.0519480519480519
e2_uci,energy,gp,7,0.1,0.0649350649350649
e2_uci,energy,gp,7,0.15,0.1428571428571428
e2_uci,energy,gp,7,0.2,0.1688311688311688
e2_uci,energy,gp,7,0.25,0.1818181818181818
e2_uci,energy,gp,7,0.3,0.1818181818181818
e2_uci,energy,gp,7,0.35,0.2467532467532467
e2_uci,energy,gp,7,0.4,0.2727272727272727
e2_uci,energy,gp,7,0.45,0.3896103896103896
e2_uci,energy,gp,7,0.5,0.4545454545454545
e2_uci,energy,gp,7,0.55,0.4805194805194805
e2_uci,energy,gp,7,0.6000000000000001,0.5324675324675324
e2_uci,energy,gp,7,0.6500000000000001,0.6103896103896104
e2_uci,energy,gp,7,0.7000000000000001,0.6753246753246753
e2_uci,energy,gp,7,0.7500000000000001,0.7272727272727273
e2_uci,energy,gp,7,0.8,0.8051948051948052
e2_uci,energy,gp,7,0.8500000000000001,0.8311688311688312
e2_uci,energy,gp,7,0.9000000000000001,0.8831168831168831
e2_uci,energy,gp,7,0.95,0.948051948051948
e2_uci,energy,gp,8,0.05,0.0389610389610389
e2_uci,energy,gp,8,0.1,0.0909090909090909
e2_uci,energy,gp,8,0.15,0.1168831168831168
e2_uci,energy,gp,8,0.2,0.1168831168831168
e2_uci,energy,gp,8,0.25,0.1428571428571428
e2_uci,energy,gp,8,0.3,0.1948051948051948
e2_uci,energy,gp,8,0.35,0.2597402597402597
e2_uci,energy,gp,8,0.4,0.3376623376623376
e2_uci,energy,gp,8,0.45,0.4025974025974026
e2_uci,energy,gp,8,0.5,0.4935064935064935
e2_uci,energy,gp,8,0.55,0.5324675324675324
e2_uci,energy,gp,8,0.6000000000000001,0.6233766233766234
e2_uci,energy,gp,8,0.6500000000000001,0.7272727272727273
e2_uci,energy,gp,8,0.7000000000000001,0.7532467532467533
e2_uci,energy,gp,8,0.7500000000000001,0.8051948051948052
e2_uci,energy,gp,8,0.8,0.8181818181818182
e2_uci,energy,gp,8,0.8500000000000001,0.8701298701298701
e2_uci,energy,gp,8,0.9000000000000001,0.8961038961038961
e2_uci,energy,gp,8,0.95,0.948051948051948
e2_uci,energy,gp,9,0.05,0.0129870129870129
e2_uci,energy,gp,9,0.1,0.0259740259740259
e2_uci,energy,gp,9,0.15,0.0779220779220779
e2_uci,energy,gp,9,0.2,0.0909090909090909
e2_uci,energy,gp,9,0.25,0.1168831168831168
e2_uci,energy,gp,9,0.3,0.1818181818181818
e2_uci,energy,gp,9,0.35,0.2077922077922078
e2_uci,energy,gp,9,0.4,0.2597402597402597
e2_uci,energy,gp,9,0.45,0.3116883116883117
e2_uci,energy,gp,9,0.5,0.4285714285714285
e2_uci,energy,gp,9,0.55,0.5584415584415584
e2_uci,energy,gp,9,0.6000000000000001,0.6493506493506493
e2_uci,energy,gp,9,0.6500000000000001,0.6883116883116883
e2_uci,energy,gp,9,0.7000000000000001,0.7662337662337663
e2_uci,energy,gp,9,0.7500000000000001,0.7792207792207793
e2_uci,energy,gp,9,0.8,0.8311688311688312
e2_uci,energy,gp,9,0.8500000000000001,0.8441558441558441
e2_uci,energy,gp,9,0.9000000000000001,0.9090909090909092
e2_uci,energy,gp,9,0.95,0.961038961038961
e2_uci,energy,gp,10,0.05,0.0779220779220779
e2_uci,energy,gp,10,0.1,0.0779220779220779
e2_uci,energy,gp,10,0.15,0.1038961038961039
e2_uci,energy,gp,10,0.2,0.1298701298701298
e2_uci,energy,gp,10,0.25,0.1818181818181818
e2_uci,energy,gp,10,0.3,0.2337662337662337
e2_uci,energy,gp,10,0.35,0.2857142857142857
e2_uci,energy,gp,10,0.4,0.3376623376623376
e2_uci,energy,gp,10,0.45,0.4285714285714285
e2_uci,energy,gp,10,0.5,0.4545454545454545
e2_uci,energy,gp,10,0.55,0.5454545454545454
e2_uci,energy,gp,10,0.6000000000000001,0.6363636363636364
e2_uci,energy,gp,10,0.6500000000000001,0.6883116883116883
e2_uci,energy,gp,10,0.7000000000000001,0.7142857142857143
e2_uci,energy,gp,10,0.7500000000000001,0.7662337662337663
e2_uci,energy,gp,10,0.8,0.8311688311688312
e2_uci,energy,gp,10,0.8500000000000001,0.8701298701298701
e2_uci,energy,gp,10,0.9000000000000001,0.9090909090909092
e2_uci,energy,gp,10,0.95,0.961038961038961
e2_uci,energy,gp,11,0.05,0.0519480519480519
e2_uci,energy,gp,11,0.1,0.1038961038961039
e2_uci,energy,gp,11,0.15,0.1428571428571428
e2_uci,energy,gp,11,0.2,0.1558441558441558
e2_uci,energy,gp,11,0.25,0.2077922077922078
e2_uci,energy,gp,11,0.3,0.2207792207792207
e2_uci,energy,gp,11,0.35,0.3376623376623376
e2_uci,energy,gp,11,0.4,0.3766233766233766
e2_uci,energy,gp,11,0.45,0.4285714285714285
e2_uci,energy,gp,11,0.5,0.4935064935064935
e2_uci,energy,gp,11,0.55,0.6103896103896104
e2_uci,energy,gp,11,0.6000000000000001,0.6363636363636364
e2_uci,energy,gp,11,0.6500000000000001,0.7142857142857143
e2_uci,energy,gp,11,0.7000000000000001,0.8051948051948052
e2_uci,energy,gp,11,0.7500000000000001,0.8441558441558441
e2_uci,energy,gp,11,0.8,0.8571428571428571
e2_uci,energy,gp,11,0.8500000000000001,0.8831168831168831
e2_uci,energy,gp,11,0.9000000000000001,0.9090909090909092
e2_uci,energy,gp,11,0.95,0.974025974025974
e2_uci,energy,gp,12,0.05,0.1168831168831168
e2_uci,energy,gp,12,0.1,0.1428571428571428
e2_uci,energy,gp,12,0.15,0.2207792207792207
e2_uci,energy,gp,12,0.2,0.2597402597402597
e2_uci,energy,gp,12,0.25,0.2987012987012987
e2_uci,energy,gp,12,0.3,0.3636363636363636
e2_uci,energy,gp,12,0.35,0.3766233766233766
e2_uci,energy,gp,12,0.4,0.5064935064935064
e2_uci,energy,gp,12,0.45,0.5974025974025974
e2_uci,energy,gp,12,0.5,0.6623376623376623
e2_uci,energy,gp,12,0.55,0.6753246753246753
e2_uci,energy,gp,12,0.6000000000000001,0.7662337662337663
e2_uci,energy,gp,12,0.6500000000000001,0.7792207792207793
e2_uci,energy,gp,12,0.7000000000000001,0.8051948051948052
e2_uci,energy,gp,12,0.7500000000000001,0.8181818181818182
e2_uci,energy,gp,12,0.8,0.8571428571428571
e2_uci,energy,gp,12,0.8500000000000001,0.9090909090909092
e2_uci,energy,gp,12,0.9000000000000001,0.961038961038961
e2_uci,energy,gp,12,0.95,0.987012987012987
e2_uci,energy,gp,13,0.05,0.0649350649350649
e2_uci,energy,gp,13,0.1,0.1038961038961039
e2_uci,energy,gp,13,0.15,0.1818181818181818
e2_uci,energy,gp,13,0.2,0.2077922077922078
e2_uci,energy,gp,13,0.25,0.2337662337662337
e2_uci,energy,gp,13,0.3,0.2987012987012987
e2_uci,energy,gp,13,0.35,0.3246753246753247
e2_uci,energy,gp,13,0.4,0.4155844155844156
e2_uci,energy,gp,13,0.45,0.4545454545454545
e2_uci,energy,gp,13,0.5,0.5194805194805194
e2_uci,energy,gp,13,0.55,0.5714285714285714
e2_uci,energy,gp,13,0.6000000000000001,0.6493506493506493
e2_uci,energy,gp,13,0.6500000000000001,0.7402597402597403
e2_uci,energy,gp,13,0.7000000000000001,0.7792207792207793
e2_uci,energy,gp,13,0.7500000000000001,0.8051948051948052
e2_uci,energy,gp,13,0.8,0.8701298701298701
e2_uci,energy,gp,13,0.8500000000000001,0.8961038961038961
e2_uci,energy,gp,13,0.9000000000000001,0.948051948051948
e2_uci,energy,gp,13,0.95,0.948051948051948
e2_uci,energy,gp,14,0.05,0.0519480519480519
e2_uci,energy,gp,14,0.1,0.0519480519480519
e2_uci,energy,gp,14,0.15,0.0779220779220779
e2_uci,energy,gp,14,0.2,0.1168831168831168
e2_uci,energy,gp,14,0.25,0.1558441558441558
e2_uci,energy,gp,14,0.3,0.2077922077922078
e2_uci,energy,gp,14,0.35,0.2727272727272727
e2_uci,energy,gp,14,0.4,0.3636363636363636
e2_uci,energy,gp,14,0.45,0.4155844155844156
e2_uci,energy,gp,14,0.5,0.4545454545454545
e2_uci,energy,gp,14,0.55,0.5324675324675324
e2_uci,energy,gp,14,0.6000000000000001,0.5324675324675324
e2_uci,energy,gp,14,0.6500000000000001,0.7012987012987013
e2_uci,energy,gp,14,0.7000000000000001,0.7792207792207793
e2_uci,energy,gp,14,0.7500000000000001,0.7922077922077922
e2_uci,energy,gp,14,0.8,0.8181818181818182
e2_uci,energy,gp,14,0.8500000000000001,0.8701298701298701
e2_uci,energy,gp,14,0.9000000000000001,0.9090909090909092
e2_uci,energy,gp,14,0.95,0.974025974025974
e2_uci,energy,gp,15,0.05,0.0389610389610389
e2_uci,energy,gp,15,0.1,0.1038961038961039
e2_uci,energy,gp,15,0.15,0.1558441558441558
e2_uci,energy,gp,15,0.2,0.1948051948051948
e2_uci,energy,gp,15,0.25,0.2467532467532467
e2_uci,energy,gp,15,0.3,0.2987012987012987
e2_uci,energy,gp,15,0.35,0.3376623376623376
e2_uci,energy,gp,15,0.4,0.4285714285714285
e2_uci,energy,gp,15,0.45,0.5454545454545454
e2_uci,energy,gp,15,0.5,0.6103896103896104
e2_uci,energy,gp,15,0.55,0.6233766233766234
e2_uci,energy,gp,15,0.6000000000000001,0.7012987012987013
e2_uci,energy,gp,15,0.6500000000000001,0.7402597402597403
e2_uci,energy,gp,15,0.7000000000000001,0.7792207792207793
e2_uci,energy,gp,15,0.7500000000000001,0.8571428571428571
e2_uci,energy,gp,15,0.8,0.8701298701298701
e2_uci,energy,gp,15,0.8500000000000001,0.9090909090909092
e2_uci,energy,gp,15,0.9000000000000001,0.922077922077922
e2_uci,energy,gp,15,0.95,0.948051948051948
e2_uci,energy,gp,16,0.05,0.0389610389610389
e2_uci,energy,gp,16,0.1,0.0519480519480519
e2_uci,energy,gp,16,0.15,0.1038961038961039
e2_uci,energy,gp,16,0.2,0.1688311688311688
e2_uci,energy,gp,16,0.25,0.2077922077922078
e2_uci,energy,gp,16,0.3,0.2727272727272727
e2_uci,energy,gp,16,0.35,0.2857142857142857
e2_uci,energy,gp,16,0.4,0.2987012987012987
e2_uci,energy,gp,16,0.45,0.3636363636363636
e2_uci,energy,gp,16,0.5,0.4545454545454545
e2_uci,energy,gp,16,0.55,0.5064935064935064
e2_uci,energy,gp,16,0.6000000000000001,0.5584415584415584
e2_uci,energy,gp,16,0.6500000000000001,0.5974025974025974
e2_uci,energy,gp,16,0.7000000000000001,0.6363636363636364
e2_uci,energy,gp,16,0.7500000000000001,0.7272727272727273
e2_uci,energy,gp,16,0.8,0.7662337662337663
e2_uci,energy,gp,16,0.8500000000000001,0.8051948051948052
e2_uci,energy,gp,16,0.9000000000000001,0.8051948051948052
e2_uci,energy,gp,16,0.95,0.8961038961038961
e2_uci,energy,gp,17,0.05,0.0519480519480519
e2_uci,energy,gp,17,0.1,0.0519480519480519
e2_uci,energy,gp,17,0.15,0.0519480519480519
e2_uci,energy,gp,17,0.2,0.0779220779220779
e2_uci,energy,gp,17,0.25,0.1428571428571428
e2_uci,energy,gp,17,0.3,0.1818181818181818
e2_uci,energy,gp,17,0.35,0.2597402597402597
e2_uci,energy,gp,17,0.4,0.2857142857142857
e2_uci,energy,gp,17,0.45,0.3376623376623376
e2_uci,energy,gp,17,0.5,0.3766233766233766
e2_uci,energy,gp,17,0.55,0.5194805194805194
e2_uci,energy,gp,17,0.6000000000000001,0.5454545454545454
e2_uci,energy,gp,17,0.6500000000000001,0.6233766233766234
e2_uci,energy,gp,17,0.7000000000000001,0.6883116883116883
e2_uci,energy,gp,17,0.7500000000000001,0.7142857142857143
e2_uci,energy,gp,17,0.8,0.7792207792207793
e2_uci,energy,gp,17,0.8500000000000001,0.8701298701298701
e2_uci,energy,gp,17,0.9000000000000001,0.948051948051948
e2_uci,energy,gp,17,0.95,0.961038961038961
e2_uci,energy,gp,18,0.05,0.0779220779220779
e2_uci,energy,gp,18,0.1,0.1558441558441558
e2_uci,energy,gp,18,0.15,0.1818181818181818
e2_uci,energy,gp,18,0.2,0.2467532467532467
e2_uci,energy,gp,18,0.25,0.2727272727272727
e2_uci,energy,gp,18,0.3,0.3506493506493506
e2_uci,energy,gp,18,0.35,0.4155844155844156
e2_uci,energy,gp,18,0.4,0.4805194805194805
e2_uci,energy,gp,18,0.45,0.5584415584415584
e2_uci,energy,gp,18,0.5,0.5844155844155844
e2_uci,energy,gp,18,0.55,0.6363636363636364
e2_uci,energy,gp,18,0.6000000000000001,0.6883116883116883
e2_uci,energy,gp,18,0.6500000000000001,0.7272727272727273
e2_uci,energy,gp,18,0.7000000000000001,0.7662337662337663
e2_uci,energy,gp,18,0.7500000000000001,0.7922077922077922
e2_uci,energy,gp,18,0.8,0.8831168831168831
e2_uci,energy,gp,18,0.8500000000000001,0.8961038961038961
e2_uci,energy,gp,18,0.9000000000000001,0.948051948051948
e2_uci,energy,gp,18,0.95,0.987012987012987
e2_uci,energy,gp,19,0.05,0.1558441558441558
e2_uci,energy,gp,19,0.1,0.1558441558441558
e2_uci,energy,gp,19,0.15,0.2077922077922078
e2_uci,energy,gp,19,0.2,0.2337662337662337
e2_uci,energy,gp,19,0.25,0.2597402597402597
e2_uci,energy,gp,19,0.3,0.3246753246753247
e2_uci,energy,gp,19,0.35,0.3506493506493506
e2_uci,energy,gp,19,0.4,0.4415584415584415
e2_uci,energy,gp,19,0.45,0.5064935064935064
e2_uci,energy,gp,19,0.5,0.5324675324675324
e2_uci,energy,gp,19,0.55,0.6233766233766234
e2_uci,energy,gp,19,0.6000000000000001,0.6493506493506493
e2_uci,energy,gp,19,0.6500000000000001,0.6753246753246753
e2_uci,energy,gp,19,0.7000000000000001,0.7012987012987013
e2_uci,energy,gp,19,0.7500000000000001,0.7402597402597403
e2_uci,energy,gp,19,0.8,0.8181818181818182
e2_uci,energy,gp,19,0.8500000000000001,0.8571428571428571
e2_uci,energy,gp,19,0.9000000000000001,0.8831168831168831
e2_uci,energy,gp,19,0.95,0.922077922077922
e2_uci,concrete,gp,0,0.05,0.058252427184466
e2_uci,concrete,gp,0,0.1,0.1262135922330097
e2_uci,concrete,gp,0,0.15,0.1553398058252427
e2_uci,concrete,gp,0,0.2,0.2233009708737864
e2_uci,concrete,gp,0,0.25,0.2524271844660194
e2_uci,concrete,gp,0,0.3,0.3009708737864077
e2_uci,concrete,gp,0,0.35,0.3592233009708738
e2_uci,concrete,gp,0,0.4,0.4271844660194174
e2_uci,concrete,gp,0,0.45,0.4854368932038835
e2_uci,concrete,gp,0,0.5,0.5242718446601942
e2_uci,concrete,gp,0,0.55,0.5922330097087378
e2_uci,concrete,gp,0,0.6000000000000001,0.6407766990291263
e2_uci,concrete,gp,0,0.6500000000000001,0.6699029126213593
e2_uci,concrete,gp,0,0.7000000000000001,0.7087378640776699
e2_uci,concrete,gp,0,0.7500000000000001,0.7766990291262136
e2_uci,concrete,gp,0,0.8,0.8349514563106796
e2_uci,concrete,gp,0,0.8500000000000001,0.8737864077669902
e2_uci,concrete,gp,0,0.9000000000000001,0.9029126213592232
e2_uci,concrete,gp,0,0.95,0.941747572815534
e2_uci,concrete,gp,1,0.05,0.0679611650485436
e2_uci,concrete,gp,1,0.1,0.1359223300970873
e2_uci,concrete,gp,1,0.15,0.1844660194174757
e2_uci,concrete,gp,1,0.2,0.233009708737864
e2_uci,concrete,gp,1,0.25,0.3009708737864077
e2_uci,concrete,gp,1,0.3,0.3398058252427184
e2_uci,concrete,gp,1,0.35,0.3980582524271844
e2_uci,concrete,gp,1,0.4,0.4854368932038835
e2_uci,concrete,gp,1,0.45,0.5631067961165048
e2_uci,concrete,gp,1,0.5,0.6116504854368932
e2_uci,concrete,gp,1,0.55,0.6699029126213593
e2_uci,concrete,gp,1,0.6000000000000001,0.7669902912621359
e2_uci,concrete,gp,1,0.6500000000000001,0.7961165048543689
e2_uci,concrete,gp,1,0.7000000000000001,0.8349514563106796
e2_uci,concrete,gp,1,0.7500000000000001,0.8446601941747572
e2_uci,concrete,gp,1,0.8,0.8640776699029126
e2_uci,concrete,gp,1,0.8500000000000001,0.8932038834951457
e2_uci,concrete,gp,1,0.9000000000000001,0.9223300970873788
e2_uci,concrete,gp,1,0.95,0.9805825242718448
e2_uci,concrete,gp,2,0.05,0.058252427184466
e2_uci,concrete,gp,2,0.1,0.0776699029126213
e2_uci,concrete,gp,2,0.15,0.087378640776699
e2_uci,concrete,gp,2,0.2,0.1262135922330097
e2_uci,concrete,gp,2,0.25,0.174757281553398
e2_uci,concrete,gp,2,0.3,0.2427184466019417
e2_uci,concrete,gp,2,0.35,0.3009708737864077
e2_uci,concrete,gp,2,0.4,0.4077669902912621
e2_uci,concrete,gp,2,0.45,0.4368932038834951
e2_uci,concrete,gp,2,0.5,0.4757281553398058
e2_uci,concrete,gp,2,0.55,0.5242718446601942
e2_uci,concrete,gp,2,0.6000000000000001,0.5825242718446602
e2_uci,concrete,gp,2,0.6500000000000001,0.6504854368932039
e2_uci,concrete,gp,2,0.7000000000000001,0.6990291262135923
e2_uci,concrete,gp,2,0.7500000000000001,0.7669902912621359
e2_uci,concrete,gp,2,0.8,0.8058252427184466
e2_uci,concrete,gp,2,0.8500000000000001,0.8349514563106796
e2_uci,concrete,gp,2,0.9000000000000001,0.8932038834951457
e2_uci,concrete,gp,2,0.95,0.941747572815534
e2_uci,concrete,gp,3,0.05,0.087378640776699
e2_uci,concrete,gp,3,0.1,0.116504854368932
e2_uci,concrete,gp,3,0.15,0.1262135922330097
e2_uci,concrete,gp,3,0.2,0.1553398058252427
e2_uci,concrete,gp,3,0.25,0.2135922330097087
e2_uci,concrete,gp,3,0.3,0.3203883495145631
e2_uci,concrete,gp,3,0.35,0.3495145631067961
e2_uci,concrete,gp,3,0.4,0.3689320388349514
e2_uci,concrete,gp,3,0.45,0.4368932038834951
e2_uci,concrete,gp,3,0.5,0.4951456310679611
e2_uci,concrete,gp,3,0.55,0.5922330097087378
e2_uci,concrete,gp,3,0.6000000000000001,0.6310679611650486
e2_uci,concrete,gp,3,0.6500000000000001,0.6893203883495146
e2_uci,concrete,gp,3,0.7000000000000001,0.7669902912621359
e2_uci,concrete,gp,3,0.7500000000000001,0.8155339805825242
e2_uci,concrete,gp,3,0.8,0.8349514563106796
e2_uci,concrete,gp,3,0.8500000000000001,0.8737864077669902
e2_uci,concrete,gp,3,0.9000000000000001,0.9223300970873788
e2_uci,concrete,gp,3,0.95,0.941747572815534
e2_uci,concrete,gp,4,0.05,0.0776699029126213
e2_uci,concrete,gp,4,0.1,0.1359223300970873
e2_uci,concrete,gp,4,0.15,0.1553398058252427
e2_uci,concrete,gp,4,0.2,0.174757281553398
e2_uci,concrete,gp,4,0.25,0.2524271844660194
e2_uci,concrete,gp,4,0.3,0.2912621359223301
e2_uci,concrete,gp,4,0.35,0.3592233009708738
e2_uci,concrete,gp,4,0.4,0.3980582524271844
e2_uci,concrete,gp,4,0.45,0.4271844660194174
e2_uci,concrete,gp,4,0.5,0.4757281553398058
e2_uci,concrete,gp,4,0.55,0.5048543689320388
e2_uci,concrete,gp,4,0.6000000000000001,0.5825242718446602
e2_uci,concrete,gp,4,0.6500000000000001,0.6213592233009708
e2_uci,concrete,gp,4,0.7000000000000001,0.6796116504854369
e2_uci,concrete,gp,4,0.7500000000000001,0.7378640776699029
e2_uci,concrete,gp,4,0.8,0.7961165048543689
e2_uci,concrete,gp,4,0.8500000000000001,0.8446601941747572
e2_uci,concrete,gp,4,0.9000000000000001,0.9029126213592232
e2_uci,concrete,gp,4,0.95,0.941747572815534
e2_uci,concrete,gp,5,0.05,0.0485436893203883
e2_uci,concrete,gp,5,0.1,0.0970873786407767
e2_uci,concrete,gp,5,0.15,0.1359223300970873
e2_uci,concrete,gp,5,0.2,0.174757281553398
e2_uci,concrete,gp,5,0.25,0.2135922330097087
e2_uci,concrete,gp,5,0.3,0.2718446601941747
e2_uci,concrete,gp,5,0.35,0.3495145631067961
e2_uci,concrete,gp,5,0.4,0.3980582524271844
e2_uci,concrete,gp,5,0.45,0.4660194174757281
e2_uci,concrete,gp,5,0.5,0.5048543689320388
e2_uci,concrete,gp,5,0.55,0.5436893203883495
e2_uci,concrete,gp,5,0.6000000000000001,0.5825242718446602
e2_uci,concrete,gp,5,0.6500000000000001,0.6504854368932039
e2_uci,concrete,gp,5,0.7000000000000001,0.6990291262135923
e2_uci,concrete,gp,5,0.7500000000000001,0.7669902912621359
e2_uci,concrete,gp,5,0.8,0.7766990291262136
e2_uci,concrete,gp,5,0.8500000000000001,0.8252427184466019
e2_uci,concrete,gp,5,0.9000000000000001,0.883495145631068
e2_uci,concrete,gp,5,0.95,0.9320388349514565
e2_uci,concrete,gp,6,0.05,0.058252427184466
e2_uci,concrete,gp,6,0.1,0.1359223300970873
e2_uci,concrete,gp,6,0.15,0.174757281553398
e2_uci,concrete,gp,6,0.2,0.1941747572815534
e2_uci,concrete,gp,6,0.25,0.2524271844660194
e2_uci,concrete,gp,6,0.3,0.3106796116504854
e2_uci,concrete,gp,6,0.35,0.3786407766990291
e2_uci,concrete,gp,6,0.4,0.4368932038834951
e2_uci,concrete,gp,6,0.45,0.5048543689320388
e2_uci,concrete,gp,6,0.5,0.5436893203883495
e2_uci,concrete,gp,6,0.55,0.5922330097087378
e2_uci,concrete,gp,6,0.6000000000000001,0.6504854368932039
e2_uci,concrete,gp,6,0.6500000000000001,0.7281553398058253
e2_uci,concrete,gp,6,0.7000000000000001,0.7864077669902912
e2_uci,concrete,gp,6,0.7500000000000001,0.8252427184466019
e2_uci,concrete,gp,6,0.8,0.8640776699029126
e2_uci,concrete,gp,6,0.8500000000000001,0.883495145631068
e2_uci,concrete,gp,6,0.9000000000000001,0.912621359223301
e2_uci,concrete,gp,6,0.95,0.941747572815534
e2_uci,concrete,gp,7,0.05,0.0776699029126213
e2_uci,concrete,gp,7,0.1,0.1067961165048543
e2_uci,concrete,gp,7,0.15,0.1359223300970873
e2_uci,concrete,gp,7,0.2,0.174757281553398
e2_uci,concrete,gp,7,0.25,0.233009708737864
e2_uci,concrete,gp,7,0.3,0.2815533980582524
e2_uci,concrete,gp,7,0.35,0.3106796116504854
e2_uci,concrete,gp,7,0.4,0.3495145631067961
e2_uci,concrete,gp,7,0.45,0.4174757281553398
e2_uci,concrete,gp,7,0.5,0.4854368932038835
e2_uci,concrete,gp,7,0.55,0.5145631067961165
e2_uci,concrete,gp,7,0.6000000000000001,0.5728155339805825
e2_uci,concrete,gp,7,0.6500000000000001,0.6310679611650486
e2_uci,concrete,gp,7,0.7000000000000001,0.6796116504854369
e2_uci,concrete,gp,7,0.7500000000000001,0.7669902912621359
e2_uci,concrete,gp,7,0.8,0.8155339805825242
e2_uci,concrete,gp,7,0.8500000000000001,0.8640776699029126
e2_uci,concrete,gp,7,0.9000000000000001,0.8932038834951457
e2_uci,concrete,gp,7,0.95,0.941747572815534
e2_uci,concrete,gp,8,0.05,0.029126213592233
e2_uci,concrete,gp,8,0.1,0.0485436893203883
e2_uci,concrete,gp,8,0.15,0.0970873786407767
e2_uci,concrete,gp,8,0.2,0.1553398058252427
e2_uci,concrete,gp,8,0.25,0.2233009708737864
e2_uci,concrete,gp,8,0.3,0.2912621359223301
e2_uci,concrete,gp,8,0.35,0.3689320388349514
e2_uci,concrete,gp,8,0.4,0.4174757281553398
e2_uci,concrete,gp,8,0.45,0.4757281553398058
e2_uci,concrete,gp,8,0.5,0.5145631067961165
e2_uci,concrete,gp,8,0.55,0.5533980582524272
e2_uci,concrete,gp,8,0.6000000000000001,0.6116504854368932
e2_uci,concrete,gp,8,0.6500000000000001,0.6601941747572816
e2_uci,concrete,gp,8,0.7000000000000001,0.7087378640776699
e2_uci,concrete,gp,8,0.7500000000000001,0.7378640776699029
e2_uci,concrete,gp,8,0.8,0.8349514563106796
e2_uci,concrete,gp,8,0.8500000000000001,0.8932038834951457
e2_uci,concrete,gp,8,0.9000000000000001,0.8932038834951457
e2_uci,concrete,gp,8,0.95,0.941747572815534
e2_uci,concrete,gp,9,0.05,0.087378640776699
e2_uci,concrete,gp,9,0.1,0.1262135922330097
e2_uci,concrete,gp,9,0.15,0.1650485436893204
e2_uci,concrete,gp,9,0.2,0.2233009708737864
e2_uci,concrete,gp,9,0.25,0.2621359223300971
e2_uci,concrete,gp,9,0.3,0.3398058252427184
e2_uci,concrete,gp,9,0.35,0.4077669902912621
e2_uci,concrete,gp,9,0.4,0.4757281553398058
e2_uci,concrete,gp,9,0.45,0.5436893203883495
e2_uci,concrete,gp,9,0.5,0.5728155339805825
e2_uci,concrete,gp,9,0.55,0.6116504854368932
e2_uci,concrete,gp,9,0.6000000000000001,0.6990291262135923
e2_uci,concrete,gp,9,0.6500000000000001,0.7572815533980582
e2_uci,concrete,gp,9,0.7000000000000001,0.7961165048543689
e2_uci,concrete,gp,9,0.7500000000000001,0.8349514563106796
e2_uci,concrete,gp,9,0.8,0.8349514563106796
e2_uci,concrete,gp,9,0.8500000000000001,0.9029126213592232
e2_uci,concrete,gp,9,0.9000000000000001,0.912621359223301
e2_uci,concrete,gp,9,0.95,0.970873786407767
e2_uci,concrete,gp,10,0.05,0.029126213592233
e2_uci,concrete,gp,10,0.1,0.0485436893203883
e2_uci,concrete,gp,10,0.15,0.0679611650485436
e2_uci,concrete,gp,10,0.2,0.1262135922330097
e2_uci,concrete,gp,10,0.25,0.1553398058252427
e2_uci,concrete,gp,10,0.3,0.1941747572815534
e2_uci,concrete,gp,10,0.35,0.2233009708737864
e2_uci,concrete,gp,10,0.4,0.3106796116504854
e2_uci,concrete,gp,10,0.45,0.3883495145631068
e2_uci,concrete,gp,10,0.5,0.4368932038834951
e2_uci,concrete,gp,10,0.55,0.4951456310679611
e2_uci,concrete,gp,10,0.6000000000000001,0.5339805825242718
e2_uci,concrete,gp,10,0.6500000000000001,0.6116504854368932
e2_uci,concrete,gp,10,0.7000000000000001,0.6699029126213593
e2_uci,concrete,gp,10,0.7500000000000001,0.7281553398058253
e2_uci,concrete,gp,10,0.8,0.7766990291262136
e2_uci,concrete,gp,10,0.8500000000000001,0.8446601941747572
e2_uci,concrete,gp,10,0.9000000000000001,0.8932038834951457
e2_uci,concrete,gp,10,0.95,0.9514563106796116
e2_uci,concrete,gp,11,0.05,0.0097087378640776
e2_uci,concrete,gp,11,0.1,0.0388349514563106
e2_uci,concrete,gp,11,0.15,0.0679611650485436
e2_uci,concrete,gp,11,0.2,0.1067961165048543
e2_uci,concrete,gp,11,0.25,0.1650485436893204
e2_uci,concrete,gp,11,0.3,0.203883495145631
e2_uci,concrete,gp,11,0.35,0.2815533980582524
e2_uci,concrete,gp,11,0.4,0.3592233009708738
e2_uci,concrete,gp,11,0.45,0.4077669902912621
e2_uci,concrete,gp,11,0.5,0.4854368932038835
e2_uci,concrete,gp,11,0.55,0.5728155339805825
e2_uci,concrete,gp,11,0.6000000000000001,0.6601941747572816
e2_uci,concrete,gp,11,0.6500000000000001,0.6893203883495146
e2_uci,concrete,gp,11,0.7000000000000001,0.7475728155339806
e2_uci,concrete,gp,11,0.7500000000000001,0.7961165048543689
e2_uci,concrete,gp,11,0.8,0.8640776699029126
e2_uci,concrete,gp,11,0.8500000000000001,0.9029126213592232
e2_uci,concrete,gp,11,0.9000000000000001,0.9223300970873788
e2_uci,concrete,gp,11,0.95,0.9514563106796116
e2_uci,concrete,gp,12,0.05,0.0485436893203883
e2_uci,concrete,gp,12,0.1,0.058252427184466
e2_uci,concrete,gp,12,0.15,0.0970873786407767
e2_uci,concrete,gp,12,0.2,0.145631067961165
e2_uci,concrete,gp,12,0.25,0.174757281553398
e2_uci,concrete,gp,12,0.3,0.2233009708737864
e2_uci,concrete,gp,12,0.35,0.3398058252427184
e2_uci,concrete,gp,12,0.4,0.3980582524271844
e2_uci,concrete,gp,12,0.45,0.4466019417475728
e2_uci,concrete,gp,12,0.5,0.4854368932038835
e2_uci,concrete,gp,12,0.55,0.5436893203883495
e2_uci,concrete,gp,12,0.6000000000000001,0.6504854368932039
e2_uci,concrete,gp,12,0.6500000000000001,0.6893203883495146
e2_uci,concrete,gp,12,0.7000000000000001,0.7766990291262136
e2_uci,concrete,gp,12,0.7500000000000001,0.8252427184466019
e2_uci,concrete,gp,12,0.8,0.8737864077669902
e2_uci,concrete,gp,12,0.8500000000000001,0.8932038834951457
e2_uci,concrete,gp,12,0.9000000000000001,0.912621359223301
e2_uci,concrete,gp,12,0.95,0.9320388349514565
e2_uci,concrete,gp,13,0.05,0.0194174757281553
e2_uci,concrete,gp,13,0.1,0.029126213592233
e2_uci,concrete,gp,13,0.15,0.0679611650485436
e2_uci,concrete,gp,13,0.2,0.087378640776699
e2_uci,concrete,gp,13,0.25,0.145631067961165
e2_uci,concrete,gp,13,0.3,0.1844660194174757
e2_uci,concrete,gp,13,0.35,0.2524271844660194
e2_uci,concrete,gp,13,0.4,0.3495145631067961
e2_uci,concrete,gp,13,0.45,0.4077669902912621
e2_uci,concrete,gp,13,0.5,0.4368932038834951
e2_uci,concrete,gp,13,0.55,0.4757281553398058
e2_uci,concrete,gp,13,0.6000000000000001,0.5922330097087378
e2_uci,concrete,gp,13,0.6500000000000001,0.6796116504854369
e2_uci,concrete,gp,13,0.7000000000000001,0.7281553398058253
e2_uci,concrete,gp,13,0.7500000000000001,0.7766990291262136
e2_uci,concrete,gp,13,0.8,0.8155339805825242
e2_uci,concrete,gp,13,0.8500000000000001,0.8543689320388349
e2_uci,concrete,gp,13,0.9000000000000001,0.883495145631068
e2_uci,concrete,gp,13,0.95,0.9223300970873788
e2_uci,concrete,gp,14,0.05,0.0388349514563106
e2_uci,concrete,gp,14,0.1,0.0970873786407767
e2_uci,concrete,gp,14,0.15,0.1359223300970873
e2_uci,concrete,gp,14,0.2,0.1941747572815534
e2_uci,concrete,gp,14,0.25,0.2524271844660194
e2_uci,concrete,gp,14,0.3,0.3592233009708738
e2_uci,concrete,gp,14,0.35,0.3980582524271844
e2_uci,concrete,gp,14,0.4,0.4368932038834951
e2_uci,concrete,gp,14,0.45,0.4854368932038835
e2_uci,concrete,gp,14,0.5,0.5242718446601942
e2_uci,concrete,gp,14,0.55,0.5728155339805825
e2_uci,concrete,gp,14,0.6000000000000001,0.6310679611650486
e2_uci,concrete,gp,14,0.6500000000000001,0.6601941747572816
e2_uci,concrete,gp,14,0.7000000000000001,0.7087378640776699
e2_uci,concrete,gp,14,0.7500000000000001,0.7475728155339806
e2_uci,concrete,gp,14,0.8,0.7766990291262136
e2_uci,concrete,gp,14,0.8500000000000001,0.8446601941747572
e2_uci,concrete,gp,14,0.9000000000000001,0.9029126213592232
e2_uci,concrete,gp,14,0.95,0.9223300970873788
e2_uci,concrete,gp,15,0.05,0.0388349514563106
e2_uci,concrete,gp,15,0.1,0.0970873786407767
e2_uci,concrete,gp,15,0.15,0.145631067961165
e2_uci,concrete,gp,15,0.2,0.174757281553398
e2_uci,concrete,gp,15,0.25,0.2718446601941747
e2_uci,concrete,gp,15,0.3,0.3495145631067961
e2_uci,concrete,gp,15,0.35,0.4466019417475728
e2_uci,concrete,gp,15,0.4,0.4757281553398058
e2_uci,concrete,gp,15,0.45,0.5339805825242718
e2_uci,concrete,gp,15,0.5,0.6116504854368932
e2_uci,concrete,gp,15,0.55,0.6504854368932039
e2_uci,concrete,gp,15,0.6000000000000001,0.6990291262135923
e2_uci,concrete,gp,15,0.6500000000000001,0.7281553398058253
e2_uci,concrete,gp,15,0.7000000000000001,0.7766990291262136
e2_uci,concrete,gp,15,0.7500000000000001,0.8446601941747572
e2_uci,concrete,gp,15,0.8,0.8932038834951457
e2_uci,concrete,gp,15,0.8500000000000001,0.941747572815534
e2_uci,concrete,gp,15,0.9000000000000001,0.9611650485436892
e2_uci,concrete,gp,15,0.95,0.970873786407767
e2_uci,concrete,gp,16,0.05,0.0679611650485436
e2_uci,concrete,gp,16,0.1,0.0970873786407767
e2_uci,concrete,gp,16,0.15,0.145631067961165
e2_uci,concrete,gp,16,0.2,0.1553398058252427
e2_uci,concrete,gp,16,0.25,0.2233009708737864
e2_uci,concrete,gp,16,0.3,0.2718446601941747
e2_uci,concrete,gp,16,0.35,0.3203883495145631
e2_uci,concrete,gp,16,0.4,0.3980582524271844
e2_uci,concrete,gp,16,0.45,0.4368932038834951
e2_uci,concrete,gp,16,0.5,0.5048543689320388
e2_uci,concrete,gp,16,0.55,0.5631067961165048
e2_uci,concrete,gp,16,0.6000000000000001,0.5922330097087378
e2_uci,concrete,gp,16,0.6500000000000001,0.6407766990291263
e2_uci,concrete,gp,16,0.7000000000000001,0.6796116504854369
e2_uci,concrete,gp,16,0.7500000000000001,0.6990291262135923
e2_uci,concrete,gp,16,0.8,0.7864077669902912
e2_uci,concrete,gp,16,0.8500000000000001,0.8155339805825242
e2_uci,concrete,gp,16,0.9000000000000001,0.8446601941747572
e2_uci,concrete,gp,16,0.95,0.9320388349514565
e2_uci,concrete,gp,17,0.05,0.058252427184466
e2_uci,concrete,gp,17,0.1,0.0970873786407767
e2_uci,concrete,gp,17,0.15,0.1553398058252427
e2_uci,concrete,gp,17,0.2,0.1941747572815534
e2_uci,concrete,gp,17,0.25,0.2621359223300971
e2_uci,concrete,gp,17,0.3,0.3398058252427184
e2_uci,concrete,gp,17,0.35,0.4077669902912621
e2_uci,concrete,gp,17,0.4,0.4660194174757281
e2_uci,concrete,gp,17,0.45,0.5339805825242718
e2_uci,concrete,gp,17,0.5,0.5728155339805825
e2_uci,concrete,gp,17,0.55,0.6504854368932039
e2_uci,concrete,gp,17,0.6000000000000001,0.7184466019417476
e2_uci,concrete,gp,17,0.6500000000000001,0.7475728155339806
e2_uci,concrete,gp,17,0.7000000000000001,0.7961165048543689
e2_uci,concrete,gp,17,0.7500000000000001,0.8058252427184466
e2_uci,concrete,gp,17,0.8,0.8446601941747572
e2_uci,concrete,gp,17,0.8500000000000001,0.9029126213592232
e2_uci,concrete,gp,17,0.9000000000000001,0.9223300970873788
e2_uci,concrete,gp,17,0.95,0.970873786407767
e2_uci,concrete,gp,18,0.05,0.0485436893203883
e2_uci,concrete,gp,18,0.1,0.116504854368932
e2_uci,concrete,gp,18,0.15,0.145631067961165
e2_uci,concrete,gp,18,0.2,0.1553398058252427
e2_uci,concrete,gp,18,0.25,0.203883495145631
e2_uci,concrete,gp,18,0.3,0.2524271844660194
e2_uci,concrete,gp,18,0.35,0.2815533980582524
e2_uci,concrete,gp,18,0.4,0.3398058252427184
e2_uci,concrete,gp,18,0.45,0.3689320388349514
e2_uci,concrete,gp,18,0.5,0.4271844660194174
e2_uci,concrete,gp,18,0.55,0.5048543689320388
e2_uci,concrete,gp,18,0.6000000000000001,0.5436893203883495
e2_uci,concrete,gp,18,0.6500000000000001,0.6601941747572816
e2_uci,concrete,gp,18,0.7000000000000001,0.7378640776699029
e2_uci,concrete,gp,18,0.7500000000000001,0.7669902912621359
e2_uci,concrete,gp,18,0.8,0.8058252427184466
e2_uci,concrete,gp,18,0.8500000000000001,0.8252427184466019
e2_uci,concrete,gp,18,0.9000000000000001,0.8640776699029126
e2_uci,concrete,gp,18,0.95,0.9223300970873788
e2_uci,concrete,gp,19,0.05,0.0388349514563106
e2_uci,concrete,gp,19,0.1,0.1067961165048543
e2_uci,concrete,gp,19,0.15,0.1650485436893204
e2_uci,concrete,gp,19,0.2,0.2233009708737864
e2_uci,concrete,gp,19,0.25,0.3106796116504854
e2_uci,concrete,gp,19,0.3,0.3592233009708738
e2_uci,concrete,gp,19,0.35,0.4077669902912621
e2_uci,concrete,gp,19,0.4,0.4466019417475728
e2_uci,concrete,gp,19,0.45,0.4757281553398058
e2_uci,concrete,gp,19,0.5,0.4951456310679611
e2_uci,concrete,gp,19,0.55,0.5825242718446602
e2_uci,concrete,gp,19,0.6000000000000001,0.6601941747572816
e2_uci,concrete,gp,19,0.6500000000000001,0.7378640776699029
e2_uci,concrete,gp,19,0.7000000000000001,0.7864077669902912
e2_uci,concrete,gp,19,0.7500000000000001,0.8349514563106796
e2_uci,concrete,gp,19,0.8,0.8932038834951457
e2_uci,concrete,gp,19,0.8500000000000001,0.941747572815534
e2_uci,concrete,gp,19,0.9000000000000001,0.970873786407767
e2_uci,concrete,gp,19,0.95,0.9902912621359224
e2_uci,wine_quality_red,gp,0,0.05,0.0375
e2_uci,wine_quality_red,gp,0,0.1,0.04375
e2_uci,wine_quality_red,gp,0,0.15,0.04375
e2_uci,wine_quality_red,gp,0,0.2,0.08125
e2_uci,wine_quality_red,gp,0,0.25,0.15625
e2_uci,wine_quality_red,gp,0,0.3,0.1875
e2_uci,wine_quality_red,gp,0,0.35,0.225
e2_uci,wine_quality_red,gp,0,0.4,0.28125
e2_uci,wine_quality_red,gp,0,0.45,0.3
e2_uci,wine_quality_red,gp,0,0.5,0.525
e2_uci,wine_quality_red,gp,0,0.55,0.68125
e2_uci,wine_quality_red,gp,0,0.6000000000000001,0.69375
e2_uci,wine_quality_red,gp,0,0.6500000000000001,0.7375
e2_uci,wine_quality_red,gp,0,0.7000000000000001,0.80625
e2_uci,wine_quality_red,gp,0,0.7500000000000001,0.8625
e2_uci,wine_quality_red,gp,0,0.8,0.86875
e2_uci,wine_quality_red,gp,0,0.8500000000000001,0.89375
e2_uci,wine_quality_red,gp,0,0.9000000000000001,0.9125
e2_uci,wine_quality_red,gp,0,0.95,0.95625
e2_uci,wine_quality_red,gp,1,0.05,0.05625
e2_uci,wine_quality_red,gp,1,0.1,0.075
e2_uci,wine_quality_red,gp,1,0.15,0.08125
e2_uci,wine_quality_red,gp,1,0.2,0.10625
e2_uci,wine_quality_red,gp,1,0.25,0.1875
e2_uci,wine_quality_red,gp,1,0.3,0.23125
e2_uci,wine_quality_red,gp,1,0.35,0.2875
e2_uci,wine_quality_red,gp,1,0.4,0.30625
e2_uci,wine_quality_red,gp,1,0.45,0.33125
e2_uci,wine_quality_red,gp,1,0.5,0.475
e2_uci,wine_quality_red,gp,1,0.55,0.65
e2_uci,wine_quality_red,gp,1,0.6000000000000001,0.675
e2_uci,wine_quality_red,gp,1,0.6500000000000001,0.7375
e2_uci,wine_quality_red,gp,1,0.7000000000000001,0.8375
e2_uci,wine_quality_red,gp,1,0.7500000000000001,0.875
e2_uci,wine_quality_red,gp,1,0.8,0.89375
e2_uci,wine_quality_red,gp,1,0.8500000000000001,0.925
e2_uci,wine_quality_red,gp,1,0.9000000000000001,0.93125
e2_uci,wine_quality_red,gp,1,0.95,0.98125
e2_uci,wine_quality_red,gp,2,0.05,0.06875
e2_uci,wine_quality_red,gp,2,0.1,0.0875
e2_uci,wine_quality_red,gp,2,0.15,0.125
e2_uci,wine_quality_red,gp,2,0.2,0.1375
e2_uci,wine_quality_red,gp,2,0.25,0.20625
e2_uci,wine_quality_red,gp,2,0.3,0.23125
e2_uci,wine_quality_red,gp,2,0.35,0.24375
e2_uci,wine_quality_red,gp,2,0.4,0.2875
e2_uci,wine_quality_red,gp,2,0.45,0.30625
e2_uci,wine_quality_red,gp,2,0.5,0.4875
e2_uci,wine_quality_red,gp,2,0.55,0.64375
e2_uci,wine_quality_red,gp,2,0.6000000000000001,0.6875
e2_uci,wine_quality_red,gp,2,0.6500000000000001,0.7625
e2_uci,wine_quality_red,gp,2,0.7000000000000001,0.8
e2_uci,wine_quality_red,gp,2,0.7500000000000001,0.825
e2_uci,wine_quality_red,gp,2,0.8,0.83125
e2_uci,wine_quality_red,gp,2,0.8500000000000001,0.84375
e2_uci,wine_quality_red,gp,2,0.9000000000000001,0.8625
e2_uci,wine_quality_red,gp,2,0.95,0.9
e2_uci,wine_quality_red,gp,3,0.05,0.0375
e2_uci,wine_quality_red,gp,3,0.1,0.0625
e2_uci,wine_quality_red,gp,3,0.15,0.0875
e2_uci,wine_quality_red,gp,3,0.2,0.10625
e2_uci,wine_quality_red,gp,3,0.25,0.2125
e2_uci,wine_quality_red,gp,3,0.3,0.2625
e2_uci,wine_quality_red,gp,3,0.35,0.29375
e2_uci,wine_quality_red,gp,3,0.4,0.3125
e2_uci,wine_quality_red,gp,3,0.45,0.375
e2_uci,wine_quality_red,gp,3,0.5,0.5125
e2_uci,wine_quality_red,gp,3,0.55,0.65625
e2_uci,wine_quality_red,gp,3,0.6000000000000001,0.6875
e2_uci,wine_quality_red,gp,3,0.6500000000000001,0.7625
e2_uci,wine_quality_red,gp,3,0.7000000000000001,0.81875
e2_uci,wine_quality_red,gp,3,0.7500000000000001,0.85
e2_uci,wine_quality_red,gp,3,0.8,0.86875
e2_uci,wine_quality_red,gp,3,0.8500000000000001,0.9
e2_uci,wine_quality_red,gp,3,0.9000000000000001,0.95625
e2_uci,wine_quality_red,gp,3,0.95,0.975
e2_uci,wine_quality_red,gp,4,0.05,0.0
e2_uci,wine_quality_red,gp,4,0.1,0.025
e2_uci,wine_quality_red,gp,4,0.15,0.05625
e2_uci,wine_quality_red,gp,4,0.2,0.075
e2_uci,wine_quality_red,gp,4,0.25,0.14375
e2_uci,wine_quality_red,gp,4,0.3,0.2125
e2_uci,wine_quality_red,gp,4,0.35,0.2625
e2_uci,wine_quality_red,gp,4,0.4,0.30625
e2_uci,wine_quality_red,gp,4,0.45,0.3375
e2_uci,wine_quality_red,gp,4,0.5,0.5
e2_uci,wine_quality_red,gp,4,0.55,0.675
e2_uci,wine_quality_red,gp,4,0.6000000000000001,0.7375
e2_uci,wine_quality_red,gp,4,0.6500000000000001,0.79375
e2_uci,wine_quality_red,gp,4,0.7000000000000001,0.8625
e2_uci,wine_quality_red,gp,4,0.7500000000000001,0.88125
e2_uci,wine_quality_red,gp,4,0.8,0.9125
e2_uci,wine_quality_red,gp,4,0.8500000000000001,0.925
e2_uci,wine_quality_red,gp,4,0.9000000000000001,0.94375
e2_uci,wine_quality_red,gp,4,0.95,0.975
e2_uci,wine_quality_red,gp,5,0.05,0.05
e2_uci,wine_quality_red,gp,5,0.1,0.075
e2_uci,wine_quality_red,gp,5,0.15,0.0875
e2_uci,wine_quality_red,gp,5,0.2,0.1125
e2_uci,wine_quality_red,gp,5,0.25,0.18125
e2_uci,wine_quality_red,gp,5,0.3,0.21875
e2_uci,wine_quality_red,gp,5,0.35,0.23125
e2_uci,wine_quality_red,gp,5,0.4,0.2875
e2_uci,wine_quality_red,gp,5,0.45,0.34375
e2_uci,wine_quality_red,gp,5,0.5,0.55625
e2_uci,wine_quality_red,gp,5,0.55,0.7
e2_uci,wine_quality_red,gp,5,0.6000000000000001,0.71875
e2_uci,wine_quality_red,gp,5,0.6500000000000001,0.7875
e2_uci,wine_quality_red,gp,5,0.7000000000000001,0.875
e2_uci,wine_quality_red,gp,5,0.7500000000000001,0.9
e2_uci,wine_quality_red,gp,5,0.8,0.9125
e2_uci,wine_quality_red,gp,5,0.8500000000000001,0.925
e2_uci,wine_quality_red,gp,5,0.9000000000000001,0.95
e2_uci,wine_quality_red,gp,5,0.95,0.98125
e2_uci,wine_quality_red,gp,6,0.05,0.0625
e2_uci,wine_quality_red,gp,6,0.1,0.09375
e2_uci,wine_quality_red,gp,6,0.15,0.1125
e2_uci,wine_quality_red,gp,6,0.2,0.13125
e2_uci,wine_quality_red,gp,6,0.25,0.24375
e2_uci,wine_quality_red,gp,6,0.3,0.275
e2_uci,wine_quality_red,gp,6,0.35,0.325
e2_uci,wine_quality_red,gp,6,0.4,0.34375
e2_uci,wine_quality_red,gp,6,0.45,0.36875
e2_uci,wine_quality_red,gp,6,0.5,0.5375
e2_uci,wine_quality_red,gp,6,0.55,0.70625
e2_uci,wine_quality_red,gp,6,0.6000000000000001,0.74375
e2_uci,wine_quality_red,gp,6,0.6500000000000001,0.78125
e2_uci,wine_quality_red,gp,6,0.7000000000000001,0.825
e2_uci,wine_quality_red,gp,6,0.7500000000000001,0.84375
e2_uci,wine_quality_red,gp,6,0.8,0.88125
e2_uci,wine_quality_red,gp,6,0.8500000000000001,0.9
e2_uci,wine_quality_red,gp,6,0.9000000000000001,0.9125
e2_uci,wine_quality_red,gp,6,0.95,0.98125
e2_uci,wine_quality_red,gp,7,0.05,0.075
e2_uci,wine_quality_red,gp,7,0.1,0.09375
e2_uci,wine_quality_red,gp,7,0.15,0.11875
e2_uci,wine_quality_red,gp,7,0.2,0.13125
e2_uci,wine_quality_red,gp,7,0.25,0.21875
e2_uci,wine_quality_red,gp,7,0.3,0.2375
e2_uci,wine_quality_red,gp,7,0.35,0.275
e2_uci,wine_quality_red,gp,7,0.4,0.31875
e2_uci,wine_quality_red,gp,7,0.45,0.36875
e2_uci,wine_quality_red,gp,7,0.5,0.48125
e2_uci,wine_quality_red,gp,7,0.55,0.59375
e2_uci,wine_quality_red,gp,7,0.6000000000000001,0.65625
e2_uci,wine_quality_red,gp,7,0.6500000000000001,0.73125
e2_uci,wine_quality_red,gp,7,0.7000000000000001,0.78125
e2_uci,wine_quality_red,gp,7,0.7500000000000001,0.8125
e2_uci,wine_quality_red,gp,7,0.8,0.8375
e2_uci,wine_quality_red,gp,7,0.8500000000000001,0.85625
e2_uci,wine_quality_red,gp,7,0.9000000000000001,0.9
e2_uci,wine_quality_red,gp,7,0.95,0.95625
e2_uci,wine_quality_red,gp,8,0.05,0.03125
e2_uci,wine_quality_red,gp,8,0.1,0.0375
e2_uci,wine_quality_red,gp,8,0.15,0.05
e2_uci,wine_quality_red,gp,8,0.2,0.05625
e2_uci,wine_quality_red,gp,8,0.25,0.1
e2_uci,wine_quality_red,gp,8,0.3,0.15625
e2_uci,wine_quality_red,gp,8,0.35,0.19375
e2_uci,wine_quality_red,gp,8,0.4,0.2125
e2_uci,wine_quality_red,gp,8,0.45,0.23125
e2_uci,wine_quality_red,gp,8,0.5,0.4
e2_uci,wine_quality_red,gp,8,0.55,0.59375
e2_uci,wine_quality_red,gp,8,0.6000000000000001,0.61875
e2_uci,wine_quality_red,gp,8,0.6500000000000001,0.69375
e2_uci,wine_quality_red,gp,8,0.7000000000000001,0.79375
e2_uci,wine_quality_red,gp,8,0.7500000000000001,0.825
e2_uci,wine_quality_red,gp,8,0.8,0.85
e2_uci,wine_quality_red,gp,8,0.8500000000000001,0.8625
e2_uci,wine_quality_red,gp,8,0.9000000000000001,0.8875
e2_uci,wine_quality_red,gp,8,0.95,0.9625
e2_uci,wine_quality_red,gp,9,0.05,0.08125
e2_uci,wine_quality_red,gp,9,0.1,0.09375
e2_uci,wine_quality_red,gp,9,0.15,0.1
e2_uci,wine_quality_red,gp,9,0.2,0.125
e2_uci,wine_quality_red,gp,9,0.25,0.24375
e2_uci,wine_quality_red,gp,9,0.3,0.28125
e2_uci,wine_quality_red,gp,9,0.35,0.3125
e2_uci,wine_quality_red,gp,9,0.4,0.34375
e2_uci,wine_quality_red,gp,9,0.45,0.38125
e2_uci,wine_quality_red,gp,9,0.5,0.525
e2_uci,wine_quality_red,gp,9,0.55,0.69375
e2_uci,wine_quality_red,gp,9,0.6000000000000001,0.73125
e2_uci,wine_quality_red,gp,9,0.6500000000000001,0.78125
e2_uci,wine_quality_red,gp,9,0.7000000000000001,0.84375
e2_uci,wine_quality_red,gp,9,0.7500000000000001,0.875
e2_uci,wine_quality_red,gp,9,0.8,0.90625
e2_uci,wine_quality_red,gp,9,0.8500000000000001,0.91875
e2_uci,wine_quality_red,gp,9,0.9000000000000001,0.93125
e2_uci,wine_quality_red,gp,9,0.95,0.975
e2_uci,wine_quality_red,gp,10,0.05,0.03125
e2_uci,wine_quality_red,gp,10,0.1,0.04375
e2_uci,wine_quality_red,gp,10,0.15,0.075
e2_uci,wine_quality_red,gp,10,0.2,0.09375
e2_uci,wine_quality_red,gp,10,0.25,0.2
e2_uci,wine_quality_red,gp,10,0.3,0.2625
e2_uci,wine_quality_red,gp,10,0.35,0.28125
e2_uci,wine_quality_red,gp,10,0.4,0.35
e2_uci,wine_quality_red,gp,10,0.45,0.36875
e2_uci,wine_quality_red,gp,10,0.5,0.54375
e2_uci,wine_quality_red,gp,10,0.55,0.675
e2_uci,wine_quality_red,gp,10,0.6000000000000001,0.7
e2_uci,wine_quality_red,gp,10,0.6500000000000001,0.7375
e2_uci,wine_quality_red,gp,10,0.7000000000000001,0.8
e2_uci,wine_quality_red,gp,10,0.7500000000000001,0.825
e2_uci,wine_quality_red,gp,10,0.8,0.8375
e2_uci,wine_quality_red,gp,10,0.8500000000000001,0.8625
e2_uci,wine_quality_red,gp,10,0.9000000000000001,0.88125
e2_uci,wine_quality_red,gp,10,0.95,0.95
e2_uci,wine_quality_red,gp,11,0.05,0.05625
e2_uci,wine_quality_red,gp,11,0.1,0.0875
e2_uci,wine_quality_red,gp,11,0.15,0.1
e2_uci,wine_quality_red,gp,11,0.2,0.1
e2_uci,wine_quality_red,gp,11,0.25,0.1375
e2_uci,wine_quality_red,gp,11,0.3,0.1625
e2_uci,wine_quality_red,gp,11,0.35,0.19375
e2_uci,wine_quality_red,gp,11,0.4,0.2375
e2_uci,wine_quality_red,gp,11,0.45,0.2625
e2_uci,wine_quality_red,gp,11,0.5,0.44375
e2_uci,wine_quality_red,gp,11,0.55,0.66875
e2_uci,wine_quality_red,gp,11,0.6000000000000001,0.675
e2_uci,wine_quality_red,gp,11,0.6500000000000001,0.75625
e2_uci,wine_quality_red,gp,11,0.7000000000000001,0.83125
e2_uci,wine_quality_red,gp,11,0.7500000000000001,0.8625
e2_uci,wine_quality_red,gp,11,0.8,0.86875
e2_uci,wine_quality_red,gp,11,0.8500000000000001,0.88125
e2_uci,wine_quality_red,gp,11,0.9000000000000001,0.89375
e2_uci,wine_quality_red,gp,11,0.95,0.95625
e2_uci,wine_quality_red,gp,12,0.05,0.0625
e2_uci,wine_quality_red,gp,12,0.1,0.09375
e2_uci,wine_quality_red,gp,12,0.15,0.1125
e2_uci,wine_quality_red,gp,12,0.2,0.15
e2_uci,wine_quality_red,gp,12,0.25,0.2375
e2_uci,wine_quality_red,gp,12,0.3,0.26875
e2_uci,wine_quality_red,gp,12,0.35,0.33125
e2_uci,wine_quality_red,gp,12,0.4,0.35
e2_uci,wine_quality_red,gp,12,0.45,0.375
e2_uci,wine_quality_red,gp,12,0.5,0.575
e2_uci,wine_quality_red,gp,12,0.55,0.66875
e2_uci,wine_quality_red,gp,12,0.6000000000000001,0.725
e2_uci,wine_quality_red,gp,12,0.6500000000000001,0.7625
e2_uci,wine_quality_red,gp,12,0.7000000000000001,0.8375
e2_uci,wine_quality_red,gp,12,0.7500000000000001,0.86875
e2_uci,wine_quality_red,gp,12,0.8,0.89375
e2_uci,wine_quality_red,gp,12,0.8500000000000001,0.9
e2_uci,wine_quality_red,gp,12,0.9000000000000001,0.925
e2_uci,wine_quality_red,gp,12,0.95,0.9875
e2_uci,wine_quality_red,gp,13,0.05,0.01875
e2_uci,wine_quality_red,gp,13,0.1,0.03125
e2_uci,wine_quality_red,gp,13,0.15,0.05625
e2_uci,wine_quality_red,gp,13,0.2,0.08125
e2_uci,wine_quality_red,gp,13,0.25,0.1375
e2_uci,wine_quality_red,gp,13,0.3,0.2125
e2_uci,wine_quality_red,gp,13,0.35,0.24375
e2_uci,wine_quality_red,gp,13,0.4,0.275
e2_uci,wine_quality_red,gp,13,0.45,0.3375
e2_uci,wine_quality_red,gp,13,0.5,0.50625
e2_uci,wine_quality_red,gp,13,0.55,0.6625
e2_uci,wine_quality_red,gp,13,0.6000000000000001,0.71875
e2_uci,wine_quality_red,gp,13,0.6500000000000001,0.74375
e2_uci,wine_quality_red,gp,13,0.7000000000000001,0.81875
e2_uci,wine_quality_red,gp,13,0.7500000000000001,0.85625
e2_uci,wine_quality_red,gp,13,0.8,0.86875
e2_uci,wine_quality_red,gp,13,0.8500000000000001,0.9
e2_uci,wine_quality_red,gp,13,0.9000000000000001,0.9125
e2_uci,wine_quality_red,gp,13,0.95,0.94375
e2_uci,wine_quality_red,gp,14,0.05,0.05625
e2_uci,wine_quality_red,gp,14,0.1,0.06875
e2_uci,wine_quality_red,gp,14,0.15,0.0875
e2_uci,wine_quality_red,gp,14,0.2,0.1125
e2_uci,wine_quality_red,gp,14,0.25,0.225
e2_uci,wine_quality_red,gp,14,0.3,0.275
e2_uci,wine_quality_red,gp,14,0.35,0.3125
e2_uci,wine_quality_red,gp,14,0.4,0.34375
e2_uci,wine_quality_red,gp,14,0.45,0.4125
e2_uci,wine_quality_red,gp,14,0.5,0.525
e2_uci,wine_quality_red,gp,14,0.55,0.675
e2_uci,wine_quality_red,gp,14,0.6000000000000001,0.70625
e2_uci,wine_quality_red,gp,14,0.6500000000000001,0.74375
e2_uci,wine_quality_red,gp,14,0.7000000000000001,0.84375
e2_uci,wine_quality_red,gp,14,0.7500000000000001,0.875
e2_uci,wine_quality_red,gp,14,0.8,0.8875
e2_uci,wine_quality_red,gp,14,0.8500000000000001,0.89375
e2_uci,wine_quality_red,gp,14,0.9000000000000001,0.93125
e2_uci,wine_quality_red,gp,14,0.95,0.96875
e2_uci,wine_quality_red,gp,15,0.05,0.0125
e2_uci,wine_quality_red,gp,15,0.1,0.04375
e2_uci,wine_quality_red,gp,15,0.15,0.06875
e2_uci,wine_quality_red,gp,15,0.2,0.08125
e2_uci,wine_quality_red,gp,15,0.25,0.14375
e2_uci,wine_quality_red,gp,15,0.3,0.2
e2_uci,wine_quality_red,gp,15,0.35,0.275
e2_uci,wine_quality_red,gp,15,0.4,0.31875
e2_uci,wine_quality_red,gp,15,0.45,0.3375
e2_uci,wine_quality_red,gp,15,0.5,0.45625
e2_uci,wine_quality_red,gp,15,0.55,0.63125
e2_uci,wine_quality_red,gp,15,0.6000000000000001,0.65
e2_uci,wine_quality_red,gp,15,0.6500000000000001,0.725
e2_uci,wine_quality_red,gp,15,0.7000000000000001,0.85625
e2_uci,wine_quality_red,gp,15,0.7500000000000001,0.86875
e2_uci,wine_quality_red,gp,15,0.8,0.9
e2_uci,wine_quality_red,gp,15,0.8500000000000001,0.9
e2_uci,wine_quality_red,gp,15,0.9000000000000001,0.90625
e2_uci,wine_quality_red,gp,15,0.95,0.96875
e2_uci,wine_quality_red,gp,16,0.05,0.0375
e2_uci,wine_quality_red,gp,16,0.1,0.08125
e2_uci,wine_quality_red,gp,16,0.15,0.1
e2_uci,wine_quality_red,gp,16,0.2,0.11875
e2_uci,wine_quality_red,gp,16,0.25,0.19375
e2_uci,wine_quality_red,gp,16,0.3,0.24375
e2_uci,wine_quality_red,gp,16,0.35,0.275
e2_uci,wine_quality_red,gp,16,0.4,0.325
e2_uci,wine_quality_red,gp,16,0.45,0.35625
e2_uci,wine_quality_red,gp,16,0.5,0.50625
e2_uci,wine_quality_red,gp,16,0.55,0.6875
e2_uci,wine_quality_red,gp,16,0.6000000000000001,0.70625
e2_uci,wine_quality_red,gp,16,0.6500000000000001,0.7375
e2_uci,wine_quality_red,gp,16,0.7000000000000001,0.8
e2_uci,wine_quality_red,gp,16,0.7500000000000001,0.8375
e2_uci,wine_quality_red,gp,16,0.8,0.8625
e2_uci,wine_quality_red,gp,16,0.8500000000000001,0.86875
e2_uci,wine_quality_red,gp,16,0.9000000000000001,0.89375
e2_uci,wine_quality_red,gp,16,0.95,0.95625
e2_uci,wine_quality_red,gp,17,0.05,0.0625
e2_uci,wine_quality_red,gp,17,0.1,0.08125
e2_uci,wine_quality_red,gp,17,0.15,0.0875
e2_uci,wine_quality_red,gp,17,0.2,0.11875
e2_uci,wine_quality_red,gp,17,0.25,0.225
e2_uci,wine_quality_red,gp,17,0.3,0.25625
e2_uci,wine_quality_red,gp,17,0.35,0.26875
e2_uci,wine_quality_red,gp,17,0.4,0.3125
e2_uci,wine_quality_red,gp,17,0.45,0.31875
e2_uci,wine_quality_red,gp,17,0.5,0.475
e2_uci,wine_quality_red,gp,17,0.55,0.6375
e2_uci,wine_quality_red,gp,17,0.6000000000000001,0.68125
e2_uci,wine_quality_red,gp,17,0.6500000000000001,0.71875
e2_uci,wine_quality_red,gp,17,0.7000000000000001,0.775
e2_uci,wine_quality_red,gp,17,0.7500000000000001,0.81875
e2_uci,wine_quality_red,gp,17,0.8,0.85
e2_uci,wine_quality_red,gp,17,0.8500000000000001,0.8625
e2_uci,wine_quality_red,gp,17,0.9000000000000001,0.9
e2_uci,wine_quality_red,gp,17,0.95,0.96875
e2_uci,wine_quality_red,gp,18,0.05,0.03125
e2_uci,wine_quality_red,gp,18,0.1,0.04375
e2_uci,wine_quality_red,gp,18,0.15,0.06875
e2_uci,wine_quality_red,gp,18,0.2,0.09375
e2_uci,wine_quality_red,gp,18,0.25,0.1625
e2_uci,wine_quality_red,gp,18,0.3,0.1875
e2_uci,wine_quality_red,gp,18,0.35,0.225
e2_uci,wine_quality_red,gp,18,0.4,0.28125
e2_uci,wine_quality_red,gp,18,0.45,0.2875
e2_uci,wine_quality_red,gp,18,0.5,0.44375
e2_uci,wine_quality_red,gp,18,0.55,0.6
e2_uci,wine_quality_red,gp,18,0.6000000000000001,0.65
e2_uci,wine_quality_red,gp,18,0.6500000000000001,0.69375
e2_uci,wine_quality_red,gp,18,0.7000000000000001,0.8
e2_uci,wine_quality_red,gp,18,0.7500000000000001,0.825
e2_uci,wine_quality_red,gp,18,0.8,0.85625
e2_uci,wine_quality_red,gp,18,0.8500000000000001,0.8625
e2_uci,wine_quality_red,gp,18,0.9000000000000001,0.89375
e2_uci,wine_quality_red,gp,18,0.95,0.9375
e2_uci,wine_quality_red,gp,19,0.05,0.075
e2_uci,wine_quality_red,gp,19,0.1,0.1
e2_uci,wine_quality_red,gp,19,0.15,0.1
e2_uci,wine_quality_red,gp,19,0.2,0.14375
e2_uci,wine_quality_red,gp,19,0.25,0.2125
e2_uci,wine_quality_red,gp,19,0.3,0.25625
e2_uci,wine_quality_red,gp,19,0.35,0.2875
e2_uci,wine_quality_red,gp,19,0.4,0.30625
e2_uci,wine_quality_red,gp,19,0.45,0.33125
e2_uci,wine_quality_red,gp,19,0.5,0.525
e2_uci,wine_quality_red,gp,19,0.55,0.69375
e2_uci,wine_quality_red,gp,19,0.6000000000000001,0.725
e2_uci,wine_quality_red,gp,19,0.6500000000000001,0.76875
e2_uci,wine_quality_red,gp,19,0.7000000000000001,0.825
e2_uci,wine_quality_red,gp,19,0.7500000000000001,0.83125
e2_uci,wine_quality_red,gp,19,0.8,0.85625
e2_uci,wine_quality_red,gp,19,0.8500000000000001,0.875
e2_uci,wine_quality_red,gp,19,0.9000000000000001,0.89375
e2_uci,wine_quality_red,gp,19,0.95,0.9625
e2_uci,yacht,mcd,0,0.05,0.0
e2_uci,yacht,mcd,0,0.1,0.0
e2_uci,yacht,mcd,0,0.15000000000000002,0.0
e2_uci,yacht,mcd,0,0.2,0.03225806451612903
e2_uci,yacht,mcd,0,0.25,0.03225806451612903
e2_uci,yacht,mcd,0,0.3,0.03225806451612903
e2_uci,yacht,mcd,0,0.35000000000000003,0.03225806451612903
e2_uci,yacht,mcd,0,0.4,0.03225806451612903
e2_uci,yacht,mcd,0,0.45,0.0967741935483871
e2_uci,yacht,mcd,0,0.5,0.3870967741935484
e2_uci,yacht,mcd,0,0.55,0.8064516129032258
e2_uci,yacht,mcd,0,0.6000000000000001,0.8709677419354839
e2_uci,yacht,mcd,0,0.6500000000000001,0.9032258064516129
e2_uci,yacht,mcd,0,0.7000000000000001,0.9354838709677419
e2_uci,yacht,mcd,0,0.7500000000000001,0.9354838709677419
e2_uci,yacht,mcd,0,0.8,0.9354838709677419
e2_uci,yacht,mcd,0,0.8500000000000001,0.9354838709677419
e2_uci,yacht,mcd,0,0.9000000000000001,0.967741935483871
e2_uci,yacht,mcd,0,0.9500000000000001,0.967741935483871
e2_uci,yacht,mcd,1,0.05,0.0
e2_uci,yacht,mcd,1,0.1,0.03225806451612903
e2_uci,yacht,mcd,1,0.15000000000000002,0.03225806451612903
e2_uci,yacht,mcd,1,0.2,0.03225806451612903
e2_uci,yacht,mcd,1,0.25,0.03225806451612903
e2_uci,yacht,mcd,1,0.3,0.06451612903225806
e2_uci,yacht,mcd,1,0.35000000000000003,0.06451612903225806
e2_uci,yacht,mcd,1,0.4,0.06451612903225806
e2_uci,yacht,mcd,1,0.45,0.0967741935483871
e2_uci,yacht,mcd,1,0.5,0.22580645161290322
e2_uci,yacht,mcd,1,0.55,0.3225806451612903
e2_uci,yacht,mcd,1,0.6000000000000001,0.6451612903225806
e2_uci,yacht,mcd,1,0.6500000000000001,0.8709677419354839
e2_uci,yacht,mcd,1,0.7000000000000001,0.9032258064516129
e2_uci,yacht,mcd,1,0.7500000000000001,0.9354838709677419
e2_uci,yacht,mcd,1,0.8,0.9354838709677419
e2_uci,yacht,mcd,1,0.8500000000000001,0.9354838709677419
e2_uci,yacht,mcd,1,0.9000000000000001,0.967741935483871
e2_uci,yacht,mcd,1,0.9500000000000001,0.967741935483871
e2_uci,yacht,mcd,2,0.05,0.0
e2_uci,yacht,mcd,2,0.1,0.0
e2_uci,yacht,mcd,2,0.15000000000000002,0.03225806451612903
e2_uci,yacht,mcd,2,0.2,0.06451612903225806
e2_uci,yacht,mcd,2,0.25,0.06451612903225806
e2_uci,yacht,mcd,2,0.3,0.0967741935483871
e2_uci,yacht,mcd,2,0.35000000000000003,0.12903225806451613
e2_uci,yacht,mcd,2,0.4,0.41935483870967744
e2_uci,yacht,mcd,2,0.45,0.8064516129032258
e2_uci,yacht,mcd,2,0.5,0.8387096774193549
e2_uci,yacht,mcd,2,0.55,0.9032258064516129
e2_uci,yacht,mcd,2,0.6000000000000001,0.967741935483871
e2_uci,yacht,mcd,2,0.6500000000000001,0.967741935483871
e2_uci,yacht,mcd,2,0.7000000000000001,0.967741935483871
e2_uci,yacht,mcd,2,0.7500000000000001,0.967741935483871
e2_uci,yacht,mcd,2,0.8,0.967741935483871
e2_uci,yacht,mcd,2,0.8500000000000001,0.967741935483871
e2_uci,yacht,mcd,2,0.9000000000000001,1.0
e2_uci,yacht,mcd,2,0.9500000000000001,1.0
e2_uci,yacht,mcd,3,0.05,0.0
e2_uci,yacht,mcd,3,0.1,0.0
e2_uci,yacht,mcd,3,0.15000000000000002,0.0
e2_uci,yacht,mcd,3,0.2,0.0
e2_uci,yacht,mcd,3,0.25,0.03225806451612903
e2_uci,yacht,mcd,3,0.3,0.06451612903225806
e2_uci,yacht,mcd,3,0.35000000000000003,0.06451612903225806
e2_uci,yacht,mcd,3,0.4,0.06451612903225806
e2_uci,yacht,mcd,3,0.45,0.0967741935483871
e2_uci,yacht,mcd,3,0.5,0.22580645161290322
e2_uci,yacht,mcd,3,0.55,0.5161290322580645
e2_uci,yacht,mcd,3,0.6000000000000001,0.6774193548387096
e2_uci,yacht,mcd,3,0.6500000000000001,0.8064516129032258
e2_uci,yacht,mcd,3,0.7000000000000001,0.8387096774193549
e2_uci,yacht,mcd,3,0.7500000000000001,0.8709677419354839
e2_uci,yacht,mcd,3,0.8,0.8709677419354839
e2_uci,yacht,mcd,3,0.8500000000000001,0.8709677419354839
e2_uci,yacht,mcd,3,0.9000000000000001,0.9032258064516129
e2_uci,yacht,mcd,3,0.9500000000000001,0.9032258064516129
e2_uci,yacht,mcd,4,0.05,0.0
e2_uci,yacht,mcd,4,0.1,0.0
e2_uci,yacht,mcd,4,0.15000000000000002,0.0
e2_uci,yacht,mcd,4,0.2,0.0
e2_uci,yacht,mcd,4,0.25,0.0
e2_uci,yacht,mcd,4,0.3,0.0
e2_uci,yacht,mcd,4,0.35000000000000003,0.03225806451612903
e2_uci,yacht,mcd,4,0.4,0.03225806451612903
e2_uci,yacht,mcd,4,0.45,0.16129032258064516
e2_uci,yacht,mcd,4,0.5,0.41935483870967744
e2_uci,yacht,mcd,4,0.55,0.5483870967741935
e2_uci,yacht,mcd,4,0.6000000000000001,0.6774193548387096
e2_uci,yacht,mcd,4,0.6500000000000001,0.8387096774193549
e2_uci,yacht,mcd,4,0.7000000000000001,0.8709677419354839
e2_uci,yacht,mcd,4,0.7500000000000001,0.8709677419354839
e2_uci,yacht,mcd,4,0.8,0.8709677419354839
e2_uci,yacht,mcd,4,0.8500000000000001,0.9032258064516129
e2_uci,yacht,mcd,4,0.9000000000000001,0.9032258064516129
e2_uci,yacht,mcd,4,0.9500000000000001,0.9032258064516129
e2_uci,yacht,mcd,5,0.05,0.0
e2_uci,yacht,mcd,5,0.1,0.0
e2_uci,yacht,mcd,5,0.15000000000000002,0.0
e2_uci,yacht,mcd,5,0.2,0.0
e2_uci,yacht,mcd,5,0.25,0.0
e2_uci,yacht,mcd,5,0.3,0.0
e2_uci,yacht,mcd,5,0.35000000000000003,0.0
e2_uci,yacht,mcd,5,0.4,0.03225806451612903
e2_uci,yacht,mcd,5,0.45,0.22580645161290322
e2_uci,yacht,mcd,5,0.5,0.4838709677419355
e2_uci,yacht,mcd,5,0.55,0.8064516129032258
e2_uci,yacht,mcd,5,0.6000000000000001,0.9032258064516129
e2_uci,yacht,mcd,5,0.6500000000000001,0.9032258064516129
e2_uci,yacht,mcd,5,0.7000000000000001,0.9354838709677419
e2_uci,yacht,mcd,5,0.7500000000000001,0.967741935483871
e2_uci,yacht,mcd,5,0.8,0.967741935483871
e2_uci,yacht,mcd,5,0.8500000000000001,0.967741935483871
e2_uci,yacht,mcd,5,0.9000000000000001,1.0
e2_uci,yacht,mcd,5,0.9500000000000001,1.0
e2_uci,yacht,mcd,6,0.05,0.0
e2_uci,yacht,mcd,6,0.1,0.0
e2_uci,yacht,mcd,6,0.15000000000000002,0.0
e2_uci,yacht,mcd,6,0.2,0.0
e2_uci,yacht,mcd,6,0.25,0.0
e2_uci,yacht,mcd,6,0.3,0.03225806451612903
e2_uci,yacht,mcd,6,0.35000000000000003,0.03225806451612903
e2_uci,yacht,mcd,6,0.4,0.06451612903225806
e2_uci,yacht,mcd,6,0.45,0.2903225806451613
e2_uci,yacht,mcd,6,0.5,0.5806451612903226
e2_uci,yacht,mcd,6,0.55,0.967741935483871
e2_uci,yacht,mcd,6,0.6000000000000001,1.0
e2_uci,yacht,mcd,6,0.6500000000000001,1.0
e2_uci,yacht,mcd,6,0.7000000000000001,1.0
e2_uci,yacht,mcd,6,0.7500000000000001,1.0
e2_uci,yacht,mcd,6,0.8,1.0
e2_uci,yacht,mcd,6,0.8500000000000001,1.0
e2_uci,yacht,mcd,6,0.9000000000000001,1.0
e2_uci,yacht,mcd,6,0.9500000000000001,1.0
e2_uci,yacht,mcd,7,0.05,0.0
e2_uci,yacht,mcd,7,0.1,0.03225806451612903
e2_uci,yacht,mcd,7,0.15000000000000002,0.03225806451612903
e2_uci,yacht,mcd,7,0.2,0.03225806451612903
e2_uci,yacht,mcd,7,0.25,0.0967741935483871
e2_uci,yacht,mcd,7,0.3,0.12903225806451613
e2_uci,yacht,mcd,7,0.35000000000000003,0.12903225806451613
e2_uci,yacht,mcd,7,0.4,0.16129032258064516
e2_uci,yacht,mcd,7,0.45,0.2903225806451613
e2_uci,yacht,mcd,7,0.5,0.5483870967741935
e2_uci,yacht,mcd,7,0.55,0.7741935483870968
e2_uci,yacht,mcd,7,0.6000000000000001,0.8709677419354839
e2_uci,yacht,mcd,7,0.6500000000000001,0.9354838709677419
e2_uci,yacht,mcd,7,0.7000000000000001,0.9354838709677419
e2_uci,yacht,mcd,7,0.7500000000000001,0.9354838709677419
e2_uci,yacht,mcd,7,0.8,0.9354838709677419
e2_uci,yacht,mcd,7,0.8500000000000001,0.9354838709677419
e2_uci,yacht,mcd,7,0.9000000000000001,0.967741935483871
e2_uci,yacht,mcd,7,0.9500000000000001,0.967741935483871
e2_uci,yacht,mcd,8,0.05,0.0
e2_uci,yacht,mcd,8,0.1,0.0
e2_uci,yacht,mcd,8,0.15000000000000002,0.0
e2_uci,yacht,mcd,8,0.2,0.0
e2_uci,yacht,mcd,8,0.25,0.06451612903225806
e2_uci,yacht,mcd,8,0.3,0.12903225806451613
e2_uci,yacht,mcd,8,0.35000000000000003,0.25806451612903225
e2_uci,yacht,mcd,8,0.4,0.5483870967741935
e2_uci,yacht,mcd,8,0.45,0.8064516129032258
e2_uci,yacht,mcd,8,0.5,0.9032258064516129
e2_uci,yacht,mcd,8,0.55,0.9354838709677419
e2_uci,yacht,mcd,8,0.6000000000000001,0.967741935483871
e2_uci,yacht,mcd,8,0.6500000000000001,0.967741935483871
e2_uci,yacht,mcd,8,0.7000000000000001,0.967741935483871
e2_uci,yacht,mcd,8,0.7500000000000001,0.967741935483871
e2_uci,yacht,mcd,8,0.8,0.967741935483871
e2_uci,yacht,mcd,8,0.8500000000000001,0.967741935483871
e2_uci,yacht,mcd,8,0.9000000000000001,1.0
e2_uci,yacht,mcd,8,0.9500000000000001,1.0
e2_uci,yacht,mcd,9,0.05,0.0
e2_uci,yacht,mcd,9,0.1,0.0
e2_uci,yacht,mcd,9,0.15000000000000002,0.03225806451612903
e2_uci,yacht,mcd,9,0.2,0.03225806451612903
e2_uci,yacht,mcd,9,0.25,0.06451612903225806
e2_uci,yacht,mcd,9,0.3,0.0967741935483871
e2_uci,yacht,mcd,9,0.35000000000000003,0.12903225806451613
e2_uci,yacht,mcd,9,0.4,0.12903225806451613
e2_uci,yacht,mcd,9,0.45,0.22580645161290322
e2_uci,yacht,mcd,9,0.5,0.3225806451612903
e2_uci,yacht,mcd,9,0.55,0.6774193548387096
e2_uci,yacht,mcd,9,0.6000000000000001,0.9354838709677419
e2_uci,yacht,mcd,9,0.6500000000000001,1.0
e2_uci,yacht,mcd,9,0.7000000000000001,1.0
e2_uci,yacht,mcd,9,0.7500000000000001,1.0
e2_uci,yacht,mcd,9,0.8,1.0
e2_uci,yacht,mcd,9,0.8500000000000001,1.0
e2_uci,yacht,mcd,9,0.9000000000000001,1.0
e2_uci,yacht,mcd,9,0.9500000000000001,1.0
e2_uci,yacht,mcd,10,0.05,0.0
e2_uci,yacht,mcd,10,0.1,0.0
e2_uci,yacht,mcd,10,0.15000000000000002,0.0
e2_uci,yacht,mcd,10,0.2,0.0
e2_uci,yacht,mcd,10,0.25,0.03225806451612903
e2_uci,yacht,mcd,10,0.3,0.03225806451612903
e2_uci,yacht,mcd,10,0.35000000000000003,0.0967741935483871
e2_uci,yacht,mcd,10,0.4,0.16129032258064516
e2_uci,yacht,mcd,10,0.45,0.16129032258064516
e2_uci,yacht,mcd,10,0.5,0.16129032258064516
e2_uci,yacht,mcd,10,0.55,0.1935483870967742
e2_uci,yacht,mcd,10,0.6000000000000001,0.25806451612903225
e2_uci,yacht,mcd,10,0.6500000000000001,0.7419354838709677
e2_uci,yacht,mcd,10,0.7000000000000001,0.8387096774193549
e2_uci,yacht,mcd,10,0.7500000000000001,0.8387096774193549
e2_uci,yacht,mcd,10,0.8,0.8387096774193549
e2_uci,yacht,mcd,10,0.8500000000000001,0.9032258064516129
e2_uci,yacht,mcd,10,0.9000000000000001,0.9354838709677419
e2_uci,yacht,mcd,10,0.9500000000000001,0.9354838709677419
e2_uci,yacht,mcd,11,0.05,0.0
e2_uci,yacht,mcd,11,0.1,0.0
e2_uci,yacht,mcd,11,0.15000000000000002,0.0
e2_uci,yacht,mcd,11,0.2,0.03225806451612903
e2_uci,yacht,mcd,11,0.25,0.03225806451612903
e2_uci,yacht,mcd,11,0.3,0.03225806451612903
e2_uci,yacht,mcd,11,0.35000000000000003,0.03225806451612903
e2_uci,yacht,mcd,11,0.4,0.22580645161290322
e2_uci,yacht,mcd,11,0.45,0.7096774193548387
e2_uci,yacht,mcd,11,0.5,0.8387096774193549
e2_uci,yacht,mcd,11,0.55,0.9032258064516129
e2_uci,yacht,mcd,11,0.6000000000000001,0.9032258064516129
e2_uci,yacht,mcd,11,0.6500000000000001,0.9032258064516129
e2_uci,yacht,mcd,11,0.7000000000000001,0.9354838709677419
e2_uci,yacht,mcd,11,0.7500000000000001,0.9354838709677419
e2_uci,yacht,mcd,11,0.8,0.967741935483871
e2_uci,yacht,mcd,11,0.8500000000000001,0.967741935483871
e2_uci,yacht,mcd,11,0.9000000000000001,0.967741935483871
e2_uci,yacht,mcd,11,0.9500000000000001,0.967741935483871
e2_uci,yacht,mcd,12,0.05,0.0
e2_uci,yacht,mcd,12,0.1,0.0
e2_uci,yacht,mcd,12,0.15000000000000002,0.0
e2_uci,yacht,mcd,12,0.2,0.0
e2_uci,yacht,mcd,12,0.25,0.03225806451612903
e2_uci,yacht,mcd,12,0.3,0.03225806451612903
e2_uci,yacht,mcd,12,0.35000000000000003,0.03225806451612903
e2_uci,yacht,mcd,12,0.4,0.12903225806451613
e2_uci,yacht,mcd,12,0.45,0.16129032258064516
e2_uci,yacht,mcd,12,0.5,0.2903225806451613
e2_uci,yacht,mcd,12,0.55,0.41935483870967744
e2_uci,yacht,mcd,12,0.6000000000000001,0.7419354838709677
e2_uci,yacht,mcd,12,0.6500000000000001,0.9032258064516129
e2_uci,yacht,mcd,12,0.7000000000000001,0.9032258064516129
e2_uci,yacht,mcd,12,0.7500000000000001,0.9032258064516129
e2_uci,yacht,mcd,12,0.8,0.9032258064516129
e2_uci,yacht,mcd,12,0.8500000000000001,0.9032258064516129
e2_uci,yacht,mcd,12,0.9000000000000001,0.9354838709677419
e2_uci,yacht,mcd,12,0.9500000000000001,0.9354838709677419
e2_uci,yacht,mcd,13,0.05,0.0
e2_uci,yacht,mcd,13,0.1,0.0
e2_uci,yacht,mcd,13,0.15000000000000002,0.0
e2_uci,yacht,mcd,13,0.2,0.03225806451612903
e2_uci,yacht,mcd,13,0.25,0.03225806451612903
e2_uci,yacht,mcd,13,0.3,0.06451612903225806
e2_uci,yacht,mcd,13,0.35000000000000003,0.06451612903225806
e2_uci,yacht,mcd,13,0.4,0.12903225806451613
e2_uci,yacht,mcd,13,0.45,0.41935483870967744
e2_uci,yacht,mcd,13,0.5,0.7419354838709677
e2_uci,yacht,mcd,13,0.55,0.8709677419354839
e2_uci,yacht,mcd,13,0.6000000000000001,0.9032258064516129
e2_uci,yacht,mcd,13,0.6500000000000001,0.9032258064516129
e2_uci,yacht,mcd,13,0.7000000000000001,0.9032258064516129
e2_uci,yacht,mcd,13,0.7500000000000001,0.9354838709677419
e2_uci,yacht,mcd,13,0.8,0.9354838709677419
e2_uci,yacht,mcd,13,0.8500000000000001,0.9354838709677419
e2_uci,yacht,mcd,13,0.9000000000000001,0.9354838709677419
e2_uci,yacht,mcd,13,0.9500000000000001,1.0
e2_uci,yacht,mcd,14,0.05,0.0
e2_uci,yacht,mcd,14,0.1,0.0
e2_uci,yacht,mcd,14,0.15000000000000002,0.03225806451612903
e2_uci,yacht,mcd,14,0.2,0.03225806451612903
e2_uci,yacht,mcd,14,0.25,0.03225806451612903
e2_uci,yacht,mcd,14,0.3,0.0967741935483871
e2_uci,yacht,mcd,14,0.35000000000000003,0.12903225806451613
e2_uci,yacht,mcd,14,0.4,0.22580645161290322
e2_uci,yacht,mcd,14,0.45,0.4838709677419355
e2_uci,yacht,mcd,14,0.5,0.5483870967741935
e2_uci,yacht,mcd,14,0.55,0.8064516129032258
e2_uci,yacht,mcd,14,0.6000000000000001,0.9354838709677419
e2_uci,yacht,mcd,14,0.6500000000000001,0.9354838709677419
e2_uci,yacht,mcd,14,0.7000000000000001,0.967741935483871
e2_uci,yacht,mcd,14,0.7500000000000001,0.967741935483871
e2_uci,yacht,mcd,14,0.8,0.967741935483871
e2_uci,yacht,mcd,14,0.8500000000000001,0.967741935483871
e2_uci,yacht,mcd,14,0.9000000000000001,0.967741935483871
e2_uci,yacht,mcd,14,0.9500000000000001,0.967741935483871
e2_uci,yacht,mcd,15,0.05,0.0
e2_uci,yacht,mcd,15,0.1,0.06451612903225806
e2_uci,yacht,mcd,15,0.15000000000000002,0.06451612903225806
e2_uci,yacht,mcd,15,0.2,0.0967741935483871
e2_uci,yacht,mcd,15,0.25,0.12903225806451613
e2_uci,yacht,mcd,15,0.3,0.12903225806451613
e2_uci,yacht,mcd,15,0.35000000000000003,0.12903225806451613
e2_uci,yacht,mcd,15,0.4,0.12903225806451613
e2_uci,yacht,mcd,15,0.45,0.3548387096774194
e2_uci,yacht,mcd,15,0.5,0.6129032258064516
e2_uci,yacht,mcd,15,0.55,0.8387096774193549
e2_uci,yacht,mcd,15,0.6000000000000001,0.9354838709677419
e2_uci,yacht,mcd,15,0.6500000000000001,0.967741935483871
e2_uci,yacht,mcd,15,0.7000000000000001,0.967741935483871
e2_uci,yacht,mcd,15,0.7500000000000001,0.967741935483871
e2_uci,yacht,mcd,15,0.8,0.967741935483871
e2_uci,yacht,mcd,15,0.8500000000000001,1.0
e2_uci,yacht,mcd,15,0.9000000000000001,1.0
e2_uci,yacht,mcd,15,0.9500000000000001,1.0
e2_uci,yacht,mcd,16,0.05,0.0
e2_uci,yacht,mcd,16,0.1,0.0
e2_uci,yacht,mcd,16,0.15000000000000002,0.0
e2_uci,yacht,mcd,16,0.2,0.03225806451612903
e2_uci,yacht,mcd,16,0.25,0.0967741935483871
e2_uci,yacht,mcd,16,0.3,0.0967741935483871
e2_uci,yacht,mcd,16,0.35000000000000003,0.12903225806451613
e2_uci,yacht,mcd,16,0.4,0.1935483870967742
e2_uci,yacht,mcd,16,0.45,0.41935483870967744
e2_uci,yacht,mcd,16,0.5,0.8064516129032258
e2_uci,yacht,mcd,16,0.55,0.9032258064516129
e2_uci,yacht,mcd,16,0.6000000000000001,0.9032258064516129
e2_uci,yacht,mcd,16,0.6500000000000001,0.9354838709677419
e2_uci,yacht,mcd,16,0.7000000000000001,0.9354838709677419
e2_uci,yacht,mcd,16,0.7500000000000001,0.9354838709677419
e2_uci,yacht,mcd,16,0.8,0.9354838709677419
e2_uci,yacht,mcd,16,0.8500000000000001,0.967741935483871
e2_uci,yacht,mcd,16,0.9000000000000001,0.967741935483871
e2_uci,yacht,mcd,16,0.9500000000000001,0.967741935483871
e2_uci,yacht,mcd,17,0.05,0.0
e2_uci,yacht,mcd,17,0.1,0.0
e2_uci,yacht,mcd,17,0.15000000000000002,0.0
e2_uci,yacht,mcd,17,0.2,0.0
e2_uci,yacht,mcd,17,0.25,0.0
e2_uci,yacht,mcd,17,0.3,0.0
e2_uci,yacht,mcd,17,0.35000000000000003,0.0
e2_uci,yacht,mcd,17,0.4,0.03225806451612903
e2_uci,yacht,mcd,17,0.45,0.12903225806451613
e2_uci,yacht,mcd,17,0.5,0.45161290322580644
e2_uci,yacht,mcd,17,0.55,0.6774193548387096
e2_uci,yacht,mcd,17,0.6000000000000001,0.8064516129032258
e2_uci,yacht,mcd,17,0.6500000000000001,0.8709677419354839
e2_uci,yacht,mcd,17,0.7000000000000001,0.8709677419354839
e2_uci,yacht,mcd,17,0.7500000000000001,0.9032258064516129
e2_uci,yacht,mcd,17,0.8,0.9354838709677419
e2_uci,yacht,mcd,17,0.8500000000000001,0.9354838709677419
e2_uci,yacht,mcd,17,0.9000000000000001,0.9354838709677419
e2_uci,yacht,mcd,17,0.9500000000000001,0.9354838709677419
e2_uci,yacht,mcd,18,0.05,0.0
e2_uci,yacht,mcd,18,0.1,0.0
e2_uci,yacht,mcd,18,0.15000000000000002,0.0
e2_uci,yacht,mcd,18,0.2,0.0
e2_uci,yacht,mcd,18,0.25,0.0967741935483871
e2_uci,yacht,mcd,18,0.3,0.12903225806451613
e2_uci,yacht,mcd,18,0.35000000000000003,0.16129032258064516
e2_uci,yacht,mcd,18,0.4,0.25806451612903225
e2_uci,yacht,mcd,18,0.45,0.41935483870967744
e2_uci,yacht,mcd,18,0.5,0.7741935483870968
e2_uci,yacht,mcd,18,0.55,0.9032258064516129
e2_uci,yacht,mcd,18,0.6000000000000001,0.9032258064516129
e2_uci,yacht,mcd,18,0.6500000000000001,0.9032258064516129
e2_uci,yacht,mcd,18,0.7000000000000001,0.9354838709677419
e2_uci,yacht,mcd,18,0.7500000000000001,0.9354838709677419
e2_uci,yacht,mcd,18,0.8,0.9354838709677419
e2_uci,yacht,mcd,18,0.8500000000000001,0.9354838709677419
e2_uci,yacht,mcd,18,0.9000000000000001,0.9354838709677419
e2_uci,yacht,mcd,18,0.9500000000000001,0.967741935483871
e2_uci,yacht,mcd,19,0.05,0.0
e2_uci,yacht,mcd,19,0.1,0.0
e2_uci,yacht,mcd,19,0.15000000000000002,0.0
e2_uci,yacht,mcd,19,0.2,0.0
e2_uci,yacht,mcd,19,0.25,0.0967741935483871
e2_uci,yacht,mcd,19,0.3,0.16129032258064516
e2_uci,yacht,mcd,19,0.35000000000000003,0.16129032258064516
e2_uci,yacht,mcd,19,0.4,0.25806451612903225
e2_uci,yacht,mcd,19,0.45,0.5483870967741935
e2_uci,yacht,mcd,19,0.5,0.6129032258064516
e2_uci,yacht,mcd,19,0.55,0.7096774193548387
e2_uci,yacht,mcd,19,0.6000000000000001,0.8387096774193549
e2_uci,yacht,mcd,19,0.6500000000000001,0.8709677419354839
e2_uci,yacht,mcd,19,0.7000000000000001,0.8709677419354839
e2_uci,yacht,mcd,19,0.7500000000000001,0.8709677419354839
e2_uci,yacht,mcd,19,0.8,0.8709677419354839
e2_uci,yacht,mcd,19,0.8500000000000001,0.9032258064516129
e2_uci,yacht,mcd,19,0.9000000000000001,0.9032258064516129
e2_uci,yacht,mcd,19,0.9500000000000001,0.9354838709677419
e2_uci,energy,mcd,0,0.05,0.0
e2_uci,energy,mcd,0,0.1,0.025974025974025976
e2_uci,energy,mcd,0,0.15000000000000002,0.06493506493506493
e2_uci,energy,mcd,0,0.2,0.07792207792207792
e2_uci,energy,mcd,0,0.25,0.09090909090909091
e2_uci,energy,mcd,0,0.3,0.14285714285714285
e2_uci,energy,mcd,0,0.35000000000000003,0.19480519480519481
e2_uci,energy,mcd,0,0.4,0.2597402597402597
e2_uci,energy,mcd,0,0.45,0.35064935064935066
e2_uci,energy,mcd,0,0.5,0.45454545454545453
e2_uci,energy,mcd,0,0.55,0.5974025974025974
e2_uci,energy,mcd,0,0.6000000000000001,0.7272727272727273
e2_uci,energy,mcd,0,0.6500000000000001,0.7792207792207793
e2_uci,energy,mcd,0,0.7000000000000001,0.8571428571428571
e2_uci,energy,mcd,0,0.7500000000000001,0.9090909090909091
e2_uci,energy,mcd,0,0.8,0.935064935064935
e2_uci,energy,mcd,0,0.8500000000000001,1.0
e2_uci,energy,mcd,0,0.9000000000000001,1.0
e2_uci,energy,mcd,0,0.9500000000000001,1.0
e2_uci,energy,mcd,1,0.05,0.012987012987012988
e2_uci,energy,mcd,1,0.1,0.03896103896103896
e2_uci,energy,mcd,1,0.15000000000000002,0.06493506493506493
e2_uci,energy,mcd,1,0.2,0.06493506493506493
e2_uci,energy,mcd,1,0.25,0.09090909090909091
e2_uci,energy,mcd,1,0.3,0.12987012987012986
e2_uci,energy,mcd,1,0.35000000000000003,0.15584415584415584
e2_uci,energy,mcd,1,0.4,0.18181818181818182
e2_uci,energy,mcd,1,0.45,0.23376623376623376
e2_uci,energy,mcd,1,0.5,0.3116883116883117
e2_uci,energy,mcd,1,0.55,0.36363636363636365
e2_uci,energy,mcd,1,0.6000000000000001,0.45454545454545453
e2_uci,energy,mcd,1,0.6500000000000001,0.5844155844155844
e2_uci,energy,mcd,1,0.7000000000000001,0.7142857142857143
e2_uci,energy,mcd,1,0.7500000000000001,0.8441558441558441
e2_uci,energy,mcd,1,0.8,0.922077922077922
e2_uci,energy,mcd,1,0.8500000000000001,0.987012987012987
e2_uci,energy,mcd,1,0.9000000000000001,0.987012987012987
e2_uci,energy,mcd,1,0.9500000000000001,0.987012987012987
e2_uci,energy,mcd,2,0.05,0.012987012987012988
e2_uci,energy,mcd,2,0.1,0.012987012987012988
e2_uci,energy,mcd,2,0.15000000000000002,0.012987012987012988
e2_uci,energy,mcd,2,0.2,0.025974025974025976
e2_uci,energy,mcd,2,0.25,0.05194805194805195
e2_uci,energy,mcd,2,0.3,0.09090909090909091
e2_uci,energy,mcd,2,0.35000000000000003,0.11688311688311688
e2_uci,energy,mcd,2,0.4,0.18181818181818182
e2_uci,energy,mcd,2,0.45,0.22077922077922077
e2_uci,energy,mcd,2,0.5,0.33766233766233766
e2_uci,energy,mcd,2,0.55,0.44155844155844154
e2_uci,energy,mcd,2,0.6000000000000001,0.5844155844155844
e2_uci,energy,mcd,2,0.6500000000000001,0.7402597402597403
e2_uci,energy,mcd,2,0.7000000000000001,0.8181818181818182
e2_uci,energy,mcd,2,0.7500000000000001,0.8961038961038961
e2_uci,energy,mcd,2,0.8,0.935064935064935
e2_uci,energy,mcd,2,0.8500000000000001,0.974025974025974
e2_uci,energy,mcd,2,0.9000000000000001,0.987012987012987
e2_uci,energy,mcd,2,0.9500000000000001,1.0
e2_uci,energy,mcd,3,0.05,0.0
e2_uci,energy,mcd,3,0.1,0.05194805194805195
e2_uci,energy,mcd,3,0.15000000000000002,0.09090909090909091
e2_uci,energy,mcd,3,0.2,0.09090909090909091
e2_uci,energy,mcd,3,0.25,0.12987012987012986
e2_uci,energy,mcd,3,0.3,0.24675324675324675
e2_uci,energy,mcd,3,0.35000000000000003,0.2857142857142857
e2_uci,energy,mcd,3,0.4,0.3116883116883117
e2_uci,energy,mcd,3,0.45,0.45454545454545453
e2_uci,energy,mcd,3,0.5,0.5454545454545454
e2_uci,energy,mcd,3,0.55,0.6493506493506493
e2_uci,energy,mcd,3,0.6000000000000001,0.6883116883116883
e2_uci,energy,mcd,3,0.6500000000000001,0.7662337662337663
e2_uci,energy,mcd,3,0.7000000000000001,0.8181818181818182
e2_uci,energy,mcd,3,0.7500000000000001,0.9090909090909091
e2_uci,energy,mcd,3,0.8,0.935064935064935
e2_uci,energy,mcd,3,0.8500000000000001,0.961038961038961
e2_uci,energy,mcd,3,0.9000000000000001,1.0
e2_uci,energy,mcd,3,0.9500000000000001,1.0
e2_uci,energy,mcd,4,0.05,0.012987012987012988
e2_uci,energy,mcd,4,0.1,0.025974025974025976
e2_uci,energy,mcd,4,0.15000000000000002,0.025974025974025976
e2_uci,energy,mcd,4,0.2,0.05194805194805195
e2_uci,energy,mcd,4,0.25,0.06493506493506493
e2_uci,energy,mcd,4,0.3,0.11688311688311688
e2_uci,energy,mcd,4,0.35000000000000003,0.14285714285714285
e2_uci,energy,mcd,4,0.4,0.18181818181818182
e2_uci,energy,mcd,4,0.45,0.2077922077922078
e2_uci,energy,mcd,4,0.5,0.3246753246753247
e2_uci,energy,mcd,4,0.55,0.37662337662337664
e2_uci,energy,mcd,4,0.6000000000000001,0.45454545454545453
e2_uci,energy,mcd,4,0.6500000000000001,0.6233766233766234
e2_uci,energy,mcd,4,0.7000000000000001,0.7662337662337663
e2_uci,energy,mcd,4,0.7500000000000001,0.8961038961038961
e2_uci,energy,mcd,4,0.8,0.948051948051948
e2_uci,energy,mcd,4,0.8500000000000001,0.948051948051948
e2_uci,energy,mcd,4,0.9000000000000001,0.987012987012987
e2_uci,energy,mcd,4,0.9500000000000001,1.0
e2_uci,energy,mcd,5,0.05,0.0
e2_uci,energy,mcd,5,0.1,0.012987012987012988
e2_uci,energy,mcd,5,0.15000000000000002,0.025974025974025976
e2_uci,energy,mcd,5,0.2,0.03896103896103896
e2_uci,energy,mcd,5,0.25,0.1038961038961039
e2_uci,energy,mcd,5,0.3,0.15584415584415584
e2_uci,energy,mcd,5,0.35000000000000003,0.2077922077922078
e2_uci,energy,mcd,5,0.4,0.3246753246753247
e2_uci,energy,mcd,5,0.45,0.42857142857142855
e2_uci,energy,mcd,5,0.5,0.5194805194805194
e2_uci,energy,mcd,5,0.55,0.6363636363636364
e2_uci,energy,mcd,5,0.6000000000000001,0.7402597402597403
e2_uci,energy,mcd,5,0.6500000000000001,0.7922077922077922
e2_uci,energy,mcd,5,0.7000000000000001,0.8701298701298701
e2_uci,energy,mcd,5,0.7500000000000001,0.8831168831168831
e2_uci,energy,mcd,5,0.8,0.935064935064935
e2_uci,energy,mcd,5,0.8500000000000001,0.974025974025974
e2_uci,energy,mcd,5,0.9000000000000001,0.987012987012987
e2_uci,energy,mcd,5,0.9500000000000001,0.987012987012987
e2_uci,energy,mcd,6,0.05,0.0
e2_uci,energy,mcd,6,0.1,0.03896103896103896
e2_uci,energy,mcd,6,0.15000000000000002,0.05194805194805195
e2_uci,energy,mcd,6,0.2,0.1038961038961039
e2_uci,energy,mcd,6,0.25,0.12987012987012986
e2_uci,energy,mcd,6,0.3,0.18181818181818182
e2_uci,energy,mcd,6,0.35000000000000003,0.2077922077922078
e2_uci,energy,mcd,6,0.4,0.2727272727272727
e2_uci,energy,mcd,6,0.45,0.4025974025974026
e2_uci,energy,mcd,6,0.5,0.4935064935064935
e2_uci,energy,mcd,6,0.55,0.6363636363636364
e2_uci,energy,mcd,6,0.6000000000000001,0.8181818181818182
e2_uci,energy,mcd,6,0.6500000000000001,0.9090909090909091
e2_uci,energy,mcd,6,0.7000000000000001,0.948051948051948
e2_uci,energy,mcd,6,0.7500000000000001,0.961038961038961
e2_uci,energy,mcd,6,0.8,0.974025974025974
e2_uci,energy,mcd,6,0.8500000000000001,0.974025974025974
e2_uci,energy,mcd,6,0.9000000000000001,0.987012987012987
e2_uci,energy,mcd,6,0.9500000000000001,1.0
e2_uci,energy,mcd,7,0.05,0.025974025974025976
e2_uci,energy,mcd,7,0.1,0.03896103896103896
e2_uci,energy,mcd,7,0.15000000000000002,0.06493506493506493
e2_uci,energy,mcd,7,0.2,0.06493506493506493
e2_uci,energy,mcd,7,0.25,0.1038961038961039
e2_uci,energy,mcd,7,0.3,0.11688311688311688
e2_uci,energy,mcd,7,0.35000000000000003,0.18181818181818182
e2_uci,energy,mcd,7,0.4,0.23376623376623376
e2_uci,energy,mcd,7,0.45,0.2857142857142857
e2_uci,energy,mcd,7,0.5,0.4155844155844156
e2_uci,energy,mcd,7,0.55,0.4935064935064935
e2_uci,energy,mcd,7,0.6000000000000001,0.6233766233766234
e2_uci,energy,mcd,7,0.6500000000000001,0.7272727272727273
e2_uci,energy,mcd,7,0.7000000000000001,0.8051948051948052
e2_uci,energy,mcd,7,0.7500000000000001,0.8961038961038961
e2_uci,energy,mcd,7,0.8,0.948051948051948
e2_uci,energy,mcd,7,0.8500000000000001,0.961038961038961
e2_uci,energy,mcd,7,0.9000000000000001,0.974025974025974
e2_uci,energy,mcd,7,0.9500000000000001,1.0
e2_uci,energy,mcd,8,0.05,0.05194805194805195
e2_uci,energy,mcd,8,0.1,0.07792207792207792
e2_uci,energy,mcd,8,0.15000000000000002,0.09090909090909091
e2_uci,energy,mcd,8,0.2,0.11688311688311688
e2_uci,energy,mcd,8,0.25,0.18181818181818182
e2_uci,energy,mcd,8,0.3,0.2727272727272727
e2_uci,energy,mcd,8,0.35000000000000003,0.35064935064935066
e2_uci,energy,mcd,8,0.4,0.36363636363636365
e2_uci,energy,mcd,8,0.45,0.44155844155844154
e2_uci,energy,mcd,8,0.5,0.5324675324675324
e2_uci,energy,mcd,8,0.55,0.5584415584415584
e2_uci,energy,mcd,8,0.6000000000000001,0.6233766233766234
e2_uci,energy,mcd,8,0.6500000000000001,0.7272727272727273
e2_uci,energy,mcd,8,0.7000000000000001,0.7922077922077922
e2_uci,energy,mcd,8,0.7500000000000001,0.9090909090909091
e2_uci,energy,mcd,8,0.8,0.961038961038961
e2_uci,energy,mcd,8,0.8500000000000001,0.974025974025974
e2_uci,energy,mcd,8,0.9000000000000001,0.987012987012987
e2_uci,energy,mcd,8,0.9500000000000001,0.987012987012987
e2_uci,energy,mcd,9,0.05,0.0
e2_uci,energy,mcd,9,0.1,0.012987012987012988
e2_uci,energy,mcd,9,0.15000000000000002,0.07792207792207792
e2_uci,energy,mcd,9,0.2,0.09090909090909091
e2_uci,energy,mcd,9,0.25,0.09090909090909091
e2_uci,energy,mcd,9,0.3,0.11688311688311688
e2_uci,energy,mcd,9,0.35000000000000003,0.14285714285714285
e2_uci,energy,mcd,9,0.4,0.16883116883116883
e2_uci,energy,mcd,9,0.45,0.2597402597402597
e2_uci,energy,mcd,9,0.5,0.36363636363636365
e2_uci,energy,mcd,9,0.55,0.4675324675324675
e2_uci,energy,mcd,9,0.6000000000000001,0.6233766233766234
e2_uci,energy,mcd,9,0.6500000000000001,0.6883116883116883
e2_uci,energy,mcd,9,0.7000000000000001,0.8051948051948052
e2_uci,energy,mcd,9,0.7500000000000001,0.8441558441558441
e2_uci,energy,mcd,9,0.8,0.922077922077922
e2_uci,energy,mcd,9,0.8500000000000001,0.961038961038961
e2_uci,energy,mcd,9,0.9000000000000001,0.987012987012987
e2_uci,energy,mcd,9,0.9500000000000001,1.0
e2_uci,energy,mcd,10,0.05,0.025974025974025976
e2_uci,energy,mcd,10,0.1,0.07792207792207792
e2_uci,energy,mcd,10,0.15000000000000002,0.09090909090909091
e2_uci,energy,mcd,10,0.2,0.1038961038961039
e2_uci,energy,mcd,10,0.25,0.12987012987012986
e2_uci,energy,mcd,10,0.3,0.19480519480519481
e2_uci,energy,mcd,10,0.35000000000000003,0.23376623376623376
e2_uci,energy,mcd,10,0.4,0.37662337662337664
e2_uci,energy,mcd,10,0.45,0.5324675324675324
e2_uci,energy,mcd,10,0.5,0.6753246753246753
e2_uci,energy,mcd,10,0.55,0.7532467532467533
e2_uci,energy,mcd,10,0.6000000000000001,0.8311688311688312
e2_uci,energy,mcd,10,0.6500000000000001,0.8961038961038961
e2_uci,energy,mcd,10,0.7000000000000001,0.935064935064935
e2_uci,energy,mcd,10,0.7500000000000001,0.948051948051948
e2_uci,energy,mcd,10,0.8,0.974025974025974
e2_uci,energy,mcd,10,0.8500000000000001,0.987012987012987
e2_uci,energy,mcd,10,0.9000000000000001,1.0
e2_uci,energy,mcd,10,0.9500000000000001,1.0
e2_uci,energy,mcd,11,0.05,0.025974025974025976
e2_uci,energy,mcd,11,0.1,0.06493506493506493
e2_uci,energy,mcd,11,0.15000000000000002,0.09090909090909091
e2_uci,energy,mcd,11,0.2,0.09090909090909091
e2_uci,energy,mcd,11,0.25,0.09090909090909091
e2_uci,energy,mcd,11,0.3,0.15584415584415584
e2_uci,energy,mcd,11,0.35000000000000003,0.2077922077922078
e2_uci,energy,mcd,11,0.4,0.3116883116883117
e2_uci,energy,mcd,11,0.45,0.42857142857142855
e2_uci,energy,mcd,11,0.5,0.5584415584415584
e2_uci,energy,mcd,11,0.55,0.6753246753246753
e2_uci,energy,mcd,11,0.6000000000000001,0.7402597402597403
e2_uci,energy,mcd,11,0.6500000000000001,0.8311688311688312
e2_uci,energy,mcd,11,0.7000000000000001,0.948051948051948
e2_uci,energy,mcd,11,0.7500000000000001,0.961038961038961
e2_uci,energy,mcd,11,0.8,0.987012987012987
e2_uci,energy,mcd,11,0.8500000000000001,1.0
e2_uci,energy,mcd,11,0.9000000000000001,1.0
e2_uci,energy,mcd,11,0.9500000000000001,1.0
e2_uci,energy,mcd,12,0.05,0.025974025974025976
e2_uci,energy,mcd,12,0.1,0.07792207792207792
e2_uci,energy,mcd,12,0.15000000000000002,0.07792207792207792
e2_uci,energy,mcd,12,0.2,0.07792207792207792
e2_uci,energy,mcd,12,0.25,0.11688311688311688
e2_uci,energy,mcd,12,0.3,0.18181818181818182
e2_uci,energy,mcd,12,0.35000000000000003,0.2597402597402597
e2_uci,energy,mcd,12,0.4,0.36363636363636365
e2_uci,energy,mcd,12,0.45,0.5194805194805194
e2_uci,energy,mcd,12,0.5,0.5584415584415584
e2_uci,energy,mcd,12,0.55,0.6623376623376623
e2_uci,energy,mcd,12,0.6000000000000001,0.7402597402597403
e2_uci,energy,mcd,12,0.6500000000000001,0.8571428571428571
e2_uci,energy,mcd,12,0.7000000000000001,0.8571428571428571
e2_uci,energy,mcd,12,0.7500000000000001,0.935064935064935
e2_uci,energy,mcd,12,0.8,0.987012987012987
e2_uci,energy,mcd,12,0.8500000000000001,0.987012987012987
e2_uci,energy,mcd,12,0.9000000000000001,1.0
e2_uci,energy,mcd,12,0.9500000000000001,1.0
e2_uci,energy,mcd,13,0.05,0.06493506493506493
e2_uci,energy,mcd,13,0.1,0.06493506493506493
e2_uci,energy,mcd,13,0.15000000000000002,0.12987012987012986
e2_uci,energy,mcd,13,0.2,0.14285714285714285
e2_uci,energy,mcd,13,0.25,0.2077922077922078
e2_uci,energy,mcd,13,0.3,0.2597402597402597
e2_uci,energy,mcd,13,0.35000000000000003,0.3116883116883117
e2_uci,energy,mcd,13,0.4,0.3246753246753247
e2_uci,energy,mcd,13,0.45,0.44155844155844154
e2_uci,energy,mcd,13,0.5,0.5454545454545454
e2_uci,energy,mcd,13,0.55,0.6363636363636364
e2_uci,energy,mcd,13,0.6000000000000001,0.7142857142857143
e2_uci,energy,mcd,13,0.6500000000000001,0.7532467532467533
e2_uci,energy,mcd,13,0.7000000000000001,0.8181818181818182
e2_uci,energy,mcd,13,0.7500000000000001,0.922077922077922
e2_uci,energy,mcd,13,0.8,0.948051948051948
e2_uci,energy,mcd,13,0.8500000000000001,0.974025974025974
e2_uci,energy,mcd,13,0.9000000000000001,1.0
e2_uci,energy,mcd,13,0.9500000000000001,1.0
e2_uci,energy,mcd,14,0.05,0.0
e2_uci,energy,mcd,14,0.1,0.025974025974025976
e2_uci,energy,mcd,14,0.15000000000000002,0.025974025974025976
e2_uci,energy,mcd,14,0.2,0.06493506493506493
e2_uci,energy,mcd,14,0.25,0.12987012987012986
e2_uci,energy,mcd,14,0.3,0.23376623376623376
e2_uci,energy,mcd,14,0.35000000000000003,0.2597402597402597
e2_uci,energy,mcd,14,0.4,0.3246753246753247
e2_uci,energy,mcd,14,0.45,0.42857142857142855
e2_uci,energy,mcd,14,0.5,0.4805194805194805
e2_uci,energy,mcd,14,0.55,0.5064935064935064
e2_uci,energy,mcd,14,0.6000000000000001,0.5454545454545454
e2_uci,energy,mcd,14,0.6500000000000001,0.6623376623376623
e2_uci,energy,mcd,14,0.7000000000000001,0.7402597402597403
e2_uci,energy,mcd,14,0.7500000000000001,0.8701298701298701
e2_uci,energy,mcd,14,0.8,0.9090909090909091
e2_uci,energy,mcd,14,0.8500000000000001,0.961038961038961
e2_uci,energy,mcd,14,0.9000000000000001,0.987012987012987
e2_uci,energy,mcd,14,0.9500000000000001,1.0
e2_uci,energy,mcd,15,0.05,0.012987012987012988
e2_uci,energy,mcd,15,0.1,0.012987012987012988
e2_uci,energy,mcd,15,0.15000000000000002,0.025974025974025976
e2_uci,energy,mcd,15,0.2,0.03896103896103896
e2_uci,energy,mcd,15,0.25,0.05194805194805195
e2_uci,energy,mcd,15,0.3,0.07792207792207792
e2_uci,energy,mcd,15,0.35000000000000003,0.16883116883116883
e2_uci,energy,mcd,15,0.4,0.2987012987012987
e2_uci,energy,mcd,15,0.45,0.37662337662337664
e2_uci,energy,mcd,15,0.5,0.44155844155844154
e2_uci,energy,mcd,15,0.55,0.5584415584415584
e2_uci,energy,mcd,15,0.6000000000000001,0.7142857142857143
e2_uci,energy,mcd,15,0.6500000000000001,0.7922077922077922
e2_uci,energy,mcd,15,0.7000000000000001,0.8441558441558441
e2_uci,energy,mcd,15,0.7500000000000001,0.935064935064935
e2_uci,energy,mcd,15,0.8,0.961038961038961
e2_uci,energy,mcd,15,0.8500000000000001,0.974025974025974
e2_uci,energy,mcd,15,0.9000000000000001,0.987012987012987
e2_uci,energy,mcd,15,0.9500000000000001,1.0
e2_uci,energy,mcd,16,0.05,0.0
e2_uci,energy,mcd,16,0.1,0.03896103896103896
e2_uci,energy,mcd,16,0.15000000000000002,0.03896103896103896
e2_uci,energy,mcd,16,0.2,0.05194805194805195
e2_uci,energy,mcd,16,0.25,0.06493506493506493
e2_uci,energy,mcd,16,0.3,0.1038961038961039
e2_uci,energy,mcd,16,0.35000000000000003,0.18181818181818182
e2_uci,energy,mcd,16,0.4,0.23376623376623376
e2_uci,energy,mcd,16,0.45,0.2727272727272727
e2_uci,energy,mcd,16,0.5,0.35064935064935066
e2_uci,energy,mcd,16,0.55,0.5064935064935064
e2_uci,energy,mcd,16,0.6000000000000001,0.5974025974025974
e2_uci,energy,mcd,16,0.6500000000000001,0.7012987012987013
e2_uci,energy,mcd,16,0.7000000000000001,0.7662337662337663
e2_uci,energy,mcd,16,0.7500000000000001,0.8051948051948052
e2_uci,energy,mcd,16,0.8,0.8961038961038961
e2_uci,energy,mcd,16,0.8500000000000001,0.935064935064935
e2_uci,energy,mcd,16,0.9000000000000001,0.948051948051948
e2_uci,energy,mcd,16,0.9500000000000001,1.0
e2_uci,energy,mcd,17,0.05,0.0
e2_uci,energy,mcd,17,0.1,0.025974025974025976
e2_uci,energy,mcd,17,0.15000000000000002,0.03896103896103896
e2_uci,energy,mcd,17,0.2,0.06493506493506493
e2_uci,energy,mcd,17,0.25,0.12987012987012986
e2_uci,energy,mcd,17,0.3,0.18181818181818182
e2_uci,energy,mcd,17,0.35000000000000003,0.22077922077922077
e2_uci,energy,mcd,17,0.4,0.3116883116883117
e2_uci,energy,mcd,17,0.45,0.38961038961038963
e2_uci,energy,mcd,17,0.5,0.5064935064935064
e2_uci,energy,mcd,17,0.55,0.6103896103896104
e2_uci,energy,mcd,17,0.6000000000000001,0.7142857142857143
e2_uci,energy,mcd,17,0.6500000000000001,0.7922077922077922
e2_uci,energy,mcd,17,0.7000000000000001,0.8181818181818182
e2_uci,energy,mcd,17,0.7500000000000001,0.8961038961038961
e2_uci,energy,mcd,17,0.8,0.974025974025974
e2_uci,energy,mcd,17,0.8500000000000001,0.987012987012987
e2_uci,energy,mcd,17,0.9000000000000001,1.0
e2_uci,energy,mcd,17,0.9500000000000001,1.0
e2_uci,energy,mcd,18,0.05,0.025974025974025976
e2_uci,energy,mcd,18,0.1,0.11688311688311688
e2_uci,energy,mcd,18,0.15000000000000002,0.14285714285714285
e2_uci,energy,mcd,18,0.2,0.15584415584415584
e2_uci,energy,mcd,18,0.25,0.23376623376623376
e2_uci,energy,mcd,18,0.3,0.2727272727272727
e2_uci,energy,mcd,18,0.35000000000000003,0.4155844155844156
e2_uci,energy,mcd,18,0.4,0.4805194805194805
e2_uci,energy,mcd,18,0.45,0.5584415584415584
e2_uci,energy,mcd,18,0.5,0.5844155844155844
e2_uci,energy,mcd,18,0.55,0.6493506493506493
e2_uci,energy,mcd,18,0.6000000000000001,0.7012987012987013
e2_uci,energy,mcd,18,0.6500000000000001,0.7272727272727273
e2_uci,energy,mcd,18,0.7000000000000001,0.7662337662337663
e2_uci,energy,mcd,18,0.7500000000000001,0.8181818181818182
e2_uci,energy,mcd,18,0.8,0.8571428571428571
e2_uci,energy,mcd,18,0.8500000000000001,0.8961038961038961
e2_uci,energy,mcd,18,0.9000000000000001,0.974025974025974
e2_uci,energy,mcd,18,0.9500000000000001,1.0
e2_uci,energy,mcd,19,0.05,0.012987012987012988
e2_uci,energy,mcd,19,0.1,0.07792207792207792
e2_uci,energy,mcd,19,0.15000000000000002,0.11688311688311688
e2_uci,energy,mcd,19,0.2,0.12987012987012986
e2_uci,energy,mcd,19,0.25,0.15584415584415584
e2_uci,energy,mcd,19,0.3,0.15584415584415584
e2_uci,energy,mcd,19,0.35000000000000003,0.23376623376623376
e2_uci,energy,mcd,19,0.4,0.3246753246753247
e2_uci,energy,mcd,19,0.45,0.44155844155844154
e2_uci,energy,mcd,19,0.5,0.5974025974025974
e2_uci,energy,mcd,19,0.55,0.6883116883116883
e2_uci,energy,mcd,19,0.6000000000000001,0.7402597402597403
e2_uci,energy,mcd,19,0.6500000000000001,0.7922077922077922
e2_uci,energy,mcd,19,0.7000000000000001,0.8571428571428571
e2_uci,energy,mcd,19,0.7500000000000001,0.922077922077922
e2_uci,energy,mcd,19,0.8,0.948051948051948
e2_uci,energy,mcd,19,0.8500000000000001,0.974025974025974
e2_uci,energy,mcd,19,0.9000000000000001,1.0
e2_uci,energy,mcd,19,0.9500000000000001,1.0
e2_uci,concrete,mcd,0,0.05,0.04854368932038835
e2_uci,concrete,mcd,0,0.1,0.07766990291262135
e2_uci,concrete,mcd,0,0.15000000000000002,0.14563106796116504
e2_uci,concrete,mcd,0,0.2,0.20388349514563106
e2_uci,concrete,mcd,0,0.25,0.24271844660194175
e2_uci,concrete,mcd,0,0.3,0.2912621359223301
e2_uci,concrete,mcd,0,0.35000000000000003,0.36893203883495146
e2_uci,concrete,mcd,0,0.4,0.4174757281553398
e2_uci,concrete,mcd,0,0.45,0.4854368932038835
e2_uci,concrete,mcd,0,0.5,0.5533980582524272
e2_uci,concrete,mcd,0,0.55,0.6310679611650486
e2_uci,concrete,mcd,0,0.6000000000000001,0.7184466019417476
e2_uci,concrete,mcd,0,0.6500000000000001,0.7864077669902912
e2_uci,concrete,mcd,0,0.7000000000000001,0.8058252427184466
e2_uci,concrete,mcd,0,0.7500000000000001,0.8543689320388349
e2_uci,concrete,mcd,0,0.8,0.9029126213592233
e2_uci,concrete,mcd,0,0.8500000000000001,0.912621359223301
e2_uci,concrete,mcd,0,0.9000000000000001,0.941747572815534
e2_uci,concrete,mcd,0,0.9500000000000001,0.970873786407767
e2_uci,concrete,mcd,1,0.05,0.02912621359223301
e2_uci,concrete,mcd,1,0.1,0.08737864077669903
e2_uci,concrete,mcd,1,0.15000000000000002,0.1262135922330097
e2_uci,concrete,mcd,1,0.2,0.17475728155339806
e2_uci,concrete,mcd,1,0.25,0.22330097087378642
e2_uci,concrete,mcd,1,0.3,0.2815533980582524
e2_uci,concrete,mcd,1,0.35000000000000003,0.33980582524271846
e2_uci,concrete,mcd,1,0.4,0.3786407766990291
e2_uci,concrete,mcd,1,0.45,0.42718446601941745
e2_uci,concrete,mcd,1,0.5,0.47572815533980584
e2_uci,concrete,mcd,1,0.55,0.5145631067961165
e2_uci,concrete,mcd,1,0.6000000000000001,0.6407766990291263
e2_uci,concrete,mcd,1,0.6500000000000001,0.6893203883495146
e2_uci,concrete,mcd,1,0.7000000000000001,0.7281553398058253
e2_uci,concrete,mcd,1,0.7500000000000001,0.8349514563106796
e2_uci,concrete,mcd,1,0.8,0.883495145631068
e2_uci,concrete,mcd,1,0.8500000000000001,0.9029126213592233
e2_uci,concrete,mcd,1,0.9000000000000001,0.9320388349514563
e2_uci,concrete,mcd,1,0.9500000000000001,0.9611650485436893
e2_uci,concrete,mcd,2,0.05,0.038834951456310676
e2_uci,concrete,mcd,2,0.1,0.06796116504854369
e2_uci,concrete,mcd,2,0.15000000000000002,0.10679611650485436
e2_uci,concrete,mcd,2,0.2,0.13592233009708737
e2_uci,concrete,mcd,2,0.25,0.1941747572815534
e2_uci,concrete,mcd,2,0.3,0.24271844660194175
e2_uci,concrete,mcd,2,0.35000000000000003,0.2912621359223301
e2_uci,concrete,mcd,2,0.4,0.3883495145631068
e2_uci,concrete,mcd,2,0.45,0.44660194174757284
e2_uci,concrete,mcd,2,0.5,0.5533980582524272
e2_uci,concrete,mcd,2,0.55,0.6213592233009708
e2_uci,concrete,mcd,2,0.6000000000000001,0.6407766990291263
e2_uci,concrete,mcd,2,0.6500000000000001,0.6796116504854369
e2_uci,concrete,mcd,2,0.7000000000000001,0.7669902912621359
e2_uci,concrete,mcd,2,0.7500000000000001,0.8155339805825242
e2_uci,concrete,mcd,2,0.8,0.8737864077669902
e2_uci,concrete,mcd,2,0.8500000000000001,0.9029126213592233
e2_uci,concrete,mcd,2,0.9000000000000001,0.941747572815534
e2_uci,concrete,mcd,2,0.9500000000000001,0.9805825242718447
e2_uci,concrete,mcd,3,0.05,0.06796116504854369
e2_uci,concrete,mcd,3,0.1,0.08737864077669903
e2_uci,concrete,mcd,3,0.15000000000000002,0.10679611650485436
e2_uci,concrete,mcd,3,0.2,0.13592233009708737
e2_uci,concrete,mcd,3,0.25,0.1941747572815534
e2_uci,concrete,mcd,3,0.3,0.22330097087378642
e2_uci,concrete,mcd,3,0.35000000000000003,0.27184466019417475
e2_uci,concrete,mcd,3,0.4,0.3592233009708738
e2_uci,concrete,mcd,3,0.45,0.44660194174757284
e2_uci,concrete,mcd,3,0.5,0.5242718446601942
e2_uci,concrete,mcd,3,0.55,0.5728155339805825
e2_uci,concrete,mcd,3,0.6000000000000001,0.6310679611650486
e2_uci,concrete,mcd,3,0.6500000000000001,0.6796116504854369
e2_uci,concrete,mcd,3,0.7000000000000001,0.7572815533980582
e2_uci,concrete,mcd,3,0.7500000000000001,0.8058252427184466
e2_uci,concrete,mcd,3,0.8,0.8252427184466019
e2_uci,concrete,mcd,3,0.8500000000000001,0.8640776699029126
e2_uci,concrete,mcd,3,0.9000000000000001,0.9223300970873787
e2_uci,concrete,mcd,3,0.9500000000000001,0.9320388349514563
e2_uci,concrete,mcd,4,0.05,0.038834951456310676
e2_uci,concrete,mcd,4,0.1,0.0970873786407767
e2_uci,concrete,mcd,4,0.15000000000000002,0.14563106796116504
e2_uci,concrete,mcd,4,0.2,0.21359223300970873
e2_uci,concrete,mcd,4,0.25,0.2524271844660194
e2_uci,concrete,mcd,4,0.3,0.2621359223300971
e2_uci,concrete,mcd,4,0.35000000000000003,0.34951456310679613
e2_uci,concrete,mcd,4,0.4,0.4368932038834951
e2_uci,concrete,mcd,4,0.45,0.47572815533980584
e2_uci,concrete,mcd,4,0.5,0.5339805825242718
e2_uci,concrete,mcd,4,0.55,0.6213592233009708
e2_uci,concrete,mcd,4,0.6000000000000001,0.6601941747572816
e2_uci,concrete,mcd,4,0.6500000000000001,0.7184466019417476
e2_uci,concrete,mcd,4,0.7000000000000001,0.7864077669902912
e2_uci,concrete,mcd,4,0.7500000000000001,0.8543689320388349
e2_uci,concrete,mcd,4,0.8,0.8737864077669902
e2_uci,concrete,mcd,4,0.8500000000000001,0.912621359223301
e2_uci,concrete,mcd,4,0.9000000000000001,0.941747572815534
e2_uci,concrete,mcd,4,0.9500000000000001,0.9514563106796117
e2_uci,concrete,mcd,5,0.05,0.019417475728155338
e2_uci,concrete,mcd,5,0.1,0.02912621359223301
e2_uci,concrete,mcd,5,0.15000000000000002,0.06796116504854369
e2_uci,concrete,mcd,5,0.2,0.13592233009708737
e2_uci,concrete,mcd,5,0.25,0.20388349514563106
e2_uci,concrete,mcd,5,0.3,0.2524271844660194
e2_uci,concrete,mcd,5,0.35000000000000003,0.2815533980582524
e2_uci,concrete,mcd,5,0.4,0.32038834951456313
e2_uci,concrete,mcd,5,0.45,0.4174757281553398
e2_uci,concrete,mcd,5,0.5,0.46601941747572817
e2_uci,concrete,mcd,5,0.55,0.5533980582524272
e2_uci,concrete,mcd,5,0.6000000000000001,0.5825242718446602
e2_uci,concrete,mcd,5,0.6500000000000001,0.6310679611650486
e2_uci,concrete,mcd,5,0.7000000000000001,0.6796116504854369
e2_uci,concrete,mcd,5,0.7500000000000001,0.7475728155339806
e2_uci,concrete,mcd,5,0.8,0.8252427184466019
e2_uci,concrete,mcd,5,0.8500000000000001,0.8543689320388349
e2_uci,concrete,mcd,5,0.9000000000000001,0.883495145631068
e2_uci,concrete,mcd,5,0.9500000000000001,0.941747572815534
e2_uci,concrete,mcd,6,0.05,0.038834951456310676
e2_uci,concrete,mcd,6,0.1,0.05825242718446602
e2_uci,concrete,mcd,6,0.15000000000000002,0.13592233009708737
e2_uci,concrete,mcd,6,0.2,0.22330097087378642
e2_uci,concrete,mcd,6,0.25,0.27184466019417475
e2_uci,concrete,mcd,6,0.3,0.34951456310679613
e2_uci,concrete,mcd,6,0.35000000000000003,0.39805825242718446
e2_uci,concrete,mcd,6,0.4,0.42718446601941745
e2_uci,concrete,mcd,6,0.45,0.49514563106796117
e2_uci,concrete,mcd,6,0.5,0.5339805825242718
e2_uci,concrete,mcd,6,0.55,0.5922330097087378
e2_uci,concrete,mcd,6,0.6000000000000001,0.6699029126213593
e2_uci,concrete,mcd,6,0.6500000000000001,0.7475728155339806
e2_uci,concrete,mcd,6,0.7000000000000001,0.8446601941747572
e2_uci,concrete,mcd,6,0.7500000000000001,0.8543689320388349
e2_uci,concrete,mcd,6,0.8,0.883495145631068
e2_uci,concrete,mcd,6,0.8500000000000001,0.912621359223301
e2_uci,concrete,mcd,6,0.9000000000000001,0.9223300970873787
e2_uci,concrete,mcd,6,0.9500000000000001,0.941747572815534
e2_uci,concrete,mcd,7,0.05,0.02912621359223301
e2_uci,concrete,mcd,7,0.1,0.038834951456310676
e2_uci,concrete,mcd,7,0.15000000000000002,0.1262135922330097
e2_uci,concrete,mcd,7,0.2,0.1650485436893204
e2_uci,concrete,mcd,7,0.25,0.20388349514563106
e2_uci,concrete,mcd,7,0.3,0.21359223300970873
e2_uci,concrete,mcd,7,0.35000000000000003,0.2815533980582524
e2_uci,concrete,mcd,7,0.4,0.33980582524271846
e2_uci,concrete,mcd,7,0.45,0.4368932038834951
e2_uci,concrete,mcd,7,0.5,0.47572815533980584
e2_uci,concrete,mcd,7,0.55,0.5533980582524272
e2_uci,concrete,mcd,7,0.6000000000000001,0.6019417475728155
e2_uci,concrete,mcd,7,0.6500000000000001,0.6699029126213593
e2_uci,concrete,mcd,7,0.7000000000000001,0.7475728155339806
e2_uci,concrete,mcd,7,0.7500000000000001,0.8446601941747572
e2_uci,concrete,mcd,7,0.8,0.8737864077669902
e2_uci,concrete,mcd,7,0.8500000000000001,0.9029126213592233
e2_uci,concrete,mcd,7,0.9000000000000001,0.9223300970873787
e2_uci,concrete,mcd,7,0.9500000000000001,0.970873786407767
e2_uci,concrete,mcd,8,0.05,0.019417475728155338
e2_uci,concrete,mcd,8,0.1,0.04854368932038835
e2_uci,concrete,mcd,8,0.15000000000000002,0.04854368932038835
e2_uci,concrete,mcd,8,0.2,0.07766990291262135
e2_uci,concrete,mcd,8,0.25,0.11650485436893204
e2_uci,concrete,mcd,8,0.3,0.17475728155339806
e2_uci,concrete,mcd,8,0.35000000000000003,0.20388349514563106
e2_uci,concrete,mcd,8,0.4,0.2815533980582524
e2_uci,concrete,mcd,8,0.45,0.3786407766990291
e2_uci,concrete,mcd,8,0.5,0.46601941747572817
e2_uci,concrete,mcd,8,0.55,0.5145631067961165
e2_uci,concrete,mcd,8,0.6000000000000001,0.5728155339805825
e2_uci,concrete,mcd,8,0.6500000000000001,0.6601941747572816
e2_uci,concrete,mcd,8,0.7000000000000001,0.6699029126213593
e2_uci,concrete,mcd,8,0.7500000000000001,0.7378640776699029
e2_uci,concrete,mcd,8,0.8,0.7961165048543689
e2_uci,concrete,mcd,8,0.8500000000000001,0.883495145631068
e2_uci,concrete,mcd,8,0.9000000000000001,0.912621359223301
e2_uci,concrete,mcd,8,0.9500000000000001,0.970873786407767
e2_uci,concrete,mcd,9,0.05,0.009708737864077669
e2_uci,concrete,mcd,9,0.1,0.05825242718446602
e2_uci,concrete,mcd,9,0.15000000000000002,0.13592233009708737
e2_uci,concrete,mcd,9,0.2,0.20388349514563106
e2_uci,concrete,mcd,9,0.25,0.2524271844660194
e2_uci,concrete,mcd,9,0.3,0.33980582524271846
e2_uci,concrete,mcd,9,0.35000000000000003,0.3592233009708738
e2_uci,concrete,mcd,9,0.4,0.4174757281553398
e2_uci,concrete,mcd,9,0.45,0.5145631067961165
e2_uci,concrete,mcd,9,0.5,0.5533980582524272
e2_uci,concrete,mcd,9,0.55,0.6310679611650486
e2_uci,concrete,mcd,9,0.6000000000000001,0.7281553398058253
e2_uci,concrete,mcd,9,0.6500000000000001,0.7475728155339806
e2_uci,concrete,mcd,9,0.7000000000000001,0.7766990291262136
e2_uci,concrete,mcd,9,0.7500000000000001,0.8349514563106796
e2_uci,concrete,mcd,9,0.8,0.9029126213592233
e2_uci,concrete,mcd,9,0.8500000000000001,0.9320388349514563
e2_uci,concrete,mcd,9,0.9000000000000001,0.9514563106796117
e2_uci,concrete,mcd,9,0.9500000000000001,0.970873786407767
e2_uci,concrete,mcd,10,0.05,0.009708737864077669
e2_uci,concrete,mcd,10,0.1,0.02912621359223301
e2_uci,concrete,mcd,10,0.15000000000000002,0.05825242718446602
e2_uci,concrete,mcd,10,0.2,0.08737864077669903
e2_uci,concrete,mcd,10,0.25,0.14563106796116504
e2_uci,concrete,mcd,10,0.3,0.21359223300970873
e2_uci,concrete,mcd,10,0.35000000000000003,0.2524271844660194
e2_uci,concrete,mcd,10,0.4,0.30097087378640774
e2_uci,concrete,mcd,10,0.45,0.44660194174757284
e2_uci,concrete,mcd,10,0.5,0.5048543689320388
e2_uci,concrete,mcd,10,0.55,0.5825242718446602
e2_uci,concrete,mcd,10,0.6000000000000001,0.6407766990291263
e2_uci,concrete,mcd,10,0.6500000000000001,0.7184466019417476
e2_uci,concrete,mcd,10,0.7000000000000001,0.7864077669902912
e2_uci,concrete,mcd,10,0.7500000000000001,0.8058252427184466
e2_uci,concrete,mcd,10,0.8,0.8252427184466019
e2_uci,concrete,mcd,10,0.8500000000000001,0.9029126213592233
e2_uci,concrete,mcd,10,0.9000000000000001,0.941747572815534
e2_uci,concrete,mcd,10,0.9500000000000001,0.970873786407767
e2_uci,concrete,mcd,11,0.05,0.009708737864077669
e2_uci,concrete,mcd,11,0.1,0.009708737864077669
e2_uci,concrete,mcd,11,0.15000000000000002,0.04854368932038835
e2_uci,concrete,mcd,11,0.2,0.08737864077669903
e2_uci,concrete,mcd,11,0.25,0.1553398058252427
e2_uci,concrete,mcd,11,0.3,0.18446601941747573
e2_uci,concrete,mcd,11,0.35000000000000003,0.2524271844660194
e2_uci,concrete,mcd,11,0.4,0.3106796116504854
e2_uci,concrete,mcd,11,0.45,0.3592233009708738
e2_uci,concrete,mcd,11,0.5,0.44660194174757284
e2_uci,concrete,mcd,11,0.55,0.5242718446601942
e2_uci,concrete,mcd,11,0.6000000000000001,0.5825242718446602
e2_uci,concrete,mcd,11,0.6500000000000001,0.6504854368932039
e2_uci,concrete,mcd,11,0.7000000000000001,0.7475728155339806
e2_uci,concrete,mcd,11,0.7500000000000001,0.8058252427184466
e2_uci,concrete,mcd,11,0.8,0.8640776699029126
e2_uci,concrete,mcd,11,0.8500000000000001,0.9223300970873787
e2_uci,concrete,mcd,11,0.9000000000000001,0.9611650485436893
e2_uci,concrete,mcd,11,0.9500000000000001,0.970873786407767
e2_uci,concrete,mcd,12,0.05,0.019417475728155338
e2_uci,concrete,mcd,12,0.1,0.02912621359223301
e2_uci,concrete,mcd,12,0.15000000000000002,0.06796116504854369
e2_uci,concrete,mcd,12,0.2,0.1262135922330097
e2_uci,concrete,mcd,12,0.25,0.21359223300970873
e2_uci,concrete,mcd,12,0.3,0.24271844660194175
e2_uci,concrete,mcd,12,0.35000000000000003,0.30097087378640774
e2_uci,concrete,mcd,12,0.4,0.36893203883495146
e2_uci,concrete,mcd,12,0.45,0.44660194174757284
e2_uci,concrete,mcd,12,0.5,0.5145631067961165
e2_uci,concrete,mcd,12,0.55,0.6019417475728155
e2_uci,concrete,mcd,12,0.6000000000000001,0.6699029126213593
e2_uci,concrete,mcd,12,0.6500000000000001,0.7281553398058253
e2_uci,concrete,mcd,12,0.7000000000000001,0.7669902912621359
e2_uci,concrete,mcd,12,0.7500000000000001,0.8058252427184466
e2_uci,concrete,mcd,12,0.8,0.8543689320388349
e2_uci,concrete,mcd,12,0.8500000000000001,0.883495145631068
e2_uci,concrete,mcd,12,0.9000000000000001,0.9223300970873787
e2_uci,concrete,mcd,12,0.9500000000000001,0.9611650485436893
e2_uci,concrete,mcd,13,0.05,0.019417475728155338
e2_uci,concrete,mcd,13,0.1,0.019417475728155338
e2_uci,concrete,mcd,13,0.15000000000000002,0.019417475728155338
e2_uci,concrete,mcd,13,0.2,0.06796116504854369
e2_uci,concrete,mcd,13,0.25,0.1262135922330097
e2_uci,concrete,mcd,13,0.3,0.1650485436893204
e2_uci,concrete,mcd,13,0.35000000000000003,0.22330097087378642
e2_uci,concrete,mcd,13,0.4,0.2815533980582524
e2_uci,concrete,mcd,13,0.45,0.34951456310679613
e2_uci,concrete,mcd,13,0.5,0.4368932038834951
e2_uci,concrete,mcd,13,0.55,0.49514563106796117
e2_uci,concrete,mcd,13,0.6000000000000001,0.5825242718446602
e2_uci,concrete,mcd,13,0.6500000000000001,0.6796116504854369
e2_uci,concrete,mcd,13,0.7000000000000001,0.7378640776699029
e2_uci,concrete,mcd,13,0.7500000000000001,0.8252427184466019
e2_uci,concrete,mcd,13,0.8,0.8543689320388349
e2_uci,concrete,mcd,13,0.8500000000000001,0.8640776699029126
e2_uci,concrete,mcd,13,0.9000000000000001,0.9029126213592233
e2_uci,concrete,mcd,13,0.9500000000000001,0.9320388349514563
e2_uci,concrete,mcd,14,0.05,0.019417475728155338
e2_uci,concrete,mcd,14,0.1,0.019417475728155338
e2_uci,concrete,mcd,14,0.15000000000000002,0.038834951456310676
e2_uci,concrete,mcd,14,0.2,0.07766990291262135
e2_uci,concrete,mcd,14,0.25,0.17475728155339806
e2_uci,concrete,mcd,14,0.3,0.23300970873786409
e2_uci,concrete,mcd,14,0.35000000000000003,0.27184466019417475
e2_uci,concrete,mcd,14,0.4,0.33980582524271846
e2_uci,concrete,mcd,14,0.45,0.44660194174757284
e2_uci,concrete,mcd,14,0.5,0.5048543689320388
e2_uci,concrete,mcd,14,0.55,0.5922330097087378
e2_uci,concrete,mcd,14,0.6000000000000001,0.6116504854368932
e2_uci,concrete,mcd,14,0.6500000000000001,0.6601941747572816
e2_uci,concrete,mcd,14,0.7000000000000001,0.7281553398058253
e2_uci,concrete,mcd,14,0.7500000000000001,0.7475728155339806
e2_uci,concrete,mcd,14,0.8,0.8058252427184466
e2_uci,concrete,mcd,14,0.8500000000000001,0.8737864077669902
e2_uci,concrete,mcd,14,0.9000000000000001,0.912621359223301
e2_uci,concrete,mcd,14,0.9500000000000001,0.941747572815534
e2_uci,concrete,mcd,15,0.05,0.019417475728155338
e2_uci,concrete,mcd,15,0.1,0.08737864077669903
e2_uci,concrete,mcd,15,0.15000000000000002,0.1262135922330097
e2_uci,concrete,mcd,15,0.2,0.1553398058252427
e2_uci,concrete,mcd,15,0.25,0.2621359223300971
e2_uci,concrete,mcd,15,0.3,0.30097087378640774
e2_uci,concrete,mcd,15,0.35000000000000003,0.3106796116504854
e2_uci,concrete,mcd,15,0.4,0.42718446601941745
e2_uci,concrete,mcd,15,0.45,0.5145631067961165
e2_uci,concrete,mcd,15,0.5,0.5825242718446602
e2_uci,concrete,mcd,15,0.55,0.6601941747572816
e2_uci,concrete,mcd,15,0.6000000000000001,0.7087378640776699
e2_uci,concrete,mcd,15,0.6500000000000001,0.7669902912621359
e2_uci,concrete,mcd,15,0.7000000000000001,0.8446601941747572
e2_uci,concrete,mcd,15,0.7500000000000001,0.8640776699029126
e2_uci,concrete,mcd,15,0.8,0.9223300970873787
e2_uci,concrete,mcd,15,0.8500000000000001,0.9611650485436893
e2_uci,concrete,mcd,15,0.9000000000000001,0.970873786407767
e2_uci,concrete,mcd,15,0.9500000000000001,0.9805825242718447
e2_uci,concrete,mcd,16,0.05,0.02912621359223301
e2_uci,concrete,mcd,16,0.1,0.06796116504854369
e2_uci,concrete,mcd,16,0.15000000000000002,0.0970873786407767
e2_uci,concrete,mcd,16,0.2,0.1650485436893204
e2_uci,concrete,mcd,16,0.25,0.23300970873786409
e2_uci,concrete,mcd,16,0.3,0.27184466019417475
e2_uci,concrete,mcd,16,0.35000000000000003,0.33980582524271846
e2_uci,concrete,mcd,16,0.4,0.3786407766990291
e2_uci,concrete,mcd,16,0.45,0.44660194174757284
e2_uci,concrete,mcd,16,0.5,0.4854368932038835
e2_uci,concrete,mcd,16,0.55,0.5242718446601942
e2_uci,concrete,mcd,16,0.6000000000000001,0.5728155339805825
e2_uci,concrete,mcd,16,0.6500000000000001,0.6504854368932039
e2_uci,concrete,mcd,16,0.7000000000000001,0.6990291262135923
e2_uci,concrete,mcd,16,0.7500000000000001,0.7572815533980582
e2_uci,concrete,mcd,16,0.8,0.8058252427184466
e2_uci,concrete,mcd,16,0.8500000000000001,0.8543689320388349
e2_uci,concrete,mcd,16,0.9000000000000001,0.883495145631068
e2_uci,concrete,mcd,16,0.9500000000000001,0.941747572815534
e2_uci,concrete,mcd,17,0.05,0.04854368932038835
e2_uci,concrete,mcd,17,0.1,0.07766990291262135
e2_uci,concrete,mcd,17,0.15000000000000002,0.11650485436893204
e2_uci,concrete,mcd,17,0.2,0.17475728155339806
e2_uci,concrete,mcd,17,0.25,0.23300970873786409
e2_uci,concrete,mcd,17,0.3,0.30097087378640774
e2_uci,concrete,mcd,17,0.35000000000000003,0.3592233009708738
e2_uci,concrete,mcd,17,0.4,0.4174757281553398
e2_uci,concrete,mcd,17,0.45,0.49514563106796117
e2_uci,concrete,mcd,17,0.5,0.49514563106796117
e2_uci,concrete,mcd,17,0.55,0.5533980582524272
e2_uci,concrete,mcd,17,0.6000000000000001,0.6310679611650486
e2_uci,concrete,mcd,17,0.6500000000000001,0.7087378640776699
e2_uci,concrete,mcd,17,0.7000000000000001,0.7572815533980582
e2_uci,concrete,mcd,17,0.7500000000000001,0.8640776699029126
e2_uci,concrete,mcd,17,0.8,0.8737864077669902
e2_uci,concrete,mcd,17,0.8500000000000001,0.9223300970873787
e2_uci,concrete,mcd,17,0.9000000000000001,0.9611650485436893
e2_uci,concrete,mcd,17,0.9500000000000001,0.9805825242718447
e2_uci,concrete,mcd,18,0.05,0.04854368932038835
e2_uci,concrete,mcd,18,0.1,0.07766990291262135
e2_uci,concrete,mcd,18,0.15000000000000002,0.13592233009708737
e2_uci,concrete,mcd,18,0.2,0.1941747572815534
e2_uci,concrete,mcd,18,0.25,0.23300970873786409
e2_uci,concrete,mcd,18,0.3,0.27184466019417475
e2_uci,concrete,mcd,18,0.35000000000000003,0.33980582524271846
e2_uci,concrete,mcd,18,0.4,0.39805825242718446
e2_uci,concrete,mcd,18,0.45,0.47572815533980584
e2_uci,concrete,mcd,18,0.5,0.5728155339805825
e2_uci,concrete,mcd,18,0.55,0.6310679611650486
e2_uci,concrete,mcd,18,0.6000000000000001,0.6990291262135923
e2_uci,concrete,mcd,18,0.6500000000000001,0.7184466019417476
e2_uci,concrete,mcd,18,0.7000000000000001,0.7572815533980582
e2_uci,concrete,mcd,18,0.7500000000000001,0.7864077669902912
e2_uci,concrete,mcd,18,0.8,0.8058252427184466
e2_uci,concrete,mcd,18,0.8500000000000001,0.8640776699029126
e2_uci,concrete,mcd,18,0.9000000000000001,0.9223300970873787
e2_uci,concrete,mcd,18,0.9500000000000001,0.9514563106796117
e2_uci,concrete,mcd,19,0.05,0.06796116504854369
e2_uci,concrete,mcd,19,0.1,0.11650485436893204
e2_uci,concrete,mcd,19,0.15000000000000002,0.1553398058252427
e2_uci,concrete,mcd,19,0.2,0.21359223300970873
e2_uci,concrete,mcd,19,0.25,0.2621359223300971
e2_uci,concrete,mcd,19,0.3,0.3300970873786408
e2_uci,concrete,mcd,19,0.35000000000000003,0.4077669902912621
e2_uci,concrete,mcd,19,0.4,0.47572815533980584
e2_uci,concrete,mcd,19,0.45,0.5145631067961165
e2_uci,concrete,mcd,19,0.5,0.5631067961165048
e2_uci,concrete,mcd,19,0.55,0.6116504854368932
e2_uci,concrete,mcd,19,0.6000000000000001,0.6893203883495146
e2_uci,concrete,mcd,19,0.6500000000000001,0.7572815533980582
e2_uci,concrete,mcd,19,0.7000000000000001,0.8446601941747572
e2_uci,concrete,mcd,19,0.7500000000000001,0.883495145631068
e2_uci,concrete,mcd,19,0.8,0.9320388349514563
e2_uci,concrete,mcd,19,0.8500000000000001,0.9611650485436893
e2_uci,concrete,mcd,19,0.9000000000000001,0.9805825242718447
e2_uci,concrete,mcd,19,0.9500000000000001,1.0
e2_uci,wine_quality_red,mcd,0,0.05,0.04375
e2_uci,wine_quality_red,mcd,0,0.1,0.075
e2_uci,wine_quality_red,mcd,0,0.15000000000000002,0.11875
e2_uci,wine_quality_red,mcd,0,0.2,0.15625
e2_uci,wine_quality_red,mcd,0,0.25,0.20625
e2_uci,wine_quality_red,mcd,0,0.3,0.25625
e2_uci,wine_quality_red,mcd,0,0.35000000000000003,0.33125
e2_uci,wine_quality_red,mcd,0,0.4,0.4125
e2_uci,wine_quality_red,mcd,0,0.45,0.4625
e2_uci,wine_quality_red,mcd,0,0.5,0.5
e2_uci,wine_quality_red,mcd,0,0.55,0.55
e2_uci,wine_quality_red,mcd,0,0.6000000000000001,0.59375
e2_uci,wine_quality_red,mcd,0,0.6500000000000001,0.6625
e2_uci,wine_quality_red,mcd,0,0.7000000000000001,0.68125
e2_uci,wine_quality_red,mcd,0,0.7500000000000001,0.7375
e2_uci,wine_quality_red,mcd,0,0.8,0.775
e2_uci,wine_quality_red,mcd,0,0.8500000000000001,0.8
e2_uci,wine_quality_red,mcd,0,0.9000000000000001,0.8625
e2_uci,wine_quality_red,mcd,0,0.9500000000000001,0.9625
e2_uci,wine_quality_red,mcd,1,0.05,0.0625
e2_uci,wine_quality_red,mcd,1,0.1,0.0875
e2_uci,wine_quality_red,mcd,1,0.15000000000000002,0.13125
e2_uci,wine_quality_red,mcd,1,0.2,0.2
e2_uci,wine_quality_red,mcd,1,0.25,0.25
e2_uci,wine_quality_red,mcd,1,0.3,0.35
e2_uci,wine_quality_red,mcd,1,0.35000000000000003,0.40625
e2_uci,wine_quality_red,mcd,1,0.4,0.49375
e2_uci,wine_quality_red,mcd,1,0.45,0.5125
e2_uci,wine_quality_red,mcd,1,0.5,0.55
e2_uci,wine_quality_red,mcd,1,0.55,0.60625
e2_uci,wine_quality_red,mcd,1,0.6000000000000001,0.63125
e2_uci,wine_quality_red,mcd,1,0.6500000000000001,0.7
e2_uci,wine_quality_red,mcd,1,0.7000000000000001,0.7375
e2_uci,wine_quality_red,mcd,1,0.7500000000000001,0.775
e2_uci,wine_quality_red,mcd,1,0.8,0.8
e2_uci,wine_quality_red,mcd,1,0.8500000000000001,0.85
e2_uci,wine_quality_red,mcd,1,0.9000000000000001,0.925
e2_uci,wine_quality_red,mcd,1,0.9500000000000001,0.975
e2_uci,wine_quality_red,mcd,2,0.05,0.06875
e2_uci,wine_quality_red,mcd,2,0.1,0.10625
e2_uci,wine_quality_red,mcd,2,0.15000000000000002,0.175
e2_uci,wine_quality_red,mcd,2,0.2,0.2
e2_uci,wine_quality_red,mcd,2,0.25,0.25
e2_uci,wine_quality_red,mcd,2,0.3,0.33125
e2_uci,wine_quality_red,mcd,2,0.35000000000000003,0.36875
e2_uci,wine_quality_red,mcd,2,0.4,0.43125
e2_uci,wine_quality_red,mcd,2,0.45,0.5375
e2_uci,wine_quality_red,mcd,2,0.5,0.575
e2_uci,wine_quality_red,mcd,2,0.55,0.6375
e2_uci,wine_quality_red,mcd,2,0.6000000000000001,0.66875
e2_uci,wine_quality_red,mcd,2,0.6500000000000001,0.71875
e2_uci,wine_quality_red,mcd,2,0.7000000000000001,0.75625
e2_uci,wine_quality_red,mcd,2,0.7500000000000001,0.775
e2_uci,wine_quality_red,mcd,2,0.8,0.79375
e2_uci,wine_quality_red,mcd,2,0.8500000000000001,0.83125
e2_uci,wine_quality_red,mcd,2,0.9000000000000001,0.88125
e2_uci,wine_quality_red,mcd,2,0.9500000000000001,0.925
e2_uci,wine_quality_red,mcd,3,0.05,0.04375
e2_uci,wine_quality_red,mcd,3,0.1,0.0875
e2_uci,wine_quality_red,mcd,3,0.15000000000000002,0.11875
e2_uci,wine_quality_red,mcd,3,0.2,0.175
e2_uci,wine_quality_red,mcd,3,0.25,0.2375
e2_uci,wine_quality_red,mcd,3,0.3,0.28125
e2_uci,wine_quality_red,mcd,3,0.35000000000000003,0.33125
e2_uci,wine_quality_red,mcd,3,0.4,0.4
e2_uci,wine_quality_red,mcd,3,0.45,0.475
e2_uci,wine_quality_red,mcd,3,0.5,0.5375
e2_uci,wine_quality_red,mcd,3,0.55,0.59375
e2_uci,wine_quality_red,mcd,3,0.6000000000000001,0.6375
e2_uci,wine_quality_red,mcd,3,0.6500000000000001,0.68125
e2_uci,wine_quality_red,mcd,3,0.7000000000000001,0.71875
e2_uci,wine_quality_red,mcd,3,0.7500000000000001,0.75625
e2_uci,wine_quality_red,mcd,3,0.8,0.79375
e2_uci,wine_quality_red,mcd,3,0.8500000000000001,0.8375
e2_uci,wine_quality_red,mcd,3,0.9000000000000001,0.9125
e2_uci,wine_quality_red,mcd,3,0.9500000000000001,0.96875
e2_uci,wine_quality_red,mcd,4,0.05,0.0125
e2_uci,wine_quality_red,mcd,4,0.1,0.05625
e2_uci,wine_quality_red,mcd,4,0.15000000000000002,0.075
e2_uci,wine_quality_red,mcd,4,0.2,0.11875
e2_uci,wine_quality_red,mcd,4,0.25,0.18125
e2_uci,wine_quality_red,mcd,4,0.3,0.2625
e2_uci,wine_quality_red,mcd,4,0.35000000000000003,0.35
e2_uci,wine_quality_red,mcd,4,0.4,0.45625
e2_uci,wine_quality_red,mcd,4,0.45,0.50625
e2_uci,wine_quality_red,mcd,4,0.5,0.56875
e2_uci,wine_quality_red,mcd,4,0.55,0.59375
e2_uci,wine_quality_red,mcd,4,0.6000000000000001,0.64375
e2_uci,wine_quality_red,mcd,4,0.6500000000000001,0.7
e2_uci,wine_quality_red,mcd,4,0.7000000000000001,0.7375
e2_uci,wine_quality_red,mcd,4,0.7500000000000001,0.8
e2_uci,wine_quality_red,mcd,4,0.8,0.83125
e2_uci,wine_quality_red,mcd,4,0.8500000000000001,0.85625
e2_uci,wine_quality_red,mcd,4,0.9000000000000001,0.9
e2_uci,wine_quality_red,mcd,4,0.9500000000000001,0.9375
e2_uci,wine_quality_red,mcd,5,0.05,0.04375
e2_uci,wine_quality_red,mcd,5,0.1,0.09375
e2_uci,wine_quality_red,mcd,5,0.15000000000000002,0.125
e2_uci,wine_quality_red,mcd,5,0.2,0.175
e2_uci,wine_quality_red,mcd,5,0.25,0.25625
e2_uci,wine_quality_red,mcd,5,0.3,0.33125
e2_uci,wine_quality_red,mcd,5,0.35000000000000003,0.40625
e2_uci,wine_quality_red,mcd,5,0.4,0.46875
e2_uci,wine_quality_red,mcd,5,0.45,0.525
e2_uci,wine_quality_red,mcd,5,0.5,0.5875
e2_uci,wine_quality_red,mcd,5,0.55,0.60625
e2_uci,wine_quality_red,mcd,5,0.6000000000000001,0.6375
e2_uci,wine_quality_red,mcd,5,0.6500000000000001,0.675
e2_uci,wine_quality_red,mcd,5,0.7000000000000001,0.73125
e2_uci,wine_quality_red,mcd,5,0.7500000000000001,0.78125
e2_uci,wine_quality_red,mcd,5,0.8,0.825
e2_uci,wine_quality_red,mcd,5,0.8500000000000001,0.875
e2_uci,wine_quality_red,mcd,5,0.9000000000000001,0.9125
e2_uci,wine_quality_red,mcd,5,0.9500000000000001,0.95
e2_uci,wine_quality_red,mcd,6,0.05,0.075
e2_uci,wine_quality_red,mcd,6,0.1,0.1
e2_uci,wine_quality_red,mcd,6,0.15000000000000002,0.15625
e2_uci,wine_quality_red,mcd,6,0.2,0.1875
e2_uci,wine_quality_red,mcd,6,0.25,0.225
e2_uci,wine_quality_red,mcd,6,0.3,0.28125
e2_uci,wine_quality_red,mcd,6,0.35000000000000003,0.3375
e2_uci,wine_quality_red,mcd,6,0.4,0.39375
e2_uci,wine_quality_red,mcd,6,0.45,0.41875
e2_uci,wine_quality_red,mcd,6,0.5,0.48125
e2_uci,wine_quality_red,mcd,6,0.55,0.525
e2_uci,wine_quality_red,mcd,6,0.6000000000000001,0.5625
e2_uci,wine_quality_red,mcd,6,0.6500000000000001,0.5875
e2_uci,wine_quality_red,mcd,6,0.7000000000000001,0.65625
e2_uci,wine_quality_red,mcd,6,0.7500000000000001,0.7125
e2_uci,wine_quality_red,mcd,6,0.8,0.75
e2_uci,wine_quality_red,mcd,6,0.8500000000000001,0.78125
e2_uci,wine_quality_red,mcd,6,0.9000000000000001,0.8625
e2_uci,wine_quality_red,mcd,6,0.9500000000000001,0.95
e2_uci,wine_quality_red,mcd,7,0.05,0.05625
e2_uci,wine_quality_red,mcd,7,0.1,0.10625
e2_uci,wine_quality_red,mcd,7,0.15000000000000002,0.1375
e2_uci,wine_quality_red,mcd,7,0.2,0.1875
e2_uci,wine_quality_red,mcd,7,0.25,0.25625
e2_uci,wine_quality_red,mcd,7,0.3,0.325
e2_uci,wine_quality_red,mcd,7,0.35000000000000003,0.375
e2_uci,wine_quality_red,mcd,7,0.4,0.425
e2_uci,wine_quality_red,mcd,7,0.45,0.46875
e2_uci,wine_quality_red,mcd,7,0.5,0.55
e2_uci,wine_quality_red,mcd,7,0.55,0.63125
e2_uci,wine_quality_red,mcd,7,0.6000000000000001,0.7
e2_uci,wine_quality_red,mcd,7,0.6500000000000001,0.725
e2_uci,wine_quality_red,mcd,7,0.7000000000000001,0.78125
e2_uci,wine_quality_red,mcd,7,0.7500000000000001,0.8
e2_uci,wine_quality_red,mcd,7,0.8,0.825
e2_uci,wine_quality_red,mcd,7,0.8500000000000001,0.85
e2_uci,wine_quality_red,mcd,7,0.9000000000000001,0.875
e2_uci,wine_quality_red,mcd,7,0.9500000000000001,0.9375
e2_uci,wine_quality_red,mcd,8,0.05,0.03125
e2_uci,wine_quality_red,mcd,8,0.1,0.05625
e2_uci,wine_quality_red,mcd,8,0.15000000000000002,0.075
e2_uci,wine_quality_red,mcd,8,0.2,0.0875
e2_uci,wine_quality_red,mcd,8,0.25,0.13125
e2_uci,wine_quality_red,mcd,8,0.3,0.16875
e2_uci,wine_quality_red,mcd,8,0.35000000000000003,0.2375
e2_uci,wine_quality_red,mcd,8,0.4,0.3125
e2_uci,wine_quality_red,mcd,8,0.45,0.3625
e2_uci,wine_quality_red,mcd,8,0.5,0.44375
e2_uci,wine_quality_red,mcd,8,0.55,0.5125
e2_uci,wine_quality_red,mcd,8,0.6000000000000001,0.55625
e2_uci,wine_quality_red,mcd,8,0.6500000000000001,0.60625
e2_uci,wine_quality_red,mcd,8,0.7000000000000001,0.675
e2_uci,wine_quality_red,mcd,8,0.7500000000000001,0.71875
e2_uci,wine_quality_red,mcd,8,0.8,0.7875
e2_uci,wine_quality_red,mcd,8,0.8500000000000001,0.8125
e2_uci,wine_quality_red,mcd,8,0.9000000000000001,0.8875
e2_uci,wine_quality_red,mcd,8,0.9500000000000001,0.9625
e2_uci,wine_quality_red,mcd,9,0.05,0.05
e2_uci,wine_quality_red,mcd,9,0.1,0.1
e2_uci,wine_quality_red,mcd,9,0.15000000000000002,0.13125
e2_uci,wine_quality_red,mcd,9,0.2,0.16875
e2_uci,wine_quality_red,mcd,9,0.25,0.225
e2_uci,wine_quality_red,mcd,9,0.3,0.3
e2_uci,wine_quality_red,mcd,9,0.35000000000000003,0.39375
e2_uci,wine_quality_red,mcd,9,0.4,0.46875
e2_uci,wine_quality_red,mcd,9,0.45,0.51875
e2_uci,wine_quality_red,mcd,9,0.5,0.55625
e2_uci,wine_quality_red,mcd,9,0.55,0.60625
e2_uci,wine_quality_red,mcd,9,0.6000000000000001,0.65
e2_uci,wine_quality_red,mcd,9,0.6500000000000001,0.7125
e2_uci,wine_quality_red,mcd,9,0.7000000000000001,0.75
e2_uci,wine_quality_red,mcd,9,0.7500000000000001,0.775
e2_uci,wine_quality_red,mcd,9,0.8,0.81875
e2_uci,wine_quality_red,mcd,9,0.8500000000000001,0.875
e2_uci,wine_quality_red,mcd,9,0.9000000000000001,0.9
e2_uci,wine_quality_red,mcd,9,0.9500000000000001,0.93125
e2_uci,wine_quality_red,mcd,10,0.05,0.05
e2_uci,wine_quality_red,mcd,10,0.1,0.0875
e2_uci,wine_quality_red,mcd,10,0.15000000000000002,0.1125
e2_uci,wine_quality_red,mcd,10,0.2,0.1625
e2_uci,wine_quality_red,mcd,10,0.25,0.21875
e2_uci,wine_quality_red,mcd,10,0.3,0.28125
e2_uci,wine_quality_red,mcd,10,0.35000000000000003,0.35
e2_uci,wine_quality_red,mcd,10,0.4,0.41875
e2_uci,wine_quality_red,mcd,10,0.45,0.49375
e2_uci,wine_quality_red,mcd,10,0.5,0.54375
e2_uci,wine_quality_red,mcd,10,0.55,0.575
e2_uci,wine_quality_red,mcd,10,0.6000000000000001,0.6125
e2_uci,wine_quality_red,mcd,10,0.6500000000000001,0.64375
e2_uci,wine_quality_red,mcd,10,0.7000000000000001,0.69375
e2_uci,wine_quality_red,mcd,10,0.7500000000000001,0.73125
e2_uci,wine_quality_red,mcd,10,0.8,0.775
e2_uci,wine_quality_red,mcd,10,0.8500000000000001,0.8125
e2_uci,wine_quality_red,mcd,10,0.9000000000000001,0.875
e2_uci,wine_quality_red,mcd,10,0.9500000000000001,0.925
e2_uci,wine_quality_red,mcd,11,0.05,0.05625
e2_uci,wine_quality_red,mcd,11,0.1,0.0875
e2_uci,wine_quality_red,mcd,11,0.15000000000000002,0.13125
e2_uci,wine_quality_red,mcd,11,0.2,0.14375
e2_uci,wine_quality_red,mcd,11,0.25,0.2
e2_uci,wine_quality_red,mcd,11,0.3,0.24375
e2_uci,wine_quality_red,mcd,11,0.35000000000000003,0.28125
e2_uci,wine_quality_red,mcd,11,0.4,0.3375
e2_uci,wine_quality_red,mcd,11,0.45,0.41875
e2_uci,wine_quality_red,mcd,11,0.5,0.4875
e2_uci,wine_quality_red,mcd,11,0.55,0.50625
e2_uci,wine_quality_red,mcd,11,0.6000000000000001,0.55
e2_uci,wine_quality_red,mcd,11,0.6500000000000001,0.625
e2_uci,wine_quality_red,mcd,11,0.7000000000000001,0.6625
e2_uci,wine_quality_red,mcd,11,0.7500000000000001,0.7
e2_uci,wine_quality_red,mcd,11,0.8,0.73125
e2_uci,wine_quality_red,mcd,11,0.8500000000000001,0.8
e2_uci,wine_quality_red,mcd,11,0.9000000000000001,0.875
e2_uci,wine_quality_red,mcd,11,0.9500000000000001,0.96875
e2_uci,wine_quality_red,mcd,12,0.05,0.0875
e2_uci,wine_quality_red,mcd,12,0.1,0.125
e2_uci,wine_quality_red,mcd,12,0.15000000000000002,0.16875
e2_uci,wine_quality_red,mcd,12,0.2,0.2125
e2_uci,wine_quality_red,mcd,12,0.25,0.26875
e2_uci,wine_quality_red,mcd,12,0.3,0.34375
e2_uci,wine_quality_red,mcd,12,0.35000000000000003,0.43125
e2_uci,wine_quality_red,mcd,12,0.4,0.50625
e2_uci,wine_quality_red,mcd,12,0.45,0.56875
e2_uci,wine_quality_red,mcd,12,0.5,0.63125
e2_uci,wine_quality_red,mcd,12,0.55,0.66875
e2_uci,wine_quality_red,mcd,12,0.6000000000000001,0.725
e2_uci,wine_quality_red,mcd,12,0.6500000000000001,0.75625
e2_uci,wine_quality_red,mcd,12,0.7000000000000001,0.8
e2_uci,wine_quality_red,mcd,12,0.7500000000000001,0.825
e2_uci,wine_quality_red,mcd,12,0.8,0.85625
e2_uci,wine_quality_red,mcd,12,0.8500000000000001,0.89375
e2_uci,wine_quality_red,mcd,12,0.9000000000000001,0.95
e2_uci,wine_quality_red,mcd,12,0.9500000000000001,0.98125
e2_uci,wine_quality_red,mcd,13,0.05,0.0625
e2_uci,wine_quality_red,mcd,13,0.1,0.0875
e2_uci,wine_quality_red,mcd,13,0.15000000000000002,0.1125
e2_uci,wine_quality_red,mcd,13,0.2,0.16875
e2_uci,wine_quality_red,mcd,13,0.25,0.2375
e2_uci,wine_quality_red,mcd,13,0.3,0.29375
e2_uci,wine_quality_red,mcd,13,0.35000000000000003,0.41875
e2_uci,wine_quality_red,mcd,13,0.4,0.4875
e2_uci,wine_quality_red,mcd,13,0.45,0.50625
e2_uci,wine_quality_red,mcd,13,0.5,0.5625
e2_uci,wine_quality_red,mcd,13,0.55,0.61875
e2_uci,wine_quality_red,mcd,13,0.6000000000000001,0.65
e2_uci,wine_quality_red,mcd,13,0.6500000000000001,0.7
e2_uci,wine_quality_red,mcd,13,0.7000000000000001,0.7375
e2_uci,wine_quality_red,mcd,13,0.7500000000000001,0.7625
e2_uci,wine_quality_red,mcd,13,0.8,0.8375
e2_uci,wine_quality_red,mcd,13,0.8500000000000001,0.88125
e2_uci,wine_quality_red,mcd,13,0.9000000000000001,0.9375
e2_uci,wine_quality_red,mcd,13,0.9500000000000001,0.96875
e2_uci,wine_quality_red,mcd,14,0.05,0.0375
e2_uci,wine_quality_red,mcd,14,0.1,0.05625
e2_uci,wine_quality_red,mcd,14,0.15000000000000002,0.125
e2_uci,wine_quality_red,mcd,14,0.2,0.175
e2_uci,wine_quality_red,mcd,14,0.25,0.2375
e2_uci,wine_quality_red,mcd,14,0.3,0.3125
e2_uci,wine_quality_red,mcd,14,0.35000000000000003,0.3875
e2_uci,wine_quality_red,mcd,14,0.4,0.4625
e2_uci,wine_quality_red,mcd,14,0.45,0.55
e2_uci,wine_quality_red,mcd,14,0.5,0.63125
e2_uci,wine_quality_red,mcd,14,0.55,0.6625
e2_uci,wine_quality_red,mcd,14,0.6000000000000001,0.68125
e2_uci,wine_quality_red,mcd,14,0.6500000000000001,0.7125
e2_uci,wine_quality_red,mcd,14,0.7000000000000001,0.7625
e2_uci,wine_quality_red,mcd,14,0.7500000000000001,0.80625
e2_uci,wine_quality_red,mcd,14,0.8,0.83125
e2_uci,wine_quality_red,mcd,14,0.8500000000000001,0.86875
e2_uci,wine_quality_red,mcd,14,0.9000000000000001,0.90625
e2_uci,wine_quality_red,mcd,14,0.9500000000000001,0.95
e2_uci,wine_quality_red,mcd,15,0.05,0.025
e2_uci,wine_quality_red,mcd,15,0.1,0.05
e2_uci,wine_quality_red,mcd,15,0.15000000000000002,0.075
e2_uci,wine_quality_red,mcd,15,0.2,0.11875
e2_uci,wine_quality_red,mcd,15,0.25,0.16875
e2_uci,wine_quality_red,mcd,15,0.3,0.24375
e2_uci,wine_quality_red,mcd,15,0.35000000000000003,0.29375
e2_uci,wine_quality_red,mcd,15,0.4,0.3875
e2_uci,wine_quality_red,mcd,15,0.45,0.48125
e2_uci,wine_quality_red,mcd,15,0.5,0.53125
e2_uci,wine_quality_red,mcd,15,0.55,0.55
e2_uci,wine_quality_red,mcd,15,0.6000000000000001,0.59375
e2_uci,wine_quality_red,mcd,15,0.6500000000000001,0.61875
e2_uci,wine_quality_red,mcd,15,0.7000000000000001,0.65
e2_uci,wine_quality_red,mcd,15,0.7500000000000001,0.725
e2_uci,wine_quality_red,mcd,15,0.8,0.8125
e2_uci,wine_quality_red,mcd,15,0.8500000000000001,0.85625
e2_uci,wine_quality_red,mcd,15,0.9000000000000001,0.90625
e2_uci,wine_quality_red,mcd,15,0.9500000000000001,0.95625
e2_uci,wine_quality_red,mcd,16,0.05,0.025
e2_uci,wine_quality_red,mcd,16,0.1,0.05625
e2_uci,wine_quality_red,mcd,16,0.15000000000000002,0.09375
e2_uci,wine_quality_red,mcd,16,0.2,0.14375
e2_uci,wine_quality_red,mcd,16,0.25,0.1875
e2_uci,wine_quality_red,mcd,16,0.3,0.25625
e2_uci,wine_quality_red,mcd,16,0.35000000000000003,0.325
e2_uci,wine_quality_red,mcd,16,0.4,0.38125
e2_uci,wine_quality_red,mcd,16,0.45,0.45625
e2_uci,wine_quality_red,mcd,16,0.5,0.51875
e2_uci,wine_quality_red,mcd,16,0.55,0.55
e2_uci,wine_quality_red,mcd,16,0.6000000000000001,0.6
e2_uci,wine_quality_red,mcd,16,0.6500000000000001,0.63125
e2_uci,wine_quality_red,mcd,16,0.7000000000000001,0.7
e2_uci,wine_quality_red,mcd,16,0.7500000000000001,0.75
e2_uci,wine_quality_red,mcd,16,0.8,0.76875
e2_uci,wine_quality_red,mcd,16,0.8500000000000001,0.81875
e2_uci,wine_quality_red,mcd,16,0.9000000000000001,0.88125
e2_uci,wine_quality_red,mcd,16,0.9500000000000001,0.95
e2_uci,wine_quality_red,mcd,17,0.05,0.0375
e2_uci,wine_quality_red,mcd,17,0.1,0.075
e2_uci,wine_quality_red,mcd,17,0.15000000000000002,0.10625
e2_uci,wine_quality_red,mcd,17,0.2,0.14375
e2_uci,wine_quality_red,mcd,17,0.25,0.19375
e2_uci,wine_quality_red,mcd,17,0.3,0.25
e2_uci,wine_quality_red,mcd,17,0.35000000000000003,0.30625
e2_uci,wine_quality_red,mcd,17,0.4,0.38125
e2_uci,wine_quality_red,mcd,17,0.45,0.4875
e2_uci,wine_quality_red,mcd,17,0.5,0.5125
e2_uci,wine_quality_red,mcd,17,0.55,0.5625
e2_uci,wine_quality_red,mcd,17,0.6000000000000001,0.6
e2_uci,wine_quality_red,mcd,17,0.6500000000000001,0.63125
e2_uci,wine_quality_red,mcd,17,0.7000000000000001,0.6875
e2_uci,wine_quality_red,mcd,17,0.7500000000000001,0.725
e2_uci,wine_quality_red,mcd,17,0.8,0.78125
e2_uci,wine_quality_red,mcd,17,0.8500000000000001,0.825
e2_uci,wine_quality_red,mcd,17,0.9000000000000001,0.9
e2_uci,wine_quality_red,mcd,17,0.9500000000000001,0.9625
e2_uci,wine_quality_red,mcd,18,0.05,0.0375
e2_uci,wine_quality_red,mcd,18,0.1,0.05625
e2_uci,wine_quality_red,mcd,18,0.15000000000000002,0.08125
e2_uci,wine_quality_red,mcd,18,0.2,0.11875
e2_uci,wine_quality_red,mcd,18,0.25,0.175
e2_uci,wine_quality_red,mcd,18,0.3,0.25625
e2_uci,wine_quality_red,mcd,18,0.35000000000000003,0.33125
e2_uci,wine_quality_red,mcd,18,0.4,0.38125
e2_uci,wine_quality_red,mcd,18,0.45,0.4375
e2_uci,wine_quality_red,mcd,18,0.5,0.4875
e2_uci,wine_quality_red,mcd,18,0.55,0.525
e2_uci,wine_quality_red,mcd,18,0.6000000000000001,0.58125
e2_uci,wine_quality_red,mcd,18,0.6500000000000001,0.65625
e2_uci,wine_quality_red,mcd,18,0.7000000000000001,0.675
e2_uci,wine_quality_red,mcd,18,0.7500000000000001,0.7375
e2_uci,wine_quality_red,mcd,18,0.8,0.7625
e2_uci,wine_quality_red,mcd,18,0.8500000000000001,0.79375
e2_uci,wine_quality_red,mcd,18,0.9000000000000001,0.84375
e2_uci,wine_quality_red,mcd,18,0.9500000000000001,0.93125
e2_uci,wine_quality_red,mcd,19,0.05,0.05
e2_uci,wine_quality_red,mcd,19,0.1,0.10625
e2_uci,wine_quality_red,mcd,19,0.15000000000000002,0.125
e2_uci,wine_quality_red,mcd,19,0.2,0.175
e2_uci,wine_quality_red,mcd,19,0.25,0.23125
e2_uci,wine_quality_red,mcd,19,0.3,0.29375
e2_uci,wine_quality_red,mcd,19,0.35000000000000003,0.34375
e2_uci,wine_quality_red,mcd,19,0.4,0.40625
e2_uci,wine_quality_red,mcd,19,0.45,0.45625
e2_uci,wine_quality_red,mcd,19,0.5,0.525
e2_uci,wine_quality_red,mcd,19,0.55,0.5625
e2_uci,wine_quality_red,mcd,19,0.6000000000000001,0.65
e2_uci,wine_quality_red,mcd,19,0.6500000000000001,0.68125
e2_uci,wine_quality_red,mcd,19,0.7000000000000001,0.7125
e2_uci,wine_quality_red,mcd,19,0.7500000000000001,0.7875
e2_uci,wine_quality_red,mcd,19,0.8,0.825
e2_uci,wine_quality_red,mcd,19,0.8500000000000001,0.875
e2_uci,wine_quality_red,mcd,19,0.9000000000000001,0.925
e2_uci,wine_quality_red,mcd,19,0.9500000000000001,0.9625
e2_uci,kin8nm,mcd,0,0.05,0.028083028083028084
e2_uci,kin8nm,mcd,0,0.1,0.054945054945054944
e2_uci,kin8nm,mcd,0,0.15000000000000002,0.09768009768009768
e2_uci,kin8nm,mcd,0,0.2,0.14407814407814407
e2_uci,kin8nm,mcd,0,0.25,0.20024420024420025
e2_uci,kin8nm,mcd,0,0.3,0.2588522588522589
e2_uci,kin8nm,mcd,0,0.35000000000000003,0.3235653235653236
e2_uci,kin8nm,mcd,0,0.4,0.4065934065934066
e2_uci,kin8nm,mcd,0,0.45,0.4652014652014652
e2_uci,kin8nm,mcd,0,0.5,0.5518925518925519
e2_uci,kin8nm,mcd,0,0.55,0.6190476190476191
e2_uci,kin8nm,mcd,0,0.6000000000000001,0.6935286935286935
e2_uci,kin8nm,mcd,0,0.6500000000000001,0.7606837606837606
e2_uci,kin8nm,mcd,0,0.7000000000000001,0.8168498168498168
e2_uci,kin8nm,mcd,0,0.7500000000000001,0.8644688644688645
e2_uci,kin8nm,mcd,0,0.8,0.9047619047619048
e2_uci,kin8nm,mcd,0,0.8500000000000001,0.9438339438339438
e2_uci,kin8nm,mcd,0,0.9000000000000001,0.9694749694749695
e2_uci,kin8nm,mcd,0,0.9500000000000001,0.9902319902319903
e2_uci,kin8nm,mcd,1,0.05,0.02197802197802198
e2_uci,kin8nm,mcd,1,0.1,0.042735042735042736
e2_uci,kin8nm,mcd,1,0.15000000000000002,0.08669108669108669
e2_uci,kin8nm,mcd,1,0.2,0.1221001221001221
e2_uci,kin8nm,mcd,1,0.25,0.18315018315018314
e2_uci,kin8nm,mcd,1,0.3,0.24786324786324787
e2_uci,kin8nm,mcd,1,0.35000000000000003,0.2979242979242979
e2_uci,kin8nm,mcd,1,0.4,0.36996336996337
e2_uci,kin8nm,mcd,1,0.45,0.43833943833943834
e2_uci,kin8nm,mcd,1,0.5,0.518925518925519
e2_uci,kin8nm,mcd,1,0.55,0.5811965811965812
e2_uci,kin8nm,mcd,1,0.6000000000000001,0.6605616605616605
e2_uci,kin8nm,mcd,1,0.6500000000000001,0.7301587301587301
e2_uci,kin8nm,mcd,1,0.7000000000000001,0.8034188034188035
e2_uci,kin8nm,mcd,1,0.7500000000000001,0.8571428571428571
e2_uci,kin8nm,mcd,1,0.8,0.8998778998778999
e2_uci,kin8nm,mcd,1,0.8500000000000001,0.9352869352869353
e2_uci,kin8nm,mcd,1,0.9000000000000001,0.967032967032967
e2_uci,kin8nm,mcd,1,0.9500000000000001,0.9853479853479854
e2_uci,kin8nm,mcd,2,0.05,0.01221001221001221
e2_uci,kin8nm,mcd,2,0.1,0.03418803418803419
e2_uci,kin8nm,mcd,2,0.15000000000000002,0.07936507936507936
e2_uci,kin8nm,mcd,2,0.2,0.11233211233211234
e2_uci,kin8nm,mcd,2,0.25,0.1575091575091575
e2_uci,kin8nm,mcd,2,0.3,0.21123321123321123
e2_uci,kin8nm,mcd,2,0.35000000000000003,0.2783882783882784
e2_uci,kin8nm,mcd,2,0.4,0.358974358974359
e2_uci,kin8nm,mcd,2,0.45,0.42002442002442003
e2_uci,kin8nm,mcd,2,0.5,0.49206349206349204
e2_uci,kin8nm,mcd,2,0.55,0.5714285714285714
e2_uci,kin8nm,mcd,2,0.6000000000000001,0.652014652014652
e2_uci,kin8nm,mcd,2,0.6500000000000001,0.7374847374847375
e2_uci,kin8nm,mcd,2,0.7000000000000001,0.7948717948717948
e2_uci,kin8nm,mcd,2,0.7500000000000001,0.851037851037851
e2_uci,kin8nm,mcd,2,0.8,0.9047619047619048
e2_uci,kin8nm,mcd,2,0.8500000000000001,0.9487179487179487
e2_uci,kin8nm,mcd,2,0.9000000000000001,0.9694749694749695
e2_uci,kin8nm,mcd,2,0.9500000000000001,0.9877899877899878
e2_uci,kin8nm,mcd,3,0.05,0.014652014652014652
e2_uci,kin8nm,mcd,3,0.1,0.04884004884004884
e2_uci,kin8nm,mcd,3,0.15000000000000002,0.07448107448107448
e2_uci,kin8nm,mcd,3,0.2,0.11965811965811966
e2_uci,kin8nm,mcd,3,0.25,0.1807081807081807
e2_uci,kin8nm,mcd,3,0.3,0.2222222222222222
e2_uci,kin8nm,mcd,3,0.35000000000000003,0.2783882783882784
e2_uci,kin8nm,mcd,3,0.4,0.33943833943833945
e2_uci,kin8nm,mcd,3,0.45,0.4126984126984127
e2_uci,kin8nm,mcd,3,0.5,0.5042735042735043
e2_uci,kin8nm,mcd,3,0.55,0.5775335775335775
e2_uci,kin8nm,mcd,3,0.6000000000000001,0.6568986568986569
e2_uci,kin8nm,mcd,3,0.6500000000000001,0.7521367521367521
e2_uci,kin8nm,mcd,3,0.7000000000000001,0.8058608058608059
e2_uci,kin8nm,mcd,3,0.7500000000000001,0.8644688644688645
e2_uci,kin8nm,mcd,3,0.8,0.9035409035409036
e2_uci,kin8nm,mcd,3,0.8500000000000001,0.938949938949939
e2_uci,kin8nm,mcd,3,0.9000000000000001,0.960927960927961
e2_uci,kin8nm,mcd,3,0.9500000000000001,0.9877899877899878
e2_uci,kin8nm,mcd,4,0.05,0.019536019536019536
e2_uci,kin8nm,mcd,4,0.1,0.054945054945054944
e2_uci,kin8nm,mcd,4,0.15000000000000002,0.08913308913308914
e2_uci,kin8nm,mcd,4,0.2,0.1343101343101343
e2_uci,kin8nm,mcd,4,0.25,0.17338217338217338
e2_uci,kin8nm,mcd,4,0.3,0.2271062271062271
e2_uci,kin8nm,mcd,4,0.35000000000000003,0.28205128205128205
e2_uci,kin8nm,mcd,4,0.4,0.3418803418803419
e2_uci,kin8nm,mcd,4,0.45,0.40293040293040294
e2_uci,kin8nm,mcd,4,0.5,0.46764346764346765
e2_uci,kin8nm,mcd,4,0.55,0.5384615384615384
e2_uci,kin8nm,mcd,4,0.6000000000000001,0.6105006105006106
e2_uci,kin8nm,mcd,4,0.6500000000000001,0.6984126984126984
e2_uci,kin8nm,mcd,4,0.7000000000000001,0.7667887667887668
e2_uci,kin8nm,mcd,4,0.7500000000000001,0.8192918192918193
e2_uci,kin8nm,mcd,4,0.8,0.8864468864468864
e2_uci,kin8nm,mcd,4,0.8500000000000001,0.938949938949939
e2_uci,kin8nm,mcd,4,0.9000000000000001,0.967032967032967
e2_uci,kin8nm,mcd,4,0.9500000000000001,0.9926739926739927
e2_uci,kin8nm,mcd,5,0.05,0.02197802197802198
e2_uci,kin8nm,mcd,5,0.1,0.042735042735042736
e2_uci,kin8nm,mcd,5,0.15000000000000002,0.06227106227106227
e2_uci,kin8nm,mcd,5,0.2,0.10378510378510379
e2_uci,kin8nm,mcd,5,0.25,0.1575091575091575
e2_uci,kin8nm,mcd,5,0.3,0.21001221001221002
e2_uci,kin8nm,mcd,5,0.35000000000000003,0.2503052503052503
e2_uci,kin8nm,mcd,5,0.4,0.3028083028083028
e2_uci,kin8nm,mcd,5,0.45,0.3601953601953602
e2_uci,kin8nm,mcd,5,0.5,0.4236874236874237
e2_uci,kin8nm,mcd,5,0.55,0.48595848595848595
e2_uci,kin8nm,mcd,5,0.6000000000000001,0.5433455433455433
e2_uci,kin8nm,mcd,5,0.6500000000000001,0.6239316239316239
e2_uci,kin8nm,mcd,5,0.7000000000000001,0.6898656898656899
e2_uci,kin8nm,mcd,5,0.7500000000000001,0.7643467643467643
e2_uci,kin8nm,mcd,5,0.8,0.8351648351648352
e2_uci,kin8nm,mcd,5,0.8500000000000001,0.9010989010989011
e2_uci,kin8nm,mcd,5,0.9000000000000001,0.9401709401709402
e2_uci,kin8nm,mcd,5,0.9500000000000001,0.9816849816849816
e2_uci,kin8nm,mcd,6,0.05,0.013431013431013432
e2_uci,kin8nm,mcd,6,0.1,0.0231990231990232
e2_uci,kin8nm,mcd,6,0.15000000000000002,0.045177045177045176
e2_uci,kin8nm,mcd,6,0.2,0.08547008547008547
e2_uci,kin8nm,mcd,6,0.25,0.1330891330891331
e2_uci,kin8nm,mcd,6,0.3,0.17582417582417584
e2_uci,kin8nm,mcd,6,0.35000000000000003,0.221001221001221
e2_uci,kin8nm,mcd,6,0.4,0.2783882783882784
e2_uci,kin8nm,mcd,6,0.45,0.3418803418803419
e2_uci,kin8nm,mcd,6,0.5,0.42002442002442003
e2_uci,kin8nm,mcd,6,0.55,0.4993894993894994
e2_uci,kin8nm,mcd,6,0.6000000000000001,0.5958485958485958
e2_uci,kin8nm,mcd,6,0.6500000000000001,0.663003663003663
e2_uci,kin8nm,mcd,6,0.7000000000000001,0.7423687423687424
e2_uci,kin8nm,mcd,6,0.7500000000000001,0.8058608058608059
e2_uci,kin8nm,mcd,6,0.8,0.8595848595848596
e2_uci,kin8nm,mcd,6,0.8500000000000001,0.9120879120879121
e2_uci,kin8nm,mcd,6,0.9000000000000001,0.9536019536019537
e2_uci,kin8nm,mcd,6,0.9500000000000001,0.9792429792429792
e2_uci,kin8nm,mcd,7,0.05,0.019536019536019536
e2_uci,kin8nm,mcd,7,0.1,0.05616605616605617
e2_uci,kin8nm,mcd,7,0.15000000000000002,0.10134310134310134
e2_uci,kin8nm,mcd,7,0.2,0.14041514041514042
e2_uci,kin8nm,mcd,7,0.25,0.1807081807081807
e2_uci,kin8nm,mcd,7,0.3,0.24786324786324787
e2_uci,kin8nm,mcd,7,0.35000000000000003,0.32234432234432236
e2_uci,kin8nm,mcd,7,0.4,0.3956043956043956
e2_uci,kin8nm,mcd,7,0.45,0.4652014652014652
e2_uci,kin8nm,mcd,7,0.5,0.5457875457875457
e2_uci,kin8nm,mcd,7,0.55,0.6190476190476191
e2_uci,kin8nm,mcd,7,0.6000000000000001,0.6971916971916972
e2_uci,kin8nm,mcd,7,0.6500000000000001,0.7655677655677655
e2_uci,kin8nm,mcd,7,0.7000000000000001,0.8156288156288156
e2_uci,kin8nm,mcd,7,0.7500000000000001,0.8669108669108669
e2_uci,kin8nm,mcd,7,0.8,0.9169719169719169
e2_uci,kin8nm,mcd,7,0.8500000000000001,0.9511599511599511
e2_uci,kin8nm,mcd,7,0.9000000000000001,0.9768009768009768
e2_uci,kin8nm,mcd,7,0.9500000000000001,0.9902319902319903
e2_uci,kin8nm,mcd,8,0.05,0.013431013431013432
e2_uci,kin8nm,mcd,8,0.1,0.03785103785103785
e2_uci,kin8nm,mcd,8,0.15000000000000002,0.05982905982905983
e2_uci,kin8nm,mcd,8,0.2,0.09523809523809523
e2_uci,kin8nm,mcd,8,0.25,0.14407814407814407
e2_uci,kin8nm,mcd,8,0.3,0.199023199023199
e2_uci,kin8nm,mcd,8,0.35000000000000003,0.2564102564102564
e2_uci,kin8nm,mcd,8,0.4,0.3199023199023199
e2_uci,kin8nm,mcd,8,0.45,0.3956043956043956
e2_uci,kin8nm,mcd,8,0.5,0.47619047619047616
e2_uci,kin8nm,mcd,8,0.55,0.5433455433455433
e2_uci,kin8nm,mcd,8,0.6000000000000001,0.6068376068376068
e2_uci,kin8nm,mcd,8,0.6500000000000001,0.6752136752136753
e2_uci,kin8nm,mcd,8,0.7000000000000001,0.7362637362637363
e2_uci,kin8nm,mcd,8,0.7500000000000001,0.800976800976801
e2_uci,kin8nm,mcd,8,0.8,0.8583638583638583
e2_uci,kin8nm,mcd,8,0.8500000000000001,0.9108669108669109
e2_uci,kin8nm,mcd,8,0.9000000000000001,0.9511599511599511
e2_uci,kin8nm,mcd,8,0.9500000000000001,0.9829059829059829
e2_uci,kin8nm,mcd,9,0.05,0.01221001221001221
e2_uci,kin8nm,mcd,9,0.1,0.042735042735042736
e2_uci,kin8nm,mcd,9,0.15000000000000002,0.07448107448107448
e2_uci,kin8nm,mcd,9,0.2,0.12332112332112333
e2_uci,kin8nm,mcd,9,0.25,0.16483516483516483
e2_uci,kin8nm,mcd,9,0.3,0.22344322344322345
e2_uci,kin8nm,mcd,9,0.35000000000000003,0.2844932844932845
e2_uci,kin8nm,mcd,9,0.4,0.3431013431013431
e2_uci,kin8nm,mcd,9,0.45,0.41514041514041516
e2_uci,kin8nm,mcd,9,0.5,0.4945054945054945
e2_uci,kin8nm,mcd,9,0.55,0.5775335775335775
e2_uci,kin8nm,mcd,9,0.6000000000000001,0.6605616605616605
e2_uci,kin8nm,mcd,9,0.6500000000000001,0.7350427350427351
e2_uci,kin8nm,mcd,9,0.7000000000000001,0.8046398046398047
e2_uci,kin8nm,mcd,9,0.7500000000000001,0.8522588522588522
e2_uci,kin8nm,mcd,9,0.8,0.8974358974358975
e2_uci,kin8nm,mcd,9,0.8500000000000001,0.9352869352869353
e2_uci,kin8nm,mcd,9,0.9000000000000001,0.9548229548229549
e2_uci,kin8nm,mcd,9,0.9500000000000001,0.9816849816849816
e2_uci,kin8nm,mcd,10,0.05,0.014652014652014652
e2_uci,kin8nm,mcd,10,0.1,0.04395604395604396
e2_uci,kin8nm,mcd,10,0.15000000000000002,0.06837606837606838
e2_uci,kin8nm,mcd,10,0.2,0.10012210012210013
e2_uci,kin8nm,mcd,10,0.25,0.1452991452991453
e2_uci,kin8nm,mcd,10,0.3,0.18925518925518925
e2_uci,kin8nm,mcd,10,0.35000000000000003,0.24053724053724054
e2_uci,kin8nm,mcd,10,0.4,0.3064713064713065
e2_uci,kin8nm,mcd,10,0.45,0.3553113553113553
e2_uci,kin8nm,mcd,10,0.5,0.43101343101343104
e2_uci,kin8nm,mcd,10,0.55,0.5054945054945055
e2_uci,kin8nm,mcd,10,0.6000000000000001,0.5897435897435898
e2_uci,kin8nm,mcd,10,0.6500000000000001,0.6666666666666666
e2_uci,kin8nm,mcd,10,0.7000000000000001,0.7484737484737485
e2_uci,kin8nm,mcd,10,0.7500000000000001,0.8302808302808303
e2_uci,kin8nm,mcd,10,0.8,0.8852258852258852
e2_uci,kin8nm,mcd,10,0.8500000000000001,0.9291819291819292
e2_uci,kin8nm,mcd,10,0.9000000000000001,0.9621489621489622
e2_uci,kin8nm,mcd,10,0.9500000000000001,0.9841269841269841
e2_uci,kin8nm,mcd,11,0.05,0.020757020757020756
e2_uci,kin8nm,mcd,11,0.1,0.045177045177045176
e2_uci,kin8nm,mcd,11,0.15000000000000002,0.08424908424908426
e2_uci,kin8nm,mcd,11,0.2,0.13553113553113552
e2_uci,kin8nm,mcd,11,0.25,0.17704517704517705
e2_uci,kin8nm,mcd,11,0.3,0.24297924297924298
e2_uci,kin8nm,mcd,11,0.35000000000000003,0.3028083028083028
e2_uci,kin8nm,mcd,11,0.4,0.3626373626373626
e2_uci,kin8nm,mcd,11,0.45,0.42246642246642246
e2_uci,kin8nm,mcd,11,0.5,0.4981684981684982
e2_uci,kin8nm,mcd,11,0.55,0.5592185592185592
e2_uci,kin8nm,mcd,11,0.6000000000000001,0.6324786324786325
e2_uci,kin8nm,mcd,11,0.6500000000000001,0.6947496947496947
e2_uci,kin8nm,mcd,11,0.7000000000000001,0.7643467643467643
e2_uci,kin8nm,mcd,11,0.7500000000000001,0.8217338217338217
e2_uci,kin8nm,mcd,11,0.8,0.8742368742368742
e2_uci,kin8nm,mcd,11,0.8500000000000001,0.9218559218559218
e2_uci,kin8nm,mcd,11,0.9000000000000001,0.9499389499389499
e2_uci,kin8nm,mcd,11,0.9500000000000001,0.9816849816849816
e2_uci,kin8nm,mcd,12,0.05,0.0231990231990232
e2_uci,kin8nm,mcd,12,0.1,0.04151404151404151
e2_uci,kin8nm,mcd,12,0.15000000000000002,0.0695970695970696
e2_uci,kin8nm,mcd,12,0.2,0.115995115995116
e2_uci,kin8nm,mcd,12,0.25,0.17094017094017094
e2_uci,kin8nm,mcd,12,0.3,0.23687423687423687
e2_uci,kin8nm,mcd,12,0.35000000000000003,0.29426129426129427
e2_uci,kin8nm,mcd,12,0.4,0.36507936507936506
e2_uci,kin8nm,mcd,12,0.45,0.4346764346764347
e2_uci,kin8nm,mcd,12,0.5,0.5103785103785103
e2_uci,kin8nm,mcd,12,0.55,0.5775335775335775
e2_uci,kin8nm,mcd,12,0.6000000000000001,0.6642246642246642
e2_uci,kin8nm,mcd,12,0.6500000000000001,0.7277167277167277
e2_uci,kin8nm,mcd,12,0.7000000000000001,0.7814407814407814
e2_uci,kin8nm,mcd,12,0.7500000000000001,0.8424908424908425
e2_uci,kin8nm,mcd,12,0.8,0.884004884004884
e2_uci,kin8nm,mcd,12,0.8500000000000001,0.9328449328449329
e2_uci,kin8nm,mcd,12,0.9000000000000001,0.9548229548229549
e2_uci,kin8nm,mcd,12,0.9500000000000001,0.9853479853479854
e2_uci,kin8nm,mcd,13,0.05,0.02197802197802198
e2_uci,kin8nm,mcd,13,0.1,0.04395604395604396
e2_uci,kin8nm,mcd,13,0.15000000000000002,0.06837606837606838
e2_uci,kin8nm,mcd,13,0.2,0.1111111111111111
e2_uci,kin8nm,mcd,13,0.25,0.15018315018315018
e2_uci,kin8nm,mcd,13,0.3,0.21733821733821734
e2_uci,kin8nm,mcd,13,0.35000000000000003,0.27350427350427353
e2_uci,kin8nm,mcd,13,0.4,0.33943833943833945
e2_uci,kin8nm,mcd,13,0.45,0.4236874236874237
e2_uci,kin8nm,mcd,13,0.5,0.5177045177045178
e2_uci,kin8nm,mcd,13,0.55,0.590964590964591
e2_uci,kin8nm,mcd,13,0.6000000000000001,0.6678876678876678
e2_uci,kin8nm,mcd,13,0.6500000000000001,0.7228327228327228
e2_uci,kin8nm,mcd,13,0.7000000000000001,0.7851037851037851
e2_uci,kin8nm,mcd,13,0.7500000000000001,0.8315018315018315
e2_uci,kin8nm,mcd,13,0.8,0.8815628815628815
e2_uci,kin8nm,mcd,13,0.8500000000000001,0.9145299145299145
e2_uci,kin8nm,mcd,13,0.9000000000000001,0.9548229548229549
e2_uci,kin8nm,mcd,13,0.9500000000000001,0.9804639804639804
e2_uci,kin8nm,mcd,14,0.05,0.01221001221001221
e2_uci,kin8nm,mcd,14,0.1,0.03907203907203907
e2_uci,kin8nm,mcd,14,0.15000000000000002,0.06593406593406594
e2_uci,kin8nm,mcd,14,0.2,0.10134310134310134
e2_uci,kin8nm,mcd,14,0.25,0.14163614163614163
e2_uci,kin8nm,mcd,14,0.3,0.20634920634920634
e2_uci,kin8nm,mcd,14,0.35000000000000003,0.27472527472527475
e2_uci,kin8nm,mcd,14,0.4,0.3418803418803419
e2_uci,kin8nm,mcd,14,0.45,0.41025641025641024
e2_uci,kin8nm,mcd,14,0.5,0.48473748473748474
e2_uci,kin8nm,mcd,14,0.55,0.5616605616605617
e2_uci,kin8nm,mcd,14,0.6000000000000001,0.6312576312576312
e2_uci,kin8nm,mcd,14,0.6500000000000001,0.7008547008547008
e2_uci,kin8nm,mcd,14,0.7000000000000001,0.7704517704517705
e2_uci,kin8nm,mcd,14,0.7500000000000001,0.8351648351648352
e2_uci,kin8nm,mcd,14,0.8,0.8925518925518926
e2_uci,kin8nm,mcd,14,0.8500000000000001,0.9328449328449329
e2_uci,kin8nm,mcd,14,0.9000000000000001,0.9572649572649573
e2_uci,kin8nm,mcd,14,0.9500000000000001,0.9914529914529915
e2_uci,kin8nm,mcd,15,0.05,0.01098901098901099
e2_uci,kin8nm,mcd,15,0.1,0.018315018315018316
e2_uci,kin8nm,mcd,15,0.15000000000000002,0.0463980463980464
e2_uci,kin8nm,mcd,15,0.2,0.0695970695970696
e2_uci,kin8nm,mcd,15,0.25,0.09645909645909646
e2_uci,kin8nm,mcd,15,0.3,0.1391941391941392
e2_uci,kin8nm,mcd,15,0.35000000000000003,0.1855921855921856
e2_uci,kin8nm,mcd,15,0.4,0.24664224664224665
e2_uci,kin8nm,mcd,15,0.45,0.31013431013431014
e2_uci,kin8nm,mcd,15,0.5,0.36507936507936506
e2_uci,kin8nm,mcd,15,0.55,0.42124542124542125
e2_uci,kin8nm,mcd,15,0.6000000000000001,0.4932844932844933
e2_uci,kin8nm,mcd,15,0.6500000000000001,0.57997557997558
e2_uci,kin8nm,mcd,15,0.7000000000000001,0.6752136752136753
e2_uci,kin8nm,mcd,15,0.7500000000000001,0.7362637362637363
e2_uci,kin8nm,mcd,15,0.8,0.8046398046398047
e2_uci,kin8nm,mcd,15,0.8500000000000001,0.8754578754578755
e2_uci,kin8nm,mcd,15,0.9000000000000001,0.9242979242979243
e2_uci,kin8nm,mcd,15,0.9500000000000001,0.9792429792429792
e2_uci,kin8nm,mcd,16,0.05,0.031746031746031744
e2_uci,kin8nm,mcd,16,0.1,0.08424908424908426
e2_uci,kin8nm,mcd,16,0.15000000000000002,0.13186813186813187
e2_uci,kin8nm,mcd,16,0.2,0.18681318681318682
e2_uci,kin8nm,mcd,16,0.25,0.25518925518925517
e2_uci,kin8nm,mcd,16,0.3,0.33455433455433453
e2_uci,kin8nm,mcd,16,0.35000000000000003,0.4065934065934066
e2_uci,kin8nm,mcd,16,0.4,0.48473748473748474
e2_uci,kin8nm,mcd,16,0.45,0.5616605616605617
e2_uci,kin8nm,mcd,16,0.5,0.6288156288156288
e2_uci,kin8nm,mcd,16,0.55,0.6984126984126984
e2_uci,kin8nm,mcd,16,0.6000000000000001,0.7716727716727717
e2_uci,kin8nm,mcd,16,0.6500000000000001,0.8266178266178266
e2_uci,kin8nm,mcd,16,0.7000000000000001,0.8827838827838828
e2_uci,kin8nm,mcd,16,0.7500000000000001,0.9120879120879121
e2_uci,kin8nm,mcd,16,0.8,0.9377289377289377
e2_uci,kin8nm,mcd,16,0.8500000000000001,0.9548229548229549
e2_uci,kin8nm,mcd,16,0.9000000000000001,0.9731379731379731
e2_uci,kin8nm,mcd,16,0.9500000000000001,0.9914529914529915
e2_uci,kin8nm,mcd,17,0.05,0.014652014652014652
e2_uci,kin8nm,mcd,17,0.1,0.05128205128205128
e2_uci,kin8nm,mcd,17,0.15000000000000002,0.08058608058608059
e2_uci,kin8nm,mcd,17,0.2,0.11477411477411477
e2_uci,kin8nm,mcd,17,0.25,0.17338217338217338
e2_uci,kin8nm,mcd,17,0.3,0.23565323565323565
e2_uci,kin8nm,mcd,17,0.35000000000000003,0.29426129426129427
e2_uci,kin8nm,mcd,17,0.4,0.3516483516483517
e2_uci,kin8nm,mcd,17,0.45,0.4261294261294261
e2_uci,kin8nm,mcd,17,0.5,0.48717948717948717
e2_uci,kin8nm,mcd,17,0.55,0.5775335775335775
e2_uci,kin8nm,mcd,17,0.6000000000000001,0.6678876678876678
e2_uci,kin8nm,mcd,17,0.6500000000000001,0.7326007326007326
e2_uci,kin8nm,mcd,17,0.7000000000000001,0.7863247863247863
e2_uci,kin8nm,mcd,17,0.7500000000000001,0.8363858363858364
e2_uci,kin8nm,mcd,17,0.8,0.8876678876678876
e2_uci,kin8nm,mcd,17,0.8500000000000001,0.9181929181929182
e2_uci,kin8nm,mcd,17,0.9000000000000001,0.9523809523809523
e2_uci,kin8nm,mcd,17,0.9500000000000001,0.9853479853479854
e2_uci,kin8nm,mcd,18,0.05,0.029304029304029304
e2_uci,kin8nm,mcd,18,0.1,0.05982905982905983
e2_uci,kin8nm,mcd,18,0.15000000000000002,0.0989010989010989
e2_uci,kin8nm,mcd,18,0.2,0.1343101343101343
e2_uci,kin8nm,mcd,18,0.25,0.18925518925518925
e2_uci,kin8nm,mcd,18,0.3,0.23321123321123322
e2_uci,kin8nm,mcd,18,0.35000000000000003,0.28815628815628813
e2_uci,kin8nm,mcd,18,0.4,0.3443223443223443
e2_uci,kin8nm,mcd,18,0.45,0.409035409035409
e2_uci,kin8nm,mcd,18,0.5,0.46886446886446886
e2_uci,kin8nm,mcd,18,0.55,0.5299145299145299
e2_uci,kin8nm,mcd,18,0.6000000000000001,0.6178266178266179
e2_uci,kin8nm,mcd,18,0.6500000000000001,0.6886446886446886
e2_uci,kin8nm,mcd,18,0.7000000000000001,0.7496947496947497
e2_uci,kin8nm,mcd,18,0.7500000000000001,0.8217338217338217
e2_uci,kin8nm,mcd,18,0.8,0.8693528693528694
e2_uci,kin8nm,mcd,18,0.8500000000000001,0.9169719169719169
e2_uci,kin8nm,mcd,18,0.9000000000000001,0.9511599511599511
e2_uci,kin8nm,mcd,18,0.9500000000000001,0.9792429792429792
e2_uci,kin8nm,mcd,19,0.05,0.019536019536019536
e2_uci,kin8nm,mcd,19,0.1,0.04151404151404151
e2_uci,kin8nm,mcd,19,0.15000000000000002,0.08424908424908426
e2_uci,kin8nm,mcd,19,0.2,0.13797313797313798
e2_uci,kin8nm,mcd,19,0.25,0.18192918192918192
e2_uci,kin8nm,mcd,19,0.3,0.24664224664224665
e2_uci,kin8nm,mcd,19,0.35000000000000003,0.29181929181929184
e2_uci,kin8nm,mcd,19,0.4,0.36385836385836384
e2_uci,kin8nm,mcd,19,0.45,0.4444444444444444
e2_uci,kin8nm,mcd,19,0.5,0.5225885225885226
e2_uci,kin8nm,mcd,19,0.55,0.5885225885225885
e2_uci,kin8nm,mcd,19,0.6000000000000001,0.6898656898656899
e2_uci,kin8nm,mcd,19,0.6500000000000001,0.7509157509157509
e2_uci,kin8nm,mcd,19,0.7000000000000001,0.8131868131868132
e2_uci,kin8nm,mcd,19,0.7500000000000001,0.8681318681318682
e2_uci,kin8nm,mcd,19,0.8,0.9133089133089133
e2_uci,kin8nm,mcd,19,0.8500000000000001,0.9474969474969475
e2_uci,kin8nm,mcd,19,0.9000000000000001,0.9694749694749695
e2_uci,kin8nm,mcd,19,0.9500000000000001,0.9865689865689866
e2_uci,power_plant,mcd,0,0.05,0.03343782654127482
e2_uci,power_plant,mcd,0,0.1,0.09195402298850575
e2_uci,power_plant,mcd,0,0.15000000000000002,0.14733542319749215
e2_uci,power_plant,mcd,0,0.2,0.2110762800417973
e2_uci,power_plant,mcd,0,0.25,0.2716823406478579
e2_uci,power_plant,mcd,0,0.3,0.32601880877742945
e2_uci,power_plant,mcd,0,0.35000000000000003,0.38140020898641586
e2_uci,power_plant,mcd,0,0.4,0.4346917450365726
e2_uci,power_plant,mcd,0,0.45,0.49738766980146293
e2_uci,power_plant,mcd,0,0.5,0.5464994775339603
e2_uci,power_plant,mcd,0,0.55,0.5977011494252874
e2_uci,power_plant,mcd,0,0.6000000000000001,0.6415882967607106
e2_uci,power_plant,mcd,0,0.6500000000000001,0.690700104493208
e2_uci,power_plant,mcd,0,0.7000000000000001,0.7471264367816092
e2_uci,power_plant,mcd,0,0.7500000000000001,0.8077324973876698
e2_uci,power_plant,mcd,0,0.8,0.857889237199582
e2_uci,power_plant,mcd,0,0.8500000000000001,0.8934169278996865
e2_uci,power_plant,mcd,0,0.9000000000000001,0.9278996865203761
e2_uci,power_plant,mcd,0,0.9500000000000001,0.96760710553814
e2_uci,power_plant,mcd,1,0.05,0.030303030303030304
e2_uci,power_plant,mcd,1,0.1,0.06165099268547544
e2_uci,power_plant,mcd,1,0.15000000000000002,0.09404388714733543
e2_uci,power_plant,mcd,1,0.2,0.15256008359456635
e2_uci,power_plant,mcd,1,0.25,0.20480668756530826
e2_uci,power_plant,mcd,1,0.3,0.27377220480668757
e2_uci,power_plant,mcd,1,0.35000000000000003,0.33124346917450365
e2_uci,power_plant,mcd,1,0.4,0.3824451410658307
e2_uci,power_plant,mcd,1,0.45,0.4555903866248694
e2_uci,power_plant,mcd,1,0.5,0.49843260188087773
e2_uci,power_plant,mcd,1,0.55,0.5444096133751306
e2_uci,power_plant,mcd,1,0.6000000000000001,0.6018808777429467
e2_uci,power_plant,mcd,1,0.6500000000000001,0.6593521421107628
e2_uci,power_plant,mcd,1,0.7000000000000001,0.723092998955068
e2_uci,power_plant,mcd,1,0.7500000000000001,0.7763845350052246
e2_uci,power_plant,mcd,1,0.8,0.8286311389759665
e2_uci,power_plant,mcd,1,0.8500000000000001,0.8808777429467085
e2_uci,power_plant,mcd,1,0.9000000000000001,0.9362591431556949
e2_uci,power_plant,mcd,1,0.9500000000000001,0.9696969696969697
e2_uci,power_plant,mcd,2,0.05,0.02089864158829676
e2_uci,power_plant,mcd,2,0.1,0.042842215256008356
e2_uci,power_plant,mcd,2,0.15000000000000002,0.07314524555903866
e2_uci,power_plant,mcd,2,0.2,0.109717868338558
e2_uci,power_plant,mcd,2,0.25,0.14315569487983282
e2_uci,power_plant,mcd,2,0.3,0.19853709508881923
e2_uci,power_plant,mcd,2,0.35000000000000003,0.24242424242424243
e2_uci,power_plant,mcd,2,0.4,0.30407523510971785
e2_uci,power_plant,mcd,2,0.45,0.35318704284221525
e2_uci,power_plant,mcd,2,0.5,0.4221525600835946
e2_uci,power_plant,mcd,2,0.55,0.47335423197492166
e2_uci,power_plant,mcd,2,0.6000000000000001,0.5088819226750261
e2_uci,power_plant,mcd,2,0.6500000000000001,0.5642633228840125
e2_uci,power_plant,mcd,2,0.7000000000000001,0.6332288401253918
e2_uci,power_plant,mcd,2,0.7500000000000001,0.7011494252873564
e2_uci,power_plant,mcd,2,0.8,0.7628004179728317
e2_uci,power_plant,mcd,2,0.8500000000000001,0.8181818181818182
e2_uci,power_plant,mcd,2,0.9000000000000001,0.8881922675026124
e2_uci,power_plant,mcd,2,0.9500000000000001,0.9487983281086729
e2_uci,power_plant,mcd,3,0.05,0.029258098223615466
e2_uci,power_plant,mcd,3,0.1,0.06583072100313479
e2_uci,power_plant,mcd,3,0.15000000000000002,0.09926854754440961
e2_uci,power_plant,mcd,3,0.2,0.14315569487983282
e2_uci,power_plant,mcd,3,0.25,0.19331243469174503
e2_uci,power_plant,mcd,3,0.3,0.2476489028213166
e2_uci,power_plant,mcd,3,0.35000000000000003,0.296760710553814
e2_uci,power_plant,mcd,3,0.4,0.3375130616509927
e2_uci,power_plant,mcd,3,0.45,0.3887147335423197
e2_uci,power_plant,mcd,3,0.5,0.44723092998955066
e2_uci,power_plant,mcd,3,0.55,0.5005224660397074
e2_uci,power_plant,mcd,3,0.6000000000000001,0.5538140020898642
e2_uci,power_plant,mcd,3,0.6500000000000001,0.6039707419017764
e2_uci,power_plant,mcd,3,0.7000000000000001,0.6666666666666666
e2_uci,power_plant,mcd,3,0.7500000000000001,0.7304075235109718
e2_uci,power_plant,mcd,3,0.8,0.7910135841170324
e2_uci,power_plant,mcd,3,0.8500000000000001,0.851619644723093
e2_uci,power_plant,mcd,3,0.9000000000000001,0.9080459770114943
e2_uci,power_plant,mcd,3,0.9500000000000001,0.9634273772204807
e2_uci,power_plant,mcd,4,0.05,0.04179728317659352
e2_uci,power_plant,mcd,4,0.1,0.07628004179728318
e2_uci,power_plant,mcd,4,0.15000000000000002,0.12852664576802508
e2_uci,power_plant,mcd,4,0.2,0.1922675026123302
e2_uci,power_plant,mcd,4,0.25,0.24869383490073146
e2_uci,power_plant,mcd,4,0.3,0.2946708463949843
e2_uci,power_plant,mcd,4,0.35000000000000003,0.3510971786833856
e2_uci,power_plant,mcd,4,0.4,0.400208986415883
e2_uci,power_plant,mcd,4,0.45,0.45977011494252873
e2_uci,power_plant,mcd,4,0.5,0.5109717868338558
e2_uci,power_plant,mcd,4,0.55,0.5600835945663531
e2_uci,power_plant,mcd,4,0.6000000000000001,0.6029258098223615
e2_uci,power_plant,mcd,4,0.6500000000000001,0.6530825496342738
e2_uci,power_plant,mcd,4,0.7000000000000001,0.709508881922675
e2_uci,power_plant,mcd,4,0.7500000000000001,0.7607105538140021
e2_uci,power_plant,mcd,4,0.8,0.8087774294670846
e2_uci,power_plant,mcd,4,0.8500000000000001,0.857889237199582
e2_uci,power_plant,mcd,4,0.9000000000000001,0.9111807732497388
e2_uci,power_plant,mcd,4,0.9500000000000001,0.9561128526645768
e2_uci,power_plant,mcd,5,0.05,0.04597701149425287
e2_uci,power_plant,mcd,5,0.1,0.11389759665621735
e2_uci,power_plant,mcd,5,0.15000000000000002,0.17450365726227796
e2_uci,power_plant,mcd,5,0.2,0.24033437826541273
e2_uci,power_plant,mcd,5,0.25,0.2988505747126437
e2_uci,power_plant,mcd,5,0.3,0.3573667711598746
e2_uci,power_plant,mcd,5,0.35000000000000003,0.41379310344827586
e2_uci,power_plant,mcd,5,0.4,0.46917450365726227
e2_uci,power_plant,mcd,5,0.45,0.522466039707419
e2_uci,power_plant,mcd,5,0.5,0.5632183908045977
e2_uci,power_plant,mcd,5,0.55,0.6123301985370951
e2_uci,power_plant,mcd,5,0.6000000000000001,0.6718913270637409
e2_uci,power_plant,mcd,5,0.6500000000000001,0.7304075235109718
e2_uci,power_plant,mcd,5,0.7000000000000001,0.7753396029258098
e2_uci,power_plant,mcd,5,0.7500000000000001,0.8369905956112853
e2_uci,power_plant,mcd,5,0.8,0.8913270637408568
e2_uci,power_plant,mcd,5,0.8500000000000001,0.928944618599791
e2_uci,power_plant,mcd,5,0.9000000000000001,0.9561128526645768
e2_uci,power_plant,mcd,5,0.9500000000000001,0.9843260188087775
e2_uci,power_plant,mcd,6,0.05,0.02821316614420063
e2_uci,power_plant,mcd,6,0.1,0.05747126436781609
e2_uci,power_plant,mcd,6,0.15000000000000002,0.10658307210031348
e2_uci,power_plant,mcd,6,0.2,0.15569487983281086
e2_uci,power_plant,mcd,6,0.25,0.20794148380355276
e2_uci,power_plant,mcd,6,0.3,0.258098223615465
e2_uci,power_plant,mcd,6,0.35000000000000003,0.3072100313479624
e2_uci,power_plant,mcd,6,0.4,0.35318704284221525
e2_uci,power_plant,mcd,6,0.45,0.40752351097178685
e2_uci,power_plant,mcd,6,0.5,0.45768025078369906
e2_uci,power_plant,mcd,6,0.55,0.5078369905956113
e2_uci,power_plant,mcd,6,0.6000000000000001,0.5506792058516197
e2_uci,power_plant,mcd,6,0.6500000000000001,0.6091954022988506
e2_uci,power_plant,mcd,6,0.7000000000000001,0.6687565308254964
e2_uci,power_plant,mcd,6,0.7500000000000001,0.7241379310344828
e2_uci,power_plant,mcd,6,0.8,0.7847439916405433
e2_uci,power_plant,mcd,6,0.8500000000000001,0.832810867293626
e2_uci,power_plant,mcd,6,0.9000000000000001,0.8996865203761756
e2_uci,power_plant,mcd,6,0.9500000000000001,0.9592476489028213
e2_uci,power_plant,mcd,7,0.05,0.017763845350052248
e2_uci,power_plant,mcd,7,0.1,0.04597701149425287
e2_uci,power_plant,mcd,7,0.15000000000000002,0.09404388714733543
e2_uci,power_plant,mcd,7,0.2,0.13793103448275862
e2_uci,power_plant,mcd,7,0.25,0.19853709508881923
e2_uci,power_plant,mcd,7,0.3,0.2507836990595611
e2_uci,power_plant,mcd,7,0.35000000000000003,0.2998955067920585
e2_uci,power_plant,mcd,7,0.4,0.3406478578892372
e2_uci,power_plant,mcd,7,0.45,0.3876698014629049
e2_uci,power_plant,mcd,7,0.5,0.4399164054336468
e2_uci,power_plant,mcd,7,0.55,0.48484848484848486
e2_uci,power_plant,mcd,7,0.6000000000000001,0.5391849529780565
e2_uci,power_plant,mcd,7,0.6500000000000001,0.5945663531870429
e2_uci,power_plant,mcd,7,0.7000000000000001,0.6478578892371996
e2_uci,power_plant,mcd,7,0.7500000000000001,0.703239289446186
e2_uci,power_plant,mcd,7,0.8,0.7617554858934169
e2_uci,power_plant,mcd,7,0.8500000000000001,0.8265412748171369
e2_uci,power_plant,mcd,7,0.9000000000000001,0.9007314524555904
e2_uci,power_plant,mcd,7,0.9500000000000001,0.9582027168234065
e2_uci,power_plant,mcd,8,0.05,0.02612330198537095
e2_uci,power_plant,mcd,8,0.1,0.0522466039707419
e2_uci,power_plant,mcd,8,0.15000000000000002,0.09404388714733543
e2_uci,power_plant,mcd,8,0.2,0.14733542319749215
e2_uci,power_plant,mcd,8,0.25,0.19644723092998956
e2_uci,power_plant,mcd,8,0.3,0.2507836990595611
e2_uci,power_plant,mcd,8,0.35000000000000003,0.3072100313479624
e2_uci,power_plant,mcd,8,0.4,0.35841170323928945
e2_uci,power_plant,mcd,8,0.45,0.4169278996865204
e2_uci,power_plant,mcd,8,0.5,0.47648902821316613
e2_uci,power_plant,mcd,8,0.55,0.5266457680250783
e2_uci,power_plant,mcd,8,0.6000000000000001,0.5841170323928945
e2_uci,power_plant,mcd,8,0.6500000000000001,0.6353187042842215
e2_uci,power_plant,mcd,8,0.7000000000000001,0.6896551724137931
e2_uci,power_plant,mcd,8,0.7500000000000001,0.754440961337513
e2_uci,power_plant,mcd,8,0.8,0.8171368861024033
e2_uci,power_plant,mcd,8,0.8500000000000001,0.8746081504702194
e2_uci,power_plant,mcd,8,0.9000000000000001,0.9174503657262278
e2_uci,power_plant,mcd,8,0.9500000000000001,0.9602925809822361
e2_uci,power_plant,mcd,9,0.05,0.03657262277951933
e2_uci,power_plant,mcd,9,0.1,0.09822361546499478
e2_uci,power_plant,mcd,9,0.15000000000000002,0.1588296760710554
e2_uci,power_plant,mcd,9,0.2,0.22048066875653083
e2_uci,power_plant,mcd,9,0.25,0.25287356321839083
e2_uci,power_plant,mcd,9,0.3,0.30094043887147337
e2_uci,power_plant,mcd,9,0.35000000000000003,0.361546499477534
e2_uci,power_plant,mcd,9,0.4,0.40334378265412746
e2_uci,power_plant,mcd,9,0.45,0.4608150470219436
e2_uci,power_plant,mcd,9,0.5,0.5182863113897597
e2_uci,power_plant,mcd,9,0.55,0.5726227795193313
e2_uci,power_plant,mcd,9,0.6000000000000001,0.625914315569488
e2_uci,power_plant,mcd,9,0.6500000000000001,0.6844305120167189
e2_uci,power_plant,mcd,9,0.7000000000000001,0.7408568443051202
e2_uci,power_plant,mcd,9,0.7500000000000001,0.7962382445141066
e2_uci,power_plant,mcd,9,0.8,0.851619644723093
e2_uci,power_plant,mcd,9,0.8500000000000001,0.8923719958202717
e2_uci,power_plant,mcd,9,0.9000000000000001,0.9435736677115988
e2_uci,power_plant,mcd,9,0.9500000000000001,0.9822361546499477
e2_uci,power_plant,mcd,10,0.05,0.034482758620689655
e2_uci,power_plant,mcd,10,0.1,0.07732497387669801
e2_uci,power_plant,mcd,10,0.15000000000000002,0.12539184952978055
e2_uci,power_plant,mcd,10,0.2,0.18495297805642633
e2_uci,power_plant,mcd,10,0.25,0.2361546499477534
e2_uci,power_plant,mcd,10,0.3,0.28422152560083597
e2_uci,power_plant,mcd,10,0.35000000000000003,0.3270637408568443
e2_uci,power_plant,mcd,10,0.4,0.3782654127481714
e2_uci,power_plant,mcd,10,0.45,0.41901776384535006
e2_uci,power_plant,mcd,10,0.5,0.4723092998955068
e2_uci,power_plant,mcd,10,0.55,0.5339602925809822
e2_uci,power_plant,mcd,10,0.6000000000000001,0.5778474399164054
e2_uci,power_plant,mcd,10,0.6500000000000001,0.6353187042842215
e2_uci,power_plant,mcd,10,0.7000000000000001,0.6792058516196448
e2_uci,power_plant,mcd,10,0.7500000000000001,0.7335423197492164
e2_uci,power_plant,mcd,10,0.8,0.7784743991640544
e2_uci,power_plant,mcd,10,0.8500000000000001,0.8380355276907001
e2_uci,power_plant,mcd,10,0.9000000000000001,0.9122257053291536
e2_uci,power_plant,mcd,10,0.9500000000000001,0.9623824451410659
e2_uci,power_plant,mcd,11,0.05,0.038662486938349006
e2_uci,power_plant,mcd,11,0.1,0.07732497387669801
e2_uci,power_plant,mcd,11,0.15000000000000002,0.12434691745036573
e2_uci,power_plant,mcd,11,0.2,0.17345872518286312
e2_uci,power_plant,mcd,11,0.25,0.24869383490073146
e2_uci,power_plant,mcd,11,0.3,0.3072100313479624
e2_uci,power_plant,mcd,11,0.35000000000000003,0.3458725182863114
e2_uci,power_plant,mcd,11,0.4,0.40229885057471265
e2_uci,power_plant,mcd,11,0.45,0.4535005224660397
e2_uci,power_plant,mcd,11,0.5,0.5120167189132706
e2_uci,power_plant,mcd,11,0.55,0.554858934169279
e2_uci,power_plant,mcd,11,0.6000000000000001,0.6144200626959248
e2_uci,power_plant,mcd,11,0.6500000000000001,0.6687565308254964
e2_uci,power_plant,mcd,11,0.7000000000000001,0.7272727272727273
e2_uci,power_plant,mcd,11,0.7500000000000001,0.7763845350052246
e2_uci,power_plant,mcd,11,0.8,0.8234064785788924
e2_uci,power_plant,mcd,11,0.8500000000000001,0.8829676071055381
e2_uci,power_plant,mcd,11,0.9000000000000001,0.9341692789968652
e2_uci,power_plant,mcd,11,0.9500000000000001,0.9665621734587252
e2_uci,power_plant,mcd,12,0.05,0.025078369905956112
e2_uci,power_plant,mcd,12,0.1,0.051201671891327065
e2_uci,power_plant,mcd,12,0.15000000000000002,0.08463949843260188
e2_uci,power_plant,mcd,12,0.2,0.12643678160919541
e2_uci,power_plant,mcd,12,0.25,0.180773249738767
e2_uci,power_plant,mcd,12,0.3,0.23406478578892373
e2_uci,power_plant,mcd,12,0.35000000000000003,0.2852664576802508
e2_uci,power_plant,mcd,12,0.4,0.34796238244514105
e2_uci,power_plant,mcd,12,0.45,0.3960292580982236
e2_uci,power_plant,mcd,12,0.5,0.44932079414838033
e2_uci,power_plant,mcd,12,0.55,0.5057471264367817
e2_uci,power_plant,mcd,12,0.6000000000000001,0.5527690700104493
e2_uci,power_plant,mcd,12,0.6500000000000001,0.6112852664576802
e2_uci,power_plant,mcd,12,0.7000000000000001,0.6656217345872518
e2_uci,power_plant,mcd,12,0.7500000000000001,0.7293625914315569
e2_uci,power_plant,mcd,12,0.8,0.7889237199582028
e2_uci,power_plant,mcd,12,0.8500000000000001,0.8537095088819227
e2_uci,power_plant,mcd,12,0.9000000000000001,0.9122257053291536
e2_uci,power_plant,mcd,12,0.9500000000000001,0.96760710553814
e2_uci,power_plant,mcd,13,0.05,0.03239289446185998
e2_uci,power_plant,mcd,13,0.1,0.08045977011494253
e2_uci,power_plant,mcd,13,0.15000000000000002,0.13479623824451412
e2_uci,power_plant,mcd,13,0.2,0.1839080459770115
e2_uci,power_plant,mcd,13,0.25,0.23719958202716823
e2_uci,power_plant,mcd,13,0.3,0.29258098223615464
e2_uci,power_plant,mcd,13,0.35000000000000003,0.3333333333333333
e2_uci,power_plant,mcd,13,0.4,0.3949843260188088
e2_uci,power_plant,mcd,13,0.45,0.45454545454545453
e2_uci,power_plant,mcd,13,0.5,0.5078369905956113
e2_uci,power_plant,mcd,13,0.55,0.5642633228840125
e2_uci,power_plant,mcd,13,0.6000000000000001,0.6102403343782654
e2_uci,power_plant,mcd,13,0.6500000000000001,0.658307210031348
e2_uci,power_plant,mcd,13,0.7000000000000001,0.7126436781609196
e2_uci,power_plant,mcd,13,0.7500000000000001,0.7732497387669801
e2_uci,power_plant,mcd,13,0.8,0.8338557993730408
e2_uci,power_plant,mcd,13,0.8500000000000001,0.8766980146290491
e2_uci,power_plant,mcd,13,0.9000000000000001,0.9174503657262278
e2_uci,power_plant,mcd,13,0.9500000000000001,0.9634273772204807
e2_uci,power_plant,mcd,14,0.05,0.025078369905956112
e2_uci,power_plant,mcd,14,0.1,0.03970741901776385
e2_uci,power_plant,mcd,14,0.15000000000000002,0.0741901776384535
e2_uci,power_plant,mcd,14,0.2,0.12016718913270637
e2_uci,power_plant,mcd,14,0.25,0.1786833855799373
e2_uci,power_plant,mcd,14,0.3,0.2277951933124347
e2_uci,power_plant,mcd,14,0.35000000000000003,0.2831765935214211
e2_uci,power_plant,mcd,14,0.4,0.34691745036572624
e2_uci,power_plant,mcd,14,0.45,0.3949843260188088
e2_uci,power_plant,mcd,14,0.5,0.4555903866248694
e2_uci,power_plant,mcd,14,0.55,0.48693834900731453
e2_uci,power_plant,mcd,14,0.6000000000000001,0.5350052246603971
e2_uci,power_plant,mcd,14,0.6500000000000001,0.5987460815047022
e2_uci,power_plant,mcd,14,0.7000000000000001,0.6603970741901777
e2_uci,power_plant,mcd,14,0.7500000000000001,0.7251828631138976
e2_uci,power_plant,mcd,14,0.8,0.7878787878787878
e2_uci,power_plant,mcd,14,0.8500000000000001,0.8390804597701149
e2_uci,power_plant,mcd,14,0.9000000000000001,0.9017763845350052
e2_uci,power_plant,mcd,14,0.9500000000000001,0.9477533960292581
e2_uci,power_plant,mcd,15,0.05,0.02821316614420063
e2_uci,power_plant,mcd,15,0.1,0.06792058516196448
e2_uci,power_plant,mcd,15,0.15000000000000002,0.11180773249738767
e2_uci,power_plant,mcd,15,0.2,0.1703239289446186
e2_uci,power_plant,mcd,15,0.25,0.21212121212121213
e2_uci,power_plant,mcd,15,0.3,0.27586206896551724
e2_uci,power_plant,mcd,15,0.35000000000000003,0.3385579937304075
e2_uci,power_plant,mcd,15,0.4,0.3834900731452456
e2_uci,power_plant,mcd,15,0.45,0.44096133751306166
e2_uci,power_plant,mcd,15,0.5,0.49007314524555906
e2_uci,power_plant,mcd,15,0.55,0.5412748171368861
e2_uci,power_plant,mcd,15,0.6000000000000001,0.5914315569487983
e2_uci,power_plant,mcd,15,0.6500000000000001,0.6363636363636364
e2_uci,power_plant,mcd,15,0.7000000000000001,0.7001044932079414
e2_uci,power_plant,mcd,15,0.7500000000000001,0.7596656217345873
e2_uci,power_plant,mcd,15,0.8,0.8160919540229885
e2_uci,power_plant,mcd,15,0.8500000000000001,0.8714733542319749
e2_uci,power_plant,mcd,15,0.9000000000000001,0.9268547544409613
e2_uci,power_plant,mcd,15,0.9500000000000001,0.9665621734587252
e2_uci,power_plant,mcd,16,0.05,0.018808777429467086
e2_uci,power_plant,mcd,16,0.1,0.05642633228840126
e2_uci,power_plant,mcd,16,0.15000000000000002,0.10344827586206896
e2_uci,power_plant,mcd,16,0.2,0.15464994775339602
e2_uci,power_plant,mcd,16,0.25,0.2006269592476489
e2_uci,power_plant,mcd,16,0.3,0.24555903866248693
e2_uci,power_plant,mcd,16,0.35000000000000003,0.29571577847439917
e2_uci,power_plant,mcd,16,0.4,0.36363636363636365
e2_uci,power_plant,mcd,16,0.45,0.4200626959247649
e2_uci,power_plant,mcd,16,0.5,0.47335423197492166
e2_uci,power_plant,mcd,16,0.55,0.542319749216301
e2_uci,power_plant,mcd,16,0.6000000000000001,0.5924764890282131
e2_uci,power_plant,mcd,16,0.6500000000000001,0.6489028213166145
e2_uci,power_plant,mcd,16,0.7000000000000001,0.6959247648902821
e2_uci,power_plant,mcd,16,0.7500000000000001,0.7460815047021944
e2_uci,power_plant,mcd,16,0.8,0.8035527690700105
e2_uci,power_plant,mcd,16,0.8500000000000001,0.857889237199582
e2_uci,power_plant,mcd,16,0.9000000000000001,0.9132706374085684
e2_uci,power_plant,mcd,16,0.9500000000000001,0.9665621734587252
e2_uci,power_plant,mcd,17,0.05,0.035527690700104496
e2_uci,power_plant,mcd,17,0.1,0.0741901776384535
e2_uci,power_plant,mcd,17,0.15000000000000002,0.11180773249738767
e2_uci,power_plant,mcd,17,0.2,0.16405433646812956
e2_uci,power_plant,mcd,17,0.25,0.21839080459770116
e2_uci,power_plant,mcd,17,0.3,0.2769070010449321
e2_uci,power_plant,mcd,17,0.35000000000000003,0.3333333333333333
e2_uci,power_plant,mcd,17,0.4,0.3761755485893417
e2_uci,power_plant,mcd,17,0.45,0.4158829676071055
e2_uci,power_plant,mcd,17,0.5,0.4660397074190178
e2_uci,power_plant,mcd,17,0.55,0.5203761755485894
e2_uci,power_plant,mcd,17,0.6000000000000001,0.587251828631139
e2_uci,power_plant,mcd,17,0.6500000000000001,0.6415882967607106
e2_uci,power_plant,mcd,17,0.7000000000000001,0.6959247648902821
e2_uci,power_plant,mcd,17,0.7500000000000001,0.7481713688610241
e2_uci,power_plant,mcd,17,0.8,0.8160919540229885
e2_uci,power_plant,mcd,17,0.8500000000000001,0.8787878787878788
e2_uci,power_plant,mcd,17,0.9000000000000001,0.9278996865203761
e2_uci,power_plant,mcd,17,0.9500000000000001,0.9686520376175548
e2_uci,power_plant,mcd,18,0.05,0.03343782654127482
e2_uci,power_plant,mcd,18,0.1,0.07836990595611286
e2_uci,power_plant,mcd,18,0.15000000000000002,0.13688610240334378
e2_uci,power_plant,mcd,18,0.2,0.1786833855799373
e2_uci,power_plant,mcd,18,0.25,0.2476489028213166
e2_uci,power_plant,mcd,18,0.3,0.3072100313479624
e2_uci,power_plant,mcd,18,0.35000000000000003,0.36363636363636365
e2_uci,power_plant,mcd,18,0.4,0.4169278996865204
e2_uci,power_plant,mcd,18,0.45,0.4670846394984326
e2_uci,power_plant,mcd,18,0.5,0.5235109717868338
e2_uci,power_plant,mcd,18,0.55,0.5684430512016719
e2_uci,power_plant,mcd,18,0.6000000000000001,0.6248693834900731
e2_uci,power_plant,mcd,18,0.6500000000000001,0.6698014629049112
e2_uci,power_plant,mcd,18,0.7000000000000001,0.7377220480668757
e2_uci,power_plant,mcd,18,0.7500000000000001,0.7962382445141066
e2_uci,power_plant,mcd,18,0.8,0.8443051201671892
e2_uci,power_plant,mcd,18,0.8500000000000001,0.8934169278996865
e2_uci,power_plant,mcd,18,0.9000000000000001,0.9278996865203761
e2_uci,power_plant,mcd,18,0.9500000000000001,0.9717868338557993
e2_uci,power_plant,mcd,19,0.05,0.03970741901776385
e2_uci,power_plant,mcd,19,0.1,0.05956112852664577
e2_uci,power_plant,mcd,19,0.15000000000000002,0.11076280041797283
e2_uci,power_plant,mcd,19,0.2,0.1755485893416928
e2_uci,power_plant,mcd,19,0.25,0.2173458725182863
e2_uci,power_plant,mcd,19,0.3,0.27899686520376177
e2_uci,power_plant,mcd,19,0.35000000000000003,0.335423197492163
e2_uci,power_plant,mcd,19,0.4,0.38557993730407525
e2_uci,power_plant,mcd,19,0.45,0.44932079414838033
e2_uci,power_plant,mcd,19,0.5,0.48693834900731453
e2_uci,power_plant,mcd,19,0.55,0.5350052246603971
e2_uci,power_plant,mcd,19,0.6000000000000001,0.5893416927899686
e2_uci,power_plant,mcd,19,0.6500000000000001,0.6374085684430512
e2_uci,power_plant,mcd,19,0.7000000000000001,0.6990595611285266
e2_uci,power_plant,mcd,19,0.7500000000000001,0.7628004179728317
e2_uci,power_plant,mcd,19,0.8,0.8380355276907001
e2_uci,power_plant,mcd,19,0.8500000000000001,0.8850574712643678
e2_uci,power_plant,mcd,19,0.9000000000000001,0.9278996865203761
e2_uci,power_plant,mcd,19,0.9500000000000001,0.9686520376175548
e2_uci,yacht,map,0,0.05,0.0
e2_uci,yacht,map,0,0.1,0.0
e2_uci,yacht,map,0,0.15000000000000002,0.03225806451612903
e2_uci,yacht,map,0,0.2,0.0967741935483871
e2_uci,yacht,map,0,0.25,0.0967741935483871
e2_uci,yacht,map,0,0.3,0.16129032258064516
e2_uci,yacht,map,0,0.35000000000000003,0.22580645161290322
e2_uci,yacht,map,0,0.4,0.3225806451612903
e2_uci,yacht,map,0,0.45,0.3870967741935484
e2_uci,yacht,map,0,0.5,0.41935483870967744
e2_uci,yacht,map,0,0.55,0.5483870967741935
e2_uci,yacht,map,0,0.6000000000000001,0.6129032258064516
e2_uci,yacht,map,0,0.6500000000000001,0.6774193548387096
e2_uci,yacht,map,0,0.7000000000000001,0.6774193548387096
e2_uci,yacht,map,0,0.7500000000000001,0.7096774193548387
e2_uci,yacht,map,0,0.8,0.8064516129032258
e2_uci,yacht,map,0,0.8500000000000001,0.8064516129032258
e2_uci,yacht,map,0,0.9000000000000001,0.8064516129032258
e2_uci,yacht,map,0,0.9500000000000001,0.8387096774193549
e2_uci,yacht,map,1,0.05,0.0967741935483871
e2_uci,yacht,map,1,0.1,0.12903225806451613
e2_uci,yacht,map,1,0.15000000000000002,0.16129032258064516
e2_uci,yacht,map,1,0.2,0.1935483870967742
e2_uci,yacht,map,1,0.25,0.22580645161290322
e2_uci,yacht,map,1,0.3,0.25806451612903225
e2_uci,yacht,map,1,0.35000000000000003,0.3548387096774194
e2_uci,yacht,map,1,0.4,0.4838709677419355
e2_uci,yacht,map,1,0.45,0.5483870967741935
e2_uci,yacht,map,1,0.5,0.6451612903225806
e2_uci,yacht,map,1,0.55,0.7741935483870968
e2_uci,yacht,map,1,0.6000000000000001,0.8387096774193549
e2_uci,yacht,map,1,0.6500000000000001,0.8387096774193549
e2_uci,yacht,map,1,0.7000000000000001,0.9032258064516129
e2_uci,yacht,map,1,0.7500000000000001,0.9354838709677419
e2_uci,yacht,map,1,0.8,1.0
e2_uci,yacht,map,1,0.8500000000000001,1.0
e2_uci,yacht,map,1,0.9000000000000001,1.0
e2_uci,yacht,map,1,0.9500000000000001,1.0
e2_uci,yacht,map,2,0.05,0.0967741935483871
e2_uci,yacht,map,2,0.1,0.16129032258064516
e2_uci,yacht,map,2,0.15000000000000002,0.1935483870967742
e2_uci,yacht,map,2,0.2,0.3870967741935484
e2_uci,yacht,map,2,0.25,0.5161290322580645
e2_uci,yacht,map,2,0.3,0.6451612903225806
e2_uci,yacht,map,2,0.35000000000000003,0.6774193548387096
e2_uci,yacht,map,2,0.4,0.7419354838709677
e2_uci,yacht,map,2,0.45,0.7741935483870968
e2_uci,yacht,map,2,0.5,0.8064516129032258
e2_uci,yacht,map,2,0.55,0.8387096774193549
e2_uci,yacht,map,2,0.6000000000000001,0.8387096774193549
e2_uci,yacht,map,2,0.6500000000000001,0.8709677419354839
e2_uci,yacht,map,2,0.7000000000000001,0.8709677419354839
e2_uci,yacht,map,2,0.7500000000000001,0.9354838709677419
e2_uci,yacht,map,2,0.8,0.967741935483871
e2_uci,yacht,map,2,0.8500000000000001,1.0
e2_uci,yacht,map,2,0.9000000000000001,1.0
e2_uci,yacht,map,2,0.9500000000000001,1.0
e2_uci,yacht,map,3,0.05,0.03225806451612903
e2_uci,yacht,map,3,0.1,0.03225806451612903
e2_uci,yacht,map,3,0.15000000000000002,0.0967741935483871
e2_uci,yacht,map,3,0.2,0.0967741935483871
e2_uci,yacht,map,3,0.25,0.0967741935483871
e2_uci,yacht,map,3,0.3,0.0967741935483871
e2_uci,yacht,map,3,0.35000000000000003,0.0967741935483871
e2_uci,yacht,map,3,0.4,0.0967741935483871
e2_uci,yacht,map,3,0.45,0.12903225806451613
e2_uci,yacht,map,3,0.5,0.22580645161290322
e2_uci,yacht,map,3,0.55,0.22580645161290322
e2_uci,yacht,map,3,0.6000000000000001,0.2903225806451613
e2_uci,yacht,map,3,0.6500000000000001,0.3870967741935484
e2_uci,yacht,map,3,0.7000000000000001,0.3870967741935484
e2_uci,yacht,map,3,0.7500000000000001,0.41935483870967744
e2_uci,yacht,map,3,0.8,0.6774193548387096
e2_uci,yacht,map,3,0.8500000000000001,0.7419354838709677
e2_uci,yacht,map,3,0.9000000000000001,0.7419354838709677
e2_uci,yacht,map,3,0.9500000000000001,0.8387096774193549
e2_uci,yacht,map,4,0.05,0.0
e2_uci,yacht,map,4,0.1,0.0
e2_uci,yacht,map,4,0.15000000000000002,0.0967741935483871
e2_uci,yacht,map,4,0.2,0.16129032258064516
e2_uci,yacht,map,4,0.25,0.1935483870967742
e2_uci,yacht,map,4,0.3,0.3225806451612903
e2_uci,yacht,map,4,0.35000000000000003,0.3548387096774194
e2_uci,yacht,map,4,0.4,0.41935483870967744
e2_uci,yacht,map,4,0.45,0.4838709677419355
e2_uci,yacht,map,4,0.5,0.5161290322580645
e2_uci,yacht,map,4,0.55,0.5483870967741935
e2_uci,yacht,map,4,0.6000000000000001,0.6129032258064516
e2_uci,yacht,map,4,0.6500000000000001,0.6129032258064516
e2_uci,yacht,map,4,0.7000000000000001,0.6129032258064516
e2_uci,yacht,map,4,0.7500000000000001,0.6774193548387096
e2_uci,yacht,map,4,0.8,0.6774193548387096
e2_uci,yacht,map,4,0.8500000000000001,0.7419354838709677
e2_uci,yacht,map,4,0.9000000000000001,0.7741935483870968
e2_uci,yacht,map,4,0.9500000000000001,0.8709677419354839
e2_uci,yacht,map,5,0.05,0.0
e2_uci,yacht,map,5,0.1,0.0
e2_uci,yacht,map,5,0.15000000000000002,0.0
e2_uci,yacht,map,5,0.2,0.03225806451612903
e2_uci,yacht,map,5,0.25,0.0967741935483871
e2_uci,yacht,map,5,0.3,0.1935483870967742
e2_uci,yacht,map,5,0.35000000000000003,0.25806451612903225
e2_uci,yacht,map,5,0.4,0.25806451612903225
e2_uci,yacht,map,5,0.45,0.3548387096774194
e2_uci,yacht,map,5,0.5,0.45161290322580644
e2_uci,yacht,map,5,0.55,0.5161290322580645
e2_uci,yacht,map,5,0.6000000000000001,0.5161290322580645
e2_uci,yacht,map,5,0.6500000000000001,0.6129032258064516
e2_uci,yacht,map,5,0.7000000000000001,0.7096774193548387
e2_uci,yacht,map,5,0.7500000000000001,0.7419354838709677
e2_uci,yacht,map,5,0.8,0.7419354838709677
e2_uci,yacht,map,5,0.8500000000000001,0.8064516129032258
e2_uci,yacht,map,5,0.9000000000000001,0.8064516129032258
e2_uci,yacht,map,5,0.9500000000000001,0.8709677419354839
e2_uci,yacht,map,6,0.05,0.03225806451612903
e2_uci,yacht,map,6,0.1,0.0967741935483871
e2_uci,yacht,map,6,0.15000000000000002,0.12903225806451613
e2_uci,yacht,map,6,0.2,0.2903225806451613
e2_uci,yacht,map,6,0.25,0.2903225806451613
e2_uci,yacht,map,6,0.3,0.3548387096774194
e2_uci,yacht,map,6,0.35000000000000003,0.3870967741935484
e2_uci,yacht,map,6,0.4,0.41935483870967744
e2_uci,yacht,map,6,0.45,0.6129032258064516
e2_uci,yacht,map,6,0.5,0.6451612903225806
e2_uci,yacht,map,6,0.55,0.7419354838709677
e2_uci,yacht,map,6,0.6000000000000001,0.8709677419354839
e2_uci,yacht,map,6,0.6500000000000001,0.9032258064516129
e2_uci,yacht,map,6,0.7000000000000001,0.9032258064516129
e2_uci,yacht,map,6,0.7500000000000001,0.9354838709677419
e2_uci,yacht,map,6,0.8,0.967741935483871
e2_uci,yacht,map,6,0.8500000000000001,0.967741935483871
e2_uci,yacht,map,6,0.9000000000000001,0.967741935483871
e2_uci,yacht,map,6,0.9500000000000001,1.0
e2_uci,yacht,map,7,0.05,0.0967741935483871
e2_uci,yacht,map,7,0.1,0.0967741935483871
e2_uci,yacht,map,7,0.15000000000000002,0.0967741935483871
e2_uci,yacht,map,7,0.2,0.16129032258064516
e2_uci,yacht,map,7,0.25,0.16129032258064516
e2_uci,yacht,map,7,0.3,0.16129032258064516
e2_uci,yacht,map,7,0.35000000000000003,0.1935483870967742
e2_uci,yacht,map,7,0.4,0.3225806451612903
e2_uci,yacht,map,7,0.45,0.41935483870967744
e2_uci,yacht,map,7,0.5,0.45161290322580644
e2_uci,yacht,map,7,0.55,0.45161290322580644
e2_uci,yacht,map,7,0.6000000000000001,0.5161290322580645
e2_uci,yacht,map,7,0.6500000000000001,0.5483870967741935
e2_uci,yacht,map,7,0.7000000000000001,0.6451612903225806
e2_uci,yacht,map,7,0.7500000000000001,0.8064516129032258
e2_uci,yacht,map,7,0.8,0.9354838709677419
e2_uci,yacht,map,7,0.8500000000000001,0.967741935483871
e2_uci,yacht,map,7,0.9000000000000001,0.967741935483871
e2_uci,yacht,map,7,0.9500000000000001,0.967741935483871
e2_uci,yacht,map,8,0.05,0.03225806451612903
e2_uci,yacht,map,8,0.1,0.03225806451612903
e2_uci,yacht,map,8,0.15000000000000002,0.03225806451612903
e2_uci,yacht,map,8,0.2,0.03225806451612903
e2_uci,yacht,map,8,0.25,0.03225806451612903
e2_uci,yacht,map,8,0.3,0.03225806451612903
e2_uci,yacht,map,8,0.35000000000000003,0.03225806451612903
e2_uci,yacht,map,8,0.4,0.03225806451612903
e2_uci,yacht,map,8,0.45,0.03225806451612903
e2_uci,yacht,map,8,0.5,0.0967741935483871
e2_uci,yacht,map,8,0.55,0.22580645161290322
e2_uci,yacht,map,8,0.6000000000000001,0.3548387096774194
e2_uci,yacht,map,8,0.6500000000000001,0.3870967741935484
e2_uci,yacht,map,8,0.7000000000000001,0.41935483870967744
e2_uci,yacht,map,8,0.7500000000000001,0.5161290322580645
e2_uci,yacht,map,8,0.8,0.6774193548387096
e2_uci,yacht,map,8,0.8500000000000001,0.7741935483870968
e2_uci,yacht,map,8,0.9000000000000001,0.8387096774193549
e2_uci,yacht,map,8,0.9500000000000001,0.967741935483871
e2_uci,yacht,map,9,0.05,0.06451612903225806
e2_uci,yacht,map,9,0.1,0.0967741935483871
e2_uci,yacht,map,9,0.15000000000000002,0.0967741935483871
e2_uci,yacht,map,9,0.2,0.16129032258064516
e2_uci,yacht,map,9,0.25,0.22580645161290322
e2_uci,yacht,map,9,0.3,0.3548387096774194
e2_uci,yacht,map,9,0.35000000000000003,0.3870967741935484
e2_uci,yacht,map,9,0.4,0.45161290322580644
e2_uci,yacht,map,9,0.45,0.5483870967741935
e2_uci,yacht,map,9,0.5,0.6451612903225806
e2_uci,yacht,map,9,0.55,0.8064516129032258
e2_uci,yacht,map,9,0.6000000000000001,0.8387096774193549
e2_uci,yacht,map,9,0.6500000000000001,0.9032258064516129
e2_uci,yacht,map,9,0.7000000000000001,0.9032258064516129
e2_uci,yacht,map,9,0.7500000000000001,0.9354838709677419
e2_uci,yacht,map,9,0.8,0.967741935483871
e2_uci,yacht,map,9,0.8500000000000001,1.0
e2_uci,yacht,map,9,0.9000000000000001,1.0
e2_uci,yacht,map,9,0.9500000000000001,1.0
e2_uci,yacht,map,10,0.05,0.06451612903225806
e2_uci,yacht,map,10,0.1,0.0967741935483871
e2_uci,yacht,map,10,0.15000000000000002,0.0967741935483871
e2_uci,yacht,map,10,0.2,0.12903225806451613
e2_uci,yacht,map,10,0.25,0.1935483870967742
e2_uci,yacht,map,10,0.3,0.22580645161290322
e2_uci,yacht,map,10,0.35000000000000003,0.22580645161290322
e2_uci,yacht,map,10,0.4,0.3548387096774194
e2_uci,yacht,map,10,0.45,0.41935483870967744
e2_uci,yacht,map,10,0.5,0.41935483870967744
e2_uci,yacht,map,10,0.55,0.5161290322580645
e2_uci,yacht,map,10,0.6000000000000001,0.5483870967741935
e2_uci,yacht,map,10,0.6500000000000001,0.5483870967741935
e2_uci,yacht,map,10,0.7000000000000001,0.6451612903225806
e2_uci,yacht,map,10,0.7500000000000001,0.6774193548387096
e2_uci,yacht,map,10,0.8,0.7741935483870968
e2_uci,yacht,map,10,0.8500000000000001,0.8387096774193549
e2_uci,yacht,map,10,0.9000000000000001,0.8387096774193549
e2_uci,yacht,map,10,0.9500000000000001,0.8387096774193549
e2_uci,yacht,map,11,0.05,0.03225806451612903
e2_uci,yacht,map,11,0.1,0.03225806451612903
e2_uci,yacht,map,11,0.15000000000000002,0.03225806451612903
e2_uci,yacht,map,11,0.2,0.03225806451612903
e2_uci,yacht,map,11,0.25,0.06451612903225806
e2_uci,yacht,map,11,0.3,0.16129032258064516
e2_uci,yacht,map,11,0.35000000000000003,0.16129032258064516
e2_uci,yacht,map,11,0.4,0.22580645161290322
e2_uci,yacht,map,11,0.45,0.22580645161290322
e2_uci,yacht,map,11,0.5,0.2903225806451613
e2_uci,yacht,map,11,0.55,0.3548387096774194
e2_uci,yacht,map,11,0.6000000000000001,0.41935483870967744
e2_uci,yacht,map,11,0.6500000000000001,0.4838709677419355
e2_uci,yacht,map,11,0.7000000000000001,0.5483870967741935
e2_uci,yacht,map,11,0.7500000000000001,0.5806451612903226
e2_uci,yacht,map,11,0.8,0.6774193548387096
e2_uci,yacht,map,11,0.8500000000000001,0.8064516129032258
e2_uci,yacht,map,11,0.9000000000000001,0.9032258064516129
e2_uci,yacht,map,11,0.9500000000000001,0.9354838709677419
e2_uci,yacht,map,12,0.05,0.03225806451612903
e2_uci,yacht,map,12,0.1,0.03225806451612903
e2_uci,yacht,map,12,0.15000000000000002,0.0967741935483871
e2_uci,yacht,map,12,0.2,0.0967741935483871
e2_uci,yacht,map,12,0.25,0.12903225806451613
e2_uci,yacht,map,12,0.3,0.1935483870967742
e2_uci,yacht,map,12,0.35000000000000003,0.3225806451612903
e2_uci,yacht,map,12,0.4,0.41935483870967744
e2_uci,yacht,map,12,0.45,0.45161290322580644
e2_uci,yacht,map,12,0.5,0.45161290322580644
e2_uci,yacht,map,12,0.55,0.5483870967741935
e2_uci,yacht,map,12,0.6000000000000001,0.6129032258064516
e2_uci,yacht,map,12,0.6500000000000001,0.6129032258064516
e2_uci,yacht,map,12,0.7000000000000001,0.6451612903225806
e2_uci,yacht,map,12,0.7500000000000001,0.7419354838709677
e2_uci,yacht,map,12,0.8,0.7741935483870968
e2_uci,yacht,map,12,0.8500000000000001,0.8387096774193549
e2_uci,yacht,map,12,0.9000000000000001,0.9354838709677419
e2_uci,yacht,map,12,0.9500000000000001,0.9354838709677419
e2_uci,yacht,map,13,0.05,0.16129032258064516
e2_uci,yacht,map,13,0.1,0.22580645161290322
e2_uci,yacht,map,13,0.15000000000000002,0.3225806451612903
e2_uci,yacht,map,13,0.2,0.41935483870967744
e2_uci,yacht,map,13,0.25,0.4838709677419355
e2_uci,yacht,map,13,0.3,0.5483870967741935
e2_uci,yacht,map,13,0.35000000000000003,0.6451612903225806
e2_uci,yacht,map,13,0.4,0.6774193548387096
e2_uci,yacht,map,13,0.45,0.6774193548387096
e2_uci,yacht,map,13,0.5,0.7096774193548387
e2_uci,yacht,map,13,0.55,0.7096774193548387
e2_uci,yacht,map,13,0.6000000000000001,0.7096774193548387
e2_uci,yacht,map,13,0.6500000000000001,0.7419354838709677
e2_uci,yacht,map,13,0.7000000000000001,0.8064516129032258
e2_uci,yacht,map,13,0.7500000000000001,0.8064516129032258
e2_uci,yacht,map,13,0.8,0.8709677419354839
e2_uci,yacht,map,13,0.8500000000000001,0.9032258064516129
e2_uci,yacht,map,13,0.9000000000000001,0.9032258064516129
e2_uci,yacht,map,13,0.9500000000000001,0.9032258064516129
e2_uci,yacht,map,14,0.05,0.06451612903225806
e2_uci,yacht,map,14,0.1,0.0967741935483871
e2_uci,yacht,map,14,0.15000000000000002,0.0967741935483871
e2_uci,yacht,map,14,0.2,0.16129032258064516
e2_uci,yacht,map,14,0.25,0.16129032258064516
e2_uci,yacht,map,14,0.3,0.1935483870967742
e2_uci,yacht,map,14,0.35000000000000003,0.22580645161290322
e2_uci,yacht,map,14,0.4,0.2903225806451613
e2_uci,yacht,map,14,0.45,0.3548387096774194
e2_uci,yacht,map,14,0.5,0.3870967741935484
e2_uci,yacht,map,14,0.55,0.41935483870967744
e2_uci,yacht,map,14,0.6000000000000001,0.6129032258064516
e2_uci,yacht,map,14,0.6500000000000001,0.7741935483870968
e2_uci,yacht,map,14,0.7000000000000001,0.8387096774193549
e2_uci,yacht,map,14,0.7500000000000001,0.8709677419354839
e2_uci,yacht,map,14,0.8,0.9354838709677419
e2_uci,yacht,map,14,0.8500000000000001,0.9354838709677419
e2_uci,yacht,map,14,0.9000000000000001,0.967741935483871
e2_uci,yacht,map,14,0.9500000000000001,0.967741935483871
e2_uci,yacht,map,15,0.05,0.03225806451612903
e2_uci,yacht,map,15,0.1,0.0967741935483871
e2_uci,yacht,map,15,0.15000000000000002,0.12903225806451613
e2_uci,yacht,map,15,0.2,0.16129032258064516
e2_uci,yacht,map,15,0.25,0.1935483870967742
e2_uci,yacht,map,15,0.3,0.25806451612903225
e2_uci,yacht,map,15,0.35000000000000003,0.3548387096774194
e2_uci,yacht,map,15,0.4,0.41935483870967744
e2_uci,yacht,map,15,0.45,0.4838709677419355
e2_uci,yacht,map,15,0.5,0.5161290322580645
e2_uci,yacht,map,15,0.55,0.5483870967741935
e2_uci,yacht,map,15,0.6000000000000001,0.6451612903225806
e2_uci,yacht,map,15,0.6500000000000001,0.7096774193548387
e2_uci,yacht,map,15,0.7000000000000001,0.7741935483870968
e2_uci,yacht,map,15,0.7500000000000001,0.8064516129032258
e2_uci,yacht,map,15,0.8,0.8709677419354839
e2_uci,yacht,map,15,0.8500000000000001,0.9032258064516129
e2_uci,yacht,map,15,0.9000000000000001,0.9354838709677419
e2_uci,yacht,map,15,0.9500000000000001,0.967741935483871
e2_uci,yacht,map,16,0.05,0.03225806451612903
e2_uci,yacht,map,16,0.1,0.0967741935483871
e2_uci,yacht,map,16,0.15000000000000002,0.16129032258064516
e2_uci,yacht,map,16,0.2,0.1935483870967742
e2_uci,yacht,map,16,0.25,0.22580645161290322
e2_uci,yacht,map,16,0.3,0.3225806451612903
e2_uci,yacht,map,16,0.35000000000000003,0.41935483870967744
e2_uci,yacht,map,16,0.4,0.4838709677419355
e2_uci,yacht,map,16,0.45,0.5161290322580645
e2_uci,yacht,map,16,0.5,0.5483870967741935
e2_uci,yacht,map,16,0.55,0.6451612903225806
e2_uci,yacht,map,16,0.6000000000000001,0.6774193548387096
e2_uci,yacht,map,16,0.6500000000000001,0.7096774193548387
e2_uci,yacht,map,16,0.7000000000000001,0.7741935483870968
e2_uci,yacht,map,16,0.7500000000000001,0.8064516129032258
e2_uci,yacht,map,16,0.8,0.8387096774193549
e2_uci,yacht,map,16,0.8500000000000001,0.9354838709677419
e2_uci,yacht,map,16,0.9000000000000001,0.9354838709677419
e2_uci,yacht,map,16,0.9500000000000001,0.9354838709677419
e2_uci,yacht,map,17,0.05,0.22580645161290322
e2_uci,yacht,map,17,0.1,0.3548387096774194
e2_uci,yacht,map,17,0.15000000000000002,0.4838709677419355
e2_uci,yacht,map,17,0.2,0.6129032258064516
e2_uci,yacht,map,17,0.25,0.6129032258064516
e2_uci,yacht,map,17,0.3,0.6451612903225806
e2_uci,yacht,map,17,0.35000000000000003,0.6774193548387096
e2_uci,yacht,map,17,0.4,0.6774193548387096
e2_uci,yacht,map,17,0.45,0.7419354838709677
e2_uci,yacht,map,17,0.5,0.7741935483870968
e2_uci,yacht,map,17,0.55,0.7741935483870968
e2_uci,yacht,map,17,0.6000000000000001,0.7741935483870968
e2_uci,yacht,map,17,0.6500000000000001,0.8064516129032258
e2_uci,yacht,map,17,0.7000000000000001,0.8387096774193549
e2_uci,yacht,map,17,0.7500000000000001,0.8387096774193549
e2_uci,yacht,map,17,0.8,0.9032258064516129
e2_uci,yacht,map,17,0.8500000000000001,0.9032258064516129
e2_uci,yacht,map,17,0.9000000000000001,0.9032258064516129
e2_uci,yacht,map,17,0.9500000000000001,0.967741935483871
e2_uci,yacht,map,18,0.05,0.03225806451612903
e2_uci,yacht,map,18,0.1,0.06451612903225806
e2_uci,yacht,map,18,0.15000000000000002,0.0967741935483871
e2_uci,yacht,map,18,0.2,0.25806451612903225
e2_uci,yacht,map,18,0.25,0.3225806451612903
e2_uci,yacht,map,18,0.3,0.3870967741935484
e2_uci,yacht,map,18,0.35000000000000003,0.5483870967741935
e2_uci,yacht,map,18,0.4,0.6129032258064516
e2_uci,yacht,map,18,0.45,0.6774193548387096
e2_uci,yacht,map,18,0.5,0.7741935483870968
e2_uci,yacht,map,18,0.55,0.7741935483870968
e2_uci,yacht,map,18,0.6000000000000001,0.7741935483870968
e2_uci,yacht,map,18,0.6500000000000001,0.8064516129032258
e2_uci,yacht,map,18,0.7000000000000001,0.8387096774193549
e2_uci,yacht,map,18,0.7500000000000001,0.8709677419354839
e2_uci,yacht,map,18,0.8,0.8709677419354839
e2_uci,yacht,map,18,0.8500000000000001,0.8709677419354839
e2_uci,yacht,map,18,0.9000000000000001,0.8709677419354839
e2_uci,yacht,map,18,0.9500000000000001,0.8709677419354839
e2_uci,yacht,map,19,0.05,0.12903225806451613
e2_uci,yacht,map,19,0.1,0.12903225806451613
e2_uci,yacht,map,19,0.15000000000000002,0.16129032258064516
e2_uci,yacht,map,19,0.2,0.1935483870967742
e2_uci,yacht,map,19,0.25,0.22580645161290322
e2_uci,yacht,map,19,0.3,0.25806451612903225
e2_uci,yacht,map,19,0.35000000000000003,0.2903225806451613
e2_uci,yacht,map,19,0.4,0.2903225806451613
e2_uci,yacht,map,19,0.45,0.3225806451612903
e2_uci,yacht,map,19,0.5,0.3548387096774194
e2_uci,yacht,map,19,0.55,0.3548387096774194
e2_uci,yacht,map,19,0.6000000000000001,0.3548387096774194
e2_uci,yacht,map,19,0.6500000000000001,0.41935483870967744
e2_uci,yacht,map,19,0.7000000000000001,0.4838709677419355
e2_uci,yacht,map,19,0.7500000000000001,0.4838709677419355
e2_uci,yacht,map,19,0.8,0.5161290322580645
e2_uci,yacht,map,19,0.8500000000000001,0.6129032258064516
e2_uci,yacht,map,19,0.9000000000000001,0.6774193548387096
e2_uci,yacht,map,19,0.9500000000000001,0.7741935483870968
e2_uci,energy,map,0,0.05,0.012987012987012988
e2_uci,energy,map,0,0.1,0.025974025974025976
e2_uci,energy,map,0,0.15000000000000002,0.09090909090909091
e2_uci,energy,map,0,0.2,0.14285714285714285
e2_uci,energy,map,0,0.25,0.19480519480519481
e2_uci,energy,map,0,0.3,0.2727272727272727
e2_uci,energy,map,0,0.35000000000000003,0.3246753246753247
e2_uci,energy,map,0,0.4,0.37662337662337664
e2_uci,energy,map,0,0.45,0.4025974025974026
e2_uci,energy,map,0,0.5,0.42857142857142855
e2_uci,energy,map,0,0.55,0.4805194805194805
e2_uci,energy,map,0,0.6000000000000001,0.5454545454545454
e2_uci,energy,map,0,0.6500000000000001,0.5584415584415584
e2_uci,energy,map,0,0.7000000000000001,0.5974025974025974
e2_uci,energy,map,0,0.7500000000000001,0.6363636363636364
e2_uci,energy,map,0,0.8,0.7012987012987013
e2_uci,energy,map,0,0.8500000000000001,0.7272727272727273
e2_uci,energy,map,0,0.9000000000000001,0.7922077922077922
e2_uci,energy,map,0,0.9500000000000001,0.8831168831168831
e2_uci,energy,map,1,0.05,0.09090909090909091
e2_uci,energy,map,1,0.1,0.16883116883116883
e2_uci,energy,map,1,0.15000000000000002,0.24675324675324675
e2_uci,energy,map,1,0.2,0.2857142857142857
e2_uci,energy,map,1,0.25,0.42857142857142855
e2_uci,energy,map,1,0.3,0.42857142857142855
e2_uci,energy,map,1,0.35000000000000003,0.45454545454545453
e2_uci,energy,map,1,0.4,0.4805194805194805
e2_uci,energy,map,1,0.45,0.5324675324675324
e2_uci,energy,map,1,0.5,0.5454545454545454
e2_uci,energy,map,1,0.55,0.5844155844155844
e2_uci,energy,map,1,0.6000000000000001,0.6363636363636364
e2_uci,energy,map,1,0.6500000000000001,0.7012987012987013
e2_uci,energy,map,1,0.7000000000000001,0.7272727272727273
e2_uci,energy,map,1,0.7500000000000001,0.7792207792207793
e2_uci,energy,map,1,0.8,0.8181818181818182
e2_uci,energy,map,1,0.8500000000000001,0.8311688311688312
e2_uci,energy,map,1,0.9000000000000001,0.8571428571428571
e2_uci,energy,map,1,0.9500000000000001,0.8961038961038961
e2_uci,energy,map,2,0.05,0.11688311688311688
e2_uci,energy,map,2,0.1,0.15584415584415584
e2_uci,energy,map,2,0.15000000000000002,0.16883116883116883
e2_uci,energy,map,2,0.2,0.18181818181818182
e2_uci,energy,map,2,0.25,0.2077922077922078
e2_uci,energy,map,2,0.3,0.23376623376623376
e2_uci,energy,map,2,0.35000000000000003,0.2857142857142857
e2_uci,energy,map,2,0.4,0.3246753246753247
e2_uci,energy,map,2,0.45,0.36363636363636365
e2_uci,energy,map,2,0.5,0.36363636363636365
e2_uci,energy,map,2,0.55,0.44155844155844154
e2_uci,energy,map,2,0.6000000000000001,0.5194805194805194
e2_uci,energy,map,2,0.6500000000000001,0.5974025974025974
e2_uci,energy,map,2,0.7000000000000001,0.6883116883116883
e2_uci,energy,map,2,0.7500000000000001,0.7272727272727273
e2_uci,energy,map,2,0.8,0.7532467532467533
e2_uci,energy,map,2,0.8500000000000001,0.8051948051948052
e2_uci,energy,map,2,0.9000000000000001,0.8831168831168831
e2_uci,energy,map,2,0.9500000000000001,0.961038961038961
e2_uci,energy,map,3,0.05,0.09090909090909091
e2_uci,energy,map,3,0.1,0.15584415584415584
e2_uci,energy,map,3,0.15000000000000002,0.23376623376623376
e2_uci,energy,map,3,0.2,0.2727272727272727
e2_uci,energy,map,3,0.25,0.2987012987012987
e2_uci,energy,map,3,0.3,0.36363636363636365
e2_uci,energy,map,3,0.35000000000000003,0.4025974025974026
e2_uci,energy,map,3,0.4,0.4805194805194805
e2_uci,energy,map,3,0.45,0.4935064935064935
e2_uci,energy,map,3,0.5,0.5064935064935064
e2_uci,energy,map,3,0.55,0.5194805194805194
e2_uci,energy,map,3,0.6000000000000001,0.5454545454545454
e2_uci,energy,map,3,0.6500000000000001,0.6363636363636364
e2_uci,energy,map,3,0.7000000000000001,0.6623376623376623
e2_uci,energy,map,3,0.7500000000000001,0.6883116883116883
e2_uci,energy,map,3,0.8,0.7272727272727273
e2_uci,energy,map,3,0.8500000000000001,0.8051948051948052
e2_uci,energy,map,3,0.9000000000000001,0.8311688311688312
e2_uci,energy,map,3,0.9500000000000001,0.8831168831168831
e2_uci,energy,map,4,0.05,0.12987012987012986
e2_uci,energy,map,4,0.1,0.18181818181818182
e2_uci,energy,map,4,0.15000000000000002,0.19480519480519481
e2_uci,energy,map,4,0.2,0.2077922077922078
e2_uci,energy,map,4,0.25,0.23376623376623376
e2_uci,energy,map,4,0.3,0.2597402597402597
e2_uci,energy,map,4,0.35000000000000003,0.2857142857142857
e2_uci,energy,map,4,0.4,0.33766233766233766
e2_uci,energy,map,4,0.45,0.35064935064935066
e2_uci,energy,map,4,0.5,0.36363636363636365
e2_uci,energy,map,4,0.55,0.4675324675324675
e2_uci,energy,map,4,0.6000000000000001,0.4805194805194805
e2_uci,energy,map,4,0.6500000000000001,0.5194805194805194
e2_uci,energy,map,4,0.7000000000000001,0.5584415584415584
e2_uci,energy,map,4,0.7500000000000001,0.5844155844155844
e2_uci,energy,map,4,0.8,0.6883116883116883
e2_uci,energy,map,4,0.8500000000000001,0.7662337662337663
e2_uci,energy,map,4,0.9000000000000001,0.8441558441558441
e2_uci,energy,map,4,0.9500000000000001,0.922077922077922
e2_uci,energy,map,5,0.05,0.025974025974025976
e2_uci,energy,map,5,0.1,0.05194805194805195
e2_uci,energy,map,5,0.15000000000000002,0.07792207792207792
e2_uci,energy,map,5,0.2,0.1038961038961039
e2_uci,energy,map,5,0.25,0.12987012987012986
e2_uci,energy,map,5,0.3,0.18181818181818182
e2_uci,energy,map,5,0.35000000000000003,0.24675324675324675
e2_uci,energy,map,5,0.4,0.2857142857142857
e2_uci,energy,map,5,0.45,0.2987012987012987
e2_uci,energy,map,5,0.5,0.33766233766233766
e2_uci,energy,map,5,0.55,0.4025974025974026
e2_uci,energy,map,5,0.6000000000000001,0.45454545454545453
e2_uci,energy,map,5,0.6500000000000001,0.5584415584415584
e2_uci,energy,map,5,0.7000000000000001,0.5974025974025974
e2_uci,energy,map,5,0.7500000000000001,0.6623376623376623
e2_uci,energy,map,5,0.8,0.7532467532467533
e2_uci,energy,map,5,0.8500000000000001,0.8181818181818182
e2_uci,energy,map,5,0.9000000000000001,0.8831168831168831
e2_uci,energy,map,5,0.9500000000000001,0.9090909090909091
e2_uci,energy,map,6,0.05,0.06493506493506493
e2_uci,energy,map,6,0.1,0.11688311688311688
e2_uci,energy,map,6,0.15000000000000002,0.14285714285714285
e2_uci,energy,map,6,0.2,0.16883116883116883
e2_uci,energy,map,6,0.25,0.24675324675324675
e2_uci,energy,map,6,0.3,0.2857142857142857
e2_uci,energy,map,6,0.35000000000000003,0.3246753246753247
e2_uci,energy,map,6,0.4,0.4025974025974026
e2_uci,energy,map,6,0.45,0.4675324675324675
e2_uci,energy,map,6,0.5,0.4935064935064935
e2_uci,energy,map,6,0.55,0.5324675324675324
e2_uci,energy,map,6,0.6000000000000001,0.5714285714285714
e2_uci,energy,map,6,0.6500000000000001,0.6103896103896104
e2_uci,energy,map,6,0.7000000000000001,0.6363636363636364
e2_uci,energy,map,6,0.7500000000000001,0.6753246753246753
e2_uci,energy,map,6,0.8,0.7272727272727273
e2_uci,energy,map,6,0.8500000000000001,0.7792207792207793
e2_uci,energy,map,6,0.9000000000000001,0.8311688311688312
e2_uci,energy,map,6,0.9500000000000001,0.9090909090909091
e2_uci,energy,map,7,0.05,0.07792207792207792
e2_uci,energy,map,7,0.1,0.14285714285714285
e2_uci,energy,map,7,0.15000000000000002,0.16883116883116883
e2_uci,energy,map,7,0.2,0.24675324675324675
e2_uci,energy,map,7,0.25,0.2727272727272727
e2_uci,energy,map,7,0.3,0.2727272727272727
e2_uci,energy,map,7,0.35000000000000003,0.35064935064935066
e2_uci,energy,map,7,0.4,0.38961038961038963
e2_uci,energy,map,7,0.45,0.42857142857142855
e2_uci,energy,map,7,0.5,0.5324675324675324
e2_uci,energy,map,7,0.55,0.5844155844155844
e2_uci,energy,map,7,0.6000000000000001,0.5974025974025974
e2_uci,energy,map,7,0.6500000000000001,0.6883116883116883
e2_uci,energy,map,7,0.7000000000000001,0.7272727272727273
e2_uci,energy,map,7,0.7500000000000001,0.7922077922077922
e2_uci,energy,map,7,0.8,0.8181818181818182
e2_uci,energy,map,7,0.8500000000000001,0.8311688311688312
e2_uci,energy,map,7,0.9000000000000001,0.8831168831168831
e2_uci,energy,map,7,0.9500000000000001,0.935064935064935
e2_uci,energy,map,8,0.05,0.09090909090909091
e2_uci,energy,map,8,0.1,0.14285714285714285
e2_uci,energy,map,8,0.15000000000000002,0.18181818181818182
e2_uci,energy,map,8,0.2,0.2077922077922078
e2_uci,energy,map,8,0.25,0.2857142857142857
e2_uci,energy,map,8,0.3,0.3246753246753247
e2_uci,energy,map,8,0.35000000000000003,0.37662337662337664
e2_uci,energy,map,8,0.4,0.42857142857142855
e2_uci,energy,map,8,0.45,0.4935064935064935
e2_uci,energy,map,8,0.5,0.5714285714285714
e2_uci,energy,map,8,0.55,0.6103896103896104
e2_uci,energy,map,8,0.6000000000000001,0.6493506493506493
e2_uci,energy,map,8,0.6500000000000001,0.6753246753246753
e2_uci,energy,map,8,0.7000000000000001,0.7012987012987013
e2_uci,energy,map,8,0.7500000000000001,0.7532467532467533
e2_uci,energy,map,8,0.8,0.8311688311688312
e2_uci,energy,map,8,0.8500000000000001,0.8701298701298701
e2_uci,energy,map,8,0.9000000000000001,0.8831168831168831
e2_uci,energy,map,8,0.9500000000000001,0.948051948051948
e2_uci,energy,map,9,0.05,0.025974025974025976
e2_uci,energy,map,9,0.1,0.07792207792207792
e2_uci,energy,map,9,0.15000000000000002,0.09090909090909091
e2_uci,energy,map,9,0.2,0.11688311688311688
e2_uci,energy,map,9,0.25,0.12987012987012986
e2_uci,energy,map,9,0.3,0.14285714285714285
e2_uci,energy,map,9,0.35000000000000003,0.2077922077922078
e2_uci,energy,map,9,0.4,0.2727272727272727
e2_uci,energy,map,9,0.45,0.2987012987012987
e2_uci,energy,map,9,0.5,0.3116883116883117
e2_uci,energy,map,9,0.55,0.37662337662337664
e2_uci,energy,map,9,0.6000000000000001,0.4155844155844156
e2_uci,energy,map,9,0.6500000000000001,0.5064935064935064
e2_uci,energy,map,9,0.7000000000000001,0.5974025974025974
e2_uci,energy,map,9,0.7500000000000001,0.6363636363636364
e2_uci,energy,map,9,0.8,0.7402597402597403
e2_uci,energy,map,9,0.8500000000000001,0.8441558441558441
e2_uci,energy,map,9,0.9000000000000001,0.8831168831168831
e2_uci,energy,map,9,0.9500000000000001,0.948051948051948
e2_uci,energy,map,10,0.05,0.11688311688311688
e2_uci,energy,map,10,0.1,0.11688311688311688
e2_uci,energy,map,10,0.15000000000000002,0.14285714285714285
e2_uci,energy,map,10,0.2,0.14285714285714285
e2_uci,energy,map,10,0.25,0.19480519480519481
e2_uci,energy,map,10,0.3,0.22077922077922077
e2_uci,energy,map,10,0.35000000000000003,0.22077922077922077
e2_uci,energy,map,10,0.4,0.24675324675324675
e2_uci,energy,map,10,0.45,0.2727272727272727
e2_uci,energy,map,10,0.5,0.36363636363636365
e2_uci,energy,map,10,0.55,0.4155844155844156
e2_uci,energy,map,10,0.6000000000000001,0.4675324675324675
e2_uci,energy,map,10,0.6500000000000001,0.5324675324675324
e2_uci,energy,map,10,0.7000000000000001,0.5844155844155844
e2_uci,energy,map,10,0.7500000000000001,0.5974025974025974
e2_uci,energy,map,10,0.8,0.6493506493506493
e2_uci,energy,map,10,0.8500000000000001,0.7402597402597403
e2_uci,energy,map,10,0.9000000000000001,0.7922077922077922
e2_uci,energy,map,10,0.9500000000000001,0.8701298701298701
e2_uci,energy,map,11,0.05,0.07792207792207792
e2_uci,energy,map,11,0.1,0.18181818181818182
e2_uci,energy,map,11,0.15000000000000002,0.19480519480519481
e2_uci,energy,map,11,0.2,0.23376623376623376
e2_uci,energy,map,11,0.25,0.2597402597402597
e2_uci,energy,map,11,0.3,0.2857142857142857
e2_uci,energy,map,11,0.35000000000000003,0.3246753246753247
e2_uci,energy,map,11,0.4,0.35064935064935066
e2_uci,energy,map,11,0.45,0.36363636363636365
e2_uci,energy,map,11,0.5,0.4025974025974026
e2_uci,energy,map,11,0.55,0.44155844155844154
e2_uci,energy,map,11,0.6000000000000001,0.4935064935064935
e2_uci,energy,map,11,0.6500000000000001,0.5194805194805194
e2_uci,energy,map,11,0.7000000000000001,0.5584415584415584
e2_uci,energy,map,11,0.7500000000000001,0.5844155844155844
e2_uci,energy,map,11,0.8,0.6493506493506493
e2_uci,energy,map,11,0.8500000000000001,0.7142857142857143
e2_uci,energy,map,11,0.9000000000000001,0.8311688311688312
e2_uci,energy,map,11,0.9500000000000001,0.922077922077922
e2_uci,energy,map,12,0.05,0.07792207792207792
e2_uci,energy,map,12,0.1,0.14285714285714285
e2_uci,energy,map,12,0.15000000000000002,0.18181818181818182
e2_uci,energy,map,12,0.2,0.2077922077922078
e2_uci,energy,map,12,0.25,0.24675324675324675
e2_uci,energy,map,12,0.3,0.3116883116883117
e2_uci,energy,map,12,0.35000000000000003,0.38961038961038963
e2_uci,energy,map,12,0.4,0.45454545454545453
e2_uci,energy,map,12,0.45,0.5714285714285714
e2_uci,energy,map,12,0.5,0.6103896103896104
e2_uci,energy,map,12,0.55,0.6623376623376623
e2_uci,energy,map,12,0.6000000000000001,0.6883116883116883
e2_uci,energy,map,12,0.6500000000000001,0.7662337662337663
e2_uci,energy,map,12,0.7000000000000001,0.8181818181818182
e2_uci,energy,map,12,0.7500000000000001,0.8311688311688312
e2_uci,energy,map,12,0.8,0.8311688311688312
e2_uci,energy,map,12,0.8500000000000001,0.8441558441558441
e2_uci,energy,map,12,0.9000000000000001,0.8961038961038961
e2_uci,energy,map,12,0.9500000000000001,0.922077922077922
e2_uci,energy,map,13,0.05,0.14285714285714285
e2_uci,energy,map,13,0.1,0.19480519480519481
e2_uci,energy,map,13,0.15000000000000002,0.2597402597402597
e2_uci,energy,map,13,0.2,0.2987012987012987
e2_uci,energy,map,13,0.25,0.35064935064935066
e2_uci,energy,map,13,0.3,0.4025974025974026
e2_uci,energy,map,13,0.35000000000000003,0.4155844155844156
e2_uci,energy,map,13,0.4,0.4935064935064935
e2_uci,energy,map,13,0.45,0.5194805194805194
e2_uci,energy,map,13,0.5,0.5324675324675324
e2_uci,energy,map,13,0.55,0.5844155844155844
e2_uci,energy,map,13,0.6000000000000001,0.6363636363636364
e2_uci,energy,map,13,0.6500000000000001,0.7012987012987013
e2_uci,energy,map,13,0.7000000000000001,0.7662337662337663
e2_uci,energy,map,13,0.7500000000000001,0.8051948051948052
e2_uci,energy,map,13,0.8,0.8701298701298701
e2_uci,energy,map,13,0.8500000000000001,0.8831168831168831
e2_uci,energy,map,13,0.9000000000000001,0.9090909090909091
e2_uci,energy,map,13,0.9500000000000001,0.961038961038961
e2_uci,energy,map,14,0.05,0.05194805194805195
e2_uci,energy,map,14,0.1,0.07792207792207792
e2_uci,energy,map,14,0.15000000000000002,0.1038961038961039
e2_uci,energy,map,14,0.2,0.16883116883116883
e2_uci,energy,map,14,0.25,0.18181818181818182
e2_uci,energy,map,14,0.3,0.19480519480519481
e2_uci,energy,map,14,0.35000000000000003,0.2077922077922078
e2_uci,energy,map,14,0.4,0.2597402597402597
e2_uci,energy,map,14,0.45,0.36363636363636365
e2_uci,energy,map,14,0.5,0.4675324675324675
e2_uci,energy,map,14,0.55,0.5194805194805194
e2_uci,energy,map,14,0.6000000000000001,0.5324675324675324
e2_uci,energy,map,14,0.6500000000000001,0.5844155844155844
e2_uci,energy,map,14,0.7000000000000001,0.6493506493506493
e2_uci,energy,map,14,0.7500000000000001,0.7272727272727273
e2_uci,energy,map,14,0.8,0.7662337662337663
e2_uci,energy,map,14,0.8500000000000001,0.8051948051948052
e2_uci,energy,map,14,0.9000000000000001,0.8181818181818182
e2_uci,energy,map,14,0.9500000000000001,0.8441558441558441
e2_uci,energy,map,15,0.05,0.05194805194805195
e2_uci,energy,map,15,0.1,0.15584415584415584
e2_uci,energy,map,15,0.15000000000000002,0.24675324675324675
e2_uci,energy,map,15,0.2,0.33766233766233766
e2_uci,energy,map,15,0.25,0.4155844155844156
e2_uci,energy,map,15,0.3,0.45454545454545453
e2_uci,energy,map,15,0.35000000000000003,0.5194805194805194
e2_uci,energy,map,15,0.4,0.5714285714285714
e2_uci,energy,map,15,0.45,0.6623376623376623
e2_uci,energy,map,15,0.5,0.6753246753246753
e2_uci,energy,map,15,0.55,0.7012987012987013
e2_uci,energy,map,15,0.6000000000000001,0.7402597402597403
e2_uci,energy,map,15,0.6500000000000001,0.7532467532467533
e2_uci,energy,map,15,0.7000000000000001,0.7792207792207793
e2_uci,energy,map,15,0.7500000000000001,0.8181818181818182
e2_uci,energy,map,15,0.8,0.8311688311688312
e2_uci,energy,map,15,0.8500000000000001,0.8311688311688312
e2_uci,energy,map,15,0.9000000000000001,0.8701298701298701
e2_uci,energy,map,15,0.9500000000000001,0.935064935064935
e2_uci,energy,map,16,0.05,0.03896103896103896
e2_uci,energy,map,16,0.1,0.05194805194805195
e2_uci,energy,map,16,0.15000000000000002,0.07792207792207792
e2_uci,energy,map,16,0.2,0.15584415584415584
e2_uci,energy,map,16,0.25,0.19480519480519481
e2_uci,energy,map,16,0.3,0.2077922077922078
e2_uci,energy,map,16,0.35000000000000003,0.2597402597402597
e2_uci,energy,map,16,0.4,0.3116883116883117
e2_uci,energy,map,16,0.45,0.3246753246753247
e2_uci,energy,map,16,0.5,0.36363636363636365
e2_uci,energy,map,16,0.55,0.36363636363636365
e2_uci,energy,map,16,0.6000000000000001,0.4155844155844156
e2_uci,energy,map,16,0.6500000000000001,0.5064935064935064
e2_uci,energy,map,16,0.7000000000000001,0.5584415584415584
e2_uci,energy,map,16,0.7500000000000001,0.6623376623376623
e2_uci,energy,map,16,0.8,0.7532467532467533
e2_uci,energy,map,16,0.8500000000000001,0.7662337662337663
e2_uci,energy,map,16,0.9000000000000001,0.8181818181818182
e2_uci,energy,map,16,0.9500000000000001,0.8571428571428571
e2_uci,energy,map,17,0.05,0.025974025974025976
e2_uci,energy,map,17,0.1,0.1038961038961039
e2_uci,energy,map,17,0.15000000000000002,0.1038961038961039
e2_uci,energy,map,17,0.2,0.14285714285714285
e2_uci,energy,map,17,0.25,0.18181818181818182
e2_uci,energy,map,17,0.3,0.22077922077922077
e2_uci,energy,map,17,0.35000000000000003,0.24675324675324675
e2_uci,energy,map,17,0.4,0.33766233766233766
e2_uci,energy,map,17,0.45,0.4155844155844156
e2_uci,energy,map,17,0.5,0.44155844155844154
e2_uci,energy,map,17,0.55,0.5194805194805194
e2_uci,energy,map,17,0.6000000000000001,0.5714285714285714
e2_uci,energy,map,17,0.6500000000000001,0.5974025974025974
e2_uci,energy,map,17,0.7000000000000001,0.6493506493506493
e2_uci,energy,map,17,0.7500000000000001,0.7272727272727273
e2_uci,energy,map,17,0.8,0.7792207792207793
e2_uci,energy,map,17,0.8500000000000001,0.8181818181818182
e2_uci,energy,map,17,0.9000000000000001,0.8701298701298701
e2_uci,energy,map,17,0.9500000000000001,0.922077922077922
e2_uci,energy,map,18,0.05,0.06493506493506493
e2_uci,energy,map,18,0.1,0.07792207792207792
e2_uci,energy,map,18,0.15000000000000002,0.1038961038961039
e2_uci,energy,map,18,0.2,0.11688311688311688
e2_uci,energy,map,18,0.25,0.15584415584415584
e2_uci,energy,map,18,0.3,0.22077922077922077
e2_uci,energy,map,18,0.35000000000000003,0.2987012987012987
e2_uci,energy,map,18,0.4,0.33766233766233766
e2_uci,energy,map,18,0.45,0.36363636363636365
e2_uci,energy,map,18,0.5,0.4155844155844156
e2_uci,energy,map,18,0.55,0.44155844155844154
e2_uci,energy,map,18,0.6000000000000001,0.4935064935064935
e2_uci,energy,map,18,0.6500000000000001,0.5324675324675324
e2_uci,energy,map,18,0.7000000000000001,0.5974025974025974
e2_uci,energy,map,18,0.7500000000000001,0.6753246753246753
e2_uci,energy,map,18,0.8,0.7272727272727273
e2_uci,energy,map,18,0.8500000000000001,0.7532467532467533
e2_uci,energy,map,18,0.9000000000000001,0.8181818181818182
e2_uci,energy,map,18,0.9500000000000001,0.8961038961038961
e2_uci,energy,map,19,0.05,0.06493506493506493
e2_uci,energy,map,19,0.1,0.14285714285714285
e2_uci,energy,map,19,0.15000000000000002,0.2077922077922078
e2_uci,energy,map,19,0.2,0.22077922077922077
e2_uci,energy,map,19,0.25,0.2727272727272727
e2_uci,energy,map,19,0.3,0.3246753246753247
e2_uci,energy,map,19,0.35000000000000003,0.36363636363636365
e2_uci,energy,map,19,0.4,0.44155844155844154
e2_uci,energy,map,19,0.45,0.4675324675324675
e2_uci,energy,map,19,0.5,0.5584415584415584
e2_uci,energy,map,19,0.55,0.6103896103896104
e2_uci,energy,map,19,0.6000000000000001,0.6363636363636364
e2_uci,energy,map,19,0.6500000000000001,0.6883116883116883
e2_uci,energy,map,19,0.7000000000000001,0.7142857142857143
e2_uci,energy,map,19,0.7500000000000001,0.7532467532467533
e2_uci,energy,map,19,0.8,0.7792207792207793
e2_uci,energy,map,19,0.8500000000000001,0.8311688311688312
e2_uci,energy,map,19,0.9000000000000001,0.8441558441558441
e2_uci,energy,map,19,0.9500000000000001,0.8831168831168831
e2_uci,concrete,map,0,0.05,0.1650485436893204
e2_uci,concrete,map,0,0.1,0.21359223300970873
e2_uci,concrete,map,0,0.15000000000000002,0.2912621359223301
e2_uci,concrete,map,0,0.2,0.36893203883495146
e2_uci,concrete,map,0,0.25,0.39805825242718446
e2_uci,concrete,map,0,0.3,0.4077669902912621
e2_uci,concrete,map,0,0.35000000000000003,0.46601941747572817
e2_uci,concrete,map,0,0.4,0.5145631067961165
e2_uci,concrete,map,0,0.45,0.5533980582524272
e2_uci,concrete,map,0,0.5,0.5825242718446602
e2_uci,concrete,map,0,0.55,0.6019417475728155
e2_uci,concrete,map,0,0.6000000000000001,0.6504854368932039
e2_uci,concrete,map,0,0.6500000000000001,0.6796116504854369
e2_uci,concrete,map,0,0.7000000000000001,0.7184466019417476
e2_uci,concrete,map,0,0.7500000000000001,0.7475728155339806
e2_uci,concrete,map,0,0.8,0.7572815533980582
e2_uci,concrete,map,0,0.8500000000000001,0.7961165048543689
e2_uci,concrete,map,0,0.9000000000000001,0.8640776699029126
e2_uci,concrete,map,0,0.9500000000000001,0.9029126213592233
e2_uci,concrete,map,1,0.05,0.1262135922330097
e2_uci,concrete,map,1,0.1,0.18446601941747573
e2_uci,concrete,map,1,0.15000000000000002,0.22330097087378642
e2_uci,concrete,map,1,0.2,0.2815533980582524
e2_uci,concrete,map,1,0.25,0.3786407766990291
e2_uci,concrete,map,1,0.3,0.42718446601941745
e2_uci,concrete,map,1,0.35000000000000003,0.46601941747572817
e2_uci,concrete,map,1,0.4,0.5533980582524272
e2_uci,concrete,map,1,0.45,0.5922330097087378
e2_uci,concrete,map,1,0.5,0.6504854368932039
e2_uci,concrete,map,1,0.55,0.6796116504854369
e2_uci,concrete,map,1,0.6000000000000001,0.6990291262135923
e2_uci,concrete,map,1,0.6500000000000001,0.7378640776699029
e2_uci,concrete,map,1,0.7000000000000001,0.7572815533980582
e2_uci,concrete,map,1,0.7500000000000001,0.7961165048543689
e2_uci,concrete,map,1,0.8,0.8252427184466019
e2_uci,concrete,map,1,0.8500000000000001,0.8737864077669902
e2_uci,concrete,map,1,0.9000000000000001,0.9029126213592233
e2_uci,concrete,map,1,0.9500000000000001,0.9320388349514563
e2_uci,concrete,map,2,0.05,0.0970873786407767
e2_uci,concrete,map,2,0.1,0.13592233009708737
e2_uci,concrete,map,2,0.15000000000000002,0.1553398058252427
e2_uci,concrete,map,2,0.2,0.21359223300970873
e2_uci,concrete,map,2,0.25,0.2815533980582524
e2_uci,concrete,map,2,0.3,0.32038834951456313
e2_uci,concrete,map,2,0.35000000000000003,0.3786407766990291
e2_uci,concrete,map,2,0.4,0.4368932038834951
e2_uci,concrete,map,2,0.45,0.47572815533980584
e2_uci,concrete,map,2,0.5,0.5048543689320388
e2_uci,concrete,map,2,0.55,0.5533980582524272
e2_uci,concrete,map,2,0.6000000000000001,0.6601941747572816
e2_uci,concrete,map,2,0.6500000000000001,0.7184466019417476
e2_uci,concrete,map,2,0.7000000000000001,0.7378640776699029
e2_uci,concrete,map,2,0.7500000000000001,0.7864077669902912
e2_uci,concrete,map,2,0.8,0.8252427184466019
e2_uci,concrete,map,2,0.8500000000000001,0.8446601941747572
e2_uci,concrete,map,2,0.9000000000000001,0.8640776699029126
e2_uci,concrete,map,2,0.9500000000000001,0.9029126213592233
e2_uci,concrete,map,3,0.05,0.17475728155339806
e2_uci,concrete,map,3,0.1,0.18446601941747573
e2_uci,concrete,map,3,0.15000000000000002,0.21359223300970873
e2_uci,concrete,map,3,0.2,0.2524271844660194
e2_uci,concrete,map,3,0.25,0.2621359223300971
e2_uci,concrete,map,3,0.3,0.3300970873786408
e2_uci,concrete,map,3,0.35000000000000003,0.3592233009708738
e2_uci,concrete,map,3,0.4,0.42718446601941745
e2_uci,concrete,map,3,0.45,0.47572815533980584
e2_uci,concrete,map,3,0.5,0.5436893203883495
e2_uci,concrete,map,3,0.55,0.5922330097087378
e2_uci,concrete,map,3,0.6000000000000001,0.6213592233009708
e2_uci,concrete,map,3,0.6500000000000001,0.6407766990291263
e2_uci,concrete,map,3,0.7000000000000001,0.6990291262135923
e2_uci,concrete,map,3,0.7500000000000001,0.7378640776699029
e2_uci,concrete,map,3,0.8,0.7669902912621359
e2_uci,concrete,map,3,0.8500000000000001,0.7766990291262136
e2_uci,concrete,map,3,0.9000000000000001,0.8155339805825242
e2_uci,concrete,map,3,0.9500000000000001,0.8737864077669902
e2_uci,concrete,map,4,0.05,0.1262135922330097
e2_uci,concrete,map,4,0.1,0.17475728155339806
e2_uci,concrete,map,4,0.15000000000000002,0.21359223300970873
e2_uci,concrete,map,4,0.2,0.24271844660194175
e2_uci,concrete,map,4,0.25,0.2815533980582524
e2_uci,concrete,map,4,0.3,0.30097087378640774
e2_uci,concrete,map,4,0.35000000000000003,0.34951456310679613
e2_uci,concrete,map,4,0.4,0.3592233009708738
e2_uci,concrete,map,4,0.45,0.39805825242718446
e2_uci,concrete,map,4,0.5,0.47572815533980584
e2_uci,concrete,map,4,0.55,0.5436893203883495
e2_uci,concrete,map,4,0.6000000000000001,0.5728155339805825
e2_uci,concrete,map,4,0.6500000000000001,0.6213592233009708
e2_uci,concrete,map,4,0.7000000000000001,0.6990291262135923
e2_uci,concrete,map,4,0.7500000000000001,0.7281553398058253
e2_uci,concrete,map,4,0.8,0.7669902912621359
e2_uci,concrete,map,4,0.8500000000000001,0.7864077669902912
e2_uci,concrete,map,4,0.9000000000000001,0.8058252427184466
e2_uci,concrete,map,4,0.9500000000000001,0.883495145631068
e2_uci,concrete,map,5,0.05,0.038834951456310676
e2_uci,concrete,map,5,0.1,0.04854368932038835
e2_uci,concrete,map,5,0.15000000000000002,0.08737864077669903
e2_uci,concrete,map,5,0.2,0.14563106796116504
e2_uci,concrete,map,5,0.25,0.18446601941747573
e2_uci,concrete,map,5,0.3,0.23300970873786409
e2_uci,concrete,map,5,0.35000000000000003,0.2621359223300971
e2_uci,concrete,map,5,0.4,0.32038834951456313
e2_uci,concrete,map,5,0.45,0.36893203883495146
e2_uci,concrete,map,5,0.5,0.4174757281553398
e2_uci,concrete,map,5,0.55,0.4368932038834951
e2_uci,concrete,map,5,0.6000000000000001,0.46601941747572817
e2_uci,concrete,map,5,0.6500000000000001,0.5436893203883495
e2_uci,concrete,map,5,0.7000000000000001,0.5922330097087378
e2_uci,concrete,map,5,0.7500000000000001,0.6213592233009708
e2_uci,concrete,map,5,0.8,0.6699029126213593
e2_uci,concrete,map,5,0.8500000000000001,0.7572815533980582
e2_uci,concrete,map,5,0.9000000000000001,0.8252427184466019
e2_uci,concrete,map,5,0.9500000000000001,0.883495145631068
e2_uci,concrete,map,6,0.05,0.08737864077669903
e2_uci,concrete,map,6,0.1,0.14563106796116504
e2_uci,concrete,map,6,0.15000000000000002,0.1941747572815534
e2_uci,concrete,map,6,0.2,0.2621359223300971
e2_uci,concrete,map,6,0.25,0.32038834951456313
e2_uci,concrete,map,6,0.3,0.3592233009708738
e2_uci,concrete,map,6,0.35000000000000003,0.4077669902912621
e2_uci,concrete,map,6,0.4,0.4368932038834951
e2_uci,concrete,map,6,0.45,0.5048543689320388
e2_uci,concrete,map,6,0.5,0.5436893203883495
e2_uci,concrete,map,6,0.55,0.6019417475728155
e2_uci,concrete,map,6,0.6000000000000001,0.6407766990291263
e2_uci,concrete,map,6,0.6500000000000001,0.6699029126213593
e2_uci,concrete,map,6,0.7000000000000001,0.6990291262135923
e2_uci,concrete,map,6,0.7500000000000001,0.7281553398058253
e2_uci,concrete,map,6,0.8,0.7766990291262136
e2_uci,concrete,map,6,0.8500000000000001,0.8252427184466019
e2_uci,concrete,map,6,0.9000000000000001,0.8543689320388349
e2_uci,concrete,map,6,0.9500000000000001,0.8932038834951457
e2_uci,concrete,map,7,0.05,0.17475728155339806
e2_uci,concrete,map,7,0.1,0.20388349514563106
e2_uci,concrete,map,7,0.15000000000000002,0.22330097087378642
e2_uci,concrete,map,7,0.2,0.2815533980582524
e2_uci,concrete,map,7,0.25,0.33980582524271846
e2_uci,concrete,map,7,0.3,0.36893203883495146
e2_uci,concrete,map,7,0.35000000000000003,0.3786407766990291
e2_uci,concrete,map,7,0.4,0.4174757281553398
e2_uci,concrete,map,7,0.45,0.46601941747572817
e2_uci,concrete,map,7,0.5,0.5048543689320388
e2_uci,concrete,map,7,0.55,0.5436893203883495
e2_uci,concrete,map,7,0.6000000000000001,0.5825242718446602
e2_uci,concrete,map,7,0.6500000000000001,0.6213592233009708
e2_uci,concrete,map,7,0.7000000000000001,0.6699029126213593
e2_uci,concrete,map,7,0.7500000000000001,0.6796116504854369
e2_uci,concrete,map,7,0.8,0.7087378640776699
e2_uci,concrete,map,7,0.8500000000000001,0.7669902912621359
e2_uci,concrete,map,7,0.9000000000000001,0.8155339805825242
e2_uci,concrete,map,7,0.9500000000000001,0.912621359223301
e2_uci,concrete,map,8,0.05,0.038834951456310676
e2_uci,concrete,map,8,0.1,0.05825242718446602
e2_uci,concrete,map,8,0.15000000000000002,0.0970873786407767
e2_uci,concrete,map,8,0.2,0.13592233009708737
e2_uci,concrete,map,8,0.25,0.1650485436893204
e2_uci,concrete,map,8,0.3,0.22330097087378642
e2_uci,concrete,map,8,0.35000000000000003,0.2621359223300971
e2_uci,concrete,map,8,0.4,0.33980582524271846
e2_uci,concrete,map,8,0.45,0.3592233009708738
e2_uci,concrete,map,8,0.5,0.3786407766990291
e2_uci,concrete,map,8,0.55,0.42718446601941745
e2_uci,concrete,map,8,0.6000000000000001,0.46601941747572817
e2_uci,concrete,map,8,0.6500000000000001,0.5242718446601942
e2_uci,concrete,map,8,0.7000000000000001,0.5825242718446602
e2_uci,concrete,map,8,0.7500000000000001,0.6213592233009708
e2_uci,concrete,map,8,0.8,0.6504854368932039
e2_uci,concrete,map,8,0.8500000000000001,0.6990291262135923
e2_uci,concrete,map,8,0.9000000000000001,0.7572815533980582
e2_uci,concrete,map,8,0.9500000000000001,0.8446601941747572
e2_uci,concrete,map,9,0.05,0.14563106796116504
e2_uci,concrete,map,9,0.1,0.1941747572815534
e2_uci,concrete,map,9,0.15000000000000002,0.2621359223300971
e2_uci,concrete,map,9,0.2,0.30097087378640774
e2_uci,concrete,map,9,0.25,0.33980582524271846
e2_uci,concrete,map,9,0.3,0.3883495145631068
e2_uci,concrete,map,9,0.35000000000000003,0.4368932038834951
e2_uci,concrete,map,9,0.4,0.47572815533980584
e2_uci,concrete,map,9,0.45,0.5145631067961165
e2_uci,concrete,map,9,0.5,0.5825242718446602
e2_uci,concrete,map,9,0.55,0.6019417475728155
e2_uci,concrete,map,9,0.6000000000000001,0.6699029126213593
e2_uci,concrete,map,9,0.6500000000000001,0.6796116504854369
e2_uci,concrete,map,9,0.7000000000000001,0.7184466019417476
e2_uci,concrete,map,9,0.7500000000000001,0.7669902912621359
e2_uci,concrete,map,9,0.8,0.7766990291262136
e2_uci,concrete,map,9,0.8500000000000001,0.8252427184466019
e2_uci,concrete,map,9,0.9000000000000001,0.8737864077669902
e2_uci,concrete,map,9,0.9500000000000001,0.912621359223301
e2_uci,concrete,map,10,0.05,0.05825242718446602
e2_uci,concrete,map,10,0.1,0.08737864077669903
e2_uci,concrete,map,10,0.15000000000000002,0.11650485436893204
e2_uci,concrete,map,10,0.2,0.13592233009708737
e2_uci,concrete,map,10,0.25,0.18446601941747573
e2_uci,concrete,map,10,0.3,0.22330097087378642
e2_uci,concrete,map,10,0.35000000000000003,0.2524271844660194
e2_uci,concrete,map,10,0.4,0.27184466019417475
e2_uci,concrete,map,10,0.45,0.34951456310679613
e2_uci,concrete,map,10,0.5,0.4174757281553398
e2_uci,concrete,map,10,0.55,0.4368932038834951
e2_uci,concrete,map,10,0.6000000000000001,0.47572815533980584
e2_uci,concrete,map,10,0.6500000000000001,0.5145631067961165
e2_uci,concrete,map,10,0.7000000000000001,0.5339805825242718
e2_uci,concrete,map,10,0.7500000000000001,0.6019417475728155
e2_uci,concrete,map,10,0.8,0.6601941747572816
e2_uci,concrete,map,10,0.8500000000000001,0.6990291262135923
e2_uci,concrete,map,10,0.9000000000000001,0.7766990291262136
e2_uci,concrete,map,10,0.9500000000000001,0.8543689320388349
e2_uci,concrete,map,11,0.05,0.08737864077669903
e2_uci,concrete,map,11,0.1,0.14563106796116504
e2_uci,concrete,map,11,0.15000000000000002,0.18446601941747573
e2_uci,concrete,map,11,0.2,0.2815533980582524
e2_uci,concrete,map,11,0.25,0.32038834951456313
e2_uci,concrete,map,11,0.3,0.3883495145631068
e2_uci,concrete,map,11,0.35000000000000003,0.47572815533980584
e2_uci,concrete,map,11,0.4,0.5339805825242718
e2_uci,concrete,map,11,0.45,0.5922330097087378
e2_uci,concrete,map,11,0.5,0.6213592233009708
e2_uci,concrete,map,11,0.55,0.6601941747572816
e2_uci,concrete,map,11,0.6000000000000001,0.7087378640776699
e2_uci,concrete,map,11,0.6500000000000001,0.7184466019417476
e2_uci,concrete,map,11,0.7000000000000001,0.7378640776699029
e2_uci,concrete,map,11,0.7500000000000001,0.7864077669902912
e2_uci,concrete,map,11,0.8,0.8155339805825242
e2_uci,concrete,map,11,0.8500000000000001,0.8446601941747572
e2_uci,concrete,map,11,0.9000000000000001,0.8932038834951457
e2_uci,concrete,map,11,0.9500000000000001,0.9320388349514563
e2_uci,concrete,map,12,0.05,0.07766990291262135
e2_uci,concrete,map,12,0.1,0.14563106796116504
e2_uci,concrete,map,12,0.15000000000000002,0.1553398058252427
e2_uci,concrete,map,12,0.2,0.1650485436893204
e2_uci,concrete,map,12,0.25,0.20388349514563106
e2_uci,concrete,map,12,0.3,0.2815533980582524
e2_uci,concrete,map,12,0.35000000000000003,0.30097087378640774
e2_uci,concrete,map,12,0.4,0.3786407766990291
e2_uci,concrete,map,12,0.45,0.42718446601941745
e2_uci,concrete,map,12,0.5,0.47572815533980584
e2_uci,concrete,map,12,0.55,0.5048543689320388
e2_uci,concrete,map,12,0.6000000000000001,0.5436893203883495
e2_uci,concrete,map,12,0.6500000000000001,0.6213592233009708
e2_uci,concrete,map,12,0.7000000000000001,0.6601941747572816
e2_uci,concrete,map,12,0.7500000000000001,0.6990291262135923
e2_uci,concrete,map,12,0.8,0.7184466019417476
e2_uci,concrete,map,12,0.8500000000000001,0.7475728155339806
e2_uci,concrete,map,12,0.9000000000000001,0.8155339805825242
e2_uci,concrete,map,12,0.9500000000000001,0.8737864077669902
e2_uci,concrete,map,13,0.05,0.05825242718446602
e2_uci,concrete,map,13,0.1,0.10679611650485436
e2_uci,concrete,map,13,0.15000000000000002,0.13592233009708737
e2_uci,concrete,map,13,0.2,0.18446601941747573
e2_uci,concrete,map,13,0.25,0.22330097087378642
e2_uci,concrete,map,13,0.3,0.2912621359223301
e2_uci,concrete,map,13,0.35000000000000003,0.32038834951456313
e2_uci,concrete,map,13,0.4,0.34951456310679613
e2_uci,concrete,map,13,0.45,0.3786407766990291
e2_uci,concrete,map,13,0.5,0.4368932038834951
e2_uci,concrete,map,13,0.55,0.5242718446601942
e2_uci,concrete,map,13,0.6000000000000001,0.5533980582524272
e2_uci,concrete,map,13,0.6500000000000001,0.6116504854368932
e2_uci,concrete,map,13,0.7000000000000001,0.6407766990291263
e2_uci,concrete,map,13,0.7500000000000001,0.7087378640776699
e2_uci,concrete,map,13,0.8,0.7281553398058253
e2_uci,concrete,map,13,0.8500000000000001,0.8058252427184466
e2_uci,concrete,map,13,0.9000000000000001,0.8252427184466019
e2_uci,concrete,map,13,0.9500000000000001,0.883495145631068
e2_uci,concrete,map,14,0.05,0.08737864077669903
e2_uci,concrete,map,14,0.1,0.1553398058252427
e2_uci,concrete,map,14,0.15000000000000002,0.18446601941747573
e2_uci,concrete,map,14,0.2,0.21359223300970873
e2_uci,concrete,map,14,0.25,0.3106796116504854
e2_uci,concrete,map,14,0.3,0.3300970873786408
e2_uci,concrete,map,14,0.35000000000000003,0.3786407766990291
e2_uci,concrete,map,14,0.4,0.4174757281553398
e2_uci,concrete,map,14,0.45,0.46601941747572817
e2_uci,concrete,map,14,0.5,0.5048543689320388
e2_uci,concrete,map,14,0.55,0.5533980582524272
e2_uci,concrete,map,14,0.6000000000000001,0.5728155339805825
e2_uci,concrete,map,14,0.6500000000000001,0.6213592233009708
e2_uci,concrete,map,14,0.7000000000000001,0.6796116504854369
e2_uci,concrete,map,14,0.7500000000000001,0.7087378640776699
e2_uci,concrete,map,14,0.8,0.7572815533980582
e2_uci,concrete,map,14,0.8500000000000001,0.8155339805825242
e2_uci,concrete,map,14,0.9000000000000001,0.8737864077669902
e2_uci,concrete,map,14,0.9500000000000001,0.912621359223301
e2_uci,concrete,map,15,0.05,0.1650485436893204
e2_uci,concrete,map,15,0.1,0.23300970873786409
e2_uci,concrete,map,15,0.15000000000000002,0.30097087378640774
e2_uci,concrete,map,15,0.2,0.3300970873786408
e2_uci,concrete,map,15,0.25,0.36893203883495146
e2_uci,concrete,map,15,0.3,0.39805825242718446
e2_uci,concrete,map,15,0.35000000000000003,0.4368932038834951
e2_uci,concrete,map,15,0.4,0.4854368932038835
e2_uci,concrete,map,15,0.45,0.49514563106796117
e2_uci,concrete,map,15,0.5,0.5339805825242718
e2_uci,concrete,map,15,0.55,0.5631067961165048
e2_uci,concrete,map,15,0.6000000000000001,0.6213592233009708
e2_uci,concrete,map,15,0.6500000000000001,0.7184466019417476
e2_uci,concrete,map,15,0.7000000000000001,0.7281553398058253
e2_uci,concrete,map,15,0.7500000000000001,0.7766990291262136
e2_uci,concrete,map,15,0.8,0.8058252427184466
e2_uci,concrete,map,15,0.8500000000000001,0.8252427184466019
e2_uci,concrete,map,15,0.9000000000000001,0.8446601941747572
e2_uci,concrete,map,15,0.9500000000000001,0.883495145631068
e2_uci,concrete,map,16,0.05,0.13592233009708737
e2_uci,concrete,map,16,0.1,0.1941747572815534
e2_uci,concrete,map,16,0.15000000000000002,0.22330097087378642
e2_uci,concrete,map,16,0.2,0.2524271844660194
e2_uci,concrete,map,16,0.25,0.2912621359223301
e2_uci,concrete,map,16,0.3,0.30097087378640774
e2_uci,concrete,map,16,0.35000000000000003,0.33980582524271846
e2_uci,concrete,map,16,0.4,0.34951456310679613
e2_uci,concrete,map,16,0.45,0.3883495145631068
e2_uci,concrete,map,16,0.5,0.46601941747572817
e2_uci,concrete,map,16,0.55,0.5048543689320388
e2_uci,concrete,map,16,0.6000000000000001,0.5242718446601942
e2_uci,concrete,map,16,0.6500000000000001,0.5533980582524272
e2_uci,concrete,map,16,0.7000000000000001,0.6116504854368932
e2_uci,concrete,map,16,0.7500000000000001,0.6310679611650486
e2_uci,concrete,map,16,0.8,0.6504854368932039
e2_uci,concrete,map,16,0.8500000000000001,0.7378640776699029
e2_uci,concrete,map,16,0.9000000000000001,0.7572815533980582
e2_uci,concrete,map,16,0.9500000000000001,0.8155339805825242
e2_uci,concrete,map,17,0.05,0.11650485436893204
e2_uci,concrete,map,17,0.1,0.20388349514563106
e2_uci,concrete,map,17,0.15000000000000002,0.24271844660194175
e2_uci,concrete,map,17,0.2,0.27184466019417475
e2_uci,concrete,map,17,0.25,0.32038834951456313
e2_uci,concrete,map,17,0.3,0.3883495145631068
e2_uci,concrete,map,17,0.35000000000000003,0.44660194174757284
e2_uci,concrete,map,17,0.4,0.49514563106796117
e2_uci,concrete,map,17,0.45,0.5533980582524272
e2_uci,concrete,map,17,0.5,0.5825242718446602
e2_uci,concrete,map,17,0.55,0.6116504854368932
e2_uci,concrete,map,17,0.6000000000000001,0.6407766990291263
e2_uci,concrete,map,17,0.6500000000000001,0.6699029126213593
e2_uci,concrete,map,17,0.7000000000000001,0.7184466019417476
e2_uci,concrete,map,17,0.7500000000000001,0.7378640776699029
e2_uci,concrete,map,17,0.8,0.7669902912621359
e2_uci,concrete,map,17,0.8500000000000001,0.7961165048543689
e2_uci,concrete,map,17,0.9000000000000001,0.8446601941747572
e2_uci,concrete,map,17,0.9500000000000001,0.912621359223301
e2_uci,concrete,map,18,0.05,0.13592233009708737
e2_uci,concrete,map,18,0.1,0.20388349514563106
e2_uci,concrete,map,18,0.15000000000000002,0.24271844660194175
e2_uci,concrete,map,18,0.2,0.2912621359223301
e2_uci,concrete,map,18,0.25,0.3300970873786408
e2_uci,concrete,map,18,0.3,0.39805825242718446
e2_uci,concrete,map,18,0.35000000000000003,0.42718446601941745
e2_uci,concrete,map,18,0.4,0.49514563106796117
e2_uci,concrete,map,18,0.45,0.5533980582524272
e2_uci,concrete,map,18,0.5,0.6213592233009708
e2_uci,concrete,map,18,0.55,0.6407766990291263
e2_uci,concrete,map,18,0.6000000000000001,0.6601941747572816
e2_uci,concrete,map,18,0.6500000000000001,0.6699029126213593
e2_uci,concrete,map,18,0.7000000000000001,0.7087378640776699
e2_uci,concrete,map,18,0.7500000000000001,0.7378640776699029
e2_uci,concrete,map,18,0.8,0.7475728155339806
e2_uci,concrete,map,18,0.8500000000000001,0.8155339805825242
e2_uci,concrete,map,18,0.9000000000000001,0.8446601941747572
e2_uci,concrete,map,18,0.9500000000000001,0.883495145631068
e2_uci,concrete,map,19,0.05,0.13592233009708737
e2_uci,concrete,map,19,0.1,0.21359223300970873
e2_uci,concrete,map,19,0.15000000000000002,0.2621359223300971
e2_uci,concrete,map,19,0.2,0.2912621359223301
e2_uci,concrete,map,19,0.25,0.3106796116504854
e2_uci,concrete,map,19,0.3,0.3300970873786408
e2_uci,concrete,map,19,0.35000000000000003,0.39805825242718446
e2_uci,concrete,map,19,0.4,0.42718446601941745
e2_uci,concrete,map,19,0.45,0.5048543689320388
e2_uci,concrete,map,19,0.5,0.5533980582524272
e2_uci,concrete,map,19,0.55,0.6116504854368932
e2_uci,concrete,map,19,0.6000000000000001,0.6504854368932039
e2_uci,concrete,map,19,0.6500000000000001,0.6893203883495146
e2_uci,concrete,map,19,0.7000000000000001,0.7184466019417476
e2_uci,concrete,map,19,0.7500000000000001,0.7766990291262136
e2_uci,concrete,map,19,0.8,0.7961165048543689
e2_uci,concrete,map,19,0.8500000000000001,0.8155339805825242
e2_uci,concrete,map,19,0.9000000000000001,0.883495145631068
e2_uci,concrete,map,19,0.9500000000000001,0.941747572815534
e2_uci,wine_quality_red,map,0,0.05,0.04375
e2_uci,wine_quality_red,map,0,0.1,0.08125
e2_uci,wine_quality_red,map,0,0.15000000000000002,0.11875
e2_uci,wine_quality_red,map,0,0.2,0.1625
e2_uci,wine_quality_red,map,0,0.25,0.2125
e2_uci,wine_quality_red,map,0,0.3,0.28125
e2_uci,wine_quality_red,map,0,0.35000000000000003,0.35625
e2_uci,wine_quality_red,map,0,0.4,0.4125
e2_uci,wine_quality_red,map,0,0.45,0.48125
e2_uci,wine_quality_red,map,0,0.5,0.51875
e2_uci,wine_quality_red,map,0,0.55,0.5375
e2_uci,wine_quality_red,map,0,0.6000000000000001,0.5875
e2_uci,wine_quality_red,map,0,0.6500000000000001,0.65625
e2_uci,wine_quality_red,map,0,0.7000000000000001,0.69375
e2_uci,wine_quality_red,map,0,0.7500000000000001,0.71875
e2_uci,wine_quality_red,map,0,0.8,0.775
e2_uci,wine_quality_red,map,0,0.8500000000000001,0.8
e2_uci,wine_quality_red,map,0,0.9000000000000001,0.875
e2_uci,wine_quality_red,map,0,0.9500000000000001,0.95625
e2_uci,wine_quality_red,map,1,0.05,0.06875
e2_uci,wine_quality_red,map,1,0.1,0.0875
e2_uci,wine_quality_red,map,1,0.15000000000000002,0.14375
e2_uci,wine_quality_red,map,1,0.2,0.19375
e2_uci,wine_quality_red,map,1,0.25,0.275
e2_uci,wine_quality_red,map,1,0.3,0.33125
e2_uci,wine_quality_red,map,1,0.35000000000000003,0.4
e2_uci,wine_quality_red,map,1,0.4,0.45
e2_uci,wine_quality_red,map,1,0.45,0.50625
e2_uci,wine_quality_red,map,1,0.5,0.55
e2_uci,wine_quality_red,map,1,0.55,0.575
e2_uci,wine_quality_red,map,1,0.6000000000000001,0.625
e2_uci,wine_quality_red,map,1,0.6500000000000001,0.65625
e2_uci,wine_quality_red,map,1,0.7000000000000001,0.73125
e2_uci,wine_quality_red,map,1,0.7500000000000001,0.75625
e2_uci,wine_quality_red,map,1,0.8,0.7875
e2_uci,wine_quality_red,map,1,0.8500000000000001,0.85625
e2_uci,wine_quality_red,map,1,0.9000000000000001,0.9
e2_uci,wine_quality_red,map,1,0.9500000000000001,0.96875
e2_uci,wine_quality_red,map,2,0.05,0.075
e2_uci,wine_quality_red,map,2,0.1,0.1125
e2_uci,wine_quality_red,map,2,0.15000000000000002,0.1875
e2_uci,wine_quality_red,map,2,0.2,0.2125
e2_uci,wine_quality_red,map,2,0.25,0.275
e2_uci,wine_quality_red,map,2,0.3,0.33125
e2_uci,wine_quality_red,map,2,0.35000000000000003,0.38125
e2_uci,wine_quality_red,map,2,0.4,0.43125
e2_uci,wine_quality_red,map,2,0.45,0.51875
e2_uci,wine_quality_red,map,2,0.5,0.59375
e2_uci,wine_quality_red,map,2,0.55,0.64375
e2_uci,wine_quality_red,map,2,0.6000000000000001,0.675
e2_uci,wine_quality_red,map,2,0.6500000000000001,0.7
e2_uci,wine_quality_red,map,2,0.7000000000000001,0.74375
e2_uci,wine_quality_red,map,2,0.7500000000000001,0.76875
e2_uci,wine_quality_red,map,2,0.8,0.79375
e2_uci,wine_quality_red,map,2,0.8500000000000001,0.81875
e2_uci,wine_quality_red,map,2,0.9000000000000001,0.875
e2_uci,wine_quality_red,map,2,0.9500000000000001,0.925
e2_uci,wine_quality_red,map,3,0.05,0.05625
e2_uci,wine_quality_red,map,3,0.1,0.1
e2_uci,wine_quality_red,map,3,0.15000000000000002,0.14375
e2_uci,wine_quality_red,map,3,0.2,0.19375
e2_uci,wine_quality_red,map,3,0.25,0.24375
e2_uci,wine_quality_red,map,3,0.3,0.2875
e2_uci,wine_quality_red,map,3,0.35000000000000003,0.3375
e2_uci,wine_quality_red,map,3,0.4,0.4375
e2_uci,wine_quality_red,map,3,0.45,0.49375
e2_uci,wine_quality_red,map,3,0.5,0.54375
e2_uci,wine_quality_red,map,3,0.55,0.60625
e2_uci,wine_quality_red,map,3,0.6000000000000001,0.6375
e2_uci,wine_quality_red,map,3,0.6500000000000001,0.675
e2_uci,wine_quality_red,map,3,0.7000000000000001,0.7125
e2_uci,wine_quality_red,map,3,0.7500000000000001,0.75
e2_uci,wine_quality_red,map,3,0.8,0.78125
e2_uci,wine_quality_red,map,3,0.8500000000000001,0.8375
e2_uci,wine_quality_red,map,3,0.9000000000000001,0.86875
e2_uci,wine_quality_red,map,3,0.9500000000000001,0.95625
e2_uci,wine_quality_red,map,4,0.05,0.01875
e2_uci,wine_quality_red,map,4,0.1,0.0625
e2_uci,wine_quality_red,map,4,0.15000000000000002,0.09375
e2_uci,wine_quality_red,map,4,0.2,0.125
e2_uci,wine_quality_red,map,4,0.25,0.175
e2_uci,wine_quality_red,map,4,0.3,0.26875
e2_uci,wine_quality_red,map,4,0.35000000000000003,0.3625
e2_uci,wine_quality_red,map,4,0.4,0.43125
e2_uci,wine_quality_red,map,4,0.45,0.5
e2_uci,wine_quality_red,map,4,0.5,0.55625
e2_uci,wine_quality_red,map,4,0.55,0.59375
e2_uci,wine_quality_red,map,4,0.6000000000000001,0.65
e2_uci,wine_quality_red,map,4,0.6500000000000001,0.70625
e2_uci,wine_quality_red,map,4,0.7000000000000001,0.73125
e2_uci,wine_quality_red,map,4,0.7500000000000001,0.76875
e2_uci,wine_quality_red,map,4,0.8,0.81875
e2_uci,wine_quality_red,map,4,0.8500000000000001,0.85
e2_uci,wine_quality_red,map,4,0.9000000000000001,0.90625
e2_uci,wine_quality_red,map,4,0.9500000000000001,0.93125
e2_uci,wine_quality_red,map,5,0.05,0.05625
e2_uci,wine_quality_red,map,5,0.1,0.0875
e2_uci,wine_quality_red,map,5,0.15000000000000002,0.15625
e2_uci,wine_quality_red,map,5,0.2,0.2
e2_uci,wine_quality_red,map,5,0.25,0.28125
e2_uci,wine_quality_red,map,5,0.3,0.35625
e2_uci,wine_quality_red,map,5,0.35000000000000003,0.425
e2_uci,wine_quality_red,map,5,0.4,0.46875
e2_uci,wine_quality_red,map,5,0.45,0.5125
e2_uci,wine_quality_red,map,5,0.5,0.56875
e2_uci,wine_quality_red,map,5,0.55,0.60625
e2_uci,wine_quality_red,map,5,0.6000000000000001,0.64375
e2_uci,wine_quality_red,map,5,0.6500000000000001,0.675
e2_uci,wine_quality_red,map,5,0.7000000000000001,0.7125
e2_uci,wine_quality_red,map,5,0.7500000000000001,0.75
e2_uci,wine_quality_red,map,5,0.8,0.81875
e2_uci,wine_quality_red,map,5,0.8500000000000001,0.85625
e2_uci,wine_quality_red,map,5,0.9000000000000001,0.89375
e2_uci,wine_quality_red,map,5,0.9500000000000001,0.9375
e2_uci,wine_quality_red,map,6,0.05,0.075
e2_uci,wine_quality_red,map,6,0.1,0.125
e2_uci,wine_quality_red,map,6,0.15000000000000002,0.1625
e2_uci,wine_quality_red,map,6,0.2,0.1875
e2_uci,wine_quality_red,map,6,0.25,0.24375
e2_uci,wine_quality_red,map,6,0.3,0.3
e2_uci,wine_quality_red,map,6,0.35000000000000003,0.33125
e2_uci,wine_quality_red,map,6,0.4,0.35625
e2_uci,wine_quality_red,map,6,0.45,0.40625
e2_uci,wine_quality_red,map,6,0.5,0.48125
e2_uci,wine_quality_red,map,6,0.55,0.53125
e2_uci,wine_quality_red,map,6,0.6000000000000001,0.56875
e2_uci,wine_quality_red,map,6,0.6500000000000001,0.5875
e2_uci,wine_quality_red,map,6,0.7000000000000001,0.65
e2_uci,wine_quality_red,map,6,0.7500000000000001,0.7125
e2_uci,wine_quality_red,map,6,0.8,0.74375
e2_uci,wine_quality_red,map,6,0.8500000000000001,0.83125
e2_uci,wine_quality_red,map,6,0.9000000000000001,0.89375
e2_uci,wine_quality_red,map,6,0.9500000000000001,0.94375
e2_uci,wine_quality_red,map,7,0.05,0.06875
e2_uci,wine_quality_red,map,7,0.1,0.1125
e2_uci,wine_quality_red,map,7,0.15000000000000002,0.15625
e2_uci,wine_quality_red,map,7,0.2,0.2125
e2_uci,wine_quality_red,map,7,0.25,0.2875
e2_uci,wine_quality_red,map,7,0.3,0.35
e2_uci,wine_quality_red,map,7,0.35000000000000003,0.375
e2_uci,wine_quality_red,map,7,0.4,0.425
e2_uci,wine_quality_red,map,7,0.45,0.49375
e2_uci,wine_quality_red,map,7,0.5,0.55
e2_uci,wine_quality_red,map,7,0.55,0.625
e2_uci,wine_quality_red,map,7,0.6000000000000001,0.6875
e2_uci,wine_quality_red,map,7,0.6500000000000001,0.7375
e2_uci,wine_quality_red,map,7,0.7000000000000001,0.7625
e2_uci,wine_quality_red,map,7,0.7500000000000001,0.80625
e2_uci,wine_quality_red,map,7,0.8,0.825
e2_uci,wine_quality_red,map,7,0.8500000000000001,0.85
e2_uci,wine_quality_red,map,7,0.9000000000000001,0.8875
e2_uci,wine_quality_red,map,7,0.9500000000000001,0.94375
e2_uci,wine_quality_red,map,8,0.05,0.0375
e2_uci,wine_quality_red,map,8,0.1,0.0625
e2_uci,wine_quality_red,map,8,0.15000000000000002,0.075
e2_uci,wine_quality_red,map,8,0.2,0.09375
e2_uci,wine_quality_red,map,8,0.25,0.1375
e2_uci,wine_quality_red,map,8,0.3,0.1875
e2_uci,wine_quality_red,map,8,0.35000000000000003,0.2875
e2_uci,wine_quality_red,map,8,0.4,0.3125
e2_uci,wine_quality_red,map,8,0.45,0.36875
e2_uci,wine_quality_red,map,8,0.5,0.40625
e2_uci,wine_quality_red,map,8,0.55,0.46875
e2_uci,wine_quality_red,map,8,0.6000000000000001,0.55
e2_uci,wine_quality_red,map,8,0.6500000000000001,0.61875
e2_uci,wine_quality_red,map,8,0.7000000000000001,0.65625
e2_uci,wine_quality_red,map,8,0.7500000000000001,0.725
e2_uci,wine_quality_red,map,8,0.8,0.775
e2_uci,wine_quality_red,map,8,0.8500000000000001,0.8125
e2_uci,wine_quality_red,map,8,0.9000000000000001,0.86875
e2_uci,wine_quality_red,map,8,0.9500000000000001,0.95625
e2_uci,wine_quality_red,map,9,0.05,0.05
e2_uci,wine_quality_red,map,9,0.1,0.1
e2_uci,wine_quality_red,map,9,0.15000000000000002,0.14375
e2_uci,wine_quality_red,map,9,0.2,0.175
e2_uci,wine_quality_red,map,9,0.25,0.25
e2_uci,wine_quality_red,map,9,0.3,0.275
e2_uci,wine_quality_red,map,9,0.35000000000000003,0.33125
e2_uci,wine_quality_red,map,9,0.4,0.40625
e2_uci,wine_quality_red,map,9,0.45,0.46875
e2_uci,wine_quality_red,map,9,0.5,0.55625
e2_uci,wine_quality_red,map,9,0.55,0.56875
e2_uci,wine_quality_red,map,9,0.6000000000000001,0.625
e2_uci,wine_quality_red,map,9,0.6500000000000001,0.66875
e2_uci,wine_quality_red,map,9,0.7000000000000001,0.7375
e2_uci,wine_quality_red,map,9,0.7500000000000001,0.775
e2_uci,wine_quality_red,map,9,0.8,0.81875
e2_uci,wine_quality_red,map,9,0.8500000000000001,0.85
e2_uci,wine_quality_red,map,9,0.9000000000000001,0.875
e2_uci,wine_quality_red,map,9,0.9500000000000001,0.91875
e2_uci,wine_quality_red,map,10,0.05,0.05
e2_uci,wine_quality_red,map,10,0.1,0.10625
e2_uci,wine_quality_red,map,10,0.15000000000000002,0.13125
e2_uci,wine_quality_red,map,10,0.2,0.16875
e2_uci,wine_quality_red,map,10,0.25,0.2375
e2_uci,wine_quality_red,map,10,0.3,0.29375
e2_uci,wine_quality_red,map,10,0.35000000000000003,0.3625
e2_uci,wine_quality_red,map,10,0.4,0.43125
e2_uci,wine_quality_red,map,10,0.45,0.49375
e2_uci,wine_quality_red,map,10,0.5,0.51875
e2_uci,wine_quality_red,map,10,0.55,0.55625
e2_uci,wine_quality_red,map,10,0.6000000000000001,0.6125
e2_uci,wine_quality_red,map,10,0.6500000000000001,0.6625
e2_uci,wine_quality_red,map,10,0.7000000000000001,0.69375
e2_uci,wine_quality_red,map,10,0.7500000000000001,0.75
e2_uci,wine_quality_red,map,10,0.8,0.775
e2_uci,wine_quality_red,map,10,0.8500000000000001,0.825
e2_uci,wine_quality_red,map,10,0.9000000000000001,0.85625
e2_uci,wine_quality_red,map,10,0.9500000000000001,0.925
e2_uci,wine_quality_red,map,11,0.05,0.0625
e2_uci,wine_quality_red,map,11,0.1,0.1
e2_uci,wine_quality_red,map,11,0.15000000000000002,0.1375
e2_uci,wine_quality_red,map,11,0.2,0.1875
e2_uci,wine_quality_red,map,11,0.25,0.21875
e2_uci,wine_quality_red,map,11,0.3,0.25
e2_uci,wine_quality_red,map,11,0.35000000000000003,0.29375
e2_uci,wine_quality_red,map,11,0.4,0.35
e2_uci,wine_quality_red,map,11,0.45,0.4
e2_uci,wine_quality_red,map,11,0.5,0.4625
e2_uci,wine_quality_red,map,11,0.55,0.4875
e2_uci,wine_quality_red,map,11,0.6000000000000001,0.5625
e2_uci,wine_quality_red,map,11,0.6500000000000001,0.60625
e2_uci,wine_quality_red,map,11,0.7000000000000001,0.65
e2_uci,wine_quality_red,map,11,0.7500000000000001,0.70625
e2_uci,wine_quality_red,map,11,0.8,0.75
e2_uci,wine_quality_red,map,11,0.8500000000000001,0.8125
e2_uci,wine_quality_red,map,11,0.9000000000000001,0.85625
e2_uci,wine_quality_red,map,11,0.9500000000000001,0.94375
e2_uci,wine_quality_red,map,12,0.05,0.10625
e2_uci,wine_quality_red,map,12,0.1,0.14375
e2_uci,wine_quality_red,map,12,0.15000000000000002,0.175
e2_uci,wine_quality_red,map,12,0.2,0.21875
e2_uci,wine_quality_red,map,12,0.25,0.28125
e2_uci,wine_quality_red,map,12,0.3,0.36875
e2_uci,wine_quality_red,map,12,0.35000000000000003,0.45625
e2_uci,wine_quality_red,map,12,0.4,0.525
e2_uci,wine_quality_red,map,12,0.45,0.56875
e2_uci,wine_quality_red,map,12,0.5,0.60625
e2_uci,wine_quality_red,map,12,0.55,0.6625
e2_uci,wine_quality_red,map,12,0.6000000000000001,0.7125
e2_uci,wine_quality_red,map,12,0.6500000000000001,0.75625
e2_uci,wine_quality_red,map,12,0.7000000000000001,0.8
e2_uci,wine_quality_red,map,12,0.7500000000000001,0.8125
e2_uci,wine_quality_red,map,12,0.8,0.83125
e2_uci,wine_quality_red,map,12,0.8500000000000001,0.8875
e2_uci,wine_quality_red,map,12,0.9000000000000001,0.94375
e2_uci,wine_quality_red,map,12,0.9500000000000001,0.98125
e2_uci,wine_quality_red,map,13,0.05,0.0625
e2_uci,wine_quality_red,map,13,0.1,0.075
e2_uci,wine_quality_red,map,13,0.15000000000000002,0.125
e2_uci,wine_quality_red,map,13,0.2,0.16875
e2_uci,wine_quality_red,map,13,0.25,0.23125
e2_uci,wine_quality_red,map,13,0.3,0.29375
e2_uci,wine_quality_red,map,13,0.35000000000000003,0.40625
e2_uci,wine_quality_red,map,13,0.4,0.4375
e2_uci,wine_quality_red,map,13,0.45,0.49375
e2_uci,wine_quality_red,map,13,0.5,0.5625
e2_uci,wine_quality_red,map,13,0.55,0.6
e2_uci,wine_quality_red,map,13,0.6000000000000001,0.64375
e2_uci,wine_quality_red,map,13,0.6500000000000001,0.7
e2_uci,wine_quality_red,map,13,0.7000000000000001,0.7375
e2_uci,wine_quality_red,map,13,0.7500000000000001,0.7875
e2_uci,wine_quality_red,map,13,0.8,0.825
e2_uci,wine_quality_red,map,13,0.8500000000000001,0.86875
e2_uci,wine_quality_red,map,13,0.9000000000000001,0.9125
e2_uci,wine_quality_red,map,13,0.9500000000000001,0.95
e2_uci,wine_quality_red,map,14,0.05,0.0375
e2_uci,wine_quality_red,map,14,0.1,0.06875
e2_uci,wine_quality_red,map,14,0.15000000000000002,0.14375
e2_uci,wine_quality_red,map,14,0.2,0.19375
e2_uci,wine_quality_red,map,14,0.25,0.2875
e2_uci,wine_quality_red,map,14,0.3,0.34375
e2_uci,wine_quality_red,map,14,0.35000000000000003,0.425
e2_uci,wine_quality_red,map,14,0.4,0.51875
e2_uci,wine_quality_red,map,14,0.45,0.5875
e2_uci,wine_quality_red,map,14,0.5,0.6375
e2_uci,wine_quality_red,map,14,0.55,0.675
e2_uci,wine_quality_red,map,14,0.6000000000000001,0.69375
e2_uci,wine_quality_red,map,14,0.6500000000000001,0.73125
e2_uci,wine_quality_red,map,14,0.7000000000000001,0.7625
e2_uci,wine_quality_red,map,14,0.7500000000000001,0.8125
e2_uci,wine_quality_red,map,14,0.8,0.8375
e2_uci,wine_quality_red,map,14,0.8500000000000001,0.88125
e2_uci,wine_quality_red,map,14,0.9000000000000001,0.9
e2_uci,wine_quality_red,map,14,0.9500000000000001,0.94375
e2_uci,wine_quality_red,map,15,0.05,0.01875
e2_uci,wine_quality_red,map,15,0.1,0.05625
e2_uci,wine_quality_red,map,15,0.15000000000000002,0.09375
e2_uci,wine_quality_red,map,15,0.2,0.13125
e2_uci,wine_quality_red,map,15,0.25,0.175
e2_uci,wine_quality_red,map,15,0.3,0.23125
e2_uci,wine_quality_red,map,15,0.35000000000000003,0.275
e2_uci,wine_quality_red,map,15,0.4,0.38125
e2_uci,wine_quality_red,map,15,0.45,0.4625
e2_uci,wine_quality_red,map,15,0.5,0.53125
e2_uci,wine_quality_red,map,15,0.55,0.55
e2_uci,wine_quality_red,map,15,0.6000000000000001,0.59375
e2_uci,wine_quality_red,map,15,0.6500000000000001,0.61875
e2_uci,wine_quality_red,map,15,0.7000000000000001,0.675
e2_uci,wine_quality_red,map,15,0.7500000000000001,0.71875
e2_uci,wine_quality_red,map,15,0.8,0.76875
e2_uci,wine_quality_red,map,15,0.8500000000000001,0.84375
e2_uci,wine_quality_red,map,15,0.9000000000000001,0.9
e2_uci,wine_quality_red,map,15,0.9500000000000001,0.95
e2_uci,wine_quality_red,map,16,0.05,0.0375
e2_uci,wine_quality_red,map,16,0.1,0.0625
e2_uci,wine_quality_red,map,16,0.15000000000000002,0.11875
e2_uci,wine_quality_red,map,16,0.2,0.1625
e2_uci,wine_quality_red,map,16,0.25,0.19375
e2_uci,wine_quality_red,map,16,0.3,0.2375
e2_uci,wine_quality_red,map,16,0.35000000000000003,0.325
e2_uci,wine_quality_red,map,16,0.4,0.375
e2_uci,wine_quality_red,map,16,0.45,0.46875
e2_uci,wine_quality_red,map,16,0.5,0.5125
e2_uci,wine_quality_red,map,16,0.55,0.55625
e2_uci,wine_quality_red,map,16,0.6000000000000001,0.5875
e2_uci,wine_quality_red,map,16,0.6500000000000001,0.625
e2_uci,wine_quality_red,map,16,0.7000000000000001,0.675
e2_uci,wine_quality_red,map,16,0.7500000000000001,0.74375
e2_uci,wine_quality_red,map,16,0.8,0.78125
e2_uci,wine_quality_red,map,16,0.8500000000000001,0.84375
e2_uci,wine_quality_red,map,16,0.9000000000000001,0.90625
e2_uci,wine_quality_red,map,16,0.9500000000000001,0.94375
e2_uci,wine_quality_red,map,17,0.05,0.04375
e2_uci,wine_quality_red,map,17,0.1,0.075
e2_uci,wine_quality_red,map,17,0.15000000000000002,0.10625
e2_uci,wine_quality_red,map,17,0.2,0.1875
e2_uci,wine_quality_red,map,17,0.25,0.2
e2_uci,wine_quality_red,map,17,0.3,0.2875
e2_uci,wine_quality_red,map,17,0.35000000000000003,0.3375
e2_uci,wine_quality_red,map,17,0.4,0.39375
e2_uci,wine_quality_red,map,17,0.45,0.4625
e2_uci,wine_quality_red,map,17,0.5,0.51875
e2_uci,wine_quality_red,map,17,0.55,0.55625
e2_uci,wine_quality_red,map,17,0.6000000000000001,0.59375
e2_uci,wine_quality_red,map,17,0.6500000000000001,0.61875
e2_uci,wine_quality_red,map,17,0.7000000000000001,0.675
e2_uci,wine_quality_red,map,17,0.7500000000000001,0.7375
e2_uci,wine_quality_red,map,17,0.8,0.78125
e2_uci,wine_quality_red,map,17,0.8500000000000001,0.825
e2_uci,wine_quality_red,map,17,0.9000000000000001,0.8875
e2_uci,wine_quality_red,map,17,0.9500000000000001,0.94375
e2_uci,wine_quality_red,map,18,0.05,0.0375
e2_uci,wine_quality_red,map,18,0.1,0.0625
e2_uci,wine_quality_red,map,18,0.15000000000000002,0.0875
e2_uci,wine_quality_red,map,18,0.2,0.125
e2_uci,wine_quality_red,map,18,0.25,0.2
e2_uci,wine_quality_red,map,18,0.3,0.25625
e2_uci,wine_quality_red,map,18,0.35000000000000003,0.34375
e2_uci,wine_quality_red,map,18,0.4,0.375
e2_uci,wine_quality_red,map,18,0.45,0.4125
e2_uci,wine_quality_red,map,18,0.5,0.49375
e2_uci,wine_quality_red,map,18,0.55,0.525
e2_uci,wine_quality_red,map,18,0.6000000000000001,0.58125
e2_uci,wine_quality_red,map,18,0.6500000000000001,0.64375
e2_uci,wine_quality_red,map,18,0.7000000000000001,0.675
e2_uci,wine_quality_red,map,18,0.7500000000000001,0.7125
e2_uci,wine_quality_red,map,18,0.8,0.7625
e2_uci,wine_quality_red,map,18,0.8500000000000001,0.79375
e2_uci,wine_quality_red,map,18,0.9000000000000001,0.84375
e2_uci,wine_quality_red,map,18,0.9500000000000001,0.9125
e2_uci,wine_quality_red,map,19,0.05,0.05625
e2_uci,wine_quality_red,map,19,0.1,0.1
e2_uci,wine_quality_red,map,19,0.15000000000000002,0.15
e2_uci,wine_quality_red,map,19,0.2,0.16875
e2_uci,wine_quality_red,map,19,0.25,0.225
e2_uci,wine_quality_red,map,19,0.3,0.26875
e2_uci,wine_quality_red,map,19,0.35000000000000003,0.34375
e2_uci,wine_quality_red,map,19,0.4,0.4125
e2_uci,wine_quality_red,map,19,0.45,0.44375
e2_uci,wine_quality_red,map,19,0.5,0.475
e2_uci,wine_quality_red,map,19,0.55,0.54375
e2_uci,wine_quality_red,map,19,0.6000000000000001,0.625
e2_uci,wine_quality_red,map,19,0.6500000000000001,0.66875
e2_uci,wine_quality_red,map,19,0.7000000000000001,0.71875
e2_uci,wine_quality_red,map,19,0.7500000000000001,0.75
e2_uci,wine_quality_red,map,19,0.8,0.80625
e2_uci,wine_quality_red,map,19,0.8500000000000001,0.86875
e2_uci,wine_quality_red,map,19,0.9000000000000001,0.9125
e2_uci,wine_quality_red,map,19,0.9500000000000001,0.95
e2_uci,kin8nm,map,0,0.05,0.08913308913308914
e2_uci,kin8nm,map,0,0.1,0.14652014652014653
e2_uci,kin8nm,map,0,0.15000000000000002,0.21245421245421245
e2_uci,kin8nm,map,0,0.2,0.2576312576312576
e2_uci,kin8nm,map,0,0.25,0.32722832722832723
e2_uci,kin8nm,map,0,0.3,0.3724053724053724
e2_uci,kin8nm,map,0,0.35000000000000003,0.44078144078144077
e2_uci,kin8nm,map,0,0.4,0.4932844932844933
e2_uci,kin8nm,map,0,0.45,0.5384615384615384
e2_uci,kin8nm,map,0,0.5,0.590964590964591
e2_uci,kin8nm,map,0,0.55,0.63003663003663
e2_uci,kin8nm,map,0,0.6000000000000001,0.6874236874236874
e2_uci,kin8nm,map,0,0.6500000000000001,0.7301587301587301
e2_uci,kin8nm,map,0,0.7000000000000001,0.7692307692307693
e2_uci,kin8nm,map,0,0.7500000000000001,0.8217338217338217
e2_uci,kin8nm,map,0,0.8,0.8717948717948718
e2_uci,kin8nm,map,0,0.8500000000000001,0.9072039072039072
e2_uci,kin8nm,map,0,0.9000000000000001,0.9377289377289377
e2_uci,kin8nm,map,0,0.9500000000000001,0.9584859584859585
e2_uci,kin8nm,map,1,0.05,0.052503052503052504
e2_uci,kin8nm,map,1,0.1,0.09523809523809523
e2_uci,kin8nm,map,1,0.15000000000000002,0.13675213675213677
e2_uci,kin8nm,map,1,0.2,0.18192918192918192
e2_uci,kin8nm,map,1,0.25,0.231990231990232
e2_uci,kin8nm,map,1,0.3,0.2698412698412698
e2_uci,kin8nm,map,1,0.35000000000000003,0.3137973137973138
e2_uci,kin8nm,map,1,0.4,0.36874236874236876
e2_uci,kin8nm,map,1,0.45,0.42002442002442003
e2_uci,kin8nm,map,1,0.5,0.47985347985347987
e2_uci,kin8nm,map,1,0.55,0.5323565323565324
e2_uci,kin8nm,map,1,0.6000000000000001,0.5897435897435898
e2_uci,kin8nm,map,1,0.6500000000000001,0.6288156288156288
e2_uci,kin8nm,map,1,0.7000000000000001,0.6813186813186813
e2_uci,kin8nm,map,1,0.7500000000000001,0.7387057387057387
e2_uci,kin8nm,map,1,0.8,0.7863247863247863
e2_uci,kin8nm,map,1,0.8500000000000001,0.8327228327228328
e2_uci,kin8nm,map,1,0.9000000000000001,0.884004884004884
e2_uci,kin8nm,map,1,0.9500000000000001,0.9377289377289377
e2_uci,kin8nm,map,2,0.05,0.042735042735042736
e2_uci,kin8nm,map,2,0.1,0.07448107448107448
e2_uci,kin8nm,map,2,0.15000000000000002,0.10866910866910867
e2_uci,kin8nm,map,2,0.2,0.13675213675213677
e2_uci,kin8nm,map,2,0.25,0.19291819291819293
e2_uci,kin8nm,map,2,0.3,0.2454212454212454
e2_uci,kin8nm,map,2,0.35000000000000003,0.2905982905982906
e2_uci,kin8nm,map,2,0.4,0.32844932844932845
e2_uci,kin8nm,map,2,0.45,0.38217338217338215
e2_uci,kin8nm,map,2,0.5,0.44932844932844934
e2_uci,kin8nm,map,2,0.55,0.5067155067155067
e2_uci,kin8nm,map,2,0.6000000000000001,0.5604395604395604
e2_uci,kin8nm,map,2,0.6500000000000001,0.612942612942613
e2_uci,kin8nm,map,2,0.7000000000000001,0.673992673992674
e2_uci,kin8nm,map,2,0.7500000000000001,0.7142857142857143
e2_uci,kin8nm,map,2,0.8,0.7484737484737485
e2_uci,kin8nm,map,2,0.8500000000000001,0.8034188034188035
e2_uci,kin8nm,map,2,0.9000000000000001,0.8559218559218559
e2_uci,kin8nm,map,2,0.9500000000000001,0.9206349206349206
e2_uci,kin8nm,map,3,0.05,0.07814407814407814
e2_uci,kin8nm,map,3,0.1,0.13064713064713065
e2_uci,kin8nm,map,3,0.15000000000000002,0.20024420024420025
e2_uci,kin8nm,map,3,0.2,0.2625152625152625
e2_uci,kin8nm,map,3,0.25,0.3162393162393162
e2_uci,kin8nm,map,3,0.3,0.3785103785103785
e2_uci,kin8nm,map,3,0.35000000000000003,0.41514041514041516
e2_uci,kin8nm,map,3,0.4,0.4700854700854701
e2_uci,kin8nm,map,3,0.45,0.5213675213675214
e2_uci,kin8nm,map,3,0.5,0.5641025641025641
e2_uci,kin8nm,map,3,0.55,0.6019536019536019
e2_uci,kin8nm,map,3,0.6000000000000001,0.6556776556776557
e2_uci,kin8nm,map,3,0.6500000000000001,0.706959706959707
e2_uci,kin8nm,map,3,0.7000000000000001,0.7606837606837606
e2_uci,kin8nm,map,3,0.7500000000000001,0.8021978021978022
e2_uci,kin8nm,map,3,0.8,0.8388278388278388
e2_uci,kin8nm,map,3,0.8500000000000001,0.8693528693528694
e2_uci,kin8nm,map,3,0.9000000000000001,0.9072039072039072
e2_uci,kin8nm,map,3,0.9500000000000001,0.9560439560439561
e2_uci,kin8nm,map,4,0.05,0.045177045177045176
e2_uci,kin8nm,map,4,0.1,0.07203907203907203
e2_uci,kin8nm,map,4,0.15000000000000002,0.11233211233211234
e2_uci,kin8nm,map,4,0.2,0.14163614163614163
e2_uci,kin8nm,map,4,0.25,0.17582417582417584
e2_uci,kin8nm,map,4,0.3,0.21245421245421245
e2_uci,kin8nm,map,4,0.35000000000000003,0.25274725274725274
e2_uci,kin8nm,map,4,0.4,0.3076923076923077
e2_uci,kin8nm,map,4,0.45,0.3418803418803419
e2_uci,kin8nm,map,4,0.5,0.39194139194139194
e2_uci,kin8nm,map,4,0.55,0.4456654456654457
e2_uci,kin8nm,map,4,0.6000000000000001,0.4932844932844933
e2_uci,kin8nm,map,4,0.6500000000000001,0.5567765567765568
e2_uci,kin8nm,map,4,0.7000000000000001,0.6239316239316239
e2_uci,kin8nm,map,4,0.7500000000000001,0.6898656898656899
e2_uci,kin8nm,map,4,0.8,0.7448107448107448
e2_uci,kin8nm,map,4,0.8500000000000001,0.8058608058608059
e2_uci,kin8nm,map,4,0.9000000000000001,0.8669108669108669
e2_uci,kin8nm,map,4,0.9500000000000001,0.9255189255189256
e2_uci,kin8nm,map,5,0.05,0.07936507936507936
e2_uci,kin8nm,map,5,0.1,0.1330891330891331
e2_uci,kin8nm,map,5,0.15000000000000002,0.19536019536019536
e2_uci,kin8nm,map,5,0.2,0.2612942612942613
e2_uci,kin8nm,map,5,0.25,0.3247863247863248
e2_uci,kin8nm,map,5,0.3,0.3797313797313797
e2_uci,kin8nm,map,5,0.35000000000000003,0.4261294261294261
e2_uci,kin8nm,map,5,0.4,0.48473748473748474
e2_uci,kin8nm,map,5,0.45,0.536019536019536
e2_uci,kin8nm,map,5,0.5,0.5738705738705738
e2_uci,kin8nm,map,5,0.55,0.6190476190476191
e2_uci,kin8nm,map,5,0.6000000000000001,0.663003663003663
e2_uci,kin8nm,map,5,0.6500000000000001,0.7167277167277167
e2_uci,kin8nm,map,5,0.7000000000000001,0.7619047619047619
e2_uci,kin8nm,map,5,0.7500000000000001,0.8058608058608059
e2_uci,kin8nm,map,5,0.8,0.8485958485958486
e2_uci,kin8nm,map,5,0.8500000000000001,0.8937728937728938
e2_uci,kin8nm,map,5,0.9000000000000001,0.927960927960928
e2_uci,kin8nm,map,5,0.9500000000000001,0.9584859584859585
e2_uci,kin8nm,map,6,0.05,0.05860805860805861
e2_uci,kin8nm,map,6,0.1,0.10989010989010989
e2_uci,kin8nm,map,6,0.15000000000000002,0.15995115995115994
e2_uci,kin8nm,map,6,0.2,0.21245421245421245
e2_uci,kin8nm,map,6,0.25,0.2625152625152625
e2_uci,kin8nm,map,6,0.3,0.31868131868131866
e2_uci,kin8nm,map,6,0.35000000000000003,0.38461538461538464
e2_uci,kin8nm,map,6,0.4,0.4468864468864469
e2_uci,kin8nm,map,6,0.45,0.49572649572649574
e2_uci,kin8nm,map,6,0.5,0.5482295482295483
e2_uci,kin8nm,map,6,0.55,0.5982905982905983
e2_uci,kin8nm,map,6,0.6000000000000001,0.6373626373626373
e2_uci,kin8nm,map,6,0.6500000000000001,0.6813186813186813
e2_uci,kin8nm,map,6,0.7000000000000001,0.7448107448107448
e2_uci,kin8nm,map,6,0.7500000000000001,0.7802197802197802
e2_uci,kin8nm,map,6,0.8,0.8351648351648352
e2_uci,kin8nm,map,6,0.8500000000000001,0.8742368742368742
e2_uci,kin8nm,map,6,0.9000000000000001,0.9035409035409036
e2_uci,kin8nm,map,6,0.9500000000000001,0.9377289377289377
e2_uci,kin8nm,map,7,0.05,0.052503052503052504
e2_uci,kin8nm,map,7,0.1,0.0927960927960928
e2_uci,kin8nm,map,7,0.15000000000000002,0.1343101343101343
e2_uci,kin8nm,map,7,0.2,0.18315018315018314
e2_uci,kin8nm,map,7,0.25,0.21855921855921856
e2_uci,kin8nm,map,7,0.3,0.27228327228327226
e2_uci,kin8nm,map,7,0.35000000000000003,0.32112332112332115
e2_uci,kin8nm,map,7,0.4,0.35775335775335776
e2_uci,kin8nm,map,7,0.45,0.41025641025641024
e2_uci,kin8nm,map,7,0.5,0.44932844932844934
e2_uci,kin8nm,map,7,0.55,0.5018315018315018
e2_uci,kin8nm,map,7,0.6000000000000001,0.5482295482295483
e2_uci,kin8nm,map,7,0.6500000000000001,0.6068376068376068
e2_uci,kin8nm,map,7,0.7000000000000001,0.6642246642246642
e2_uci,kin8nm,map,7,0.7500000000000001,0.7203907203907204
e2_uci,kin8nm,map,7,0.8,0.7753357753357754
e2_uci,kin8nm,map,7,0.8500000000000001,0.8266178266178266
e2_uci,kin8nm,map,7,0.9000000000000001,0.8742368742368742
e2_uci,kin8nm,map,7,0.9500000000000001,0.945054945054945
e2_uci,kin8nm,map,8,0.05,0.06471306471306472
e2_uci,kin8nm,map,8,0.1,0.10989010989010989
e2_uci,kin8nm,map,8,0.15000000000000002,0.15506715506715507
e2_uci,kin8nm,map,8,0.2,0.2026862026862027
e2_uci,kin8nm,map,8,0.25,0.27106227106227104
e2_uci,kin8nm,map,8,0.3,0.3137973137973138
e2_uci,kin8nm,map,8,0.35000000000000003,0.35775335775335776
e2_uci,kin8nm,map,8,0.4,0.40293040293040294
e2_uci,kin8nm,map,8,0.45,0.4590964590964591
e2_uci,kin8nm,map,8,0.5,0.5054945054945055
e2_uci,kin8nm,map,8,0.55,0.5372405372405372
e2_uci,kin8nm,map,8,0.6000000000000001,0.5763125763125763
e2_uci,kin8nm,map,8,0.6500000000000001,0.6410256410256411
e2_uci,kin8nm,map,8,0.7000000000000001,0.6935286935286935
e2_uci,kin8nm,map,8,0.7500000000000001,0.7411477411477412
e2_uci,kin8nm,map,8,0.8,0.7814407814407814
e2_uci,kin8nm,map,8,0.8500000000000001,0.8168498168498168
e2_uci,kin8nm,map,8,0.9000000000000001,0.8815628815628815
e2_uci,kin8nm,map,8,0.9500000000000001,0.945054945054945
e2_uci,kin8nm,map,9,0.05,0.03540903540903541
e2_uci,kin8nm,map,9,0.1,0.0695970695970696
e2_uci,kin8nm,map,9,0.15000000000000002,0.09768009768009768
e2_uci,kin8nm,map,9,0.2,0.13064713064713065
e2_uci,kin8nm,map,9,0.25,0.18192918192918192
e2_uci,kin8nm,map,9,0.3,0.21978021978021978
e2_uci,kin8nm,map,9,0.35000000000000003,0.25518925518925517
e2_uci,kin8nm,map,9,0.4,0.30036630036630035
e2_uci,kin8nm,map,9,0.45,0.3308913308913309
e2_uci,kin8nm,map,9,0.5,0.37484737484737485
e2_uci,kin8nm,map,9,0.55,0.42246642246642246
e2_uci,kin8nm,map,9,0.6000000000000001,0.4810744810744811
e2_uci,kin8nm,map,9,0.6500000000000001,0.5531135531135531
e2_uci,kin8nm,map,9,0.7000000000000001,0.6092796092796092
e2_uci,kin8nm,map,9,0.7500000000000001,0.645909645909646
e2_uci,kin8nm,map,9,0.8,0.702075702075702
e2_uci,kin8nm,map,9,0.8500000000000001,0.7545787545787546
e2_uci,kin8nm,map,9,0.9000000000000001,0.8278388278388278
e2_uci,kin8nm,map,9,0.9500000000000001,0.8901098901098901
e2_uci,kin8nm,map,10,0.05,0.04884004884004884
e2_uci,kin8nm,map,10,0.1,0.10012210012210013
e2_uci,kin8nm,map,10,0.15000000000000002,0.1452991452991453
e2_uci,kin8nm,map,10,0.2,0.18315018315018314
e2_uci,kin8nm,map,10,0.25,0.23931623931623933
e2_uci,kin8nm,map,10,0.3,0.2796092796092796
e2_uci,kin8nm,map,10,0.35000000000000003,0.3247863247863248
e2_uci,kin8nm,map,10,0.4,0.3797313797313797
e2_uci,kin8nm,map,10,0.45,0.42735042735042733
e2_uci,kin8nm,map,10,0.5,0.4884004884004884
e2_uci,kin8nm,map,10,0.55,0.5445665445665445
e2_uci,kin8nm,map,10,0.6000000000000001,0.6007326007326007
e2_uci,kin8nm,map,10,0.6500000000000001,0.6471306471306472
e2_uci,kin8nm,map,10,0.7000000000000001,0.7032967032967034
e2_uci,kin8nm,map,10,0.7500000000000001,0.757020757020757
e2_uci,kin8nm,map,10,0.8,0.8168498168498168
e2_uci,kin8nm,map,10,0.8500000000000001,0.8669108669108669
e2_uci,kin8nm,map,10,0.9000000000000001,0.9157509157509157
e2_uci,kin8nm,map,10,0.9500000000000001,0.9572649572649573
e2_uci,kin8nm,map,11,0.05,0.03540903540903541
e2_uci,kin8nm,map,11,0.1,0.07203907203907203
e2_uci,kin8nm,map,11,0.15000000000000002,0.10134310134310134
e2_uci,kin8nm,map,11,0.2,0.13064713064713065
e2_uci,kin8nm,map,11,0.25,0.16727716727716727
e2_uci,kin8nm,map,11,0.3,0.1978021978021978
e2_uci,kin8nm,map,11,0.35000000000000003,0.24297924297924298
e2_uci,kin8nm,map,11,0.4,0.2893772893772894
e2_uci,kin8nm,map,11,0.45,0.33821733821733824
e2_uci,kin8nm,map,11,0.5,0.38095238095238093
e2_uci,kin8nm,map,11,0.55,0.42735042735042733
e2_uci,kin8nm,map,11,0.6000000000000001,0.4822954822954823
e2_uci,kin8nm,map,11,0.6500000000000001,0.5238095238095238
e2_uci,kin8nm,map,11,0.7000000000000001,0.5702075702075702
e2_uci,kin8nm,map,11,0.7500000000000001,0.6312576312576312
e2_uci,kin8nm,map,11,0.8,0.6923076923076923
e2_uci,kin8nm,map,11,0.8500000000000001,0.7582417582417582
e2_uci,kin8nm,map,11,0.9000000000000001,0.8315018315018315
e2_uci,kin8nm,map,11,0.9500000000000001,0.9120879120879121
e2_uci,kin8nm,map,12,0.05,0.07692307692307693
e2_uci,kin8nm,map,12,0.1,0.12576312576312576
e2_uci,kin8nm,map,12,0.15000000000000002,0.17216117216117216
e2_uci,kin8nm,map,12,0.2,0.23321123321123322
e2_uci,kin8nm,map,12,0.25,0.28327228327228327
e2_uci,kin8nm,map,12,0.3,0.33577533577533575
e2_uci,kin8nm,map,12,0.35000000000000003,0.3968253968253968
e2_uci,kin8nm,map,12,0.4,0.4481074481074481
e2_uci,kin8nm,map,12,0.45,0.503052503052503
e2_uci,kin8nm,map,12,0.5,0.5665445665445665
e2_uci,kin8nm,map,12,0.55,0.6227106227106227
e2_uci,kin8nm,map,12,0.6000000000000001,0.673992673992674
e2_uci,kin8nm,map,12,0.6500000000000001,0.7045177045177046
e2_uci,kin8nm,map,12,0.7000000000000001,0.7448107448107448
e2_uci,kin8nm,map,12,0.7500000000000001,0.7887667887667887
e2_uci,kin8nm,map,12,0.8,0.8266178266178266
e2_uci,kin8nm,map,12,0.8500000000000001,0.8754578754578755
e2_uci,kin8nm,map,12,0.9000000000000001,0.9157509157509157
e2_uci,kin8nm,map,12,0.9500000000000001,0.960927960927961
e2_uci,kin8nm,map,13,0.05,0.057387057387057384
e2_uci,kin8nm,map,13,0.1,0.09768009768009768
e2_uci,kin8nm,map,13,0.15000000000000002,0.1514041514041514
e2_uci,kin8nm,map,13,0.2,0.18681318681318682
e2_uci,kin8nm,map,13,0.25,0.2515262515262515
e2_uci,kin8nm,map,13,0.3,0.3064713064713065
e2_uci,kin8nm,map,13,0.35000000000000003,0.3431013431013431
e2_uci,kin8nm,map,13,0.4,0.3968253968253968
e2_uci,kin8nm,map,13,0.45,0.45787545787545786
e2_uci,kin8nm,map,13,0.5,0.525030525030525
e2_uci,kin8nm,map,13,0.55,0.5921855921855922
e2_uci,kin8nm,map,13,0.6000000000000001,0.652014652014652
e2_uci,kin8nm,map,13,0.6500000000000001,0.7094017094017094
e2_uci,kin8nm,map,13,0.7000000000000001,0.7387057387057387
e2_uci,kin8nm,map,13,0.7500000000000001,0.7887667887667887
e2_uci,kin8nm,map,13,0.8,0.8315018315018315
e2_uci,kin8nm,map,13,0.8500000000000001,0.8778998778998779
e2_uci,kin8nm,map,13,0.9000000000000001,0.9169719169719169
e2_uci,kin8nm,map,13,0.9500000000000001,0.9621489621489622
e2_uci,kin8nm,map,14,0.05,0.09768009768009768
e2_uci,kin8nm,map,14,0.1,0.15873015873015872
e2_uci,kin8nm,map,14,0.15000000000000002,0.23687423687423687
e2_uci,kin8nm,map,14,0.2,0.28815628815628813
e2_uci,kin8nm,map,14,0.25,0.3553113553113553
e2_uci,kin8nm,map,14,0.3,0.3956043956043956
e2_uci,kin8nm,map,14,0.35000000000000003,0.4481074481074481
e2_uci,kin8nm,map,14,0.4,0.4981684981684982
e2_uci,kin8nm,map,14,0.45,0.557997557997558
e2_uci,kin8nm,map,14,0.5,0.6166056166056166
e2_uci,kin8nm,map,14,0.55,0.6666666666666666
e2_uci,kin8nm,map,14,0.6000000000000001,0.7081807081807082
e2_uci,kin8nm,map,14,0.6500000000000001,0.7423687423687424
e2_uci,kin8nm,map,14,0.7000000000000001,0.78998778998779
e2_uci,kin8nm,map,14,0.7500000000000001,0.818070818070818
e2_uci,kin8nm,map,14,0.8,0.8571428571428571
e2_uci,kin8nm,map,14,0.8500000000000001,0.8888888888888888
e2_uci,kin8nm,map,14,0.9000000000000001,0.9255189255189256
e2_uci,kin8nm,map,14,0.9500000000000001,0.9560439560439561
e2_uci,kin8nm,map,15,0.05,0.06837606837606838
e2_uci,kin8nm,map,15,0.1,0.1111111111111111
e2_uci,kin8nm,map,15,0.15000000000000002,0.15262515262515264
e2_uci,kin8nm,map,15,0.2,0.2039072039072039
e2_uci,kin8nm,map,15,0.25,0.26495726495726496
e2_uci,kin8nm,map,15,0.3,0.3199023199023199
e2_uci,kin8nm,map,15,0.35000000000000003,0.3663003663003663
e2_uci,kin8nm,map,15,0.4,0.4139194139194139
e2_uci,kin8nm,map,15,0.45,0.4603174603174603
e2_uci,kin8nm,map,15,0.5,0.5079365079365079
e2_uci,kin8nm,map,15,0.55,0.5665445665445665
e2_uci,kin8nm,map,15,0.6000000000000001,0.6324786324786325
e2_uci,kin8nm,map,15,0.6500000000000001,0.6752136752136753
e2_uci,kin8nm,map,15,0.7000000000000001,0.7313797313797313
e2_uci,kin8nm,map,15,0.7500000000000001,0.7753357753357754
e2_uci,kin8nm,map,15,0.8,0.8266178266178266
e2_uci,kin8nm,map,15,0.8500000000000001,0.8803418803418803
e2_uci,kin8nm,map,15,0.9000000000000001,0.9230769230769231
e2_uci,kin8nm,map,15,0.9500000000000001,0.9560439560439561
e2_uci,kin8nm,map,16,0.05,0.08058608058608059
e2_uci,kin8nm,map,16,0.1,0.1343101343101343
e2_uci,kin8nm,map,16,0.15000000000000002,0.1807081807081807
e2_uci,kin8nm,map,16,0.2,0.24175824175824176
e2_uci,kin8nm,map,16,0.25,0.28327228327228327
e2_uci,kin8nm,map,16,0.3,0.3431013431013431
e2_uci,kin8nm,map,16,0.35000000000000003,0.39438339438339437
e2_uci,kin8nm,map,16,0.4,0.4517704517704518
e2_uci,kin8nm,map,16,0.45,0.4981684981684982
e2_uci,kin8nm,map,16,0.5,0.5433455433455433
e2_uci,kin8nm,map,16,0.55,0.6031746031746031
e2_uci,kin8nm,map,16,0.6000000000000001,0.6349206349206349
e2_uci,kin8nm,map,16,0.6500000000000001,0.6886446886446886
e2_uci,kin8nm,map,16,0.7000000000000001,0.7326007326007326
e2_uci,kin8nm,map,16,0.7500000000000001,0.7838827838827839
e2_uci,kin8nm,map,16,0.8,0.8376068376068376
e2_uci,kin8nm,map,16,0.8500000000000001,0.8876678876678876
e2_uci,kin8nm,map,16,0.9000000000000001,0.9230769230769231
e2_uci,kin8nm,map,16,0.9500000000000001,0.9536019536019537
e2_uci,kin8nm,map,17,0.05,0.040293040293040296
e2_uci,kin8nm,map,17,0.1,0.07448107448107448
e2_uci,kin8nm,map,17,0.15000000000000002,0.11965811965811966
e2_uci,kin8nm,map,17,0.2,0.1562881562881563
e2_uci,kin8nm,map,17,0.25,0.19047619047619047
e2_uci,kin8nm,map,17,0.3,0.231990231990232
e2_uci,kin8nm,map,17,0.35000000000000003,0.2661782661782662
e2_uci,kin8nm,map,17,0.4,0.31868131868131866
e2_uci,kin8nm,map,17,0.45,0.36385836385836384
e2_uci,kin8nm,map,17,0.5,0.42124542124542125
e2_uci,kin8nm,map,17,0.55,0.47374847374847373
e2_uci,kin8nm,map,17,0.6000000000000001,0.5286935286935287
e2_uci,kin8nm,map,17,0.6500000000000001,0.5677655677655677
e2_uci,kin8nm,map,17,0.7000000000000001,0.6239316239316239
e2_uci,kin8nm,map,17,0.7500000000000001,0.6886446886446886
e2_uci,kin8nm,map,17,0.8,0.7374847374847375
e2_uci,kin8nm,map,17,0.8500000000000001,0.7924297924297924
e2_uci,kin8nm,map,17,0.9000000000000001,0.8608058608058609
e2_uci,kin8nm,map,17,0.9500000000000001,0.9230769230769231
e2_uci,kin8nm,map,18,0.05,0.04151404151404151
e2_uci,kin8nm,map,18,0.1,0.06471306471306472
e2_uci,kin8nm,map,18,0.15000000000000002,0.09401709401709402
e2_uci,kin8nm,map,18,0.2,0.11965811965811966
e2_uci,kin8nm,map,18,0.25,0.15384615384615385
e2_uci,kin8nm,map,18,0.3,0.17704517704517705
e2_uci,kin8nm,map,18,0.35000000000000003,0.21245421245421245
e2_uci,kin8nm,map,18,0.4,0.25274725274725274
e2_uci,kin8nm,map,18,0.45,0.29914529914529914
e2_uci,kin8nm,map,18,0.5,0.3431013431013431
e2_uci,kin8nm,map,18,0.55,0.38095238095238093
e2_uci,kin8nm,map,18,0.6000000000000001,0.43956043956043955
e2_uci,kin8nm,map,18,0.6500000000000001,0.49572649572649574
e2_uci,kin8nm,map,18,0.7000000000000001,0.5555555555555556
e2_uci,kin8nm,map,18,0.7500000000000001,0.608058608058608
e2_uci,kin8nm,map,18,0.8,0.673992673992674
e2_uci,kin8nm,map,18,0.8500000000000001,0.7362637362637363
e2_uci,kin8nm,map,18,0.9000000000000001,0.8205128205128205
e2_uci,kin8nm,map,18,0.9500000000000001,0.8998778998778999
e2_uci,kin8nm,map,19,0.05,0.040293040293040296
e2_uci,kin8nm,map,19,0.1,0.07081807081807082
e2_uci,kin8nm,map,19,0.15000000000000002,0.10256410256410256
e2_uci,kin8nm,map,19,0.2,0.1330891330891331
e2_uci,kin8nm,map,19,0.25,0.16971916971916973
e2_uci,kin8nm,map,19,0.3,0.22344322344322345
e2_uci,kin8nm,map,19,0.35000000000000003,0.2698412698412698
e2_uci,kin8nm,map,19,0.4,0.315018315018315
e2_uci,kin8nm,map,19,0.45,0.3528693528693529
e2_uci,kin8nm,map,19,0.5,0.3894993894993895
e2_uci,kin8nm,map,19,0.55,0.4358974358974359
e2_uci,kin8nm,map,19,0.6000000000000001,0.5079365079365079
e2_uci,kin8nm,map,19,0.6500000000000001,0.5531135531135531
e2_uci,kin8nm,map,19,0.7000000000000001,0.6092796092796092
e2_uci,kin8nm,map,19,0.7500000000000001,0.6678876678876678
e2_uci,kin8nm,map,19,0.8,0.7203907203907204
e2_uci,kin8nm,map,19,0.8500000000000001,0.778998778998779
e2_uci,kin8nm,map,19,0.9000000000000001,0.8485958485958486
e2_uci,kin8nm,map,19,0.9500000000000001,0.9291819291819292
e2_uci,power_plant,map,0,0.05,0.05329153605015674
e2_uci,power_plant,map,0,0.1,0.11076280041797283
e2_uci,power_plant,map,0,0.15000000000000002,0.16405433646812956
e2_uci,power_plant,map,0,0.2,0.2173458725182863
e2_uci,power_plant,map,0,0.25,0.27481713688610243
e2_uci,power_plant,map,0,0.3,0.3176593521421108
e2_uci,power_plant,map,0,0.35000000000000003,0.36990595611285265
e2_uci,power_plant,map,0,0.4,0.4200626959247649
e2_uci,power_plant,map,0,0.45,0.48171368861024033
e2_uci,power_plant,map,0,0.5,0.5402298850574713
e2_uci,power_plant,map,0,0.55,0.58098223615465
e2_uci,power_plant,map,0,0.6000000000000001,0.6227795193312434
e2_uci,power_plant,map,0,0.6500000000000001,0.6718913270637409
e2_uci,power_plant,map,0,0.7000000000000001,0.7283176593521421
e2_uci,power_plant,map,0,0.7500000000000001,0.7972831765935214
e2_uci,power_plant,map,0,0.8,0.8390804597701149
e2_uci,power_plant,map,0,0.8500000000000001,0.877742946708464
e2_uci,power_plant,map,0,0.9000000000000001,0.9122257053291536
e2_uci,power_plant,map,0,0.9500000000000001,0.9529780564263323
e2_uci,power_plant,map,1,0.05,0.0438871473354232
e2_uci,power_plant,map,1,0.1,0.0794148380355277
e2_uci,power_plant,map,1,0.15000000000000002,0.12330198537095088
e2_uci,power_plant,map,1,0.2,0.18286311389759666
e2_uci,power_plant,map,1,0.25,0.24242424242424243
e2_uci,power_plant,map,1,0.3,0.29258098223615464
e2_uci,power_plant,map,1,0.35000000000000003,0.3406478578892372
e2_uci,power_plant,map,1,0.4,0.3897596656217346
e2_uci,power_plant,map,1,0.45,0.4535005224660397
e2_uci,power_plant,map,1,0.5,0.5015673981191222
e2_uci,power_plant,map,1,0.55,0.5590386624869383
e2_uci,power_plant,map,1,0.6000000000000001,0.6112852664576802
e2_uci,power_plant,map,1,0.6500000000000001,0.6666666666666666
e2_uci,power_plant,map,1,0.7000000000000001,0.723092998955068
e2_uci,power_plant,map,1,0.7500000000000001,0.7763845350052246
e2_uci,power_plant,map,1,0.8,0.8380355276907001
e2_uci,power_plant,map,1,0.8500000000000001,0.8850574712643678
e2_uci,power_plant,map,1,0.9000000000000001,0.9268547544409613
e2_uci,power_plant,map,1,0.9500000000000001,0.9655172413793104
e2_uci,power_plant,map,2,0.05,0.03657262277951933
e2_uci,power_plant,map,2,0.1,0.05642633228840126
e2_uci,power_plant,map,2,0.15000000000000002,0.0961337513061651
e2_uci,power_plant,map,2,0.2,0.14420062695924765
e2_uci,power_plant,map,2,0.25,0.18599791013584116
e2_uci,power_plant,map,2,0.3,0.2277951933124347
e2_uci,power_plant,map,2,0.35000000000000003,0.27063740856844304
e2_uci,power_plant,map,2,0.4,0.32601880877742945
e2_uci,power_plant,map,2,0.45,0.37513061650992685
e2_uci,power_plant,map,2,0.5,0.43051201671891326
e2_uci,power_plant,map,2,0.55,0.4942528735632184
e2_uci,power_plant,map,2,0.6000000000000001,0.5444096133751306
e2_uci,power_plant,map,2,0.6500000000000001,0.5956112852664577
e2_uci,power_plant,map,2,0.7000000000000001,0.6509926854754441
e2_uci,power_plant,map,2,0.7500000000000001,0.709508881922675
e2_uci,power_plant,map,2,0.8,0.7774294670846394
e2_uci,power_plant,map,2,0.8500000000000001,0.8307210031347962
e2_uci,power_plant,map,2,0.9000000000000001,0.8840125391849529
e2_uci,power_plant,map,2,0.9500000000000001,0.9404388714733543
e2_uci,power_plant,map,3,0.05,0.042842215256008356
e2_uci,power_plant,map,3,0.1,0.0794148380355277
e2_uci,power_plant,map,3,0.15000000000000002,0.11076280041797283
e2_uci,power_plant,map,3,0.2,0.15256008359456635
e2_uci,power_plant,map,3,0.25,0.19540229885057472
e2_uci,power_plant,map,3,0.3,0.24346917450365727
e2_uci,power_plant,map,3,0.35000000000000003,0.296760710553814
e2_uci,power_plant,map,3,0.4,0.3406478578892372
e2_uci,power_plant,map,3,0.45,0.3876698014629049
e2_uci,power_plant,map,3,0.5,0.4430512016718913
e2_uci,power_plant,map,3,0.55,0.49007314524555906
e2_uci,power_plant,map,3,0.6000000000000001,0.5444096133751306
e2_uci,power_plant,map,3,0.6500000000000001,0.593521421107628
e2_uci,power_plant,map,3,0.7000000000000001,0.6593521421107628
e2_uci,power_plant,map,3,0.7500000000000001,0.7178683385579937
e2_uci,power_plant,map,3,0.8,0.7784743991640544
e2_uci,power_plant,map,3,0.8500000000000001,0.8474399164054337
e2_uci,power_plant,map,3,0.9000000000000001,0.8955067920585162
e2_uci,power_plant,map,3,0.9500000000000001,0.9487983281086729
e2_uci,power_plant,map,4,0.05,0.04493207941483804
e2_uci,power_plant,map,4,0.1,0.08881922675026123
e2_uci,power_plant,map,4,0.15000000000000002,0.13270637408568442
e2_uci,power_plant,map,4,0.2,0.17763845350052246
e2_uci,power_plant,map,4,0.25,0.2142110762800418
e2_uci,power_plant,map,4,0.3,0.25287356321839083
e2_uci,power_plant,map,4,0.35000000000000003,0.3019853709508882
e2_uci,power_plant,map,4,0.4,0.34169278996865204
e2_uci,power_plant,map,4,0.45,0.3897596656217346
e2_uci,power_plant,map,4,0.5,0.4346917450365726
e2_uci,power_plant,map,4,0.55,0.4890282131661442
e2_uci,power_plant,map,4,0.6000000000000001,0.5444096133751306
e2_uci,power_plant,map,4,0.6500000000000001,0.6029258098223615
e2_uci,power_plant,map,4,0.7000000000000001,0.6624869383490073
e2_uci,power_plant,map,4,0.7500000000000001,0.722048066875653
e2_uci,power_plant,map,4,0.8,0.7669801462904912
e2_uci,power_plant,map,4,0.8500000000000001,0.8275862068965517
e2_uci,power_plant,map,4,0.9000000000000001,0.8892371995820272
e2_uci,power_plant,map,4,0.9500000000000001,0.9320794148380356
e2_uci,power_plant,map,5,0.05,0.05851619644723093
e2_uci,power_plant,map,5,0.1,0.13375130616509928
e2_uci,power_plant,map,5,0.15000000000000002,0.19017763845350052
e2_uci,power_plant,map,5,0.2,0.25182863113897597
e2_uci,power_plant,map,5,0.25,0.30407523510971785
e2_uci,power_plant,map,5,0.3,0.35214211076280044
e2_uci,power_plant,map,5,0.35000000000000003,0.40334378265412746
e2_uci,power_plant,map,5,0.4,0.4555903866248694
e2_uci,power_plant,map,5,0.45,0.5078369905956113
e2_uci,power_plant,map,5,0.5,0.5527690700104493
e2_uci,power_plant,map,5,0.55,0.6123301985370951
e2_uci,power_plant,map,5,0.6000000000000001,0.6509926854754441
e2_uci,power_plant,map,5,0.6500000000000001,0.7063740856844305
e2_uci,power_plant,map,5,0.7000000000000001,0.7586206896551724
e2_uci,power_plant,map,5,0.7500000000000001,0.8045977011494253
e2_uci,power_plant,map,5,0.8,0.8631138975966562
e2_uci,power_plant,map,5,0.8500000000000001,0.910135841170324
e2_uci,power_plant,map,5,0.9000000000000001,0.9446185997910136
e2_uci,power_plant,map,5,0.9500000000000001,0.9707419017763845
e2_uci,power_plant,map,6,0.05,0.03761755485893417
e2_uci,power_plant,map,6,0.1,0.08254963427377221
e2_uci,power_plant,map,6,0.15000000000000002,0.12748171368861025
e2_uci,power_plant,map,6,0.2,0.180773249738767
e2_uci,power_plant,map,6,0.25,0.22988505747126436
e2_uci,power_plant,map,6,0.3,0.26750261233019856
e2_uci,power_plant,map,6,0.35000000000000003,0.3051201671891327
e2_uci,power_plant,map,6,0.4,0.35318704284221525
e2_uci,power_plant,map,6,0.45,0.4054336468129572
e2_uci,power_plant,map,6,0.5,0.46917450365726227
e2_uci,power_plant,map,6,0.55,0.5245559038662487
e2_uci,power_plant,map,6,0.6000000000000001,0.5778474399164054
e2_uci,power_plant,map,6,0.6500000000000001,0.6290491118077325
e2_uci,power_plant,map,6,0.7000000000000001,0.6739811912225705
e2_uci,power_plant,map,6,0.7500000000000001,0.7251828631138976
e2_uci,power_plant,map,6,0.8,0.7910135841170324
e2_uci,power_plant,map,6,0.8500000000000001,0.8338557993730408
e2_uci,power_plant,map,6,0.9000000000000001,0.8892371995820272
e2_uci,power_plant,map,6,0.9500000000000001,0.9571577847439916
e2_uci,power_plant,map,7,0.05,0.02089864158829676
e2_uci,power_plant,map,7,0.1,0.04806687565308255
e2_uci,power_plant,map,7,0.15000000000000002,0.08568443051201671
e2_uci,power_plant,map,7,0.2,0.13061650992685475
e2_uci,power_plant,map,7,0.25,0.17972831765935215
e2_uci,power_plant,map,7,0.3,0.22152560083594566
e2_uci,power_plant,map,7,0.35000000000000003,0.26854754440961337
e2_uci,power_plant,map,7,0.4,0.3155694879832811
e2_uci,power_plant,map,7,0.45,0.3542319749216301
e2_uci,power_plant,map,7,0.5,0.400208986415883
e2_uci,power_plant,map,7,0.55,0.44618599791013586
e2_uci,power_plant,map,7,0.6000000000000001,0.49320794148380354
e2_uci,power_plant,map,7,0.6500000000000001,0.5433646812957158
e2_uci,power_plant,map,7,0.7000000000000001,0.6144200626959248
e2_uci,power_plant,map,7,0.7500000000000001,0.6792058516196448
e2_uci,power_plant,map,7,0.8,0.7387669801462905
e2_uci,power_plant,map,7,0.8500000000000001,0.8035527690700105
e2_uci,power_plant,map,7,0.9000000000000001,0.8672936259143156
e2_uci,power_plant,map,7,0.9500000000000001,0.9393939393939394
e2_uci,power_plant,map,8,0.05,0.03657262277951933
e2_uci,power_plant,map,8,0.1,0.07001044932079414
e2_uci,power_plant,map,8,0.15000000000000002,0.109717868338558
e2_uci,power_plant,map,8,0.2,0.1588296760710554
e2_uci,power_plant,map,8,0.25,0.21630094043887146
e2_uci,power_plant,map,8,0.3,0.2664576802507837
e2_uci,power_plant,map,8,0.35000000000000003,0.31347962382445144
e2_uci,power_plant,map,8,0.4,0.3730407523510972
e2_uci,power_plant,map,8,0.45,0.42737722048066873
e2_uci,power_plant,map,8,0.5,0.48484848484848486
e2_uci,power_plant,map,8,0.55,0.542319749216301
e2_uci,power_plant,map,8,0.6000000000000001,0.5903866248693835
e2_uci,power_plant,map,8,0.6500000000000001,0.6572622779519331
e2_uci,power_plant,map,8,0.7000000000000001,0.7126436781609196
e2_uci,power_plant,map,8,0.7500000000000001,0.7575757575757576
e2_uci,power_plant,map,8,0.8,0.8181818181818182
e2_uci,power_plant,map,8,0.8500000000000001,0.8672936259143156
e2_uci,power_plant,map,8,0.9000000000000001,0.910135841170324
e2_uci,power_plant,map,8,0.9500000000000001,0.955067920585162
e2_uci,power_plant,map,9,0.05,0.051201671891327065
e2_uci,power_plant,map,9,0.1,0.11389759665621735
e2_uci,power_plant,map,9,0.15000000000000002,0.16091954022988506
e2_uci,power_plant,map,9,0.2,0.19853709508881923
e2_uci,power_plant,map,9,0.25,0.2549634273772205
e2_uci,power_plant,map,9,0.3,0.29571577847439917
e2_uci,power_plant,map,9,0.35000000000000003,0.335423197492163
e2_uci,power_plant,map,9,0.4,0.37513061650992685
e2_uci,power_plant,map,9,0.45,0.4106583072100313
e2_uci,power_plant,map,9,0.5,0.4618599791013584
e2_uci,power_plant,map,9,0.55,0.5141065830721003
e2_uci,power_plant,map,9,0.6000000000000001,0.5684430512016719
e2_uci,power_plant,map,9,0.6500000000000001,0.619644723092999
e2_uci,power_plant,map,9,0.7000000000000001,0.6812957157784744
e2_uci,power_plant,map,9,0.7500000000000001,0.7429467084639498
e2_uci,power_plant,map,9,0.8,0.8014629049111808
e2_uci,power_plant,map,9,0.8500000000000001,0.8557993730407524
e2_uci,power_plant,map,9,0.9000000000000001,0.9028213166144201
e2_uci,power_plant,map,9,0.9500000000000001,0.9592476489028213
e2_uci,power_plant,map,10,0.05,0.04075235109717868
e2_uci,power_plant,map,10,0.1,0.08150470219435736
e2_uci,power_plant,map,10,0.15000000000000002,0.13375130616509928
e2_uci,power_plant,map,10,0.2,0.18599791013584116
e2_uci,power_plant,map,10,0.25,0.22570532915360503
e2_uci,power_plant,map,10,0.3,0.25914315569487983
e2_uci,power_plant,map,10,0.35000000000000003,0.2988505747126437
e2_uci,power_plant,map,10,0.4,0.3542319749216301
e2_uci,power_plant,map,10,0.45,0.406478578892372
e2_uci,power_plant,map,10,0.5,0.4555903866248694
e2_uci,power_plant,map,10,0.55,0.5088819226750261
e2_uci,power_plant,map,10,0.6000000000000001,0.5538140020898642
e2_uci,power_plant,map,10,0.6500000000000001,0.6165099268547545
e2_uci,power_plant,map,10,0.7000000000000001,0.6698014629049112
e2_uci,power_plant,map,10,0.7500000000000001,0.7178683385579937
e2_uci,power_plant,map,10,0.8,0.7690700104493208
e2_uci,power_plant,map,10,0.8500000000000001,0.8349007314524556
e2_uci,power_plant,map,10,0.9000000000000001,0.896551724137931
e2_uci,power_plant,map,10,0.9500000000000001,0.9519331243469175
e2_uci,power_plant,map,11,0.05,0.051201671891327065
e2_uci,power_plant,map,11,0.1,0.09822361546499478
e2_uci,power_plant,map,11,0.15000000000000002,0.15673981191222572
e2_uci,power_plant,map,11,0.2,0.22361546499477533
e2_uci,power_plant,map,11,0.25,0.25705329153605017
e2_uci,power_plant,map,11,0.3,0.3051201671891327
e2_uci,power_plant,map,11,0.35000000000000003,0.361546499477534
e2_uci,power_plant,map,11,0.4,0.40334378265412746
e2_uci,power_plant,map,11,0.45,0.4618599791013584
e2_uci,power_plant,map,11,0.5,0.5214211076280042
e2_uci,power_plant,map,11,0.55,0.5788923719958202
e2_uci,power_plant,map,11,0.6000000000000001,0.6426332288401254
e2_uci,power_plant,map,11,0.6500000000000001,0.6854754440961337
e2_uci,power_plant,map,11,0.7000000000000001,0.7345872518286312
e2_uci,power_plant,map,11,0.7500000000000001,0.7732497387669801
e2_uci,power_plant,map,11,0.8,0.8171368861024033
e2_uci,power_plant,map,11,0.8500000000000001,0.8861024033437827
e2_uci,power_plant,map,11,0.9000000000000001,0.9320794148380356
e2_uci,power_plant,map,11,0.9500000000000001,0.9592476489028213
e2_uci,power_plant,map,12,0.05,0.038662486938349006
e2_uci,power_plant,map,12,0.1,0.07836990595611286
e2_uci,power_plant,map,12,0.15000000000000002,0.11912225705329153
e2_uci,power_plant,map,12,0.2,0.16614420062695925
e2_uci,power_plant,map,12,0.25,0.2110762800417973
e2_uci,power_plant,map,12,0.3,0.26959247648902823
e2_uci,power_plant,map,12,0.35000000000000003,0.32601880877742945
e2_uci,power_plant,map,12,0.4,0.37513061650992685
e2_uci,power_plant,map,12,0.45,0.4221525600835946
e2_uci,power_plant,map,12,0.5,0.46812957157784746
e2_uci,power_plant,map,12,0.55,0.5235109717868338
e2_uci,power_plant,map,12,0.6000000000000001,0.5778474399164054
e2_uci,power_plant,map,12,0.6500000000000001,0.6269592476489029
e2_uci,power_plant,map,12,0.7000000000000001,0.6781609195402298
e2_uci,power_plant,map,12,0.7500000000000001,0.7450365726227796
e2_uci,power_plant,map,12,0.8,0.8035527690700105
e2_uci,power_plant,map,12,0.8500000000000001,0.8620689655172413
e2_uci,power_plant,map,12,0.9000000000000001,0.9080459770114943
e2_uci,power_plant,map,12,0.9500000000000001,0.9602925809822361
e2_uci,power_plant,map,13,0.05,0.04806687565308255
e2_uci,power_plant,map,13,0.1,0.08986415882967608
e2_uci,power_plant,map,13,0.15000000000000002,0.14106583072100312
e2_uci,power_plant,map,13,0.2,0.1922675026123302
e2_uci,power_plant,map,13,0.25,0.23824451410658307
e2_uci,power_plant,map,13,0.3,0.2831765935214211
e2_uci,power_plant,map,13,0.35000000000000003,0.3322884012539185
e2_uci,power_plant,map,13,0.4,0.39184952978056425
e2_uci,power_plant,map,13,0.45,0.44932079414838033
e2_uci,power_plant,map,13,0.5,0.5005224660397074
e2_uci,power_plant,map,13,0.55,0.5496342737722049
e2_uci,power_plant,map,13,0.6000000000000001,0.6029258098223615
e2_uci,power_plant,map,13,0.6500000000000001,0.6666666666666666
e2_uci,power_plant,map,13,0.7000000000000001,0.7168234064785789
e2_uci,power_plant,map,13,0.7500000000000001,0.7648902821316614
e2_uci,power_plant,map,13,0.8,0.8140020898641588
e2_uci,power_plant,map,13,0.8500000000000001,0.8620689655172413
e2_uci,power_plant,map,13,0.9000000000000001,0.9070010449320794
e2_uci,power_plant,map,13,0.9500000000000001,0.9613375130616509
e2_uci,power_plant,map,14,0.05,0.030303030303030304
e2_uci,power_plant,map,14,0.1,0.06374085684430512
e2_uci,power_plant,map,14,0.15000000000000002,0.11285266457680251
e2_uci,power_plant,map,14,0.2,0.1703239289446186
e2_uci,power_plant,map,14,0.25,0.22570532915360503
e2_uci,power_plant,map,14,0.3,0.26854754440961337
e2_uci,power_plant,map,14,0.35000000000000003,0.3176593521421108
e2_uci,power_plant,map,14,0.4,0.36363636363636365
e2_uci,power_plant,map,14,0.45,0.4117032392894462
e2_uci,power_plant,map,14,0.5,0.47335423197492166
e2_uci,power_plant,map,14,0.55,0.522466039707419
e2_uci,power_plant,map,14,0.6000000000000001,0.5684430512016719
e2_uci,power_plant,map,14,0.6500000000000001,0.6248693834900731
e2_uci,power_plant,map,14,0.7000000000000001,0.6792058516196448
e2_uci,power_plant,map,14,0.7500000000000001,0.735632183908046
e2_uci,power_plant,map,14,0.8,0.7931034482758621
e2_uci,power_plant,map,14,0.8500000000000001,0.8432601880877743
e2_uci,power_plant,map,14,0.9000000000000001,0.8955067920585162
e2_uci,power_plant,map,14,0.9500000000000001,0.9404388714733543
e2_uci,power_plant,map,15,0.05,0.035527690700104496
e2_uci,power_plant,map,15,0.1,0.06374085684430512
e2_uci,power_plant,map,15,0.15000000000000002,0.09404388714733543
e2_uci,power_plant,map,15,0.2,0.13479623824451412
e2_uci,power_plant,map,15,0.25,0.1755485893416928
e2_uci,power_plant,map,15,0.3,0.21525600835945663
e2_uci,power_plant,map,15,0.35000000000000003,0.27586206896551724
e2_uci,power_plant,map,15,0.4,0.33019853709508884
e2_uci,power_plant,map,15,0.45,0.38035527690700105
e2_uci,power_plant,map,15,0.5,0.4231974921630094
e2_uci,power_plant,map,15,0.55,0.4723092998955068
e2_uci,power_plant,map,15,0.6000000000000001,0.5329153605015674
e2_uci,power_plant,map,15,0.6500000000000001,0.6008359456635318
e2_uci,power_plant,map,15,0.7000000000000001,0.6530825496342738
e2_uci,power_plant,map,15,0.7500000000000001,0.7042842215256009
e2_uci,power_plant,map,15,0.8,0.7690700104493208
e2_uci,power_plant,map,15,0.8500000000000001,0.8244514106583072
e2_uci,power_plant,map,15,0.9000000000000001,0.8996865203761756
e2_uci,power_plant,map,15,0.9500000000000001,0.9435736677115988
e2_uci,power_plant,map,16,0.05,0.02821316614420063
e2_uci,power_plant,map,16,0.1,0.05956112852664577
e2_uci,power_plant,map,16,0.15000000000000002,0.109717868338558
e2_uci,power_plant,map,16,0.2,0.1536050156739812
e2_uci,power_plant,map,16,0.25,0.1974921630094044
e2_uci,power_plant,map,16,0.3,0.23510971786833856
e2_uci,power_plant,map,16,0.35000000000000003,0.2894461859979101
e2_uci,power_plant,map,16,0.4,0.34691745036572624
e2_uci,power_plant,map,16,0.45,0.3876698014629049
e2_uci,power_plant,map,16,0.5,0.44723092998955066
e2_uci,power_plant,map,16,0.55,0.5088819226750261
e2_uci,power_plant,map,16,0.6000000000000001,0.5663531870428422
e2_uci,power_plant,map,16,0.6500000000000001,0.625914315569488
e2_uci,power_plant,map,16,0.7000000000000001,0.6781609195402298
e2_uci,power_plant,map,16,0.7500000000000001,0.7387669801462905
e2_uci,power_plant,map,16,0.8,0.7920585161964472
e2_uci,power_plant,map,16,0.8500000000000001,0.8380355276907001
e2_uci,power_plant,map,16,0.9000000000000001,0.8996865203761756
e2_uci,power_plant,map,16,0.9500000000000001,0.9561128526645768
e2_uci,power_plant,map,17,0.05,0.05851619644723093
e2_uci,power_plant,map,17,0.1,0.10553814002089865
e2_uci,power_plant,map,17,0.15000000000000002,0.17136886102403343
e2_uci,power_plant,map,17,0.2,0.22466039707419017
e2_uci,power_plant,map,17,0.25,0.2716823406478579
e2_uci,power_plant,map,17,0.3,0.33019853709508884
e2_uci,power_plant,map,17,0.35000000000000003,0.3761755485893417
e2_uci,power_plant,map,17,0.4,0.4336468129571578
e2_uci,power_plant,map,17,0.45,0.48798328108672934
e2_uci,power_plant,map,17,0.5,0.5287356321839081
e2_uci,power_plant,map,17,0.55,0.5820271682340648
e2_uci,power_plant,map,17,0.6000000000000001,0.6248693834900731
e2_uci,power_plant,map,17,0.6500000000000001,0.6823406478578893
e2_uci,power_plant,map,17,0.7000000000000001,0.7366771159874608
e2_uci,power_plant,map,17,0.7500000000000001,0.7899686520376176
e2_uci,power_plant,map,17,0.8,0.8369905956112853
e2_uci,power_plant,map,17,0.8500000000000001,0.8756530825496343
e2_uci,power_plant,map,17,0.9000000000000001,0.9341692789968652
e2_uci,power_plant,map,17,0.9500000000000001,0.9717868338557993
e2_uci,power_plant,map,18,0.05,0.04075235109717868
e2_uci,power_plant,map,18,0.1,0.1013584117032393
e2_uci,power_plant,map,18,0.15000000000000002,0.15778474399164055
e2_uci,power_plant,map,18,0.2,0.21212121212121213
e2_uci,power_plant,map,18,0.25,0.2612330198537095
e2_uci,power_plant,map,18,0.3,0.3113897596656217
e2_uci,power_plant,map,18,0.35000000000000003,0.3594566353187043
e2_uci,power_plant,map,18,0.4,0.4158829676071055
e2_uci,power_plant,map,18,0.45,0.46499477533960293
e2_uci,power_plant,map,18,0.5,0.5088819226750261
e2_uci,power_plant,map,18,0.55,0.5590386624869383
e2_uci,power_plant,map,18,0.6000000000000001,0.6060606060606061
e2_uci,power_plant,map,18,0.6500000000000001,0.6478578892371996
e2_uci,power_plant,map,18,0.7000000000000001,0.7084639498432602
e2_uci,power_plant,map,18,0.7500000000000001,0.7774294670846394
e2_uci,power_plant,map,18,0.8,0.8265412748171369
e2_uci,power_plant,map,18,0.8500000000000001,0.8756530825496343
e2_uci,power_plant,map,18,0.9000000000000001,0.9164054336468129
e2_uci,power_plant,map,18,0.9500000000000001,0.9592476489028213
e2_uci,power_plant,map,19,0.05,0.04597701149425287
e2_uci,power_plant,map,19,0.1,0.09404388714733543
e2_uci,power_plant,map,19,0.15000000000000002,0.15047021943573669
e2_uci,power_plant,map,19,0.2,0.19853709508881923
e2_uci,power_plant,map,19,0.25,0.2507836990595611
e2_uci,power_plant,map,19,0.3,0.30407523510971785
e2_uci,power_plant,map,19,0.35000000000000003,0.361546499477534
e2_uci,power_plant,map,19,0.4,0.4117032392894462
e2_uci,power_plant,map,19,0.45,0.45768025078369906
e2_uci,power_plant,map,19,0.5,0.5067920585161965
e2_uci,power_plant,map,19,0.55,0.5464994775339603
e2_uci,power_plant,map,19,0.6000000000000001,0.6050156739811913
e2_uci,power_plant,map,19,0.6500000000000001,0.664576802507837
e2_uci,power_plant,map,19,0.7000000000000001,0.7178683385579937
e2_uci,power_plant,map,19,0.7500000000000001,0.7795193312434692
e2_uci,power_plant,map,19,0.8,0.8338557993730408
e2_uci,power_plant,map,19,0.8500000000000001,0.8787878787878788
e2_uci,power_plant,map,19,0.9000000000000001,0.9247648902821317
e2_uci,power_plant,map,19,0.9500000000000001,0.9623824451410659
e2_uci,yacht,laplace,0,0.05,0.0
e2_uci,yacht,laplace,0,0.1,0.0
e2_uci,yacht,laplace,0,0.15000000000000002,0.0
e2_uci,yacht,laplace,0,0.2,0.06451612903225806
e2_uci,yacht,laplace,0,0.25,0.0967741935483871
e2_uci,yacht,laplace,0,0.3,0.12903225806451613
e2_uci,yacht,laplace,0,0.35000000000000003,0.22580645161290322
e2_uci,yacht,laplace,0,0.4,0.3225806451612903
e2_uci,yacht,laplace,0,0.45,0.3870967741935484
e2_uci,yacht,laplace,0,0.5,0.41935483870967744
e2_uci,yacht,laplace,0,0.55,0.5483870967741935
e2_uci,yacht,laplace,0,0.6000000000000001,0.6451612903225806
e2_uci,yacht,laplace,0,0.6500000000000001,0.6774193548387096
e2_uci,yacht,laplace,0,0.7000000000000001,0.7096774193548387
e2_uci,yacht,laplace,0,0.7500000000000001,0.7741935483870968
e2_uci,yacht,laplace,0,0.8,0.8064516129032258
e2_uci,yacht,laplace,0,0.8500000000000001,0.8064516129032258
e2_uci,yacht,laplace,0,0.9000000000000001,0.8387096774193549
e2_uci,yacht,laplace,0,0.9500000000000001,0.8709677419354839
e2_uci,yacht,laplace,1,0.05,0.0
e2_uci,yacht,laplace,1,0.1,0.0967741935483871
e2_uci,yacht,laplace,1,0.15000000000000002,0.0967741935483871
e2_uci,yacht,laplace,1,0.2,0.16129032258064516
e2_uci,yacht,laplace,1,0.25,0.1935483870967742
e2_uci,yacht,laplace,1,0.3,0.22580645161290322
e2_uci,yacht,laplace,1,0.35000000000000003,0.3225806451612903
e2_uci,yacht,laplace,1,0.4,0.45161290322580644
e2_uci,yacht,laplace,1,0.45,0.5483870967741935
e2_uci,yacht,laplace,1,0.5,0.6451612903225806
e2_uci,yacht,laplace,1,0.55,0.8064516129032258
e2_uci,yacht,laplace,1,0.6000000000000001,0.8387096774193549
e2_uci,yacht,laplace,1,0.6500000000000001,0.8709677419354839
e2_uci,yacht,laplace,1,0.7000000000000001,0.9354838709677419
e2_uci,yacht,laplace,1,0.7500000000000001,0.967741935483871
e2_uci,yacht,laplace,1,0.8,1.0
e2_uci,yacht,laplace,1,0.8500000000000001,1.0
e2_uci,yacht,laplace,1,0.9000000000000001,1.0
e2_uci,yacht,laplace,1,0.9500000000000001,1.0
e2_uci,yacht,laplace,2,0.05,0.03225806451612903
e2_uci,yacht,laplace,2,0.1,0.16129032258064516
e2_uci,yacht,laplace,2,0.15000000000000002,0.1935483870967742
e2_uci,yacht,laplace,2,0.2,0.3870967741935484
e2_uci,yacht,laplace,2,0.25,0.4838709677419355
e2_uci,yacht,laplace,2,0.3,0.6129032258064516
e2_uci,yacht,laplace,2,0.35000000000000003,0.6451612903225806
e2_uci,yacht,laplace,2,0.4,0.7419354838709677
e2_uci,yacht,laplace,2,0.45,0.7741935483870968
e2_uci,yacht,laplace,2,0.5,0.8064516129032258
e2_uci,yacht,laplace,2,0.55,0.8387096774193549
e2_uci,yacht,laplace,2,0.6000000000000001,0.8387096774193549
e2_uci,yacht,laplace,2,0.6500000000000001,0.8709677419354839
e2_uci,yacht,laplace,2,0.7000000000000001,0.9032258064516129
e2_uci,yacht,laplace,2,0.7500000000000001,0.967741935483871
e2_uci,yacht,laplace,2,0.8,1.0
e2_uci,yacht,laplace,2,0.8500000000000001,1.0
e2_uci,yacht,laplace,2,0.9000000000000001,1.0
e2_uci,yacht,laplace,2,0.9500000000000001,1.0
e2_uci,yacht,laplace,3,0.05,0.03225806451612903
e2_uci,yacht,laplace,3,0.1,0.03225806451612903
e2_uci,yacht,laplace,3,0.15000000000000002,0.03225806451612903
e2_uci,yacht,laplace,3,0.2,0.06451612903225806
e2_uci,yacht,laplace,3,0.25,0.0967741935483871
e2_uci,yacht,laplace,3,0.3,0.0967741935483871
e2_uci,yacht,laplace,3,0.35000000000000003,0.0967741935483871
e2_uci,yacht,laplace,3,0.4,0.0967741935483871
e2_uci,yacht,laplace,3,0.45,0.12903225806451613
e2_uci,yacht,laplace,3,0.5,0.22580645161290322
e2_uci,yacht,laplace,3,0.55,0.22580645161290322
e2_uci,yacht,laplace,3,0.6000000000000001,0.3225806451612903
e2_uci,yacht,laplace,3,0.6500000000000001,0.3870967741935484
e2_uci,yacht,laplace,3,0.7000000000000001,0.3870967741935484
e2_uci,yacht,laplace,3,0.7500000000000001,0.5161290322580645
e2_uci,yacht,laplace,3,0.8,0.7096774193548387
e2_uci,yacht,laplace,3,0.8500000000000001,0.7419354838709677
e2_uci,yacht,laplace,3,0.9000000000000001,0.7741935483870968
e2_uci,yacht,laplace,3,0.9500000000000001,0.8387096774193549
e2_uci,yacht,laplace,4,0.05,0.0
e2_uci,yacht,laplace,4,0.1,0.0
e2_uci,yacht,laplace,4,0.15000000000000002,0.0
e2_uci,yacht,laplace,4,0.2,0.12903225806451613
e2_uci,yacht,laplace,4,0.25,0.1935483870967742
e2_uci,yacht,laplace,4,0.3,0.25806451612903225
e2_uci,yacht,laplace,4,0.35000000000000003,0.2903225806451613
e2_uci,yacht,laplace,4,0.4,0.3870967741935484
e2_uci,yacht,laplace,4,0.45,0.4838709677419355
e2_uci,yacht,laplace,4,0.5,0.5161290322580645
e2_uci,yacht,laplace,4,0.55,0.5483870967741935
e2_uci,yacht,laplace,4,0.6000000000000001,0.6129032258064516
e2_uci,yacht,laplace,4,0.6500000000000001,0.6129032258064516
e2_uci,yacht,laplace,4,0.7000000000000001,0.6451612903225806
e2_uci,yacht,laplace,4,0.7500000000000001,0.7096774193548387
e2_uci,yacht,laplace,4,0.8,0.7419354838709677
e2_uci,yacht,laplace,4,0.8500000000000001,0.8387096774193549
e2_uci,yacht,laplace,4,0.9000000000000001,0.8709677419354839
e2_uci,yacht,laplace,4,0.9500000000000001,0.9354838709677419
e2_uci,yacht,laplace,5,0.05,0.0
e2_uci,yacht,laplace,5,0.1,0.0
e2_uci,yacht,laplace,5,0.15000000000000002,0.0
e2_uci,yacht,laplace,5,0.2,0.0
e2_uci,yacht,laplace,5,0.25,0.06451612903225806
e2_uci,yacht,laplace,5,0.3,0.16129032258064516
e2_uci,yacht,laplace,5,0.35000000000000003,0.22580645161290322
e2_uci,yacht,laplace,5,0.4,0.25806451612903225
e2_uci,yacht,laplace,5,0.45,0.3225806451612903
e2_uci,yacht,laplace,5,0.5,0.45161290322580644
e2_uci,yacht,laplace,5,0.55,0.5161290322580645
e2_uci,yacht,laplace,5,0.6000000000000001,0.5161290322580645
e2_uci,yacht,laplace,5,0.6500000000000001,0.6451612903225806
e2_uci,yacht,laplace,5,0.7000000000000001,0.7096774193548387
e2_uci,yacht,laplace,5,0.7500000000000001,0.7419354838709677
e2_uci,yacht,laplace,5,0.8,0.7741935483870968
e2_uci,yacht,laplace,5,0.8500000000000001,0.8064516129032258
e2_uci,yacht,laplace,5,0.9000000000000001,0.8709677419354839
e2_uci,yacht,laplace,5,0.9500000000000001,0.9354838709677419
e2_uci,yacht,laplace,6,0.05,0.03225806451612903
e2_uci,yacht,laplace,6,0.1,0.06451612903225806
e2_uci,yacht,laplace,6,0.15000000000000002,0.0967741935483871
e2_uci,yacht,laplace,6,0.2,0.12903225806451613
e2_uci,yacht,laplace,6,0.25,0.2903225806451613
e2_uci,yacht,laplace,6,0.3,0.3548387096774194
e2_uci,yacht,laplace,6,0.35000000000000003,0.3870967741935484
e2_uci,yacht,laplace,6,0.4,0.41935483870967744
e2_uci,yacht,laplace,6,0.45,0.5806451612903226
e2_uci,yacht,laplace,6,0.5,0.6451612903225806
e2_uci,yacht,laplace,6,0.55,0.7419354838709677
e2_uci,yacht,laplace,6,0.6000000000000001,0.8709677419354839
e2_uci,yacht,laplace,6,0.6500000000000001,0.9032258064516129
e2_uci,yacht,laplace,6,0.7000000000000001,0.9354838709677419
e2_uci,yacht,laplace,6,0.7500000000000001,0.9354838709677419
e2_uci,yacht,laplace,6,0.8,0.967741935483871
e2_uci,yacht,laplace,6,0.8500000000000001,0.967741935483871
e2_uci,yacht,laplace,6,0.9000000000000001,1.0
e2_uci,yacht,laplace,6,0.9500000000000001,1.0
e2_uci,yacht,laplace,7,0.05,0.03225806451612903
e2_uci,yacht,laplace,7,0.1,0.0967741935483871
e2_uci,yacht,laplace,7,0.15000000000000002,0.0967741935483871
e2_uci,yacht,laplace,7,0.2,0.12903225806451613
e2_uci,yacht,laplace,7,0.25,0.16129032258064516
e2_uci,yacht,laplace,7,0.3,0.16129032258064516
e2_uci,yacht,laplace,7,0.35000000000000003,0.1935483870967742
e2_uci,yacht,laplace,7,0.4,0.25806451612903225
e2_uci,yacht,laplace,7,0.45,0.41935483870967744
e2_uci,yacht,laplace,7,0.5,0.45161290322580644
e2_uci,yacht,laplace,7,0.55,0.45161290322580644
e2_uci,yacht,laplace,7,0.6000000000000001,0.5161290322580645
e2_uci,yacht,laplace,7,0.6500000000000001,0.5806451612903226
e2_uci,yacht,laplace,7,0.7000000000000001,0.7096774193548387
e2_uci,yacht,laplace,7,0.7500000000000001,0.9032258064516129
e2_uci,yacht,laplace,7,0.8,0.9354838709677419
e2_uci,yacht,laplace,7,0.8500000000000001,0.967741935483871
e2_uci,yacht,laplace,7,0.9000000000000001,0.967741935483871
e2_uci,yacht,laplace,7,0.9500000000000001,0.967741935483871
e2_uci,yacht,laplace,8,0.05,0.03225806451612903
e2_uci,yacht,laplace,8,0.1,0.03225806451612903
e2_uci,yacht,laplace,8,0.15000000000000002,0.03225806451612903
e2_uci,yacht,laplace,8,0.2,0.03225806451612903
e2_uci,yacht,laplace,8,0.25,0.03225806451612903
e2_uci,yacht,laplace,8,0.3,0.03225806451612903
e2_uci,yacht,laplace,8,0.35000000000000003,0.03225806451612903
e2_uci,yacht,laplace,8,0.4,0.03225806451612903
e2_uci,yacht,laplace,8,0.45,0.03225806451612903
e2_uci,yacht,laplace,8,0.5,0.0967741935483871
e2_uci,yacht,laplace,8,0.55,0.22580645161290322
e2_uci,yacht,laplace,8,0.6000000000000001,0.3548387096774194
e2_uci,yacht,laplace,8,0.6500000000000001,0.41935483870967744
e2_uci,yacht,laplace,8,0.7000000000000001,0.45161290322580644
e2_uci,yacht,laplace,8,0.7500000000000001,0.6129032258064516
e2_uci,yacht,laplace,8,0.8,0.7741935483870968
e2_uci,yacht,laplace,8,0.8500000000000001,0.8064516129032258
e2_uci,yacht,laplace,8,0.9000000000000001,0.8709677419354839
e2_uci,yacht,laplace,8,0.9500000000000001,0.967741935483871
e2_uci,yacht,laplace,9,0.05,0.06451612903225806
e2_uci,yacht,laplace,9,0.1,0.06451612903225806
e2_uci,yacht,laplace,9,0.15000000000000002,0.0967741935483871
e2_uci,yacht,laplace,9,0.2,0.0967741935483871
e2_uci,yacht,laplace,9,0.25,0.16129032258064516
e2_uci,yacht,laplace,9,0.3,0.3225806451612903
e2_uci,yacht,laplace,9,0.35000000000000003,0.3870967741935484
e2_uci,yacht,laplace,9,0.4,0.45161290322580644
e2_uci,yacht,laplace,9,0.45,0.5483870967741935
e2_uci,yacht,laplace,9,0.5,0.6451612903225806
e2_uci,yacht,laplace,9,0.55,0.8387096774193549
e2_uci,yacht,laplace,9,0.6000000000000001,0.8387096774193549
e2_uci,yacht,laplace,9,0.6500000000000001,0.9032258064516129
e2_uci,yacht,laplace,9,0.7000000000000001,0.9032258064516129
e2_uci,yacht,laplace,9,0.7500000000000001,0.967741935483871
e2_uci,yacht,laplace,9,0.8,1.0
e2_uci,yacht,laplace,9,0.8500000000000001,1.0
e2_uci,yacht,laplace,9,0.9000000000000001,1.0
e2_uci,yacht,laplace,9,0.9500000000000001,1.0
e2_uci,yacht,laplace,10,0.05,0.0
e2_uci,yacht,laplace,10,0.1,0.0967741935483871
e2_uci,yacht,laplace,10,0.15000000000000002,0.0967741935483871
e2_uci,yacht,laplace,10,0.2,0.0967741935483871
e2_uci,yacht,laplace,10,0.25,0.0967741935483871
e2_uci,yacht,laplace,10,0.3,0.1935483870967742
e2_uci,yacht,laplace,10,0.35000000000000003,0.22580645161290322
e2_uci,yacht,laplace,10,0.4,0.2903225806451613
e2_uci,yacht,laplace,10,0.45,0.41935483870967744
e2_uci,yacht,laplace,10,0.5,0.41935483870967744
e2_uci,yacht,laplace,10,0.55,0.5161290322580645
e2_uci,yacht,laplace,10,0.6000000000000001,0.5483870967741935
e2_uci,yacht,laplace,10,0.6500000000000001,0.6129032258064516
e2_uci,yacht,laplace,10,0.7000000000000001,0.6774193548387096
e2_uci,yacht,laplace,10,0.7500000000000001,0.7741935483870968
e2_uci,yacht,laplace,10,0.8,0.7741935483870968
e2_uci,yacht,laplace,10,0.8500000000000001,0.8387096774193549
e2_uci,yacht,laplace,10,0.9000000000000001,0.8387096774193549
e2_uci,yacht,laplace,10,0.9500000000000001,0.9032258064516129
e2_uci,yacht,laplace,11,0.05,0.03225806451612903
e2_uci,yacht,laplace,11,0.1,0.03225806451612903
e2_uci,yacht,laplace,11,0.15000000000000002,0.03225806451612903
e2_uci,yacht,laplace,11,0.2,0.03225806451612903
e2_uci,yacht,laplace,11,0.25,0.06451612903225806
e2_uci,yacht,laplace,11,0.3,0.0967741935483871
e2_uci,yacht,laplace,11,0.35000000000000003,0.16129032258064516
e2_uci,yacht,laplace,11,0.4,0.22580645161290322
e2_uci,yacht,laplace,11,0.45,0.22580645161290322
e2_uci,yacht,laplace,11,0.5,0.2903225806451613
e2_uci,yacht,laplace,11,0.55,0.3548387096774194
e2_uci,yacht,laplace,11,0.6000000000000001,0.41935483870967744
e2_uci,yacht,laplace,11,0.6500000000000001,0.4838709677419355
e2_uci,yacht,laplace,11,0.7000000000000001,0.5483870967741935
e2_uci,yacht,laplace,11,0.7500000000000001,0.6129032258064516
e2_uci,yacht,laplace,11,0.8,0.7741935483870968
e2_uci,yacht,laplace,11,0.8500000000000001,0.8387096774193549
e2_uci,yacht,laplace,11,0.9000000000000001,0.9354838709677419
e2_uci,yacht,laplace,11,0.9500000000000001,0.9354838709677419
e2_uci,yacht,laplace,12,0.05,0.0
e2_uci,yacht,laplace,12,0.1,0.03225806451612903
e2_uci,yacht,laplace,12,0.15000000000000002,0.06451612903225806
e2_uci,yacht,laplace,12,0.2,0.06451612903225806
e2_uci,yacht,laplace,12,0.25,0.0967741935483871
e2_uci,yacht,laplace,12,0.3,0.1935483870967742
e2_uci,yacht,laplace,12,0.35000000000000003,0.2903225806451613
e2_uci,yacht,laplace,12,0.4,0.41935483870967744
e2_uci,yacht,laplace,12,0.45,0.45161290322580644
e2_uci,yacht,laplace,12,0.5,0.45161290322580644
e2_uci,yacht,laplace,12,0.55,0.5483870967741935
e2_uci,yacht,laplace,12,0.6000000000000001,0.6129032258064516
e2_uci,yacht,laplace,12,0.6500000000000001,0.6129032258064516
e2_uci,yacht,laplace,12,0.7000000000000001,0.6774193548387096
e2_uci,yacht,laplace,12,0.7500000000000001,0.8064516129032258
e2_uci,yacht,laplace,12,0.8,0.8387096774193549
e2_uci,yacht,laplace,12,0.8500000000000001,0.8709677419354839
e2_uci,yacht,laplace,12,0.9000000000000001,0.9354838709677419
e2_uci,yacht,laplace,12,0.9500000000000001,0.967741935483871
e2_uci,yacht,laplace,13,0.05,0.12903225806451613
e2_uci,yacht,laplace,13,0.1,0.1935483870967742
e2_uci,yacht,laplace,13,0.15000000000000002,0.22580645161290322
e2_uci,yacht,laplace,13,0.2,0.3548387096774194
e2_uci,yacht,laplace,13,0.25,0.41935483870967744
e2_uci,yacht,laplace,13,0.3,0.5161290322580645
e2_uci,yacht,laplace,13,0.35000000000000003,0.5806451612903226
e2_uci,yacht,laplace,13,0.4,0.6774193548387096
e2_uci,yacht,laplace,13,0.45,0.6774193548387096
e2_uci,yacht,laplace,13,0.5,0.7096774193548387
e2_uci,yacht,laplace,13,0.55,0.7096774193548387
e2_uci,yacht,laplace,13,0.6000000000000001,0.7096774193548387
e2_uci,yacht,laplace,13,0.6500000000000001,0.7741935483870968
e2_uci,yacht,laplace,13,0.7000000000000001,0.8064516129032258
e2_uci,yacht,laplace,13,0.7500000000000001,0.8387096774193549
e2_uci,yacht,laplace,13,0.8,0.8709677419354839
e2_uci,yacht,laplace,13,0.8500000000000001,0.9032258064516129
e2_uci,yacht,laplace,13,0.9000000000000001,0.9032258064516129
e2_uci,yacht,laplace,13,0.9500000000000001,0.9032258064516129
e2_uci,yacht,laplace,14,0.05,0.06451612903225806
e2_uci,yacht,laplace,14,0.1,0.06451612903225806
e2_uci,yacht,laplace,14,0.15000000000000002,0.0967741935483871
e2_uci,yacht,laplace,14,0.2,0.0967741935483871
e2_uci,yacht,laplace,14,0.25,0.12903225806451613
e2_uci,yacht,laplace,14,0.3,0.16129032258064516
e2_uci,yacht,laplace,14,0.35000000000000003,0.1935483870967742
e2_uci,yacht,laplace,14,0.4,0.2903225806451613
e2_uci,yacht,laplace,14,0.45,0.3548387096774194
e2_uci,yacht,laplace,14,0.5,0.3870967741935484
e2_uci,yacht,laplace,14,0.55,0.45161290322580644
e2_uci,yacht,laplace,14,0.6000000000000001,0.6774193548387096
e2_uci,yacht,laplace,14,0.6500000000000001,0.7741935483870968
e2_uci,yacht,laplace,14,0.7000000000000001,0.8709677419354839
e2_uci,yacht,laplace,14,0.7500000000000001,0.9032258064516129
e2_uci,yacht,laplace,14,0.8,0.9354838709677419
e2_uci,yacht,laplace,14,0.8500000000000001,0.967741935483871
e2_uci,yacht,laplace,14,0.9000000000000001,0.967741935483871
e2_uci,yacht,laplace,14,0.9500000000000001,0.967741935483871
e2_uci,yacht,laplace,15,0.05,0.0
e2_uci,yacht,laplace,15,0.1,0.0
e2_uci,yacht,laplace,15,0.15000000000000002,0.03225806451612903
e2_uci,yacht,laplace,15,0.2,0.16129032258064516
e2_uci,yacht,laplace,15,0.25,0.1935483870967742
e2_uci,yacht,laplace,15,0.3,0.22580645161290322
e2_uci,yacht,laplace,15,0.35000000000000003,0.3225806451612903
e2_uci,yacht,laplace,15,0.4,0.3870967741935484
e2_uci,yacht,laplace,15,0.45,0.4838709677419355
e2_uci,yacht,laplace,15,0.5,0.5161290322580645
e2_uci,yacht,laplace,15,0.55,0.5806451612903226
e2_uci,yacht,laplace,15,0.6000000000000001,0.6774193548387096
e2_uci,yacht,laplace,15,0.6500000000000001,0.7096774193548387
e2_uci,yacht,laplace,15,0.7000000000000001,0.8064516129032258
e2_uci,yacht,laplace,15,0.7500000000000001,0.8387096774193549
e2_uci,yacht,laplace,15,0.8,0.8709677419354839
e2_uci,yacht,laplace,15,0.8500000000000001,0.9354838709677419
e2_uci,yacht,laplace,15,0.9000000000000001,0.9354838709677419
e2_uci,yacht,laplace,15,0.9500000000000001,0.967741935483871
e2_uci,yacht,laplace,16,0.05,0.0
e2_uci,yacht,laplace,16,0.1,0.03225806451612903
e2_uci,yacht,laplace,16,0.15000000000000002,0.0967741935483871
e2_uci,yacht,laplace,16,0.2,0.16129032258064516
e2_uci,yacht,laplace,16,0.25,0.22580645161290322
e2_uci,yacht,laplace,16,0.3,0.2903225806451613
e2_uci,yacht,laplace,16,0.35000000000000003,0.3870967741935484
e2_uci,yacht,laplace,16,0.4,0.45161290322580644
e2_uci,yacht,laplace,16,0.45,0.5161290322580645
e2_uci,yacht,laplace,16,0.5,0.5483870967741935
e2_uci,yacht,laplace,16,0.55,0.6451612903225806
e2_uci,yacht,laplace,16,0.6000000000000001,0.6774193548387096
e2_uci,yacht,laplace,16,0.6500000000000001,0.7419354838709677
e2_uci,yacht,laplace,16,0.7000000000000001,0.7741935483870968
e2_uci,yacht,laplace,16,0.7500000000000001,0.8387096774193549
e2_uci,yacht,laplace,16,0.8,0.9032258064516129
e2_uci,yacht,laplace,16,0.8500000000000001,0.9354838709677419
e2_uci,yacht,laplace,16,0.9000000000000001,0.9354838709677419
e2_uci,yacht,laplace,16,0.9500000000000001,0.967741935483871
e2_uci,yacht,laplace,17,0.05,0.1935483870967742
e2_uci,yacht,laplace,17,0.1,0.3225806451612903
e2_uci,yacht,laplace,17,0.15000000000000002,0.41935483870967744
e2_uci,yacht,laplace,17,0.2,0.4838709677419355
e2_uci,yacht,laplace,17,0.25,0.6129032258064516
e2_uci,yacht,laplace,17,0.3,0.6451612903225806
e2_uci,yacht,laplace,17,0.35000000000000003,0.6774193548387096
e2_uci,yacht,laplace,17,0.4,0.6774193548387096
e2_uci,yacht,laplace,17,0.45,0.7419354838709677
e2_uci,yacht,laplace,17,0.5,0.7741935483870968
e2_uci,yacht,laplace,17,0.55,0.7741935483870968
e2_uci,yacht,laplace,17,0.6000000000000001,0.7741935483870968
e2_uci,yacht,laplace,17,0.6500000000000001,0.8064516129032258
e2_uci,yacht,laplace,17,0.7000000000000001,0.8387096774193549
e2_uci,yacht,laplace,17,0.7500000000000001,0.9032258064516129
e2_uci,yacht,laplace,17,0.8,0.9032258064516129
e2_uci,yacht,laplace,17,0.8500000000000001,0.9354838709677419
e2_uci,yacht,laplace,17,0.9000000000000001,0.967741935483871
e2_uci,yacht,laplace,17,0.9500000000000001,0.967741935483871
e2_uci,yacht,laplace,18,0.05,0.03225806451612903
e2_uci,yacht,laplace,18,0.1,0.03225806451612903
e2_uci,yacht,laplace,18,0.15000000000000002,0.06451612903225806
e2_uci,yacht,laplace,18,0.2,0.1935483870967742
e2_uci,yacht,laplace,18,0.25,0.2903225806451613
e2_uci,yacht,laplace,18,0.3,0.3870967741935484
e2_uci,yacht,laplace,18,0.35000000000000003,0.4838709677419355
e2_uci,yacht,laplace,18,0.4,0.6129032258064516
e2_uci,yacht,laplace,18,0.45,0.6451612903225806
e2_uci,yacht,laplace,18,0.5,0.7741935483870968
e2_uci,yacht,laplace,18,0.55,0.7741935483870968
e2_uci,yacht,laplace,18,0.6000000000000001,0.7741935483870968
e2_uci,yacht,laplace,18,0.6500000000000001,0.8064516129032258
e2_uci,yacht,laplace,18,0.7000000000000001,0.8709677419354839
e2_uci,yacht,laplace,18,0.7500000000000001,0.8709677419354839
e2_uci,yacht,laplace,18,0.8,0.8709677419354839
e2_uci,yacht,laplace,18,0.8500000000000001,0.8709677419354839
e2_uci,yacht,laplace,18,0.9000000000000001,0.8709677419354839
e2_uci,yacht,laplace,18,0.9500000000000001,0.8709677419354839
e2_uci,yacht,laplace,19,0.05,0.06451612903225806
e2_uci,yacht,laplace,19,0.1,0.0967741935483871
e2_uci,yacht,laplace,19,0.15000000000000002,0.12903225806451613
e2_uci,yacht,laplace,19,0.2,0.16129032258064516
e2_uci,yacht,laplace,19,0.25,0.1935483870967742
e2_uci,yacht,laplace,19,0.3,0.22580645161290322
e2_uci,yacht,laplace,19,0.35000000000000003,0.25806451612903225
e2_uci,yacht,laplace,19,0.4,0.2903225806451613
e2_uci,yacht,laplace,19,0.45,0.3225806451612903
e2_uci,yacht,laplace,19,0.5,0.3548387096774194
e2_uci,yacht,laplace,19,0.55,0.3548387096774194
e2_uci,yacht,laplace,19,0.6000000000000001,0.3548387096774194
e2_uci,yacht,laplace,19,0.6500000000000001,0.41935483870967744
e2_uci,yacht,laplace,19,0.7000000000000001,0.4838709677419355
e2_uci,yacht,laplace,19,0.7500000000000001,0.5161290322580645
e2_uci,yacht,laplace,19,0.8,0.6129032258064516
e2_uci,yacht,laplace,19,0.8500000000000001,0.6451612903225806
e2_uci,yacht,laplace,19,0.9000000000000001,0.7419354838709677
e2_uci,yacht,laplace,19,0.9500000000000001,0.8387096774193549
e2_uci,energy,laplace,0,0.05,0.012987012987012988
e2_uci,energy,laplace,0,0.1,0.025974025974025976
e2_uci,energy,laplace,0,0.15000000000000002,0.03896103896103896
e2_uci,energy,laplace,0,0.2,0.1038961038961039
e2_uci,energy,laplace,0,0.25,0.16883116883116883
e2_uci,energy,laplace,0,0.3,0.24675324675324675
e2_uci,energy,laplace,0,0.35000000000000003,0.3116883116883117
e2_uci,energy,laplace,0,0.4,0.36363636363636365
e2_uci,energy,laplace,0,0.45,0.4025974025974026
e2_uci,energy,laplace,0,0.5,0.42857142857142855
e2_uci,energy,laplace,0,0.55,0.4935064935064935
e2_uci,energy,laplace,0,0.6000000000000001,0.5584415584415584
e2_uci,energy,laplace,0,0.6500000000000001,0.5714285714285714
e2_uci,energy,laplace,0,0.7000000000000001,0.5974025974025974
e2_uci,energy,laplace,0,0.7500000000000001,0.6623376623376623
e2_uci,energy,laplace,0,0.8,0.7012987012987013
e2_uci,energy,laplace,0,0.8500000000000001,0.7662337662337663
e2_uci,energy,laplace,0,0.9000000000000001,0.8051948051948052
e2_uci,energy,laplace,0,0.9500000000000001,0.922077922077922
e2_uci,energy,laplace,1,0.05,0.07792207792207792
e2_uci,energy,laplace,1,0.1,0.11688311688311688
e2_uci,energy,laplace,1,0.15000000000000002,0.19480519480519481
e2_uci,energy,laplace,1,0.2,0.2857142857142857
e2_uci,energy,laplace,1,0.25,0.38961038961038963
e2_uci,energy,laplace,1,0.3,0.42857142857142855
e2_uci,energy,laplace,1,0.35000000000000003,0.44155844155844154
e2_uci,energy,laplace,1,0.4,0.4675324675324675
e2_uci,energy,laplace,1,0.45,0.5194805194805194
e2_uci,energy,laplace,1,0.5,0.5454545454545454
e2_uci,energy,laplace,1,0.55,0.5844155844155844
e2_uci,energy,laplace,1,0.6000000000000001,0.6493506493506493
e2_uci,energy,laplace,1,0.6500000000000001,0.7012987012987013
e2_uci,energy,laplace,1,0.7000000000000001,0.7402597402597403
e2_uci,energy,laplace,1,0.7500000000000001,0.7792207792207793
e2_uci,energy,laplace,1,0.8,0.8311688311688312
e2_uci,energy,laplace,1,0.8500000000000001,0.8311688311688312
e2_uci,energy,laplace,1,0.9000000000000001,0.8571428571428571
e2_uci,energy,laplace,1,0.9500000000000001,0.922077922077922
e2_uci,energy,laplace,2,0.05,0.07792207792207792
e2_uci,energy,laplace,2,0.1,0.14285714285714285
e2_uci,energy,laplace,2,0.15000000000000002,0.16883116883116883
e2_uci,energy,laplace,2,0.2,0.16883116883116883
e2_uci,energy,laplace,2,0.25,0.18181818181818182
e2_uci,energy,laplace,2,0.3,0.22077922077922077
e2_uci,energy,laplace,2,0.35000000000000003,0.2727272727272727
e2_uci,energy,laplace,2,0.4,0.3116883116883117
e2_uci,energy,laplace,2,0.45,0.33766233766233766
e2_uci,energy,laplace,2,0.5,0.36363636363636365
e2_uci,energy,laplace,2,0.55,0.44155844155844154
e2_uci,energy,laplace,2,0.6000000000000001,0.5324675324675324
e2_uci,energy,laplace,2,0.6500000000000001,0.6103896103896104
e2_uci,energy,laplace,2,0.7000000000000001,0.6883116883116883
e2_uci,energy,laplace,2,0.7500000000000001,0.7272727272727273
e2_uci,energy,laplace,2,0.8,0.7792207792207793
e2_uci,energy,laplace,2,0.8500000000000001,0.8571428571428571
e2_uci,energy,laplace,2,0.9000000000000001,0.8961038961038961
e2_uci,energy,laplace,2,0.9500000000000001,0.974025974025974
e2_uci,energy,laplace,3,0.05,0.03896103896103896
e2_uci,energy,laplace,3,0.1,0.1038961038961039
e2_uci,energy,laplace,3,0.15000000000000002,0.18181818181818182
e2_uci,energy,laplace,3,0.2,0.2597402597402597
e2_uci,energy,laplace,3,0.25,0.2857142857142857
e2_uci,energy,laplace,3,0.3,0.33766233766233766
e2_uci,energy,laplace,3,0.35000000000000003,0.37662337662337664
e2_uci,energy,laplace,3,0.4,0.45454545454545453
e2_uci,energy,laplace,3,0.45,0.4935064935064935
e2_uci,energy,laplace,3,0.5,0.5064935064935064
e2_uci,energy,laplace,3,0.55,0.5194805194805194
e2_uci,energy,laplace,3,0.6000000000000001,0.5584415584415584
e2_uci,energy,laplace,3,0.6500000000000001,0.6493506493506493
e2_uci,energy,laplace,3,0.7000000000000001,0.6753246753246753
e2_uci,energy,laplace,3,0.7500000000000001,0.7272727272727273
e2_uci,energy,laplace,3,0.8,0.7792207792207793
e2_uci,energy,laplace,3,0.8500000000000001,0.8051948051948052
e2_uci,energy,laplace,3,0.9000000000000001,0.8571428571428571
e2_uci,energy,laplace,3,0.9500000000000001,0.935064935064935
e2_uci,energy,laplace,4,0.05,0.1038961038961039
e2_uci,energy,laplace,4,0.1,0.15584415584415584
e2_uci,energy,laplace,4,0.15000000000000002,0.18181818181818182
e2_uci,energy,laplace,4,0.2,0.19480519480519481
e2_uci,energy,laplace,4,0.25,0.22077922077922077
e2_uci,energy,laplace,4,0.3,0.24675324675324675
e2_uci,energy,laplace,4,0.35000000000000003,0.2597402597402597
e2_uci,energy,laplace,4,0.4,0.3116883116883117
e2_uci,energy,laplace,4,0.45,0.35064935064935066
e2_uci,energy,laplace,4,0.5,0.36363636363636365
e2_uci,energy,laplace,4,0.55,0.4675324675324675
e2_uci,energy,laplace,4,0.6000000000000001,0.5064935064935064
e2_uci,energy,laplace,4,0.6500000000000001,0.5194805194805194
e2_uci,energy,laplace,4,0.7000000000000001,0.5584415584415584
e2_uci,energy,laplace,4,0.7500000000000001,0.6493506493506493
e2_uci,energy,laplace,4,0.8,0.7402597402597403
e2_uci,energy,laplace,4,0.8500000000000001,0.8051948051948052
e2_uci,energy,laplace,4,0.9000000000000001,0.8701298701298701
e2_uci,energy,laplace,4,0.9500000000000001,0.948051948051948
e2_uci,energy,laplace,5,0.05,0.025974025974025976
e2_uci,energy,laplace,5,0.1,0.03896103896103896
e2_uci,energy,laplace,5,0.15000000000000002,0.06493506493506493
e2_uci,energy,laplace,5,0.2,0.09090909090909091
e2_uci,energy,laplace,5,0.25,0.11688311688311688
e2_uci,energy,laplace,5,0.3,0.15584415584415584
e2_uci,energy,laplace,5,0.35000000000000003,0.2077922077922078
e2_uci,energy,laplace,5,0.4,0.24675324675324675
e2_uci,energy,laplace,5,0.45,0.2987012987012987
e2_uci,energy,laplace,5,0.5,0.33766233766233766
e2_uci,energy,laplace,5,0.55,0.4155844155844156
e2_uci,energy,laplace,5,0.6000000000000001,0.4805194805194805
e2_uci,energy,laplace,5,0.6500000000000001,0.5714285714285714
e2_uci,energy,laplace,5,0.7000000000000001,0.6233766233766234
e2_uci,energy,laplace,5,0.7500000000000001,0.6883116883116883
e2_uci,energy,laplace,5,0.8,0.8051948051948052
e2_uci,energy,laplace,5,0.8500000000000001,0.8441558441558441
e2_uci,energy,laplace,5,0.9000000000000001,0.8961038961038961
e2_uci,energy,laplace,5,0.9500000000000001,0.922077922077922
e2_uci,energy,laplace,6,0.05,0.012987012987012988
e2_uci,energy,laplace,6,0.1,0.09090909090909091
e2_uci,energy,laplace,6,0.15000000000000002,0.14285714285714285
e2_uci,energy,laplace,6,0.2,0.16883116883116883
e2_uci,energy,laplace,6,0.25,0.2077922077922078
e2_uci,energy,laplace,6,0.3,0.2597402597402597
e2_uci,energy,laplace,6,0.35000000000000003,0.2987012987012987
e2_uci,energy,laplace,6,0.4,0.37662337662337664
e2_uci,energy,laplace,6,0.45,0.44155844155844154
e2_uci,energy,laplace,6,0.5,0.4935064935064935
e2_uci,energy,laplace,6,0.55,0.5454545454545454
e2_uci,energy,laplace,6,0.6000000000000001,0.5844155844155844
e2_uci,energy,laplace,6,0.6500000000000001,0.6363636363636364
e2_uci,energy,laplace,6,0.7000000000000001,0.6363636363636364
e2_uci,energy,laplace,6,0.7500000000000001,0.6883116883116883
e2_uci,energy,laplace,6,0.8,0.7532467532467533
e2_uci,energy,laplace,6,0.8500000000000001,0.7922077922077922
e2_uci,energy,laplace,6,0.9000000000000001,0.8441558441558441
e2_uci,energy,laplace,6,0.9500000000000001,0.922077922077922
e2_uci,energy,laplace,7,0.05,0.07792207792207792
e2_uci,energy,laplace,7,0.1,0.11688311688311688
e2_uci,energy,laplace,7,0.15000000000000002,0.15584415584415584
e2_uci,energy,laplace,7,0.2,0.19480519480519481
e2_uci,energy,laplace,7,0.25,0.24675324675324675
e2_uci,energy,laplace,7,0.3,0.2727272727272727
e2_uci,energy,laplace,7,0.35000000000000003,0.3246753246753247
e2_uci,energy,laplace,7,0.4,0.37662337662337664
e2_uci,energy,laplace,7,0.45,0.42857142857142855
e2_uci,energy,laplace,7,0.5,0.5324675324675324
e2_uci,energy,laplace,7,0.55,0.5844155844155844
e2_uci,energy,laplace,7,0.6000000000000001,0.5974025974025974
e2_uci,energy,laplace,7,0.6500000000000001,0.7142857142857143
e2_uci,energy,laplace,7,0.7000000000000001,0.7792207792207793
e2_uci,energy,laplace,7,0.7500000000000001,0.8181818181818182
e2_uci,energy,laplace,7,0.8,0.8181818181818182
e2_uci,energy,laplace,7,0.8500000000000001,0.8571428571428571
e2_uci,energy,laplace,7,0.9000000000000001,0.9090909090909091
e2_uci,energy,laplace,7,0.9500000000000001,0.935064935064935
e2_uci,energy,laplace,8,0.05,0.06493506493506493
e2_uci,energy,laplace,8,0.1,0.11688311688311688
e2_uci,energy,laplace,8,0.15000000000000002,0.14285714285714285
e2_uci,energy,laplace,8,0.2,0.19480519480519481
e2_uci,energy,laplace,8,0.25,0.24675324675324675
e2_uci,energy,laplace,8,0.3,0.3116883116883117
e2_uci,energy,laplace,8,0.35000000000000003,0.36363636363636365
e2_uci,energy,laplace,8,0.4,0.4155844155844156
e2_uci,energy,laplace,8,0.45,0.4805194805194805
e2_uci,energy,laplace,8,0.5,0.5714285714285714
e2_uci,energy,laplace,8,0.55,0.6103896103896104
e2_uci,energy,laplace,8,0.6000000000000001,0.6493506493506493
e2_uci,energy,laplace,8,0.6500000000000001,0.7012987012987013
e2_uci,energy,laplace,8,0.7000000000000001,0.7402597402597403
e2_uci,energy,laplace,8,0.7500000000000001,0.8051948051948052
e2_uci,energy,laplace,8,0.8,0.8441558441558441
e2_uci,energy,laplace,8,0.8500000000000001,0.8831168831168831
e2_uci,energy,laplace,8,0.9000000000000001,0.961038961038961
e2_uci,energy,laplace,8,0.9500000000000001,0.961038961038961
e2_uci,energy,laplace,9,0.05,0.0
e2_uci,energy,laplace,9,0.1,0.025974025974025976
e2_uci,energy,laplace,9,0.15000000000000002,0.07792207792207792
e2_uci,energy,laplace,9,0.2,0.07792207792207792
e2_uci,energy,laplace,9,0.25,0.12987012987012986
e2_uci,energy,laplace,9,0.3,0.12987012987012986
e2_uci,energy,laplace,9,0.35000000000000003,0.16883116883116883
e2_uci,energy,laplace,9,0.4,0.2597402597402597
e2_uci,energy,laplace,9,0.45,0.2987012987012987
e2_uci,energy,laplace,9,0.5,0.3116883116883117
e2_uci,energy,laplace,9,0.55,0.37662337662337664
e2_uci,energy,laplace,9,0.6000000000000001,0.4155844155844156
e2_uci,energy,laplace,9,0.6500000000000001,0.5194805194805194
e2_uci,energy,laplace,9,0.7000000000000001,0.6233766233766234
e2_uci,energy,laplace,9,0.7500000000000001,0.7142857142857143
e2_uci,energy,laplace,9,0.8,0.8051948051948052
e2_uci,energy,laplace,9,0.8500000000000001,0.8571428571428571
e2_uci,energy,laplace,9,0.9000000000000001,0.935064935064935
e2_uci,energy,laplace,9,0.9500000000000001,0.974025974025974
e2_uci,energy,laplace,10,0.05,0.07792207792207792
e2_uci,energy,laplace,10,0.1,0.11688311688311688
e2_uci,energy,laplace,10,0.15000000000000002,0.12987012987012986
e2_uci,energy,laplace,10,0.2,0.14285714285714285
e2_uci,energy,laplace,10,0.25,0.18181818181818182
e2_uci,energy,laplace,10,0.3,0.22077922077922077
e2_uci,energy,laplace,10,0.35000000000000003,0.22077922077922077
e2_uci,energy,laplace,10,0.4,0.23376623376623376
e2_uci,energy,laplace,10,0.45,0.2727272727272727
e2_uci,energy,laplace,10,0.5,0.36363636363636365
e2_uci,energy,laplace,10,0.55,0.4155844155844156
e2_uci,energy,laplace,10,0.6000000000000001,0.4805194805194805
e2_uci,energy,laplace,10,0.6500000000000001,0.5584415584415584
e2_uci,energy,laplace,10,0.7000000000000001,0.5974025974025974
e2_uci,energy,laplace,10,0.7500000000000001,0.6623376623376623
e2_uci,energy,laplace,10,0.8,0.7272727272727273
e2_uci,energy,laplace,10,0.8500000000000001,0.7922077922077922
e2_uci,energy,laplace,10,0.9000000000000001,0.8441558441558441
e2_uci,energy,laplace,10,0.9500000000000001,0.8961038961038961
e2_uci,energy,laplace,11,0.05,0.06493506493506493
e2_uci,energy,laplace,11,0.1,0.14285714285714285
e2_uci,energy,laplace,11,0.15000000000000002,0.19480519480519481
e2_uci,energy,laplace,11,0.2,0.2077922077922078
e2_uci,energy,laplace,11,0.25,0.24675324675324675
e2_uci,energy,laplace,11,0.3,0.2727272727272727
e2_uci,energy,laplace,11,0.35000000000000003,0.3246753246753247
e2_uci,energy,laplace,11,0.4,0.35064935064935066
e2_uci,energy,laplace,11,0.45,0.36363636363636365
e2_uci,energy,laplace,11,0.5,0.4025974025974026
e2_uci,energy,laplace,11,0.55,0.4675324675324675
e2_uci,energy,laplace,11,0.6000000000000001,0.4935064935064935
e2_uci,energy,laplace,11,0.6500000000000001,0.5194805194805194
e2_uci,energy,laplace,11,0.7000000000000001,0.5714285714285714
e2_uci,energy,laplace,11,0.7500000000000001,0.6233766233766234
e2_uci,energy,laplace,11,0.8,0.7142857142857143
e2_uci,energy,laplace,11,0.8500000000000001,0.7922077922077922
e2_uci,energy,laplace,11,0.9000000000000001,0.8701298701298701
e2_uci,energy,laplace,11,0.9500000000000001,0.961038961038961
e2_uci,energy,laplace,12,0.05,0.05194805194805195
e2_uci,energy,laplace,12,0.1,0.11688311688311688
e2_uci,energy,laplace,12,0.15000000000000002,0.14285714285714285
e2_uci,energy,laplace,12,0.2,0.19480519480519481
e2_uci,energy,laplace,12,0.25,0.22077922077922077
e2_uci,energy,laplace,12,0.3,0.2727272727272727
e2_uci,energy,laplace,12,0.35000000000000003,0.38961038961038963
e2_uci,energy,laplace,12,0.4,0.42857142857142855
e2_uci,energy,laplace,12,0.45,0.5454545454545454
e2_uci,energy,laplace,12,0.5,0.6103896103896104
e2_uci,energy,laplace,12,0.55,0.6623376623376623
e2_uci,energy,laplace,12,0.6000000000000001,0.7142857142857143
e2_uci,energy,laplace,12,0.6500000000000001,0.7792207792207793
e2_uci,energy,laplace,12,0.7000000000000001,0.8311688311688312
e2_uci,energy,laplace,12,0.7500000000000001,0.8311688311688312
e2_uci,energy,laplace,12,0.8,0.8441558441558441
e2_uci,energy,laplace,12,0.8500000000000001,0.8831168831168831
e2_uci,energy,laplace,12,0.9000000000000001,0.9090909090909091
e2_uci,energy,laplace,12,0.9500000000000001,0.922077922077922
e2_uci,energy,laplace,13,0.05,0.1038961038961039
e2_uci,energy,laplace,13,0.1,0.15584415584415584
e2_uci,energy,laplace,13,0.15000000000000002,0.22077922077922077
e2_uci,energy,laplace,13,0.2,0.2727272727272727
e2_uci,energy,laplace,13,0.25,0.35064935064935066
e2_uci,energy,laplace,13,0.3,0.38961038961038963
e2_uci,energy,laplace,13,0.35000000000000003,0.4155844155844156
e2_uci,energy,laplace,13,0.4,0.4675324675324675
e2_uci,energy,laplace,13,0.45,0.5194805194805194
e2_uci,energy,laplace,13,0.5,0.5324675324675324
e2_uci,energy,laplace,13,0.55,0.5844155844155844
e2_uci,energy,laplace,13,0.6000000000000001,0.6753246753246753
e2_uci,energy,laplace,13,0.6500000000000001,0.7272727272727273
e2_uci,energy,laplace,13,0.7000000000000001,0.7792207792207793
e2_uci,energy,laplace,13,0.7500000000000001,0.8181818181818182
e2_uci,energy,laplace,13,0.8,0.8831168831168831
e2_uci,energy,laplace,13,0.8500000000000001,0.8961038961038961
e2_uci,energy,laplace,13,0.9000000000000001,0.948051948051948
e2_uci,energy,laplace,13,0.9500000000000001,0.961038961038961
e2_uci,energy,laplace,14,0.05,0.03896103896103896
e2_uci,energy,laplace,14,0.1,0.07792207792207792
e2_uci,energy,laplace,14,0.15000000000000002,0.07792207792207792
e2_uci,energy,laplace,14,0.2,0.12987012987012986
e2_uci,energy,laplace,14,0.25,0.18181818181818182
e2_uci,energy,laplace,14,0.3,0.18181818181818182
e2_uci,energy,laplace,14,0.35000000000000003,0.2077922077922078
e2_uci,energy,laplace,14,0.4,0.24675324675324675
e2_uci,energy,laplace,14,0.45,0.36363636363636365
e2_uci,energy,laplace,14,0.5,0.4675324675324675
e2_uci,energy,laplace,14,0.55,0.5194805194805194
e2_uci,energy,laplace,14,0.6000000000000001,0.5454545454545454
e2_uci,energy,laplace,14,0.6500000000000001,0.6233766233766234
e2_uci,energy,laplace,14,0.7000000000000001,0.6623376623376623
e2_uci,energy,laplace,14,0.7500000000000001,0.7532467532467533
e2_uci,energy,laplace,14,0.8,0.7792207792207793
e2_uci,energy,laplace,14,0.8500000000000001,0.8051948051948052
e2_uci,energy,laplace,14,0.9000000000000001,0.8181818181818182
e2_uci,energy,laplace,14,0.9500000000000001,0.8701298701298701
e2_uci,energy,laplace,15,0.05,0.03896103896103896
e2_uci,energy,laplace,15,0.1,0.09090909090909091
e2_uci,energy,laplace,15,0.15000000000000002,0.19480519480519481
e2_uci,energy,laplace,15,0.2,0.2857142857142857
e2_uci,energy,laplace,15,0.25,0.38961038961038963
e2_uci,energy,laplace,15,0.3,0.42857142857142855
e2_uci,energy,laplace,15,0.35000000000000003,0.4935064935064935
e2_uci,energy,laplace,15,0.4,0.5584415584415584
e2_uci,energy,laplace,15,0.45,0.6623376623376623
e2_uci,energy,laplace,15,0.5,0.6753246753246753
e2_uci,energy,laplace,15,0.55,0.7012987012987013
e2_uci,energy,laplace,15,0.6000000000000001,0.7402597402597403
e2_uci,energy,laplace,15,0.6500000000000001,0.7532467532467533
e2_uci,energy,laplace,15,0.7000000000000001,0.8181818181818182
e2_uci,energy,laplace,15,0.7500000000000001,0.8311688311688312
e2_uci,energy,laplace,15,0.8,0.8311688311688312
e2_uci,energy,laplace,15,0.8500000000000001,0.8831168831168831
e2_uci,energy,laplace,15,0.9000000000000001,0.922077922077922
e2_uci,energy,laplace,15,0.9500000000000001,0.961038961038961
e2_uci,energy,laplace,16,0.05,0.012987012987012988
e2_uci,energy,laplace,16,0.1,0.03896103896103896
e2_uci,energy,laplace,16,0.15000000000000002,0.05194805194805195
e2_uci,energy,laplace,16,0.2,0.11688311688311688
e2_uci,energy,laplace,16,0.25,0.16883116883116883
e2_uci,energy,laplace,16,0.3,0.19480519480519481
e2_uci,energy,laplace,16,0.35000000000000003,0.24675324675324675
e2_uci,energy,laplace,16,0.4,0.2987012987012987
e2_uci,energy,laplace,16,0.45,0.3246753246753247
e2_uci,energy,laplace,16,0.5,0.36363636363636365
e2_uci,energy,laplace,16,0.55,0.36363636363636365
e2_uci,energy,laplace,16,0.6000000000000001,0.4155844155844156
e2_uci,energy,laplace,16,0.6500000000000001,0.5324675324675324
e2_uci,energy,laplace,16,0.7000000000000001,0.5974025974025974
e2_uci,energy,laplace,16,0.7500000000000001,0.6883116883116883
e2_uci,energy,laplace,16,0.8,0.7662337662337663
e2_uci,energy,laplace,16,0.8500000000000001,0.7792207792207793
e2_uci,energy,laplace,16,0.9000000000000001,0.8311688311688312
e2_uci,energy,laplace,16,0.9500000000000001,0.8831168831168831
e2_uci,energy,laplace,17,0.05,0.025974025974025976
e2_uci,energy,laplace,17,0.1,0.06493506493506493
e2_uci,energy,laplace,17,0.15000000000000002,0.09090909090909091
e2_uci,energy,laplace,17,0.2,0.11688311688311688
e2_uci,energy,laplace,17,0.25,0.14285714285714285
e2_uci,energy,laplace,17,0.3,0.2077922077922078
e2_uci,energy,laplace,17,0.35000000000000003,0.24675324675324675
e2_uci,energy,laplace,17,0.4,0.2727272727272727
e2_uci,energy,laplace,17,0.45,0.4155844155844156
e2_uci,energy,laplace,17,0.5,0.44155844155844154
e2_uci,energy,laplace,17,0.55,0.5194805194805194
e2_uci,energy,laplace,17,0.6000000000000001,0.5714285714285714
e2_uci,energy,laplace,17,0.6500000000000001,0.6493506493506493
e2_uci,energy,laplace,17,0.7000000000000001,0.6753246753246753
e2_uci,energy,laplace,17,0.7500000000000001,0.7402597402597403
e2_uci,energy,laplace,17,0.8,0.8051948051948052
e2_uci,energy,laplace,17,0.8500000000000001,0.8701298701298701
e2_uci,energy,laplace,17,0.9000000000000001,0.8831168831168831
e2_uci,energy,laplace,17,0.9500000000000001,0.948051948051948
e2_uci,energy,laplace,18,0.05,0.05194805194805195
e2_uci,energy,laplace,18,0.1,0.07792207792207792
e2_uci,energy,laplace,18,0.15000000000000002,0.09090909090909091
e2_uci,energy,laplace,18,0.2,0.1038961038961039
e2_uci,energy,laplace,18,0.25,0.15584415584415584
e2_uci,energy,laplace,18,0.3,0.16883116883116883
e2_uci,energy,laplace,18,0.35000000000000003,0.2727272727272727
e2_uci,energy,laplace,18,0.4,0.33766233766233766
e2_uci,energy,laplace,18,0.45,0.35064935064935066
e2_uci,energy,laplace,18,0.5,0.4155844155844156
e2_uci,energy,laplace,18,0.55,0.44155844155844154
e2_uci,energy,laplace,18,0.6000000000000001,0.5064935064935064
e2_uci,energy,laplace,18,0.6500000000000001,0.5324675324675324
e2_uci,energy,laplace,18,0.7000000000000001,0.6233766233766234
e2_uci,energy,laplace,18,0.7500000000000001,0.7142857142857143
e2_uci,energy,laplace,18,0.8,0.7272727272727273
e2_uci,energy,laplace,18,0.8500000000000001,0.7922077922077922
e2_uci,energy,laplace,18,0.9000000000000001,0.8571428571428571
e2_uci,energy,laplace,18,0.9500000000000001,0.922077922077922
e2_uci,energy,laplace,19,0.05,0.06493506493506493
e2_uci,energy,laplace,19,0.1,0.1038961038961039
e2_uci,energy,laplace,19,0.15000000000000002,0.16883116883116883
e2_uci,energy,laplace,19,0.2,0.22077922077922077
e2_uci,energy,laplace,19,0.25,0.2597402597402597
e2_uci,energy,laplace,19,0.3,0.3246753246753247
e2_uci,energy,laplace,19,0.35000000000000003,0.35064935064935066
e2_uci,energy,laplace,19,0.4,0.4025974025974026
e2_uci,energy,laplace,19,0.45,0.4675324675324675
e2_uci,energy,laplace,19,0.5,0.5584415584415584
e2_uci,energy,laplace,19,0.55,0.6103896103896104
e2_uci,energy,laplace,19,0.6000000000000001,0.6753246753246753
e2_uci,energy,laplace,19,0.6500000000000001,0.7142857142857143
e2_uci,energy,laplace,19,0.7000000000000001,0.7272727272727273
e2_uci,energy,laplace,19,0.7500000000000001,0.7662337662337663
e2_uci,energy,laplace,19,0.8,0.7922077922077922
e2_uci,energy,laplace,19,0.8500000000000001,0.8311688311688312
e2_uci,energy,laplace,19,0.9000000000000001,0.8441558441558441
e2_uci,energy,laplace,19,0.9500000000000001,0.9090909090909091
e2_uci,concrete,laplace,0,0.05,0.1262135922330097
e2_uci,concrete,laplace,0,0.1,0.17475728155339806
e2_uci,concrete,laplace,0,0.15000000000000002,0.2524271844660194
e2_uci,concrete,laplace,0,0.2,0.32038834951456313
e2_uci,concrete,laplace,0,0.25,0.36893203883495146
e2_uci,concrete,laplace,0,0.3,0.39805825242718446
e2_uci,concrete,laplace,0,0.35000000000000003,0.4174757281553398
e2_uci,concrete,laplace,0,0.4,0.4854368932038835
e2_uci,concrete,laplace,0,0.45,0.5436893203883495
e2_uci,concrete,laplace,0,0.5,0.5825242718446602
e2_uci,concrete,laplace,0,0.55,0.6019417475728155
e2_uci,concrete,laplace,0,0.6000000000000001,0.6601941747572816
e2_uci,concrete,laplace,0,0.6500000000000001,0.6893203883495146
e2_uci,concrete,laplace,0,0.7000000000000001,0.7378640776699029
e2_uci,concrete,laplace,0,0.7500000000000001,0.7572815533980582
e2_uci,concrete,laplace,0,0.8,0.7864077669902912
e2_uci,concrete,laplace,0,0.8500000000000001,0.8737864077669902
e2_uci,concrete,laplace,0,0.9000000000000001,0.912621359223301
e2_uci,concrete,laplace,0,0.9500000000000001,0.9320388349514563
e2_uci,concrete,laplace,1,0.05,0.0970873786407767
e2_uci,concrete,laplace,1,0.1,0.13592233009708737
e2_uci,concrete,laplace,1,0.15000000000000002,0.1650485436893204
e2_uci,concrete,laplace,1,0.2,0.21359223300970873
e2_uci,concrete,laplace,1,0.25,0.30097087378640774
e2_uci,concrete,laplace,1,0.3,0.39805825242718446
e2_uci,concrete,laplace,1,0.35000000000000003,0.4368932038834951
e2_uci,concrete,laplace,1,0.4,0.5533980582524272
e2_uci,concrete,laplace,1,0.45,0.5728155339805825
e2_uci,concrete,laplace,1,0.5,0.6504854368932039
e2_uci,concrete,laplace,1,0.55,0.6893203883495146
e2_uci,concrete,laplace,1,0.6000000000000001,0.7087378640776699
e2_uci,concrete,laplace,1,0.6500000000000001,0.7378640776699029
e2_uci,concrete,laplace,1,0.7000000000000001,0.7864077669902912
e2_uci,concrete,laplace,1,0.7500000000000001,0.8446601941747572
e2_uci,concrete,laplace,1,0.8,0.883495145631068
e2_uci,concrete,laplace,1,0.8500000000000001,0.912621359223301
e2_uci,concrete,laplace,1,0.9000000000000001,0.912621359223301
e2_uci,concrete,laplace,1,0.9500000000000001,0.9805825242718447
e2_uci,concrete,laplace,2,0.05,0.07766990291262135
e2_uci,concrete,laplace,2,0.1,0.11650485436893204
e2_uci,concrete,laplace,2,0.15000000000000002,0.11650485436893204
e2_uci,concrete,laplace,2,0.2,0.1553398058252427
e2_uci,concrete,laplace,2,0.25,0.24271844660194175
e2_uci,concrete,laplace,2,0.3,0.2912621359223301
e2_uci,concrete,laplace,2,0.35000000000000003,0.3592233009708738
e2_uci,concrete,laplace,2,0.4,0.4174757281553398
e2_uci,concrete,laplace,2,0.45,0.47572815533980584
e2_uci,concrete,laplace,2,0.5,0.5048543689320388
e2_uci,concrete,laplace,2,0.55,0.5533980582524272
e2_uci,concrete,laplace,2,0.6000000000000001,0.6699029126213593
e2_uci,concrete,laplace,2,0.6500000000000001,0.7378640776699029
e2_uci,concrete,laplace,2,0.7000000000000001,0.7378640776699029
e2_uci,concrete,laplace,2,0.7500000000000001,0.8252427184466019
e2_uci,concrete,laplace,2,0.8,0.8446601941747572
e2_uci,concrete,laplace,2,0.8500000000000001,0.8543689320388349
e2_uci,concrete,laplace,2,0.9000000000000001,0.9029126213592233
e2_uci,concrete,laplace,2,0.9500000000000001,0.912621359223301
e2_uci,concrete,laplace,3,0.05,0.11650485436893204
e2_uci,concrete,laplace,3,0.1,0.1650485436893204
e2_uci,concrete,laplace,3,0.15000000000000002,0.1941747572815534
e2_uci,concrete,laplace,3,0.2,0.20388349514563106
e2_uci,concrete,laplace,3,0.25,0.2621359223300971
e2_uci,concrete,laplace,3,0.3,0.30097087378640774
e2_uci,concrete,laplace,3,0.35000000000000003,0.34951456310679613
e2_uci,concrete,laplace,3,0.4,0.4077669902912621
e2_uci,concrete,laplace,3,0.45,0.47572815533980584
e2_uci,concrete,laplace,3,0.5,0.5436893203883495
e2_uci,concrete,laplace,3,0.55,0.6019417475728155
e2_uci,concrete,laplace,3,0.6000000000000001,0.6407766990291263
e2_uci,concrete,laplace,3,0.6500000000000001,0.6796116504854369
e2_uci,concrete,laplace,3,0.7000000000000001,0.7087378640776699
e2_uci,concrete,laplace,3,0.7500000000000001,0.7766990291262136
e2_uci,concrete,laplace,3,0.8,0.7961165048543689
e2_uci,concrete,laplace,3,0.8500000000000001,0.8252427184466019
e2_uci,concrete,laplace,3,0.9000000000000001,0.8737864077669902
e2_uci,concrete,laplace,3,0.9500000000000001,0.8932038834951457
e2_uci,concrete,laplace,4,0.05,0.0970873786407767
e2_uci,concrete,laplace,4,0.1,0.1553398058252427
e2_uci,concrete,laplace,4,0.15000000000000002,0.18446601941747573
e2_uci,concrete,laplace,4,0.2,0.21359223300970873
e2_uci,concrete,laplace,4,0.25,0.2524271844660194
e2_uci,concrete,laplace,4,0.3,0.2912621359223301
e2_uci,concrete,laplace,4,0.35000000000000003,0.32038834951456313
e2_uci,concrete,laplace,4,0.4,0.33980582524271846
e2_uci,concrete,laplace,4,0.45,0.39805825242718446
e2_uci,concrete,laplace,4,0.5,0.47572815533980584
e2_uci,concrete,laplace,4,0.55,0.5436893203883495
e2_uci,concrete,laplace,4,0.6000000000000001,0.5922330097087378
e2_uci,concrete,laplace,4,0.6500000000000001,0.6796116504854369
e2_uci,concrete,laplace,4,0.7000000000000001,0.7281553398058253
e2_uci,concrete,laplace,4,0.7500000000000001,0.7572815533980582
e2_uci,concrete,laplace,4,0.8,0.7961165048543689
e2_uci,concrete,laplace,4,0.8500000000000001,0.8155339805825242
e2_uci,concrete,laplace,4,0.9000000000000001,0.8737864077669902
e2_uci,concrete,laplace,4,0.9500000000000001,0.9029126213592233
e2_uci,concrete,laplace,5,0.05,0.019417475728155338
e2_uci,concrete,laplace,5,0.1,0.04854368932038835
e2_uci,concrete,laplace,5,0.15000000000000002,0.06796116504854369
e2_uci,concrete,laplace,5,0.2,0.11650485436893204
e2_uci,concrete,laplace,5,0.25,0.1650485436893204
e2_uci,concrete,laplace,5,0.3,0.20388349514563106
e2_uci,concrete,laplace,5,0.35000000000000003,0.2524271844660194
e2_uci,concrete,laplace,5,0.4,0.30097087378640774
e2_uci,concrete,laplace,5,0.45,0.34951456310679613
e2_uci,concrete,laplace,5,0.5,0.4174757281553398
e2_uci,concrete,laplace,5,0.55,0.4563106796116505
e2_uci,concrete,laplace,5,0.6000000000000001,0.5048543689320388
e2_uci,concrete,laplace,5,0.6500000000000001,0.5825242718446602
e2_uci,concrete,laplace,5,0.7000000000000001,0.6019417475728155
e2_uci,concrete,laplace,5,0.7500000000000001,0.6699029126213593
e2_uci,concrete,laplace,5,0.8,0.7184466019417476
e2_uci,concrete,laplace,5,0.8500000000000001,0.7961165048543689
e2_uci,concrete,laplace,5,0.9000000000000001,0.8737864077669902
e2_uci,concrete,laplace,5,0.9500000000000001,0.9223300970873787
e2_uci,concrete,laplace,6,0.05,0.05825242718446602
e2_uci,concrete,laplace,6,0.1,0.10679611650485436
e2_uci,concrete,laplace,6,0.15000000000000002,0.14563106796116504
e2_uci,concrete,laplace,6,0.2,0.21359223300970873
e2_uci,concrete,laplace,6,0.25,0.30097087378640774
e2_uci,concrete,laplace,6,0.3,0.3300970873786408
e2_uci,concrete,laplace,6,0.35000000000000003,0.3786407766990291
e2_uci,concrete,laplace,6,0.4,0.4174757281553398
e2_uci,concrete,laplace,6,0.45,0.5048543689320388
e2_uci,concrete,laplace,6,0.5,0.5436893203883495
e2_uci,concrete,laplace,6,0.55,0.6310679611650486
e2_uci,concrete,laplace,6,0.6000000000000001,0.6504854368932039
e2_uci,concrete,laplace,6,0.6500000000000001,0.6796116504854369
e2_uci,concrete,laplace,6,0.7000000000000001,0.7087378640776699
e2_uci,concrete,laplace,6,0.7500000000000001,0.7766990291262136
e2_uci,concrete,laplace,6,0.8,0.8252427184466019
e2_uci,concrete,laplace,6,0.8500000000000001,0.8446601941747572
e2_uci,concrete,laplace,6,0.9000000000000001,0.8932038834951457
e2_uci,concrete,laplace,6,0.9500000000000001,0.8932038834951457
e2_uci,concrete,laplace,7,0.05,0.1262135922330097
e2_uci,concrete,laplace,7,0.1,0.1650485436893204
e2_uci,concrete,laplace,7,0.15000000000000002,0.22330097087378642
e2_uci,concrete,laplace,7,0.2,0.2524271844660194
e2_uci,concrete,laplace,7,0.25,0.30097087378640774
e2_uci,concrete,laplace,7,0.3,0.34951456310679613
e2_uci,concrete,laplace,7,0.35000000000000003,0.3786407766990291
e2_uci,concrete,laplace,7,0.4,0.4077669902912621
e2_uci,concrete,laplace,7,0.45,0.4563106796116505
e2_uci,concrete,laplace,7,0.5,0.5048543689320388
e2_uci,concrete,laplace,7,0.55,0.5436893203883495
e2_uci,concrete,laplace,7,0.6000000000000001,0.6019417475728155
e2_uci,concrete,laplace,7,0.6500000000000001,0.6601941747572816
e2_uci,concrete,laplace,7,0.7000000000000001,0.6796116504854369
e2_uci,concrete,laplace,7,0.7500000000000001,0.7087378640776699
e2_uci,concrete,laplace,7,0.8,0.7669902912621359
e2_uci,concrete,laplace,7,0.8500000000000001,0.8446601941747572
e2_uci,concrete,laplace,7,0.9000000000000001,0.8737864077669902
e2_uci,concrete,laplace,7,0.9500000000000001,0.941747572815534
e2_uci,concrete,laplace,8,0.05,0.038834951456310676
e2_uci,concrete,laplace,8,0.1,0.04854368932038835
e2_uci,concrete,laplace,8,0.15000000000000002,0.08737864077669903
e2_uci,concrete,laplace,8,0.2,0.10679611650485436
e2_uci,concrete,laplace,8,0.25,0.1262135922330097
e2_uci,concrete,laplace,8,0.3,0.17475728155339806
e2_uci,concrete,laplace,8,0.35000000000000003,0.2524271844660194
e2_uci,concrete,laplace,8,0.4,0.3300970873786408
e2_uci,concrete,laplace,8,0.45,0.3592233009708738
e2_uci,concrete,laplace,8,0.5,0.3786407766990291
e2_uci,concrete,laplace,8,0.55,0.44660194174757284
e2_uci,concrete,laplace,8,0.6000000000000001,0.46601941747572817
e2_uci,concrete,laplace,8,0.6500000000000001,0.5436893203883495
e2_uci,concrete,laplace,8,0.7000000000000001,0.6116504854368932
e2_uci,concrete,laplace,8,0.7500000000000001,0.6407766990291263
e2_uci,concrete,laplace,8,0.8,0.6990291262135923
e2_uci,concrete,laplace,8,0.8500000000000001,0.7572815533980582
e2_uci,concrete,laplace,8,0.9000000000000001,0.7961165048543689
e2_uci,concrete,laplace,8,0.9500000000000001,0.8932038834951457
e2_uci,concrete,laplace,9,0.05,0.1262135922330097
e2_uci,concrete,laplace,9,0.1,0.1553398058252427
e2_uci,concrete,laplace,9,0.15000000000000002,0.1941747572815534
e2_uci,concrete,laplace,9,0.2,0.24271844660194175
e2_uci,concrete,laplace,9,0.25,0.2815533980582524
e2_uci,concrete,laplace,9,0.3,0.33980582524271846
e2_uci,concrete,laplace,9,0.35000000000000003,0.4077669902912621
e2_uci,concrete,laplace,9,0.4,0.4563106796116505
e2_uci,concrete,laplace,9,0.45,0.5145631067961165
e2_uci,concrete,laplace,9,0.5,0.5825242718446602
e2_uci,concrete,laplace,9,0.55,0.6019417475728155
e2_uci,concrete,laplace,9,0.6000000000000001,0.6699029126213593
e2_uci,concrete,laplace,9,0.6500000000000001,0.7087378640776699
e2_uci,concrete,laplace,9,0.7000000000000001,0.7572815533980582
e2_uci,concrete,laplace,9,0.7500000000000001,0.7864077669902912
e2_uci,concrete,laplace,9,0.8,0.8252427184466019
e2_uci,concrete,laplace,9,0.8500000000000001,0.8543689320388349
e2_uci,concrete,laplace,9,0.9000000000000001,0.941747572815534
e2_uci,concrete,laplace,9,0.9500000000000001,0.941747572815534
e2_uci,concrete,laplace,10,0.05,0.04854368932038835
e2_uci,concrete,laplace,10,0.1,0.05825242718446602
e2_uci,concrete,laplace,10,0.15000000000000002,0.07766990291262135
e2_uci,concrete,laplace,10,0.2,0.11650485436893204
e2_uci,concrete,laplace,10,0.25,0.1650485436893204
e2_uci,concrete,laplace,10,0.3,0.1941747572815534
e2_uci,concrete,laplace,10,0.35000000000000003,0.23300970873786409
e2_uci,concrete,laplace,10,0.4,0.27184466019417475
e2_uci,concrete,laplace,10,0.45,0.34951456310679613
e2_uci,concrete,laplace,10,0.5,0.4174757281553398
e2_uci,concrete,laplace,10,0.55,0.4368932038834951
e2_uci,concrete,laplace,10,0.6000000000000001,0.47572815533980584
e2_uci,concrete,laplace,10,0.6500000000000001,0.5436893203883495
e2_uci,concrete,laplace,10,0.7000000000000001,0.5728155339805825
e2_uci,concrete,laplace,10,0.7500000000000001,0.6407766990291263
e2_uci,concrete,laplace,10,0.8,0.6893203883495146
e2_uci,concrete,laplace,10,0.8500000000000001,0.7766990291262136
e2_uci,concrete,laplace,10,0.9000000000000001,0.8446601941747572
e2_uci,concrete,laplace,10,0.9500000000000001,0.912621359223301
e2_uci,concrete,laplace,11,0.05,0.05825242718446602
e2_uci,concrete,laplace,11,0.1,0.10679611650485436
e2_uci,concrete,laplace,11,0.15000000000000002,0.1650485436893204
e2_uci,concrete,laplace,11,0.2,0.20388349514563106
e2_uci,concrete,laplace,11,0.25,0.2912621359223301
e2_uci,concrete,laplace,11,0.3,0.3592233009708738
e2_uci,concrete,laplace,11,0.35000000000000003,0.44660194174757284
e2_uci,concrete,laplace,11,0.4,0.5145631067961165
e2_uci,concrete,laplace,11,0.45,0.5825242718446602
e2_uci,concrete,laplace,11,0.5,0.6213592233009708
e2_uci,concrete,laplace,11,0.55,0.6699029126213593
e2_uci,concrete,laplace,11,0.6000000000000001,0.7087378640776699
e2_uci,concrete,laplace,11,0.6500000000000001,0.7281553398058253
e2_uci,concrete,laplace,11,0.7000000000000001,0.7572815533980582
e2_uci,concrete,laplace,11,0.7500000000000001,0.8058252427184466
e2_uci,concrete,laplace,11,0.8,0.8446601941747572
e2_uci,concrete,laplace,11,0.8500000000000001,0.8932038834951457
e2_uci,concrete,laplace,11,0.9000000000000001,0.9223300970873787
e2_uci,concrete,laplace,11,0.9500000000000001,0.941747572815534
e2_uci,concrete,laplace,12,0.05,0.05825242718446602
e2_uci,concrete,laplace,12,0.1,0.10679611650485436
e2_uci,concrete,laplace,12,0.15000000000000002,0.13592233009708737
e2_uci,concrete,laplace,12,0.2,0.1553398058252427
e2_uci,concrete,laplace,12,0.25,0.17475728155339806
e2_uci,concrete,laplace,12,0.3,0.21359223300970873
e2_uci,concrete,laplace,12,0.35000000000000003,0.27184466019417475
e2_uci,concrete,laplace,12,0.4,0.33980582524271846
e2_uci,concrete,laplace,12,0.45,0.4077669902912621
e2_uci,concrete,laplace,12,0.5,0.47572815533980584
e2_uci,concrete,laplace,12,0.55,0.5145631067961165
e2_uci,concrete,laplace,12,0.6000000000000001,0.5631067961165048
e2_uci,concrete,laplace,12,0.6500000000000001,0.6504854368932039
e2_uci,concrete,laplace,12,0.7000000000000001,0.6796116504854369
e2_uci,concrete,laplace,12,0.7500000000000001,0.6990291262135923
e2_uci,concrete,laplace,12,0.8,0.7669902912621359
e2_uci,concrete,laplace,12,0.8500000000000001,0.8058252427184466
e2_uci,concrete,laplace,12,0.9000000000000001,0.8640776699029126
e2_uci,concrete,laplace,12,0.9500000000000001,0.912621359223301
e2_uci,concrete,laplace,13,0.05,0.038834951456310676
e2_uci,concrete,laplace,13,0.1,0.07766990291262135
e2_uci,concrete,laplace,13,0.15000000000000002,0.10679611650485436
e2_uci,concrete,laplace,13,0.2,0.13592233009708737
e2_uci,concrete,laplace,13,0.25,0.1650485436893204
e2_uci,concrete,laplace,13,0.3,0.24271844660194175
e2_uci,concrete,laplace,13,0.35000000000000003,0.2912621359223301
e2_uci,concrete,laplace,13,0.4,0.34951456310679613
e2_uci,concrete,laplace,13,0.45,0.36893203883495146
e2_uci,concrete,laplace,13,0.5,0.4368932038834951
e2_uci,concrete,laplace,13,0.55,0.5242718446601942
e2_uci,concrete,laplace,13,0.6000000000000001,0.5922330097087378
e2_uci,concrete,laplace,13,0.6500000000000001,0.6407766990291263
e2_uci,concrete,laplace,13,0.7000000000000001,0.6893203883495146
e2_uci,concrete,laplace,13,0.7500000000000001,0.7378640776699029
e2_uci,concrete,laplace,13,0.8,0.7864077669902912
e2_uci,concrete,laplace,13,0.8500000000000001,0.8155339805825242
e2_uci,concrete,laplace,13,0.9000000000000001,0.8446601941747572
e2_uci,concrete,laplace,13,0.9500000000000001,0.9029126213592233
e2_uci,concrete,laplace,14,0.05,0.04854368932038835
e2_uci,concrete,laplace,14,0.1,0.10679611650485436
e2_uci,concrete,laplace,14,0.15000000000000002,0.13592233009708737
e2_uci,concrete,laplace,14,0.2,0.18446601941747573
e2_uci,concrete,laplace,14,0.25,0.2524271844660194
e2_uci,concrete,laplace,14,0.3,0.30097087378640774
e2_uci,concrete,laplace,14,0.35000000000000003,0.34951456310679613
e2_uci,concrete,laplace,14,0.4,0.4077669902912621
e2_uci,concrete,laplace,14,0.45,0.46601941747572817
e2_uci,concrete,laplace,14,0.5,0.5048543689320388
e2_uci,concrete,laplace,14,0.55,0.5631067961165048
e2_uci,concrete,laplace,14,0.6000000000000001,0.5825242718446602
e2_uci,concrete,laplace,14,0.6500000000000001,0.6310679611650486
e2_uci,concrete,laplace,14,0.7000000000000001,0.6893203883495146
e2_uci,concrete,laplace,14,0.7500000000000001,0.7378640776699029
e2_uci,concrete,laplace,14,0.8,0.8155339805825242
e2_uci,concrete,laplace,14,0.8500000000000001,0.8640776699029126
e2_uci,concrete,laplace,14,0.9000000000000001,0.9029126213592233
e2_uci,concrete,laplace,14,0.9500000000000001,0.9223300970873787
e2_uci,concrete,laplace,15,0.05,0.1262135922330097
e2_uci,concrete,laplace,15,0.1,0.18446601941747573
e2_uci,concrete,laplace,15,0.15000000000000002,0.24271844660194175
e2_uci,concrete,laplace,15,0.2,0.3106796116504854
e2_uci,concrete,laplace,15,0.25,0.3300970873786408
e2_uci,concrete,laplace,15,0.3,0.36893203883495146
e2_uci,concrete,laplace,15,0.35000000000000003,0.42718446601941745
e2_uci,concrete,laplace,15,0.4,0.4854368932038835
e2_uci,concrete,laplace,15,0.45,0.49514563106796117
e2_uci,concrete,laplace,15,0.5,0.5339805825242718
e2_uci,concrete,laplace,15,0.55,0.5922330097087378
e2_uci,concrete,laplace,15,0.6000000000000001,0.6504854368932039
e2_uci,concrete,laplace,15,0.6500000000000001,0.7184466019417476
e2_uci,concrete,laplace,15,0.7000000000000001,0.7572815533980582
e2_uci,concrete,laplace,15,0.7500000000000001,0.7961165048543689
e2_uci,concrete,laplace,15,0.8,0.8155339805825242
e2_uci,concrete,laplace,15,0.8500000000000001,0.8446601941747572
e2_uci,concrete,laplace,15,0.9000000000000001,0.8737864077669902
e2_uci,concrete,laplace,15,0.9500000000000001,0.9029126213592233
e2_uci,concrete,laplace,16,0.05,0.07766990291262135
e2_uci,concrete,laplace,16,0.1,0.1262135922330097
e2_uci,concrete,laplace,16,0.15000000000000002,0.20388349514563106
e2_uci,concrete,laplace,16,0.2,0.22330097087378642
e2_uci,concrete,laplace,16,0.25,0.2524271844660194
e2_uci,concrete,laplace,16,0.3,0.30097087378640774
e2_uci,concrete,laplace,16,0.35000000000000003,0.32038834951456313
e2_uci,concrete,laplace,16,0.4,0.33980582524271846
e2_uci,concrete,laplace,16,0.45,0.3786407766990291
e2_uci,concrete,laplace,16,0.5,0.46601941747572817
e2_uci,concrete,laplace,16,0.55,0.5145631067961165
e2_uci,concrete,laplace,16,0.6000000000000001,0.5339805825242718
e2_uci,concrete,laplace,16,0.6500000000000001,0.5825242718446602
e2_uci,concrete,laplace,16,0.7000000000000001,0.6213592233009708
e2_uci,concrete,laplace,16,0.7500000000000001,0.6504854368932039
e2_uci,concrete,laplace,16,0.8,0.6990291262135923
e2_uci,concrete,laplace,16,0.8500000000000001,0.7572815533980582
e2_uci,concrete,laplace,16,0.9000000000000001,0.8058252427184466
e2_uci,concrete,laplace,16,0.9500000000000001,0.8932038834951457
e2_uci,concrete,laplace,17,0.05,0.06796116504854369
e2_uci,concrete,laplace,17,0.1,0.1553398058252427
e2_uci,concrete,laplace,17,0.15000000000000002,0.1941747572815534
e2_uci,concrete,laplace,17,0.2,0.22330097087378642
e2_uci,concrete,laplace,17,0.25,0.27184466019417475
e2_uci,concrete,laplace,17,0.3,0.3592233009708738
e2_uci,concrete,laplace,17,0.35000000000000003,0.42718446601941745
e2_uci,concrete,laplace,17,0.4,0.47572815533980584
e2_uci,concrete,laplace,17,0.45,0.5436893203883495
e2_uci,concrete,laplace,17,0.5,0.5825242718446602
e2_uci,concrete,laplace,17,0.55,0.6116504854368932
e2_uci,concrete,laplace,17,0.6000000000000001,0.6504854368932039
e2_uci,concrete,laplace,17,0.6500000000000001,0.6796116504854369
e2_uci,concrete,laplace,17,0.7000000000000001,0.7281553398058253
e2_uci,concrete,laplace,17,0.7500000000000001,0.7766990291262136
e2_uci,concrete,laplace,17,0.8,0.7961165048543689
e2_uci,concrete,laplace,17,0.8500000000000001,0.8446601941747572
e2_uci,concrete,laplace,17,0.9000000000000001,0.883495145631068
e2_uci,concrete,laplace,17,0.9500000000000001,0.941747572815534
e2_uci,concrete,laplace,18,0.05,0.06796116504854369
e2_uci,concrete,laplace,18,0.1,0.17475728155339806
e2_uci,concrete,laplace,18,0.15000000000000002,0.1941747572815534
e2_uci,concrete,laplace,18,0.2,0.22330097087378642
e2_uci,concrete,laplace,18,0.25,0.3106796116504854
e2_uci,concrete,laplace,18,0.3,0.33980582524271846
e2_uci,concrete,laplace,18,0.35000000000000003,0.4174757281553398
e2_uci,concrete,laplace,18,0.4,0.47572815533980584
e2_uci,concrete,laplace,18,0.45,0.5533980582524272
e2_uci,concrete,laplace,18,0.5,0.6213592233009708
e2_uci,concrete,laplace,18,0.55,0.6407766990291263
e2_uci,concrete,laplace,18,0.6000000000000001,0.6601941747572816
e2_uci,concrete,laplace,18,0.6500000000000001,0.6893203883495146
e2_uci,concrete,laplace,18,0.7000000000000001,0.7281553398058253
e2_uci,concrete,laplace,18,0.7500000000000001,0.7475728155339806
e2_uci,concrete,laplace,18,0.8,0.7961165048543689
e2_uci,concrete,laplace,18,0.8500000000000001,0.8349514563106796
e2_uci,concrete,laplace,18,0.9000000000000001,0.8737864077669902
e2_uci,concrete,laplace,18,0.9500000000000001,0.9029126213592233
e2_uci,concrete,laplace,19,0.05,0.1262135922330097
e2_uci,concrete,laplace,19,0.1,0.14563106796116504
e2_uci,concrete,laplace,19,0.15000000000000002,0.20388349514563106
e2_uci,concrete,laplace,19,0.2,0.24271844660194175
e2_uci,concrete,laplace,19,0.25,0.2912621359223301
e2_uci,concrete,laplace,19,0.3,0.3106796116504854
e2_uci,concrete,laplace,19,0.35000000000000003,0.36893203883495146
e2_uci,concrete,laplace,19,0.4,0.42718446601941745
e2_uci,concrete,laplace,19,0.45,0.49514563106796117
e2_uci,concrete,laplace,19,0.5,0.5533980582524272
e2_uci,concrete,laplace,19,0.55,0.6116504854368932
e2_uci,concrete,laplace,19,0.6000000000000001,0.6601941747572816
e2_uci,concrete,laplace,19,0.6500000000000001,0.7184466019417476
e2_uci,concrete,laplace,19,0.7000000000000001,0.7669902912621359
e2_uci,concrete,laplace,19,0.7500000000000001,0.7864077669902912
e2_uci,concrete,laplace,19,0.8,0.8252427184466019
e2_uci,concrete,laplace,19,0.8500000000000001,0.8737864077669902
e2_uci,concrete,laplace,19,0.9000000000000001,0.941747572815534
e2_uci,concrete,laplace,19,0.9500000000000001,0.941747572815534
e2_uci,wine_quality_red,laplace,0,0.05,0.0375
e2_uci,wine_quality_red,laplace,0,0.1,0.0625
e2_uci,wine_quality_red,laplace,0,0.15000000000000002,0.1125
e2_uci,wine_quality_red,laplace,0,0.2,0.1625
e2_uci,wine_quality_red,laplace,0,0.25,0.1875
e2_uci,wine_quality_red,laplace,0,0.3,0.26875
e2_uci,wine_quality_red,laplace,0,0.35000000000000003,0.3375
e2_uci,wine_quality_red,laplace,0,0.4,0.4125
e2_uci,wine_quality_red,laplace,0,0.45,0.475
e2_uci,wine_quality_red,laplace,0,0.5,0.51875
e2_uci,wine_quality_red,laplace,0,0.55,0.5375
e2_uci,wine_quality_red,laplace,0,0.6000000000000001,0.5875
e2_uci,wine_quality_red,laplace,0,0.6500000000000001,0.65625
e2_uci,wine_quality_red,laplace,0,0.7000000000000001,0.7
e2_uci,wine_quality_red,laplace,0,0.7500000000000001,0.71875
e2_uci,wine_quality_red,laplace,0,0.8,0.78125
e2_uci,wine_quality_red,laplace,0,0.8500000000000001,0.8125
e2_uci,wine_quality_red,laplace,0,0.9000000000000001,0.8875
e2_uci,wine_quality_red,laplace,0,0.9500000000000001,0.9625
e2_uci,wine_quality_red,laplace,1,0.05,0.0625
e2_uci,wine_quality_red,laplace,1,0.1,0.075
e2_uci,wine_quality_red,laplace,1,0.15000000000000002,0.1375
e2_uci,wine_quality_red,laplace,1,0.2,0.1625
e2_uci,wine_quality_red,laplace,1,0.25,0.25
e2_uci,wine_quality_red,laplace,1,0.3,0.325
e2_uci,wine_quality_red,laplace,1,0.35000000000000003,0.4
e2_uci,wine_quality_red,laplace,1,0.4,0.45
e2_uci,wine_quality_red,laplace,1,0.45,0.50625
e2_uci,wine_quality_red,laplace,1,0.5,0.55
e2_uci,wine_quality_red,laplace,1,0.55,0.575
e2_uci,wine_quality_red,laplace,1,0.6000000000000001,0.625
e2_uci,wine_quality_red,laplace,1,0.6500000000000001,0.66875
e2_uci,wine_quality_red,laplace,1,0.7000000000000001,0.74375
e2_uci,wine_quality_red,laplace,1,0.7500000000000001,0.775
e2_uci,wine_quality_red,laplace,1,0.8,0.79375
e2_uci,wine_quality_red,laplace,1,0.8500000000000001,0.88125
e2_uci,wine_quality_red,laplace,1,0.9000000000000001,0.91875
e2_uci,wine_quality_red,laplace,1,0.9500000000000001,0.975
e2_uci,wine_quality_red,laplace,2,0.05,0.0625
e2_uci,wine_quality_red,laplace,2,0.1,0.1
e2_uci,wine_quality_red,laplace,2,0.15000000000000002,0.18125
e2_uci,wine_quality_red,laplace,2,0.2,0.20625
e2_uci,wine_quality_red,laplace,2,0.25,0.25625
e2_uci,wine_quality_red,laplace,2,0.3,0.31875
e2_uci,wine_quality_red,laplace,2,0.35000000000000003,0.36875
e2_uci,wine_quality_red,laplace,2,0.4,0.41875
e2_uci,wine_quality_red,laplace,2,0.45,0.51875
e2_uci,wine_quality_red,laplace,2,0.5,0.59375
e2_uci,wine_quality_red,laplace,2,0.55,0.65
e2_uci,wine_quality_red,laplace,2,0.6000000000000001,0.68125
e2_uci,wine_quality_red,laplace,2,0.6500000000000001,0.70625
e2_uci,wine_quality_red,laplace,2,0.7000000000000001,0.75
e2_uci,wine_quality_red,laplace,2,0.7500000000000001,0.76875
e2_uci,wine_quality_red,laplace,2,0.8,0.80625
e2_uci,wine_quality_red,laplace,2,0.8500000000000001,0.83125
e2_uci,wine_quality_red,laplace,2,0.9000000000000001,0.8875
e2_uci,wine_quality_red,laplace,2,0.9500000000000001,0.9375
e2_uci,wine_quality_red,laplace,3,0.05,0.05
e2_uci,wine_quality_red,laplace,3,0.1,0.0875
e2_uci,wine_quality_red,laplace,3,0.15000000000000002,0.125
e2_uci,wine_quality_red,laplace,3,0.2,0.18125
e2_uci,wine_quality_red,laplace,3,0.25,0.23125
e2_uci,wine_quality_red,laplace,3,0.3,0.2625
e2_uci,wine_quality_red,laplace,3,0.35000000000000003,0.31875
e2_uci,wine_quality_red,laplace,3,0.4,0.425
e2_uci,wine_quality_red,laplace,3,0.45,0.49375
e2_uci,wine_quality_red,laplace,3,0.5,0.54375
e2_uci,wine_quality_red,laplace,3,0.55,0.60625
e2_uci,wine_quality_red,laplace,3,0.6000000000000001,0.64375
e2_uci,wine_quality_red,laplace,3,0.6500000000000001,0.6875
e2_uci,wine_quality_red,laplace,3,0.7000000000000001,0.7375
e2_uci,wine_quality_red,laplace,3,0.7500000000000001,0.7625
e2_uci,wine_quality_red,laplace,3,0.8,0.7875
e2_uci,wine_quality_red,laplace,3,0.8500000000000001,0.85
e2_uci,wine_quality_red,laplace,3,0.9000000000000001,0.90625
e2_uci,wine_quality_red,laplace,3,0.9500000000000001,0.9625
e2_uci,wine_quality_red,laplace,4,0.05,0.01875
e2_uci,wine_quality_red,laplace,4,0.1,0.05
e2_uci,wine_quality_red,laplace,4,0.15000000000000002,0.0875
e2_uci,wine_quality_red,laplace,4,0.2,0.10625
e2_uci,wine_quality_red,laplace,4,0.25,0.16875
e2_uci,wine_quality_red,laplace,4,0.3,0.2375
e2_uci,wine_quality_red,laplace,4,0.35000000000000003,0.3375
e2_uci,wine_quality_red,laplace,4,0.4,0.43125
e2_uci,wine_quality_red,laplace,4,0.45,0.49375
e2_uci,wine_quality_red,laplace,4,0.5,0.55625
e2_uci,wine_quality_red,laplace,4,0.55,0.59375
e2_uci,wine_quality_red,laplace,4,0.6000000000000001,0.65
e2_uci,wine_quality_red,laplace,4,0.6500000000000001,0.71875
e2_uci,wine_quality_red,laplace,4,0.7000000000000001,0.73125
e2_uci,wine_quality_red,laplace,4,0.7500000000000001,0.79375
e2_uci,wine_quality_red,laplace,4,0.8,0.81875
e2_uci,wine_quality_red,laplace,4,0.8500000000000001,0.8625
e2_uci,wine_quality_red,laplace,4,0.9000000000000001,0.91875
e2_uci,wine_quality_red,laplace,4,0.9500000000000001,0.94375
e2_uci,wine_quality_red,laplace,5,0.05,0.05
e2_uci,wine_quality_red,laplace,5,0.1,0.06875
e2_uci,wine_quality_red,laplace,5,0.15000000000000002,0.14375
e2_uci,wine_quality_red,laplace,5,0.2,0.1875
e2_uci,wine_quality_red,laplace,5,0.25,0.24375
e2_uci,wine_quality_red,laplace,5,0.3,0.3375
e2_uci,wine_quality_red,laplace,5,0.35000000000000003,0.425
e2_uci,wine_quality_red,laplace,5,0.4,0.46875
e2_uci,wine_quality_red,laplace,5,0.45,0.5125
e2_uci,wine_quality_red,laplace,5,0.5,0.56875
e2_uci,wine_quality_red,laplace,5,0.55,0.6125
e2_uci,wine_quality_red,laplace,5,0.6000000000000001,0.65
e2_uci,wine_quality_red,laplace,5,0.6500000000000001,0.68125
e2_uci,wine_quality_red,laplace,5,0.7000000000000001,0.71875
e2_uci,wine_quality_red,laplace,5,0.7500000000000001,0.76875
e2_uci,wine_quality_red,laplace,5,0.8,0.825
e2_uci,wine_quality_red,laplace,5,0.8500000000000001,0.875
e2_uci,wine_quality_red,laplace,5,0.9000000000000001,0.9125
e2_uci,wine_quality_red,laplace,5,0.9500000000000001,0.94375
e2_uci,wine_quality_red,laplace,6,0.05,0.06875
e2_uci,wine_quality_red,laplace,6,0.1,0.11875
e2_uci,wine_quality_red,laplace,6,0.15000000000000002,0.15
e2_uci,wine_quality_red,laplace,6,0.2,0.175
e2_uci,wine_quality_red,laplace,6,0.25,0.225
e2_uci,wine_quality_red,laplace,6,0.3,0.29375
e2_uci,wine_quality_red,laplace,6,0.35000000000000003,0.33125
e2_uci,wine_quality_red,laplace,6,0.4,0.35
e2_uci,wine_quality_red,laplace,6,0.45,0.40625
e2_uci,wine_quality_red,laplace,6,0.5,0.48125
e2_uci,wine_quality_red,laplace,6,0.55,0.53125
e2_uci,wine_quality_red,laplace,6,0.6000000000000001,0.575
e2_uci,wine_quality_red,laplace,6,0.6500000000000001,0.59375
e2_uci,wine_quality_red,laplace,6,0.7000000000000001,0.65625
e2_uci,wine_quality_red,laplace,6,0.7500000000000001,0.725
e2_uci,wine_quality_red,laplace,6,0.8,0.78125
e2_uci,wine_quality_red,laplace,6,0.8500000000000001,0.84375
e2_uci,wine_quality_red,laplace,6,0.9000000000000001,0.9125
e2_uci,wine_quality_red,laplace,6,0.9500000000000001,0.95625
e2_uci,wine_quality_red,laplace,7,0.05,0.05
e2_uci,wine_quality_red,laplace,7,0.1,0.10625
e2_uci,wine_quality_red,laplace,7,0.15000000000000002,0.14375
e2_uci,wine_quality_red,laplace,7,0.2,0.1875
e2_uci,wine_quality_red,laplace,7,0.25,0.275
e2_uci,wine_quality_red,laplace,7,0.3,0.325
e2_uci,wine_quality_red,laplace,7,0.35000000000000003,0.375
e2_uci,wine_quality_red,laplace,7,0.4,0.4125
e2_uci,wine_quality_red,laplace,7,0.45,0.49375
e2_uci,wine_quality_red,laplace,7,0.5,0.55
e2_uci,wine_quality_red,laplace,7,0.55,0.625
e2_uci,wine_quality_red,laplace,7,0.6000000000000001,0.69375
e2_uci,wine_quality_red,laplace,7,0.6500000000000001,0.74375
e2_uci,wine_quality_red,laplace,7,0.7000000000000001,0.78125
e2_uci,wine_quality_red,laplace,7,0.7500000000000001,0.8125
e2_uci,wine_quality_red,laplace,7,0.8,0.8375
e2_uci,wine_quality_red,laplace,7,0.8500000000000001,0.8625
e2_uci,wine_quality_red,laplace,7,0.9000000000000001,0.9
e2_uci,wine_quality_red,laplace,7,0.9500000000000001,0.95625
e2_uci,wine_quality_red,laplace,8,0.05,0.025
e2_uci,wine_quality_red,laplace,8,0.1,0.05
e2_uci,wine_quality_red,laplace,8,0.15000000000000002,0.075
e2_uci,wine_quality_red,laplace,8,0.2,0.09375
e2_uci,wine_quality_red,laplace,8,0.25,0.13125
e2_uci,wine_quality_red,laplace,8,0.3,0.175
e2_uci,wine_quality_red,laplace,8,0.35000000000000003,0.25625
e2_uci,wine_quality_red,laplace,8,0.4,0.30625
e2_uci,wine_quality_red,laplace,8,0.45,0.3625
e2_uci,wine_quality_red,laplace,8,0.5,0.40625
e2_uci,wine_quality_red,laplace,8,0.55,0.475
e2_uci,wine_quality_red,laplace,8,0.6000000000000001,0.55625
e2_uci,wine_quality_red,laplace,8,0.6500000000000001,0.61875
e2_uci,wine_quality_red,laplace,8,0.7000000000000001,0.675
e2_uci,wine_quality_red,laplace,8,0.7500000000000001,0.7375
e2_uci,wine_quality_red,laplace,8,0.8,0.775
e2_uci,wine_quality_red,laplace,8,0.8500000000000001,0.81875
e2_uci,wine_quality_red,laplace,8,0.9000000000000001,0.8875
e2_uci,wine_quality_red,laplace,8,0.9500000000000001,0.9625
e2_uci,wine_quality_red,laplace,9,0.05,0.04375
e2_uci,wine_quality_red,laplace,9,0.1,0.09375
e2_uci,wine_quality_red,laplace,9,0.15000000000000002,0.125
e2_uci,wine_quality_red,laplace,9,0.2,0.15
e2_uci,wine_quality_red,laplace,9,0.25,0.24375
e2_uci,wine_quality_red,laplace,9,0.3,0.25625
e2_uci,wine_quality_red,laplace,9,0.35000000000000003,0.3125
e2_uci,wine_quality_red,laplace,9,0.4,0.39375
e2_uci,wine_quality_red,laplace,9,0.45,0.46875
e2_uci,wine_quality_red,laplace,9,0.5,0.55625
e2_uci,wine_quality_red,laplace,9,0.55,0.58125
e2_uci,wine_quality_red,laplace,9,0.6000000000000001,0.63125
e2_uci,wine_quality_red,laplace,9,0.6500000000000001,0.675
e2_uci,wine_quality_red,laplace,9,0.7000000000000001,0.75
e2_uci,wine_quality_red,laplace,9,0.7500000000000001,0.78125
e2_uci,wine_quality_red,laplace,9,0.8,0.81875
e2_uci,wine_quality_red,laplace,9,0.8500000000000001,0.8625
e2_uci,wine_quality_red,laplace,9,0.9000000000000001,0.88125
e2_uci,wine_quality_red,laplace,9,0.9500000000000001,0.94375
e2_uci,wine_quality_red,laplace,10,0.05,0.04375
e2_uci,wine_quality_red,laplace,10,0.1,0.08125
e2_uci,wine_quality_red,laplace,10,0.15000000000000002,0.10625
e2_uci,wine_quality_red,laplace,10,0.2,0.15
e2_uci,wine_quality_red,laplace,10,0.25,0.23125
e2_uci,wine_quality_red,laplace,10,0.3,0.29375
e2_uci,wine_quality_red,laplace,10,0.35000000000000003,0.3375
e2_uci,wine_quality_red,laplace,10,0.4,0.425
e2_uci,wine_quality_red,laplace,10,0.45,0.4875
e2_uci,wine_quality_red,laplace,10,0.5,0.51875
e2_uci,wine_quality_red,laplace,10,0.55,0.5625
e2_uci,wine_quality_red,laplace,10,0.6000000000000001,0.6125
e2_uci,wine_quality_red,laplace,10,0.6500000000000001,0.66875
e2_uci,wine_quality_red,laplace,10,0.7000000000000001,0.7
e2_uci,wine_quality_red,laplace,10,0.7500000000000001,0.75
e2_uci,wine_quality_red,laplace,10,0.8,0.775
e2_uci,wine_quality_red,laplace,10,0.8500000000000001,0.83125
e2_uci,wine_quality_red,laplace,10,0.9000000000000001,0.86875
e2_uci,wine_quality_red,laplace,10,0.9500000000000001,0.95625
e2_uci,wine_quality_red,laplace,11,0.05,0.0625
e2_uci,wine_quality_red,laplace,11,0.1,0.09375
e2_uci,wine_quality_red,laplace,11,0.15000000000000002,0.1375
e2_uci,wine_quality_red,laplace,11,0.2,0.16875
e2_uci,wine_quality_red,laplace,11,0.25,0.21875
e2_uci,wine_quality_red,laplace,11,0.3,0.25
e2_uci,wine_quality_red,laplace,11,0.35000000000000003,0.28125
e2_uci,wine_quality_red,laplace,11,0.4,0.35
e2_uci,wine_quality_red,laplace,11,0.45,0.39375
e2_uci,wine_quality_red,laplace,11,0.5,0.4625
e2_uci,wine_quality_red,laplace,11,0.55,0.5
e2_uci,wine_quality_red,laplace,11,0.6000000000000001,0.56875
e2_uci,wine_quality_red,laplace,11,0.6500000000000001,0.60625
e2_uci,wine_quality_red,laplace,11,0.7000000000000001,0.6625
e2_uci,wine_quality_red,laplace,11,0.7500000000000001,0.7125
e2_uci,wine_quality_red,laplace,11,0.8,0.76875
e2_uci,wine_quality_red,laplace,11,0.8500000000000001,0.81875
e2_uci,wine_quality_red,laplace,11,0.9000000000000001,0.8875
e2_uci,wine_quality_red,laplace,11,0.9500000000000001,0.96875
e2_uci,wine_quality_red,laplace,12,0.05,0.0875
e2_uci,wine_quality_red,laplace,12,0.1,0.1125
e2_uci,wine_quality_red,laplace,12,0.15000000000000002,0.175
e2_uci,wine_quality_red,laplace,12,0.2,0.2125
e2_uci,wine_quality_red,laplace,12,0.25,0.25625
e2_uci,wine_quality_red,laplace,12,0.3,0.3375
e2_uci,wine_quality_red,laplace,12,0.35000000000000003,0.44375
e2_uci,wine_quality_red,laplace,12,0.4,0.5125
e2_uci,wine_quality_red,laplace,12,0.45,0.5625
e2_uci,wine_quality_red,laplace,12,0.5,0.60625
e2_uci,wine_quality_red,laplace,12,0.55,0.6625
e2_uci,wine_quality_red,laplace,12,0.6000000000000001,0.71875
e2_uci,wine_quality_red,laplace,12,0.6500000000000001,0.7625
e2_uci,wine_quality_red,laplace,12,0.7000000000000001,0.8
e2_uci,wine_quality_red,laplace,12,0.7500000000000001,0.8125
e2_uci,wine_quality_red,laplace,12,0.8,0.85625
e2_uci,wine_quality_red,laplace,12,0.8500000000000001,0.9125
e2_uci,wine_quality_red,laplace,12,0.9000000000000001,0.95
e2_uci,wine_quality_red,laplace,12,0.9500000000000001,0.98125
e2_uci,wine_quality_red,laplace,13,0.05,0.05625
e2_uci,wine_quality_red,laplace,13,0.1,0.075
e2_uci,wine_quality_red,laplace,13,0.15000000000000002,0.1125
e2_uci,wine_quality_red,laplace,13,0.2,0.1625
e2_uci,wine_quality_red,laplace,13,0.25,0.225
e2_uci,wine_quality_red,laplace,13,0.3,0.28125
e2_uci,wine_quality_red,laplace,13,0.35000000000000003,0.4
e2_uci,wine_quality_red,laplace,13,0.4,0.425
e2_uci,wine_quality_red,laplace,13,0.45,0.4875
e2_uci,wine_quality_red,laplace,13,0.5,0.5625
e2_uci,wine_quality_red,laplace,13,0.55,0.6
e2_uci,wine_quality_red,laplace,13,0.6000000000000001,0.65
e2_uci,wine_quality_red,laplace,13,0.6500000000000001,0.70625
e2_uci,wine_quality_red,laplace,13,0.7000000000000001,0.7375
e2_uci,wine_quality_red,laplace,13,0.7500000000000001,0.79375
e2_uci,wine_quality_red,laplace,13,0.8,0.8375
e2_uci,wine_quality_red,laplace,13,0.8500000000000001,0.8875
e2_uci,wine_quality_red,laplace,13,0.9000000000000001,0.925
e2_uci,wine_quality_red,laplace,13,0.9500000000000001,0.96875
e2_uci,wine_quality_red,laplace,14,0.05,0.025
e2_uci,wine_quality_red,laplace,14,0.1,0.0625
e2_uci,wine_quality_red,laplace,14,0.15000000000000002,0.125
e2_uci,wine_quality_red,laplace,14,0.2,0.18125
e2_uci,wine_quality_red,laplace,14,0.25,0.26875
e2_uci,wine_quality_red,laplace,14,0.3,0.325
e2_uci,wine_quality_red,laplace,14,0.35000000000000003,0.41875
e2_uci,wine_quality_red,laplace,14,0.4,0.5125
e2_uci,wine_quality_red,laplace,14,0.45,0.58125
e2_uci,wine_quality_red,laplace,14,0.5,0.6375
e2_uci,wine_quality_red,laplace,14,0.55,0.675
e2_uci,wine_quality_red,laplace,14,0.6000000000000001,0.7
e2_uci,wine_quality_red,laplace,14,0.6500000000000001,0.7375
e2_uci,wine_quality_red,laplace,14,0.7000000000000001,0.7875
e2_uci,wine_quality_red,laplace,14,0.7500000000000001,0.81875
e2_uci,wine_quality_red,laplace,14,0.8,0.8625
e2_uci,wine_quality_red,laplace,14,0.8500000000000001,0.8875
e2_uci,wine_quality_red,laplace,14,0.9000000000000001,0.90625
e2_uci,wine_quality_red,laplace,14,0.9500000000000001,0.9625
e2_uci,wine_quality_red,laplace,15,0.05,0.01875
e2_uci,wine_quality_red,laplace,15,0.1,0.05
e2_uci,wine_quality_red,laplace,15,0.15000000000000002,0.0875
e2_uci,wine_quality_red,laplace,15,0.2,0.125
e2_uci,wine_quality_red,laplace,15,0.25,0.1625
e2_uci,wine_quality_red,laplace,15,0.3,0.225
e2_uci,wine_quality_red,laplace,15,0.35000000000000003,0.275
e2_uci,wine_quality_red,laplace,15,0.4,0.3625
e2_uci,wine_quality_red,laplace,15,0.45,0.4625
e2_uci,wine_quality_red,laplace,15,0.5,0.53125
e2_uci,wine_quality_red,laplace,15,0.55,0.55625
e2_uci,wine_quality_red,laplace,15,0.6000000000000001,0.6
e2_uci,wine_quality_red,laplace,15,0.6500000000000001,0.61875
e2_uci,wine_quality_red,laplace,15,0.7000000000000001,0.675
e2_uci,wine_quality_red,laplace,15,0.7500000000000001,0.71875
e2_uci,wine_quality_red,laplace,15,0.8,0.8
e2_uci,wine_quality_red,laplace,15,0.8500000000000001,0.8625
e2_uci,wine_quality_red,laplace,15,0.9000000000000001,0.91875
e2_uci,wine_quality_red,laplace,15,0.9500000000000001,0.95625
e2_uci,wine_quality_red,laplace,16,0.05,0.03125
e2_uci,wine_quality_red,laplace,16,0.1,0.05625
e2_uci,wine_quality_red,laplace,16,0.15000000000000002,0.1
e2_uci,wine_quality_red,laplace,16,0.2,0.1625
e2_uci,wine_quality_red,laplace,16,0.25,0.18125
e2_uci,wine_quality_red,laplace,16,0.3,0.2375
e2_uci,wine_quality_red,laplace,16,0.35000000000000003,0.3125
e2_uci,wine_quality_red,laplace,16,0.4,0.36875
e2_uci,wine_quality_red,laplace,16,0.45,0.46875
e2_uci,wine_quality_red,laplace,16,0.5,0.5125
e2_uci,wine_quality_red,laplace,16,0.55,0.55625
e2_uci,wine_quality_red,laplace,16,0.6000000000000001,0.59375
e2_uci,wine_quality_red,laplace,16,0.6500000000000001,0.6375
e2_uci,wine_quality_red,laplace,16,0.7000000000000001,0.69375
e2_uci,wine_quality_red,laplace,16,0.7500000000000001,0.76875
e2_uci,wine_quality_red,laplace,16,0.8,0.8
e2_uci,wine_quality_red,laplace,16,0.8500000000000001,0.85625
e2_uci,wine_quality_red,laplace,16,0.9000000000000001,0.90625
e2_uci,wine_quality_red,laplace,16,0.9500000000000001,0.9625
e2_uci,wine_quality_red,laplace,17,0.05,0.0375
e2_uci,wine_quality_red,laplace,17,0.1,0.06875
e2_uci,wine_quality_red,laplace,17,0.15000000000000002,0.0875
e2_uci,wine_quality_red,laplace,17,0.2,0.18125
e2_uci,wine_quality_red,laplace,17,0.25,0.2
e2_uci,wine_quality_red,laplace,17,0.3,0.25
e2_uci,wine_quality_red,laplace,17,0.35000000000000003,0.325
e2_uci,wine_quality_red,laplace,17,0.4,0.39375
e2_uci,wine_quality_red,laplace,17,0.45,0.4625
e2_uci,wine_quality_red,laplace,17,0.5,0.51875
e2_uci,wine_quality_red,laplace,17,0.55,0.5625
e2_uci,wine_quality_red,laplace,17,0.6000000000000001,0.59375
e2_uci,wine_quality_red,laplace,17,0.6500000000000001,0.63125
e2_uci,wine_quality_red,laplace,17,0.7000000000000001,0.6875
e2_uci,wine_quality_red,laplace,17,0.7500000000000001,0.74375
e2_uci,wine_quality_red,laplace,17,0.8,0.79375
e2_uci,wine_quality_red,laplace,17,0.8500000000000001,0.8375
e2_uci,wine_quality_red,laplace,17,0.9000000000000001,0.9
e2_uci,wine_quality_red,laplace,17,0.9500000000000001,0.94375
e2_uci,wine_quality_red,laplace,18,0.05,0.0375
e2_uci,wine_quality_red,laplace,18,0.1,0.0625
e2_uci,wine_quality_red,laplace,18,0.15000000000000002,0.075
e2_uci,wine_quality_red,laplace,18,0.2,0.11875
e2_uci,wine_quality_red,laplace,18,0.25,0.1875
e2_uci,wine_quality_red,laplace,18,0.3,0.24375
e2_uci,wine_quality_red,laplace,18,0.35000000000000003,0.3375
e2_uci,wine_quality_red,laplace,18,0.4,0.375
e2_uci,wine_quality_red,laplace,18,0.45,0.40625
e2_uci,wine_quality_red,laplace,18,0.5,0.49375
e2_uci,wine_quality_red,laplace,18,0.55,0.5375
e2_uci,wine_quality_red,laplace,18,0.6000000000000001,0.5875
e2_uci,wine_quality_red,laplace,18,0.6500000000000001,0.65
e2_uci,wine_quality_red,laplace,18,0.7000000000000001,0.6875
e2_uci,wine_quality_red,laplace,18,0.7500000000000001,0.71875
e2_uci,wine_quality_red,laplace,18,0.8,0.775
e2_uci,wine_quality_red,laplace,18,0.8500000000000001,0.80625
e2_uci,wine_quality_red,laplace,18,0.9000000000000001,0.86875
e2_uci,wine_quality_red,laplace,18,0.9500000000000001,0.93125
e2_uci,wine_quality_red,laplace,19,0.05,0.04375
e2_uci,wine_quality_red,laplace,19,0.1,0.1
e2_uci,wine_quality_red,laplace,19,0.15000000000000002,0.13125
e2_uci,wine_quality_red,laplace,19,0.2,0.16875
e2_uci,wine_quality_red,laplace,19,0.25,0.2125
e2_uci,wine_quality_red,laplace,19,0.3,0.2625
e2_uci,wine_quality_red,laplace,19,0.35000000000000003,0.33125
e2_uci,wine_quality_red,laplace,19,0.4,0.40625
e2_uci,wine_quality_red,laplace,19,0.45,0.44375
e2_uci,wine_quality_red,laplace,19,0.5,0.475
e2_uci,wine_quality_red,laplace,19,0.55,0.5625
e2_uci,wine_quality_red,laplace,19,0.6000000000000001,0.625
e2_uci,wine_quality_red,laplace,19,0.6500000000000001,0.66875
e2_uci,wine_quality_red,laplace,19,0.7000000000000001,0.725
e2_uci,wine_quality_red,laplace,19,0.7500000000000001,0.75625
e2_uci,wine_quality_red,laplace,19,0.8,0.83125
e2_uci,wine_quality_red,laplace,19,0.8500000000000001,0.875
e2_uci,wine_quality_red,laplace,19,0.9000000000000001,0.9125
e2_uci,wine_quality_red,laplace,19,0.9500000000000001,0.95625
e2_uci,kin8nm,laplace,0,0.05,0.08547008547008547
e2_uci,kin8nm,laplace,0,0.1,0.1452991452991453
e2_uci,kin8nm,laplace,0,0.15000000000000002,0.2026862026862027
e2_uci,kin8nm,laplace,0,0.2,0.2503052503052503
e2_uci,kin8nm,laplace,0,0.25,0.32112332112332115
e2_uci,kin8nm,laplace,0,0.3,0.3663003663003663
e2_uci,kin8nm,laplace,0,0.35000000000000003,0.43833943833943834
e2_uci,kin8nm,laplace,0,0.4,0.4884004884004884
e2_uci,kin8nm,laplace,0,0.45,0.5384615384615384
e2_uci,kin8nm,laplace,0,0.5,0.590964590964591
e2_uci,kin8nm,laplace,0,0.55,0.6336996336996337
e2_uci,kin8nm,laplace,0,0.6000000000000001,0.6886446886446886
e2_uci,kin8nm,laplace,0,0.6500000000000001,0.7350427350427351
e2_uci,kin8nm,laplace,0,0.7000000000000001,0.7728937728937729
e2_uci,kin8nm,laplace,0,0.7500000000000001,0.8253968253968254
e2_uci,kin8nm,laplace,0,0.8,0.8778998778998779
e2_uci,kin8nm,laplace,0,0.8500000000000001,0.9108669108669109
e2_uci,kin8nm,laplace,0,0.9000000000000001,0.938949938949939
e2_uci,kin8nm,laplace,0,0.9500000000000001,0.9621489621489622
e2_uci,kin8nm,laplace,1,0.05,0.04884004884004884
e2_uci,kin8nm,laplace,1,0.1,0.08913308913308914
e2_uci,kin8nm,laplace,1,0.15000000000000002,0.13064713064713065
e2_uci,kin8nm,laplace,1,0.2,0.1746031746031746
e2_uci,kin8nm,laplace,1,0.25,0.2258852258852259
e2_uci,kin8nm,laplace,1,0.3,0.2661782661782662
e2_uci,kin8nm,laplace,1,0.35000000000000003,0.3125763125763126
e2_uci,kin8nm,laplace,1,0.4,0.36507936507936506
e2_uci,kin8nm,laplace,1,0.45,0.42002442002442003
e2_uci,kin8nm,laplace,1,0.5,0.47985347985347987
e2_uci,kin8nm,laplace,1,0.55,0.5335775335775336
e2_uci,kin8nm,laplace,1,0.6000000000000001,0.590964590964591
e2_uci,kin8nm,laplace,1,0.6500000000000001,0.6349206349206349
e2_uci,kin8nm,laplace,1,0.7000000000000001,0.6874236874236874
e2_uci,kin8nm,laplace,1,0.7500000000000001,0.73992673992674
e2_uci,kin8nm,laplace,1,0.8,0.7924297924297924
e2_uci,kin8nm,laplace,1,0.8500000000000001,0.8424908424908425
e2_uci,kin8nm,laplace,1,0.9000000000000001,0.8925518925518926
e2_uci,kin8nm,laplace,1,0.9500000000000001,0.9426129426129426
e2_uci,kin8nm,laplace,2,0.05,0.042735042735042736
e2_uci,kin8nm,laplace,2,0.1,0.07326007326007326
e2_uci,kin8nm,laplace,2,0.15000000000000002,0.10378510378510379
e2_uci,kin8nm,laplace,2,0.2,0.13553113553113552
e2_uci,kin8nm,laplace,2,0.25,0.18803418803418803
e2_uci,kin8nm,laplace,2,0.3,0.23931623931623933
e2_uci,kin8nm,laplace,2,0.35000000000000003,0.2869352869352869
e2_uci,kin8nm,laplace,2,0.4,0.326007326007326
e2_uci,kin8nm,laplace,2,0.45,0.3797313797313797
e2_uci,kin8nm,laplace,2,0.5,0.44932844932844934
e2_uci,kin8nm,laplace,2,0.55,0.5103785103785103
e2_uci,kin8nm,laplace,2,0.6000000000000001,0.5628815628815629
e2_uci,kin8nm,laplace,2,0.6500000000000001,0.6178266178266179
e2_uci,kin8nm,laplace,2,0.7000000000000001,0.6776556776556777
e2_uci,kin8nm,laplace,2,0.7500000000000001,0.7203907203907204
e2_uci,kin8nm,laplace,2,0.8,0.7533577533577533
e2_uci,kin8nm,laplace,2,0.8500000000000001,0.8156288156288156
e2_uci,kin8nm,laplace,2,0.9000000000000001,0.8644688644688645
e2_uci,kin8nm,laplace,2,0.9500000000000001,0.9242979242979243
e2_uci,kin8nm,laplace,3,0.05,0.07326007326007326
e2_uci,kin8nm,laplace,3,0.1,0.1282051282051282
e2_uci,kin8nm,laplace,3,0.15000000000000002,0.18681318681318682
e2_uci,kin8nm,laplace,3,0.2,0.2564102564102564
e2_uci,kin8nm,laplace,3,0.25,0.31135531135531136
e2_uci,kin8nm,laplace,3,0.3,0.37362637362637363
e2_uci,kin8nm,laplace,3,0.35000000000000003,0.4126984126984127
e2_uci,kin8nm,laplace,3,0.4,0.46886446886446886
e2_uci,kin8nm,laplace,3,0.45,0.5201465201465202
e2_uci,kin8nm,laplace,3,0.5,0.5641025641025641
e2_uci,kin8nm,laplace,3,0.55,0.6019536019536019
e2_uci,kin8nm,laplace,3,0.6000000000000001,0.6568986568986569
e2_uci,kin8nm,laplace,3,0.6500000000000001,0.7155067155067155
e2_uci,kin8nm,laplace,3,0.7000000000000001,0.7667887667887668
e2_uci,kin8nm,laplace,3,0.7500000000000001,0.8046398046398047
e2_uci,kin8nm,laplace,3,0.8,0.8461538461538461
e2_uci,kin8nm,laplace,3,0.8500000000000001,0.8791208791208791
e2_uci,kin8nm,laplace,3,0.9000000000000001,0.9181929181929182
e2_uci,kin8nm,laplace,3,0.9500000000000001,0.9645909645909646
e2_uci,kin8nm,laplace,4,0.05,0.03540903540903541
e2_uci,kin8nm,laplace,4,0.1,0.07081807081807082
e2_uci,kin8nm,laplace,4,0.15000000000000002,0.10378510378510379
e2_uci,kin8nm,laplace,4,0.2,0.1391941391941392
e2_uci,kin8nm,laplace,4,0.25,0.17094017094017094
e2_uci,kin8nm,laplace,4,0.3,0.20634920634920634
e2_uci,kin8nm,laplace,4,0.35000000000000003,0.2490842490842491
e2_uci,kin8nm,laplace,4,0.4,0.3064713064713065
e2_uci,kin8nm,laplace,4,0.45,0.3418803418803419
e2_uci,kin8nm,laplace,4,0.5,0.39194139194139194
e2_uci,kin8nm,laplace,4,0.55,0.4468864468864469
e2_uci,kin8nm,laplace,4,0.6000000000000001,0.4945054945054945
e2_uci,kin8nm,laplace,4,0.6500000000000001,0.5604395604395604
e2_uci,kin8nm,laplace,4,0.7000000000000001,0.6288156288156288
e2_uci,kin8nm,laplace,4,0.7500000000000001,0.6935286935286935
e2_uci,kin8nm,laplace,4,0.8,0.7545787545787546
e2_uci,kin8nm,laplace,4,0.8500000000000001,0.8168498168498168
e2_uci,kin8nm,laplace,4,0.9000000000000001,0.8693528693528694
e2_uci,kin8nm,laplace,4,0.9500000000000001,0.9340659340659341
e2_uci,kin8nm,laplace,5,0.05,0.07203907203907203
e2_uci,kin8nm,laplace,5,0.1,0.12576312576312576
e2_uci,kin8nm,laplace,5,0.15000000000000002,0.18803418803418803
e2_uci,kin8nm,laplace,5,0.2,0.25396825396825395
e2_uci,kin8nm,laplace,5,0.25,0.31868131868131866
e2_uci,kin8nm,laplace,5,0.3,0.3785103785103785
e2_uci,kin8nm,laplace,5,0.35000000000000003,0.4236874236874237
e2_uci,kin8nm,laplace,5,0.4,0.4822954822954823
e2_uci,kin8nm,laplace,5,0.45,0.5323565323565324
e2_uci,kin8nm,laplace,5,0.5,0.5738705738705738
e2_uci,kin8nm,laplace,5,0.55,0.6214896214896215
e2_uci,kin8nm,laplace,5,0.6000000000000001,0.663003663003663
e2_uci,kin8nm,laplace,5,0.6500000000000001,0.7191697191697192
e2_uci,kin8nm,laplace,5,0.7000000000000001,0.7680097680097681
e2_uci,kin8nm,laplace,5,0.7500000000000001,0.811965811965812
e2_uci,kin8nm,laplace,5,0.8,0.8595848595848596
e2_uci,kin8nm,laplace,5,0.8500000000000001,0.9010989010989011
e2_uci,kin8nm,laplace,5,0.9000000000000001,0.9291819291819292
e2_uci,kin8nm,laplace,5,0.9500000000000001,0.960927960927961
e2_uci,kin8nm,laplace,6,0.05,0.054945054945054944
e2_uci,kin8nm,laplace,6,0.1,0.10378510378510379
e2_uci,kin8nm,laplace,6,0.15000000000000002,0.15384615384615385
e2_uci,kin8nm,laplace,6,0.2,0.2039072039072039
e2_uci,kin8nm,laplace,6,0.25,0.2588522588522589
e2_uci,kin8nm,laplace,6,0.3,0.3089133089133089
e2_uci,kin8nm,laplace,6,0.35000000000000003,0.3785103785103785
e2_uci,kin8nm,laplace,6,0.4,0.442002442002442
e2_uci,kin8nm,laplace,6,0.45,0.49572649572649574
e2_uci,kin8nm,laplace,6,0.5,0.5482295482295483
e2_uci,kin8nm,laplace,6,0.55,0.6007326007326007
e2_uci,kin8nm,laplace,6,0.6000000000000001,0.6398046398046398
e2_uci,kin8nm,laplace,6,0.6500000000000001,0.6874236874236874
e2_uci,kin8nm,laplace,6,0.7000000000000001,0.7484737484737485
e2_uci,kin8nm,laplace,6,0.7500000000000001,0.7838827838827839
e2_uci,kin8nm,laplace,6,0.8,0.8388278388278388
e2_uci,kin8nm,laplace,6,0.8500000000000001,0.8791208791208791
e2_uci,kin8nm,laplace,6,0.9000000000000001,0.9084249084249084
e2_uci,kin8nm,laplace,6,0.9500000000000001,0.9438339438339438
e2_uci,kin8nm,laplace,7,0.05,0.047619047619047616
e2_uci,kin8nm,laplace,7,0.1,0.08669108669108669
e2_uci,kin8nm,laplace,7,0.15000000000000002,0.12576312576312576
e2_uci,kin8nm,laplace,7,0.2,0.1746031746031746
e2_uci,kin8nm,laplace,7,0.25,0.21733821733821734
e2_uci,kin8nm,laplace,7,0.3,0.27106227106227104
e2_uci,kin8nm,laplace,7,0.35000000000000003,0.31868131868131866
e2_uci,kin8nm,laplace,7,0.4,0.35653235653235654
e2_uci,kin8nm,laplace,7,0.45,0.409035409035409
e2_uci,kin8nm,laplace,7,0.5,0.44932844932844934
e2_uci,kin8nm,laplace,7,0.55,0.5042735042735043
e2_uci,kin8nm,laplace,7,0.6000000000000001,0.5531135531135531
e2_uci,kin8nm,laplace,7,0.6500000000000001,0.6092796092796092
e2_uci,kin8nm,laplace,7,0.7000000000000001,0.6654456654456654
e2_uci,kin8nm,laplace,7,0.7500000000000001,0.7277167277167277
e2_uci,kin8nm,laplace,7,0.8,0.7814407814407814
e2_uci,kin8nm,laplace,7,0.8500000000000001,0.8388278388278388
e2_uci,kin8nm,laplace,7,0.9000000000000001,0.8876678876678876
e2_uci,kin8nm,laplace,7,0.9500000000000001,0.9499389499389499
e2_uci,kin8nm,laplace,8,0.05,0.06105006105006105
e2_uci,kin8nm,laplace,8,0.1,0.10744810744810745
e2_uci,kin8nm,laplace,8,0.15000000000000002,0.1514041514041514
e2_uci,kin8nm,laplace,8,0.2,0.1978021978021978
e2_uci,kin8nm,laplace,8,0.25,0.2564102564102564
e2_uci,kin8nm,laplace,8,0.3,0.3125763125763126
e2_uci,kin8nm,laplace,8,0.35000000000000003,0.35653235653235654
e2_uci,kin8nm,laplace,8,0.4,0.3992673992673993
e2_uci,kin8nm,laplace,8,0.45,0.45787545787545786
e2_uci,kin8nm,laplace,8,0.5,0.5054945054945055
e2_uci,kin8nm,laplace,8,0.55,0.5409035409035409
e2_uci,kin8nm,laplace,8,0.6000000000000001,0.5787545787545788
e2_uci,kin8nm,laplace,8,0.6500000000000001,0.6434676434676435
e2_uci,kin8nm,laplace,8,0.7000000000000001,0.6971916971916972
e2_uci,kin8nm,laplace,8,0.7500000000000001,0.7448107448107448
e2_uci,kin8nm,laplace,8,0.8,0.7875457875457875
e2_uci,kin8nm,laplace,8,0.8500000000000001,0.8266178266178266
e2_uci,kin8nm,laplace,8,0.9000000000000001,0.8925518925518926
e2_uci,kin8nm,laplace,8,0.9500000000000001,0.9523809523809523
e2_uci,kin8nm,laplace,9,0.05,0.03296703296703297
e2_uci,kin8nm,laplace,9,0.1,0.06593406593406594
e2_uci,kin8nm,laplace,9,0.15000000000000002,0.09645909645909646
e2_uci,kin8nm,laplace,9,0.2,0.1282051282051282
e2_uci,kin8nm,laplace,9,0.25,0.1746031746031746
e2_uci,kin8nm,laplace,9,0.3,0.21855921855921856
e2_uci,kin8nm,laplace,9,0.35000000000000003,0.2503052503052503
e2_uci,kin8nm,laplace,9,0.4,0.2979242979242979
e2_uci,kin8nm,laplace,9,0.45,0.32844932844932845
e2_uci,kin8nm,laplace,9,0.5,0.37484737484737485
e2_uci,kin8nm,laplace,9,0.55,0.42246642246642246
e2_uci,kin8nm,laplace,9,0.6000000000000001,0.4822954822954823
e2_uci,kin8nm,laplace,9,0.6500000000000001,0.5604395604395604
e2_uci,kin8nm,laplace,9,0.7000000000000001,0.612942612942613
e2_uci,kin8nm,laplace,9,0.7500000000000001,0.6544566544566545
e2_uci,kin8nm,laplace,9,0.8,0.7057387057387058
e2_uci,kin8nm,laplace,9,0.8500000000000001,0.7655677655677655
e2_uci,kin8nm,laplace,9,0.9000000000000001,0.8351648351648352
e2_uci,kin8nm,laplace,9,0.9500000000000001,0.8962148962148963
e2_uci,kin8nm,laplace,10,0.05,0.0463980463980464
e2_uci,kin8nm,laplace,10,0.1,0.09645909645909646
e2_uci,kin8nm,laplace,10,0.15000000000000002,0.14041514041514042
e2_uci,kin8nm,laplace,10,0.2,0.1746031746031746
e2_uci,kin8nm,laplace,10,0.25,0.23076923076923078
e2_uci,kin8nm,laplace,10,0.3,0.27594627594627597
e2_uci,kin8nm,laplace,10,0.35000000000000003,0.31868131868131866
e2_uci,kin8nm,laplace,10,0.4,0.3785103785103785
e2_uci,kin8nm,laplace,10,0.45,0.4249084249084249
e2_uci,kin8nm,laplace,10,0.5,0.4884004884004884
e2_uci,kin8nm,laplace,10,0.55,0.5457875457875457
e2_uci,kin8nm,laplace,10,0.6000000000000001,0.6043956043956044
e2_uci,kin8nm,laplace,10,0.6500000000000001,0.6556776556776557
e2_uci,kin8nm,laplace,10,0.7000000000000001,0.7130647130647131
e2_uci,kin8nm,laplace,10,0.7500000000000001,0.7655677655677655
e2_uci,kin8nm,laplace,10,0.8,0.8217338217338217
e2_uci,kin8nm,laplace,10,0.8500000000000001,0.8742368742368742
e2_uci,kin8nm,laplace,10,0.9000000000000001,0.9218559218559218
e2_uci,kin8nm,laplace,10,0.9500000000000001,0.960927960927961
e2_uci,kin8nm,laplace,11,0.05,0.03418803418803419
e2_uci,kin8nm,laplace,11,0.1,0.06349206349206349
e2_uci,kin8nm,laplace,11,0.15000000000000002,0.09645909645909646
e2_uci,kin8nm,laplace,11,0.2,0.12576312576312576
e2_uci,kin8nm,laplace,11,0.25,0.1623931623931624
e2_uci,kin8nm,laplace,11,0.3,0.19658119658119658
e2_uci,kin8nm,laplace,11,0.35000000000000003,0.24297924297924298
e2_uci,kin8nm,laplace,11,0.4,0.28815628815628813
e2_uci,kin8nm,laplace,11,0.45,0.33821733821733824
e2_uci,kin8nm,laplace,11,0.5,0.38095238095238093
e2_uci,kin8nm,laplace,11,0.55,0.42735042735042733
e2_uci,kin8nm,laplace,11,0.6000000000000001,0.48595848595848595
e2_uci,kin8nm,laplace,11,0.6500000000000001,0.525030525030525
e2_uci,kin8nm,laplace,11,0.7000000000000001,0.5787545787545788
e2_uci,kin8nm,laplace,11,0.7500000000000001,0.6336996336996337
e2_uci,kin8nm,laplace,11,0.8,0.7032967032967034
e2_uci,kin8nm,laplace,11,0.8500000000000001,0.7631257631257631
e2_uci,kin8nm,laplace,11,0.9000000000000001,0.8376068376068376
e2_uci,kin8nm,laplace,11,0.9500000000000001,0.9181929181929182
e2_uci,kin8nm,laplace,12,0.05,0.0695970695970696
e2_uci,kin8nm,laplace,12,0.1,0.1221001221001221
e2_uci,kin8nm,laplace,12,0.15000000000000002,0.1623931623931624
e2_uci,kin8nm,laplace,12,0.2,0.23076923076923078
e2_uci,kin8nm,laplace,12,0.25,0.2796092796092796
e2_uci,kin8nm,laplace,12,0.3,0.3321123321123321
e2_uci,kin8nm,laplace,12,0.35000000000000003,0.3894993894993895
e2_uci,kin8nm,laplace,12,0.4,0.4468864468864469
e2_uci,kin8nm,laplace,12,0.45,0.5018315018315018
e2_uci,kin8nm,laplace,12,0.5,0.5665445665445665
e2_uci,kin8nm,laplace,12,0.55,0.6227106227106227
e2_uci,kin8nm,laplace,12,0.6000000000000001,0.6752136752136753
e2_uci,kin8nm,laplace,12,0.6500000000000001,0.7057387057387058
e2_uci,kin8nm,laplace,12,0.7000000000000001,0.7484737484737485
e2_uci,kin8nm,laplace,12,0.7500000000000001,0.78998778998779
e2_uci,kin8nm,laplace,12,0.8,0.8363858363858364
e2_uci,kin8nm,laplace,12,0.8500000000000001,0.8803418803418803
e2_uci,kin8nm,laplace,12,0.9000000000000001,0.9181929181929182
e2_uci,kin8nm,laplace,12,0.9500000000000001,0.9645909645909646
e2_uci,kin8nm,laplace,13,0.05,0.05616605616605617
e2_uci,kin8nm,laplace,13,0.1,0.09035409035409035
e2_uci,kin8nm,laplace,13,0.15000000000000002,0.14163614163614163
e2_uci,kin8nm,laplace,13,0.2,0.18437118437118438
e2_uci,kin8nm,laplace,13,0.25,0.2442002442002442
e2_uci,kin8nm,laplace,13,0.3,0.30158730158730157
e2_uci,kin8nm,laplace,13,0.35000000000000003,0.33821733821733824
e2_uci,kin8nm,laplace,13,0.4,0.39438339438339437
e2_uci,kin8nm,laplace,13,0.45,0.45787545787545786
e2_uci,kin8nm,laplace,13,0.5,0.525030525030525
e2_uci,kin8nm,laplace,13,0.55,0.5946275946275946
e2_uci,kin8nm,laplace,13,0.6000000000000001,0.6532356532356532
e2_uci,kin8nm,laplace,13,0.6500000000000001,0.7094017094017094
e2_uci,kin8nm,laplace,13,0.7000000000000001,0.7435897435897436
e2_uci,kin8nm,laplace,13,0.7500000000000001,0.7924297924297924
e2_uci,kin8nm,laplace,13,0.8,0.8363858363858364
e2_uci,kin8nm,laplace,13,0.8500000000000001,0.8815628815628815
e2_uci,kin8nm,laplace,13,0.9000000000000001,0.9230769230769231
e2_uci,kin8nm,laplace,13,0.9500000000000001,0.9682539682539683
e2_uci,kin8nm,laplace,14,0.05,0.09035409035409035
e2_uci,kin8nm,laplace,14,0.1,0.1514041514041514
e2_uci,kin8nm,laplace,14,0.15000000000000002,0.231990231990232
e2_uci,kin8nm,laplace,14,0.2,0.2844932844932845
e2_uci,kin8nm,laplace,14,0.25,0.3443223443223443
e2_uci,kin8nm,laplace,14,0.3,0.39316239316239315
e2_uci,kin8nm,laplace,14,0.35000000000000003,0.4456654456654457
e2_uci,kin8nm,laplace,14,0.4,0.4945054945054945
e2_uci,kin8nm,laplace,14,0.45,0.5567765567765568
e2_uci,kin8nm,laplace,14,0.5,0.6166056166056166
e2_uci,kin8nm,laplace,14,0.55,0.6678876678876678
e2_uci,kin8nm,laplace,14,0.6000000000000001,0.7106227106227107
e2_uci,kin8nm,laplace,14,0.6500000000000001,0.7448107448107448
e2_uci,kin8nm,laplace,14,0.7000000000000001,0.7924297924297924
e2_uci,kin8nm,laplace,14,0.7500000000000001,0.8205128205128205
e2_uci,kin8nm,laplace,14,0.8,0.8644688644688645
e2_uci,kin8nm,laplace,14,0.8500000000000001,0.8974358974358975
e2_uci,kin8nm,laplace,14,0.9000000000000001,0.927960927960928
e2_uci,kin8nm,laplace,14,0.9500000000000001,0.9597069597069597
e2_uci,kin8nm,laplace,15,0.05,0.06227106227106227
e2_uci,kin8nm,laplace,15,0.1,0.10989010989010989
e2_uci,kin8nm,laplace,15,0.15000000000000002,0.14774114774114774
e2_uci,kin8nm,laplace,15,0.2,0.19658119658119658
e2_uci,kin8nm,laplace,15,0.25,0.2576312576312576
e2_uci,kin8nm,laplace,15,0.3,0.3137973137973138
e2_uci,kin8nm,laplace,15,0.35000000000000003,0.3601953601953602
e2_uci,kin8nm,laplace,15,0.4,0.41147741147741146
e2_uci,kin8nm,laplace,15,0.45,0.4590964590964591
e2_uci,kin8nm,laplace,15,0.5,0.5079365079365079
e2_uci,kin8nm,laplace,15,0.55,0.5665445665445665
e2_uci,kin8nm,laplace,15,0.6000000000000001,0.6361416361416361
e2_uci,kin8nm,laplace,15,0.6500000000000001,0.6776556776556777
e2_uci,kin8nm,laplace,15,0.7000000000000001,0.7374847374847375
e2_uci,kin8nm,laplace,15,0.7500000000000001,0.7802197802197802
e2_uci,kin8nm,laplace,15,0.8,0.833943833943834
e2_uci,kin8nm,laplace,15,0.8500000000000001,0.8827838827838828
e2_uci,kin8nm,laplace,15,0.9000000000000001,0.927960927960928
e2_uci,kin8nm,laplace,15,0.9500000000000001,0.9584859584859585
e2_uci,kin8nm,laplace,16,0.05,0.07448107448107448
e2_uci,kin8nm,laplace,16,0.1,0.12698412698412698
e2_uci,kin8nm,laplace,16,0.15000000000000002,0.17582417582417584
e2_uci,kin8nm,laplace,16,0.2,0.22954822954822954
e2_uci,kin8nm,laplace,16,0.25,0.2796092796092796
e2_uci,kin8nm,laplace,16,0.3,0.3333333333333333
e2_uci,kin8nm,laplace,16,0.35000000000000003,0.39194139194139194
e2_uci,kin8nm,laplace,16,0.4,0.4456654456654457
e2_uci,kin8nm,laplace,16,0.45,0.4981684981684982
e2_uci,kin8nm,laplace,16,0.5,0.5433455433455433
e2_uci,kin8nm,laplace,16,0.55,0.6043956043956044
e2_uci,kin8nm,laplace,16,0.6000000000000001,0.6361416361416361
e2_uci,kin8nm,laplace,16,0.6500000000000001,0.6923076923076923
e2_uci,kin8nm,laplace,16,0.7000000000000001,0.7362637362637363
e2_uci,kin8nm,laplace,16,0.7500000000000001,0.7912087912087912
e2_uci,kin8nm,laplace,16,0.8,0.8449328449328449
e2_uci,kin8nm,laplace,16,0.8500000000000001,0.8937728937728938
e2_uci,kin8nm,laplace,16,0.9000000000000001,0.9255189255189256
e2_uci,kin8nm,laplace,16,0.9500000000000001,0.9548229548229549
e2_uci,kin8nm,laplace,17,0.05,0.03540903540903541
e2_uci,kin8nm,laplace,17,0.1,0.06715506715506715
e2_uci,kin8nm,laplace,17,0.15000000000000002,0.11477411477411477
e2_uci,kin8nm,laplace,17,0.2,0.15018315018315018
e2_uci,kin8nm,laplace,17,0.25,0.18681318681318682
e2_uci,kin8nm,laplace,17,0.3,0.22954822954822954
e2_uci,kin8nm,laplace,17,0.35000000000000003,0.2625152625152625
e2_uci,kin8nm,laplace,17,0.4,0.31746031746031744
e2_uci,kin8nm,laplace,17,0.45,0.3614163614163614
e2_uci,kin8nm,laplace,17,0.5,0.42124542124542125
e2_uci,kin8nm,laplace,17,0.55,0.47496947496947495
e2_uci,kin8nm,laplace,17,0.6000000000000001,0.5335775335775336
e2_uci,kin8nm,laplace,17,0.6500000000000001,0.5702075702075702
e2_uci,kin8nm,laplace,17,0.7000000000000001,0.6336996336996337
e2_uci,kin8nm,laplace,17,0.7500000000000001,0.6923076923076923
e2_uci,kin8nm,laplace,17,0.8,0.746031746031746
e2_uci,kin8nm,laplace,17,0.8500000000000001,0.800976800976801
e2_uci,kin8nm,laplace,17,0.9000000000000001,0.8656898656898657
e2_uci,kin8nm,laplace,17,0.9500000000000001,0.927960927960928
e2_uci,kin8nm,laplace,18,0.05,0.03785103785103785
e2_uci,kin8nm,laplace,18,0.1,0.06105006105006105
e2_uci,kin8nm,laplace,18,0.15000000000000002,0.09035409035409035
e2_uci,kin8nm,laplace,18,0.2,0.11233211233211234
e2_uci,kin8nm,laplace,18,0.25,0.1514041514041514
e2_uci,kin8nm,laplace,18,0.3,0.17216117216117216
e2_uci,kin8nm,laplace,18,0.35000000000000003,0.20634920634920634
e2_uci,kin8nm,laplace,18,0.4,0.2490842490842491
e2_uci,kin8nm,laplace,18,0.45,0.2954822954822955
e2_uci,kin8nm,laplace,18,0.5,0.3431013431013431
e2_uci,kin8nm,laplace,18,0.55,0.38217338217338215
e2_uci,kin8nm,laplace,18,0.6000000000000001,0.4481074481074481
e2_uci,kin8nm,laplace,18,0.6500000000000001,0.4993894993894994
e2_uci,kin8nm,laplace,18,0.7000000000000001,0.557997557997558
e2_uci,kin8nm,laplace,18,0.7500000000000001,0.6117216117216118
e2_uci,kin8nm,laplace,18,0.8,0.684981684981685
e2_uci,kin8nm,laplace,18,0.8500000000000001,0.7496947496947497
e2_uci,kin8nm,laplace,18,0.9000000000000001,0.8302808302808303
e2_uci,kin8nm,laplace,18,0.9500000000000001,0.9108669108669109
e2_uci,kin8nm,laplace,19,0.05,0.03540903540903541
e2_uci,kin8nm,laplace,19,0.1,0.06715506715506715
e2_uci,kin8nm,laplace,19,0.15000000000000002,0.09401709401709402
e2_uci,kin8nm,laplace,19,0.2,0.12942612942612944
e2_uci,kin8nm,laplace,19,0.25,0.16483516483516483
e2_uci,kin8nm,laplace,19,0.3,0.21855921855921856
e2_uci,kin8nm,laplace,19,0.35000000000000003,0.2673992673992674
e2_uci,kin8nm,laplace,19,0.4,0.31135531135531136
e2_uci,kin8nm,laplace,19,0.45,0.3516483516483517
e2_uci,kin8nm,laplace,19,0.5,0.3894993894993895
e2_uci,kin8nm,laplace,19,0.55,0.4371184371184371
e2_uci,kin8nm,laplace,19,0.6000000000000001,0.5091575091575091
e2_uci,kin8nm,laplace,19,0.6500000000000001,0.5543345543345544
e2_uci,kin8nm,laplace,19,0.7000000000000001,0.6117216117216118
e2_uci,kin8nm,laplace,19,0.7500000000000001,0.6715506715506715
e2_uci,kin8nm,laplace,19,0.8,0.7289377289377289
e2_uci,kin8nm,laplace,19,0.8500000000000001,0.7887667887667887
e2_uci,kin8nm,laplace,19,0.9000000000000001,0.8571428571428571
e2_uci,kin8nm,laplace,19,0.9500000000000001,0.9328449328449329
e2_uci,power_plant,laplace,0,0.05,0.05329153605015674
e2_uci,power_plant,laplace,0,0.1,0.109717868338558
e2_uci,power_plant,laplace,0,0.15000000000000002,0.16300940438871472
e2_uci,power_plant,laplace,0,0.2,0.21525600835945663
e2_uci,power_plant,laplace,0,0.25,0.27481713688610243
e2_uci,power_plant,laplace,0,0.3,0.31452455590386624
e2_uci,power_plant,laplace,0,0.35000000000000003,0.36990595611285265
e2_uci,power_plant,laplace,0,0.4,0.4200626959247649
e2_uci,power_plant,laplace,0,0.45,0.48171368861024033
e2_uci,power_plant,laplace,0,0.5,0.5402298850574713
e2_uci,power_plant,laplace,0,0.55,0.5820271682340648
e2_uci,power_plant,laplace,0,0.6000000000000001,0.6238244514106583
e2_uci,power_plant,laplace,0,0.6500000000000001,0.6739811912225705
e2_uci,power_plant,laplace,0,0.7000000000000001,0.7283176593521421
e2_uci,power_plant,laplace,0,0.7500000000000001,0.7972831765935214
e2_uci,power_plant,laplace,0,0.8,0.8390804597701149
e2_uci,power_plant,laplace,0,0.8500000000000001,0.877742946708464
e2_uci,power_plant,laplace,0,0.9000000000000001,0.9122257053291536
e2_uci,power_plant,laplace,0,0.9500000000000001,0.9571577847439916
e2_uci,power_plant,laplace,1,0.05,0.042842215256008356
e2_uci,power_plant,laplace,1,0.1,0.07836990595611286
e2_uci,power_plant,laplace,1,0.15000000000000002,0.12121212121212122
e2_uci,power_plant,laplace,1,0.2,0.18181818181818182
e2_uci,power_plant,laplace,1,0.25,0.24242424242424243
e2_uci,power_plant,laplace,1,0.3,0.29153605015673983
e2_uci,power_plant,laplace,1,0.35000000000000003,0.3385579937304075
e2_uci,power_plant,laplace,1,0.4,0.3887147335423197
e2_uci,power_plant,laplace,1,0.45,0.4535005224660397
e2_uci,power_plant,laplace,1,0.5,0.5015673981191222
e2_uci,power_plant,laplace,1,0.55,0.5590386624869383
e2_uci,power_plant,laplace,1,0.6000000000000001,0.6112852664576802
e2_uci,power_plant,laplace,1,0.6500000000000001,0.6666666666666666
e2_uci,power_plant,laplace,1,0.7000000000000001,0.7262277951933125
e2_uci,power_plant,laplace,1,0.7500000000000001,0.7763845350052246
e2_uci,power_plant,laplace,1,0.8,0.8390804597701149
e2_uci,power_plant,laplace,1,0.8500000000000001,0.8850574712643678
e2_uci,power_plant,laplace,1,0.9000000000000001,0.9268547544409613
e2_uci,power_plant,laplace,1,0.9500000000000001,0.9655172413793104
e2_uci,power_plant,laplace,2,0.05,0.03657262277951933
e2_uci,power_plant,laplace,2,0.1,0.05642633228840126
e2_uci,power_plant,laplace,2,0.15000000000000002,0.0961337513061651
e2_uci,power_plant,laplace,2,0.2,0.14420062695924765
e2_uci,power_plant,laplace,2,0.25,0.18495297805642633
e2_uci,power_plant,laplace,2,0.3,0.22675026123301986
e2_uci,power_plant,laplace,2,0.35000000000000003,0.27063740856844304
e2_uci,power_plant,laplace,2,0.4,0.32601880877742945
e2_uci,power_plant,laplace,2,0.45,0.37513061650992685
e2_uci,power_plant,laplace,2,0.5,0.43051201671891326
e2_uci,power_plant,laplace,2,0.55,0.4942528735632184
e2_uci,power_plant,laplace,2,0.6000000000000001,0.5444096133751306
e2_uci,power_plant,laplace,2,0.6500000000000001,0.5977011494252874
e2_uci,power_plant,laplace,2,0.7000000000000001,0.6520376175548589
e2_uci,power_plant,laplace,2,0.7500000000000001,0.709508881922675
e2_uci,power_plant,laplace,2,0.8,0.7774294670846394
e2_uci,power_plant,laplace,2,0.8500000000000001,0.831765935214211
e2_uci,power_plant,laplace,2,0.9000000000000001,0.8850574712643678
e2_uci,power_plant,laplace,2,0.9500000000000001,0.9404388714733543
e2_uci,power_plant,laplace,3,0.05,0.042842215256008356
e2_uci,power_plant,laplace,3,0.1,0.0794148380355277
e2_uci,power_plant,laplace,3,0.15000000000000002,0.11076280041797283
e2_uci,power_plant,laplace,3,0.2,0.15256008359456635
e2_uci,power_plant,laplace,3,0.25,0.19540229885057472
e2_uci,power_plant,laplace,3,0.3,0.24346917450365727
e2_uci,power_plant,laplace,3,0.35000000000000003,0.2946708463949843
e2_uci,power_plant,laplace,3,0.4,0.3396029258098224
e2_uci,power_plant,laplace,3,0.45,0.3876698014629049
e2_uci,power_plant,laplace,3,0.5,0.4430512016718913
e2_uci,power_plant,laplace,3,0.55,0.49007314524555906
e2_uci,power_plant,laplace,3,0.6000000000000001,0.5454545454545454
e2_uci,power_plant,laplace,3,0.6500000000000001,0.5945663531870429
e2_uci,power_plant,laplace,3,0.7000000000000001,0.6614420062695925
e2_uci,power_plant,laplace,3,0.7500000000000001,0.7189132706374086
e2_uci,power_plant,laplace,3,0.8,0.7795193312434692
e2_uci,power_plant,laplace,3,0.8500000000000001,0.8495297805642633
e2_uci,power_plant,laplace,3,0.9000000000000001,0.896551724137931
e2_uci,power_plant,laplace,3,0.9500000000000001,0.9498432601880877
e2_uci,power_plant,laplace,4,0.05,0.0438871473354232
e2_uci,power_plant,laplace,4,0.1,0.08881922675026123
e2_uci,power_plant,laplace,4,0.15000000000000002,0.13061650992685475
e2_uci,power_plant,laplace,4,0.2,0.17659352142110762
e2_uci,power_plant,laplace,4,0.25,0.21316614420062696
e2_uci,power_plant,laplace,4,0.3,0.25182863113897597
e2_uci,power_plant,laplace,4,0.35000000000000003,0.3019853709508882
e2_uci,power_plant,laplace,4,0.4,0.3406478578892372
e2_uci,power_plant,laplace,4,0.45,0.3897596656217346
e2_uci,power_plant,laplace,4,0.5,0.4346917450365726
e2_uci,power_plant,laplace,4,0.55,0.4890282131661442
e2_uci,power_plant,laplace,4,0.6000000000000001,0.5444096133751306
e2_uci,power_plant,laplace,4,0.6500000000000001,0.6029258098223615
e2_uci,power_plant,laplace,4,0.7000000000000001,0.6624869383490073
e2_uci,power_plant,laplace,4,0.7500000000000001,0.723092998955068
e2_uci,power_plant,laplace,4,0.8,0.7669801462904912
e2_uci,power_plant,laplace,4,0.8500000000000001,0.8275862068965517
e2_uci,power_plant,laplace,4,0.9000000000000001,0.890282131661442
e2_uci,power_plant,laplace,4,0.9500000000000001,0.9331243469174504
e2_uci,power_plant,laplace,5,0.05,0.05747126436781609
e2_uci,power_plant,laplace,5,0.1,0.13061650992685475
e2_uci,power_plant,laplace,5,0.15000000000000002,0.18495297805642633
e2_uci,power_plant,laplace,5,0.2,0.2507836990595611
e2_uci,power_plant,laplace,5,0.25,0.30407523510971785
e2_uci,power_plant,laplace,5,0.3,0.3510971786833856
e2_uci,power_plant,laplace,5,0.35000000000000003,0.40229885057471265
e2_uci,power_plant,laplace,5,0.4,0.4555903866248694
e2_uci,power_plant,laplace,5,0.45,0.5078369905956113
e2_uci,power_plant,laplace,5,0.5,0.5527690700104493
e2_uci,power_plant,laplace,5,0.55,0.6123301985370951
e2_uci,power_plant,laplace,5,0.6000000000000001,0.6509926854754441
e2_uci,power_plant,laplace,5,0.6500000000000001,0.7074190177638453
e2_uci,power_plant,laplace,5,0.7000000000000001,0.7586206896551724
e2_uci,power_plant,laplace,5,0.7500000000000001,0.8045977011494253
e2_uci,power_plant,laplace,5,0.8,0.864158829676071
e2_uci,power_plant,laplace,5,0.8500000000000001,0.9111807732497388
e2_uci,power_plant,laplace,5,0.9000000000000001,0.9456635318704284
e2_uci,power_plant,laplace,5,0.9500000000000001,0.9717868338557993
e2_uci,power_plant,laplace,6,0.05,0.03761755485893417
e2_uci,power_plant,laplace,6,0.1,0.08150470219435736
e2_uci,power_plant,laplace,6,0.15000000000000002,0.12748171368861025
e2_uci,power_plant,laplace,6,0.2,0.180773249738767
e2_uci,power_plant,laplace,6,0.25,0.22884012539184953
e2_uci,power_plant,laplace,6,0.3,0.2664576802507837
e2_uci,power_plant,laplace,6,0.35000000000000003,0.3051201671891327
e2_uci,power_plant,laplace,6,0.4,0.35318704284221525
e2_uci,power_plant,laplace,6,0.45,0.4043887147335423
e2_uci,power_plant,laplace,6,0.5,0.46917450365726227
e2_uci,power_plant,laplace,6,0.55,0.5245559038662487
e2_uci,power_plant,laplace,6,0.6000000000000001,0.5799373040752351
e2_uci,power_plant,laplace,6,0.6500000000000001,0.6300940438871473
e2_uci,power_plant,laplace,6,0.7000000000000001,0.677115987460815
e2_uci,power_plant,laplace,6,0.7500000000000001,0.7251828631138976
e2_uci,power_plant,laplace,6,0.8,0.7920585161964472
e2_uci,power_plant,laplace,6,0.8500000000000001,0.8338557993730408
e2_uci,power_plant,laplace,6,0.9000000000000001,0.8892371995820272
e2_uci,power_plant,laplace,6,0.9500000000000001,0.9582027168234065
e2_uci,power_plant,laplace,7,0.05,0.02089864158829676
e2_uci,power_plant,laplace,7,0.1,0.04597701149425287
e2_uci,power_plant,laplace,7,0.15000000000000002,0.08568443051201671
e2_uci,power_plant,laplace,7,0.2,0.12852664576802508
e2_uci,power_plant,laplace,7,0.25,0.17972831765935215
e2_uci,power_plant,laplace,7,0.3,0.21630094043887146
e2_uci,power_plant,laplace,7,0.35000000000000003,0.2664576802507837
e2_uci,power_plant,laplace,7,0.4,0.31452455590386624
e2_uci,power_plant,laplace,7,0.45,0.3542319749216301
e2_uci,power_plant,laplace,7,0.5,0.400208986415883
e2_uci,power_plant,laplace,7,0.55,0.44618599791013586
e2_uci,power_plant,laplace,7,0.6000000000000001,0.4942528735632184
e2_uci,power_plant,laplace,7,0.6500000000000001,0.5444096133751306
e2_uci,power_plant,laplace,7,0.7000000000000001,0.6165099268547545
e2_uci,power_plant,laplace,7,0.7500000000000001,0.6833855799373041
e2_uci,power_plant,laplace,7,0.8,0.7398119122257053
e2_uci,power_plant,laplace,7,0.8500000000000001,0.8066875653082549
e2_uci,power_plant,laplace,7,0.9000000000000001,0.8683385579937304
e2_uci,power_plant,laplace,7,0.9500000000000001,0.9404388714733543
e2_uci,power_plant,laplace,8,0.05,0.03657262277951933
e2_uci,power_plant,laplace,8,0.1,0.06896551724137931
e2_uci,power_plant,laplace,8,0.15000000000000002,0.10867293625914315
e2_uci,power_plant,laplace,8,0.2,0.1588296760710554
e2_uci,power_plant,laplace,8,0.25,0.21630094043887146
e2_uci,power_plant,laplace,8,0.3,0.2664576802507837
e2_uci,power_plant,laplace,8,0.35000000000000003,0.3124346917450366
e2_uci,power_plant,laplace,8,0.4,0.3730407523510972
e2_uci,power_plant,laplace,8,0.45,0.42737722048066873
e2_uci,power_plant,laplace,8,0.5,0.48484848484848486
e2_uci,power_plant,laplace,8,0.55,0.542319749216301
e2_uci,power_plant,laplace,8,0.6000000000000001,0.5903866248693835
e2_uci,power_plant,laplace,8,0.6500000000000001,0.6572622779519331
e2_uci,power_plant,laplace,8,0.7000000000000001,0.7136886102403344
e2_uci,power_plant,laplace,8,0.7500000000000001,0.7596656217345873
e2_uci,power_plant,laplace,8,0.8,0.819226750261233
e2_uci,power_plant,laplace,8,0.8500000000000001,0.8693834900731452
e2_uci,power_plant,laplace,8,0.9000000000000001,0.910135841170324
e2_uci,power_plant,laplace,8,0.9500000000000001,0.955067920585162
e2_uci,power_plant,laplace,9,0.05,0.051201671891327065
e2_uci,power_plant,laplace,9,0.1,0.11389759665621735
e2_uci,power_plant,laplace,9,0.15000000000000002,0.15778474399164055
e2_uci,power_plant,laplace,9,0.2,0.19853709508881923
e2_uci,power_plant,laplace,9,0.25,0.25391849529780564
e2_uci,power_plant,laplace,9,0.3,0.29571577847439917
e2_uci,power_plant,laplace,9,0.35000000000000003,0.335423197492163
e2_uci,power_plant,laplace,9,0.4,0.37513061650992685
e2_uci,power_plant,laplace,9,0.45,0.4106583072100313
e2_uci,power_plant,laplace,9,0.5,0.4618599791013584
e2_uci,power_plant,laplace,9,0.55,0.5141065830721003
e2_uci,power_plant,laplace,9,0.6000000000000001,0.5684430512016719
e2_uci,power_plant,laplace,9,0.6500000000000001,0.6217345872518286
e2_uci,power_plant,laplace,9,0.7000000000000001,0.6833855799373041
e2_uci,power_plant,laplace,9,0.7500000000000001,0.7439916405433646
e2_uci,power_plant,laplace,9,0.8,0.8014629049111808
e2_uci,power_plant,laplace,9,0.8500000000000001,0.8557993730407524
e2_uci,power_plant,laplace,9,0.9000000000000001,0.9028213166144201
e2_uci,power_plant,laplace,9,0.9500000000000001,0.9592476489028213
e2_uci,power_plant,laplace,10,0.05,0.04075235109717868
e2_uci,power_plant,laplace,10,0.1,0.08045977011494253
e2_uci,power_plant,laplace,10,0.15000000000000002,0.13270637408568442
e2_uci,power_plant,laplace,10,0.2,0.18495297805642633
e2_uci,power_plant,laplace,10,0.25,0.22570532915360503
e2_uci,power_plant,laplace,10,0.3,0.25914315569487983
e2_uci,power_plant,laplace,10,0.35000000000000003,0.2988505747126437
e2_uci,power_plant,laplace,10,0.4,0.3542319749216301
e2_uci,power_plant,laplace,10,0.45,0.4054336468129572
e2_uci,power_plant,laplace,10,0.5,0.4555903866248694
e2_uci,power_plant,laplace,10,0.55,0.5088819226750261
e2_uci,power_plant,laplace,10,0.6000000000000001,0.5538140020898642
e2_uci,power_plant,laplace,10,0.6500000000000001,0.6165099268547545
e2_uci,power_plant,laplace,10,0.7000000000000001,0.6698014629049112
e2_uci,power_plant,laplace,10,0.7500000000000001,0.7189132706374086
e2_uci,power_plant,laplace,10,0.8,0.7701149425287356
e2_uci,power_plant,laplace,10,0.8500000000000001,0.8349007314524556
e2_uci,power_plant,laplace,10,0.9000000000000001,0.8986415882967607
e2_uci,power_plant,laplace,10,0.9500000000000001,0.9529780564263323
e2_uci,power_plant,laplace,11,0.05,0.051201671891327065
e2_uci,power_plant,laplace,11,0.1,0.09717868338557993
e2_uci,power_plant,laplace,11,0.15000000000000002,0.15569487983281086
e2_uci,power_plant,laplace,11,0.2,0.2225705329153605
e2_uci,power_plant,laplace,11,0.25,0.25705329153605017
e2_uci,power_plant,laplace,11,0.3,0.30407523510971785
e2_uci,power_plant,laplace,11,0.35000000000000003,0.361546499477534
e2_uci,power_plant,laplace,11,0.4,0.40334378265412746
e2_uci,power_plant,laplace,11,0.45,0.4618599791013584
e2_uci,power_plant,laplace,11,0.5,0.5214211076280042
e2_uci,power_plant,laplace,11,0.55,0.5788923719958202
e2_uci,power_plant,laplace,11,0.6000000000000001,0.6426332288401254
e2_uci,power_plant,laplace,11,0.6500000000000001,0.6865203761755486
e2_uci,power_plant,laplace,11,0.7000000000000001,0.735632183908046
e2_uci,power_plant,laplace,11,0.7500000000000001,0.774294670846395
e2_uci,power_plant,laplace,11,0.8,0.819226750261233
e2_uci,power_plant,laplace,11,0.8500000000000001,0.8861024033437827
e2_uci,power_plant,laplace,11,0.9000000000000001,0.9320794148380356
e2_uci,power_plant,laplace,11,0.9500000000000001,0.9592476489028213
e2_uci,power_plant,laplace,12,0.05,0.03657262277951933
e2_uci,power_plant,laplace,12,0.1,0.07836990595611286
e2_uci,power_plant,laplace,12,0.15000000000000002,0.11912225705329153
e2_uci,power_plant,laplace,12,0.2,0.16614420062695925
e2_uci,power_plant,laplace,12,0.25,0.2089864158829676
e2_uci,power_plant,laplace,12,0.3,0.2664576802507837
e2_uci,power_plant,laplace,12,0.35000000000000003,0.32601880877742945
e2_uci,power_plant,laplace,12,0.4,0.37408568443051204
e2_uci,power_plant,laplace,12,0.45,0.4211076280041797
e2_uci,power_plant,laplace,12,0.5,0.46812957157784746
e2_uci,power_plant,laplace,12,0.55,0.5235109717868338
e2_uci,power_plant,laplace,12,0.6000000000000001,0.5788923719958202
e2_uci,power_plant,laplace,12,0.6500000000000001,0.6269592476489029
e2_uci,power_plant,laplace,12,0.7000000000000001,0.6792058516196448
e2_uci,power_plant,laplace,12,0.7500000000000001,0.7450365726227796
e2_uci,power_plant,laplace,12,0.8,0.8045977011494253
e2_uci,power_plant,laplace,12,0.8500000000000001,0.8631138975966562
e2_uci,power_plant,laplace,12,0.9000000000000001,0.9090909090909091
e2_uci,power_plant,laplace,12,0.9500000000000001,0.9602925809822361
e2_uci,power_plant,laplace,13,0.05,0.04806687565308255
e2_uci,power_plant,laplace,13,0.1,0.08986415882967608
e2_uci,power_plant,laplace,13,0.15000000000000002,0.1400208986415883
e2_uci,power_plant,laplace,13,0.2,0.1922675026123302
e2_uci,power_plant,laplace,13,0.25,0.23719958202716823
e2_uci,power_plant,laplace,13,0.3,0.28213166144200624
e2_uci,power_plant,laplace,13,0.35000000000000003,0.33124346917450365
e2_uci,power_plant,laplace,13,0.4,0.39080459770114945
e2_uci,power_plant,laplace,13,0.45,0.4482758620689655
e2_uci,power_plant,laplace,13,0.5,0.5005224660397074
e2_uci,power_plant,laplace,13,0.55,0.5496342737722049
e2_uci,power_plant,laplace,13,0.6000000000000001,0.6029258098223615
e2_uci,power_plant,laplace,13,0.6500000000000001,0.6677115987460815
e2_uci,power_plant,laplace,13,0.7000000000000001,0.7189132706374086
e2_uci,power_plant,laplace,13,0.7500000000000001,0.7648902821316614
e2_uci,power_plant,laplace,13,0.8,0.8150470219435737
e2_uci,power_plant,laplace,13,0.8500000000000001,0.8620689655172413
e2_uci,power_plant,laplace,13,0.9000000000000001,0.9080459770114943
e2_uci,power_plant,laplace,13,0.9500000000000001,0.9613375130616509
e2_uci,power_plant,laplace,14,0.05,0.029258098223615466
e2_uci,power_plant,laplace,14,0.1,0.06374085684430512
e2_uci,power_plant,laplace,14,0.15000000000000002,0.11180773249738767
e2_uci,power_plant,laplace,14,0.2,0.16927899686520376
e2_uci,power_plant,laplace,14,0.25,0.22466039707419017
e2_uci,power_plant,laplace,14,0.3,0.26854754440961337
e2_uci,power_plant,laplace,14,0.35000000000000003,0.3166144200626959
e2_uci,power_plant,laplace,14,0.4,0.3625914315569488
e2_uci,power_plant,laplace,14,0.45,0.4117032392894462
e2_uci,power_plant,laplace,14,0.5,0.47335423197492166
e2_uci,power_plant,laplace,14,0.55,0.522466039707419
e2_uci,power_plant,laplace,14,0.6000000000000001,0.5684430512016719
e2_uci,power_plant,laplace,14,0.6500000000000001,0.625914315569488
e2_uci,power_plant,laplace,14,0.7000000000000001,0.6792058516196448
e2_uci,power_plant,laplace,14,0.7500000000000001,0.7366771159874608
e2_uci,power_plant,laplace,14,0.8,0.7931034482758621
e2_uci,power_plant,laplace,14,0.8500000000000001,0.8432601880877743
e2_uci,power_plant,laplace,14,0.9000000000000001,0.896551724137931
e2_uci,power_plant,laplace,14,0.9500000000000001,0.9404388714733543
e2_uci,power_plant,laplace,15,0.05,0.035527690700104496
e2_uci,power_plant,laplace,15,0.1,0.06374085684430512
e2_uci,power_plant,laplace,15,0.15000000000000002,0.09299895506792058
e2_uci,power_plant,laplace,15,0.2,0.13479623824451412
e2_uci,power_plant,laplace,15,0.25,0.1755485893416928
e2_uci,power_plant,laplace,15,0.3,0.21525600835945663
e2_uci,power_plant,laplace,15,0.35000000000000003,0.27481713688610243
e2_uci,power_plant,laplace,15,0.4,0.33019853709508884
e2_uci,power_plant,laplace,15,0.45,0.38035527690700105
e2_uci,power_plant,laplace,15,0.5,0.4231974921630094
e2_uci,power_plant,laplace,15,0.55,0.47335423197492166
e2_uci,power_plant,laplace,15,0.6000000000000001,0.5329153605015674
e2_uci,power_plant,laplace,15,0.6500000000000001,0.6018808777429467
e2_uci,power_plant,laplace,15,0.7000000000000001,0.6530825496342738
e2_uci,power_plant,laplace,15,0.7500000000000001,0.7042842215256009
e2_uci,power_plant,laplace,15,0.8,0.7701149425287356
e2_uci,power_plant,laplace,15,0.8500000000000001,0.8254963427377221
e2_uci,power_plant,laplace,15,0.9000000000000001,0.8996865203761756
e2_uci,power_plant,laplace,15,0.9500000000000001,0.9446185997910136
e2_uci,power_plant,laplace,16,0.05,0.02821316614420063
e2_uci,power_plant,laplace,16,0.1,0.05956112852664577
e2_uci,power_plant,laplace,16,0.15000000000000002,0.109717868338558
e2_uci,power_plant,laplace,16,0.2,0.15256008359456635
e2_uci,power_plant,laplace,16,0.25,0.1974921630094044
e2_uci,power_plant,laplace,16,0.3,0.23510971786833856
e2_uci,power_plant,laplace,16,0.35000000000000003,0.2894461859979101
e2_uci,power_plant,laplace,16,0.4,0.3448275862068966
e2_uci,power_plant,laplace,16,0.45,0.3876698014629049
e2_uci,power_plant,laplace,16,0.5,0.44723092998955066
e2_uci,power_plant,laplace,16,0.55,0.5088819226750261
e2_uci,power_plant,laplace,16,0.6000000000000001,0.567398119122257
e2_uci,power_plant,laplace,16,0.6500000000000001,0.6269592476489029
e2_uci,power_plant,laplace,16,0.7000000000000001,0.6802507836990596
e2_uci,power_plant,laplace,16,0.7500000000000001,0.7398119122257053
e2_uci,power_plant,laplace,16,0.8,0.7941483803552769
e2_uci,power_plant,laplace,16,0.8500000000000001,0.8401253918495298
e2_uci,power_plant,laplace,16,0.9000000000000001,0.9007314524555904
e2_uci,power_plant,laplace,16,0.9500000000000001,0.9561128526645768
e2_uci,power_plant,laplace,17,0.05,0.05851619644723093
e2_uci,power_plant,laplace,17,0.1,0.10553814002089865
e2_uci,power_plant,laplace,17,0.15000000000000002,0.16927899686520376
e2_uci,power_plant,laplace,17,0.2,0.22466039707419017
e2_uci,power_plant,laplace,17,0.25,0.27063740856844304
e2_uci,power_plant,laplace,17,0.3,0.33019853709508884
e2_uci,power_plant,laplace,17,0.35000000000000003,0.37513061650992685
e2_uci,power_plant,laplace,17,0.4,0.43260188087774293
e2_uci,power_plant,laplace,17,0.45,0.48798328108672934
e2_uci,power_plant,laplace,17,0.5,0.5287356321839081
e2_uci,power_plant,laplace,17,0.55,0.5820271682340648
e2_uci,power_plant,laplace,17,0.6000000000000001,0.625914315569488
e2_uci,power_plant,laplace,17,0.6500000000000001,0.6823406478578893
e2_uci,power_plant,laplace,17,0.7000000000000001,0.7377220480668757
e2_uci,power_plant,laplace,17,0.7500000000000001,0.7920585161964472
e2_uci,power_plant,laplace,17,0.8,0.8380355276907001
e2_uci,power_plant,laplace,17,0.8500000000000001,0.8756530825496343
e2_uci,power_plant,laplace,17,0.9000000000000001,0.93521421107628
e2_uci,power_plant,laplace,17,0.9500000000000001,0.9717868338557993
e2_uci,power_plant,laplace,18,0.05,0.04075235109717868
e2_uci,power_plant,laplace,18,0.1,0.1013584117032393
e2_uci,power_plant,laplace,18,0.15000000000000002,0.15569487983281086
e2_uci,power_plant,laplace,18,0.2,0.20794148380355276
e2_uci,power_plant,laplace,18,0.25,0.2612330198537095
e2_uci,power_plant,laplace,18,0.3,0.30929989550679204
e2_uci,power_plant,laplace,18,0.35000000000000003,0.3594566353187043
e2_uci,power_plant,laplace,18,0.4,0.4158829676071055
e2_uci,power_plant,laplace,18,0.45,0.46394984326018807
e2_uci,power_plant,laplace,18,0.5,0.5088819226750261
e2_uci,power_plant,laplace,18,0.55,0.5590386624869383
e2_uci,power_plant,laplace,18,0.6000000000000001,0.6060606060606061
e2_uci,power_plant,laplace,18,0.6500000000000001,0.6489028213166145
e2_uci,power_plant,laplace,18,0.7000000000000001,0.7084639498432602
e2_uci,power_plant,laplace,18,0.7500000000000001,0.7784743991640544
e2_uci,power_plant,laplace,18,0.8,0.8265412748171369
e2_uci,power_plant,laplace,18,0.8500000000000001,0.8766980146290491
e2_uci,power_plant,laplace,18,0.9000000000000001,0.9164054336468129
e2_uci,power_plant,laplace,18,0.9500000000000001,0.9592476489028213
e2_uci,power_plant,laplace,19,0.05,0.04597701149425287
e2_uci,power_plant,laplace,19,0.1,0.09404388714733543
e2_uci,power_plant,laplace,19,0.15000000000000002,0.14942528735632185
e2_uci,power_plant,laplace,19,0.2,0.1974921630094044
e2_uci,power_plant,laplace,19,0.25,0.2497387669801463
e2_uci,power_plant,laplace,19,0.3,0.30407523510971785
e2_uci,power_plant,laplace,19,0.35000000000000003,0.361546499477534
e2_uci,power_plant,laplace,19,0.4,0.4117032392894462
e2_uci,power_plant,laplace,19,0.45,0.45768025078369906
e2_uci,power_plant,laplace,19,0.5,0.5067920585161965
e2_uci,power_plant,laplace,19,0.55,0.5464994775339603
e2_uci,power_plant,laplace,19,0.6000000000000001,0.6050156739811913
e2_uci,power_plant,laplace,19,0.6500000000000001,0.6656217345872518
e2_uci,power_plant,laplace,19,0.7000000000000001,0.7210031347962382
e2_uci,power_plant,laplace,19,0.7500000000000001,0.780564263322884
e2_uci,power_plant,laplace,19,0.8,0.8359456635318704
e2_uci,power_plant,laplace,19,0.8500000000000001,0.8787878787878788
e2_uci,power_plant,laplace,19,0.9000000000000001,0.9247648902821317
e2_uci,power_plant,laplace,19,0.9500000000000001,0.9623824451410659
e2_uci,yacht,ensemble,0,0.05,0.0
e2_uci,yacht,ensemble,0,0.1,0.0
e2_uci,yacht,ensemble,0,0.15000000000000002,0.0
e2_uci,yacht,ensemble,0,0.2,0.03225806451612903
e2_uci,yacht,ensemble,0,0.25,0.03225806451612903
e2_uci,yacht,ensemble,0,0.3,0.06451612903225806
e2_uci,yacht,ensemble,0,0.35000000000000003,0.06451612903225806
e2_uci,yacht,ensemble,0,0.4,0.06451612903225806
e2_uci,yacht,ensemble,0,0.45,0.16129032258064516
e2_uci,yacht,ensemble,0,0.5,0.1935483870967742
e2_uci,yacht,ensemble,0,0.55,0.22580645161290322
e2_uci,yacht,ensemble,0,0.6000000000000001,0.41935483870967744
e2_uci,yacht,ensemble,0,0.6500000000000001,0.5806451612903226
e2_uci,yacht,ensemble,0,0.7000000000000001,0.6774193548387096
e2_uci,yacht,ensemble,0,0.7500000000000001,0.8387096774193549
e2_uci,yacht,ensemble,0,0.8,0.9032258064516129
e2_uci,yacht,ensemble,0,0.8500000000000001,0.9032258064516129
e2_uci,yacht,ensemble,0,0.9000000000000001,0.967741935483871
e2_uci,yacht,ensemble,0,0.9500000000000001,0.967741935483871
e2_uci,yacht,ensemble,1,0.05,0.0
e2_uci,yacht,ensemble,1,0.1,0.0
e2_uci,yacht,ensemble,1,0.15000000000000002,0.0
e2_uci,yacht,ensemble,1,0.2,0.0
e2_uci,yacht,ensemble,1,0.25,0.03225806451612903
e2_uci,yacht,ensemble,1,0.3,0.12903225806451613
e2_uci,yacht,ensemble,1,0.35000000000000003,0.16129032258064516
e2_uci,yacht,ensemble,1,0.4,0.22580645161290322
e2_uci,yacht,ensemble,1,0.45,0.3548387096774194
e2_uci,yacht,ensemble,1,0.5,0.41935483870967744
e2_uci,yacht,ensemble,1,0.55,0.45161290322580644
e2_uci,yacht,ensemble,1,0.6000000000000001,0.6774193548387096
e2_uci,yacht,ensemble,1,0.6500000000000001,0.7419354838709677
e2_uci,yacht,ensemble,1,0.7000000000000001,0.8064516129032258
e2_uci,yacht,ensemble,1,0.7500000000000001,0.8064516129032258
e2_uci,yacht,ensemble,1,0.8,0.8064516129032258
e2_uci,yacht,ensemble,1,0.8500000000000001,0.8709677419354839
e2_uci,yacht,ensemble,1,0.9000000000000001,0.9032258064516129
e2_uci,yacht,ensemble,1,0.9500000000000001,0.9354838709677419
e2_uci,yacht,ensemble,2,0.05,0.0
e2_uci,yacht,ensemble,2,0.1,0.03225806451612903
e2_uci,yacht,ensemble,2,0.15000000000000002,0.03225806451612903
e2_uci,yacht,ensemble,2,0.2,0.03225806451612903
e2_uci,yacht,ensemble,2,0.25,0.03225806451612903
e2_uci,yacht,ensemble,2,0.3,0.03225806451612903
e2_uci,yacht,ensemble,2,0.35000000000000003,0.03225806451612903
e2_uci,yacht,ensemble,2,0.4,0.0967741935483871
e2_uci,yacht,ensemble,2,0.45,0.2903225806451613
e2_uci,yacht,ensemble,2,0.5,0.5483870967741935
e2_uci,yacht,ensemble,2,0.55,0.6451612903225806
e2_uci,yacht,ensemble,2,0.6000000000000001,0.8064516129032258
e2_uci,yacht,ensemble,2,0.6500000000000001,0.9032258064516129
e2_uci,yacht,ensemble,2,0.7000000000000001,0.9354838709677419
e2_uci,yacht,ensemble,2,0.7500000000000001,1.0
e2_uci,yacht,ensemble,2,0.8,1.0
e2_uci,yacht,ensemble,2,0.8500000000000001,1.0
e2_uci,yacht,ensemble,2,0.9000000000000001,1.0
e2_uci,yacht,ensemble,2,0.9500000000000001,1.0
e2_uci,yacht,ensemble,3,0.05,0.0967741935483871
e2_uci,yacht,ensemble,3,0.1,0.12903225806451613
e2_uci,yacht,ensemble,3,0.15000000000000002,0.22580645161290322
e2_uci,yacht,ensemble,3,0.2,0.3548387096774194
e2_uci,yacht,ensemble,3,0.25,0.4838709677419355
e2_uci,yacht,ensemble,3,0.3,0.6129032258064516
e2_uci,yacht,ensemble,3,0.35000000000000003,0.6774193548387096
e2_uci,yacht,ensemble,3,0.4,0.7096774193548387
e2_uci,yacht,ensemble,3,0.45,0.7419354838709677
e2_uci,yacht,ensemble,3,0.5,0.7419354838709677
e2_uci,yacht,ensemble,3,0.55,0.7741935483870968
e2_uci,yacht,ensemble,3,0.6000000000000001,0.8387096774193549
e2_uci,yacht,ensemble,3,0.6500000000000001,0.8387096774193549
e2_uci,yacht,ensemble,3,0.7000000000000001,0.8709677419354839
e2_uci,yacht,ensemble,3,0.7500000000000001,0.9032258064516129
e2_uci,yacht,ensemble,3,0.8,0.9032258064516129
e2_uci,yacht,ensemble,3,0.8500000000000001,0.9032258064516129
e2_uci,yacht,ensemble,3,0.9000000000000001,0.9354838709677419
e2_uci,yacht,ensemble,3,0.9500000000000001,0.9354838709677419
e2_uci,yacht,ensemble,4,0.05,0.0
e2_uci,yacht,ensemble,4,0.1,0.0
e2_uci,yacht,ensemble,4,0.15000000000000002,0.0
e2_uci,yacht,ensemble,4,0.2,0.03225806451612903
e2_uci,yacht,ensemble,4,0.25,0.0967741935483871
e2_uci,yacht,ensemble,4,0.3,0.12903225806451613
e2_uci,yacht,ensemble,4,0.35000000000000003,0.25806451612903225
e2_uci,yacht,ensemble,4,0.4,0.3870967741935484
e2_uci,yacht,ensemble,4,0.45,0.5161290322580645
e2_uci,yacht,ensemble,4,0.5,0.5483870967741935
e2_uci,yacht,ensemble,4,0.55,0.5806451612903226
e2_uci,yacht,ensemble,4,0.6000000000000001,0.6129032258064516
e2_uci,yacht,ensemble,4,0.6500000000000001,0.7419354838709677
e2_uci,yacht,ensemble,4,0.7000000000000001,0.8709677419354839
e2_uci,yacht,ensemble,4,0.7500000000000001,0.9032258064516129
e2_uci,yacht,ensemble,4,0.8,0.9032258064516129
e2_uci,yacht,ensemble,4,0.8500000000000001,0.9354838709677419
e2_uci,yacht,ensemble,4,0.9000000000000001,0.9354838709677419
e2_uci,yacht,ensemble,4,0.9500000000000001,0.9354838709677419
e2_uci,yacht,ensemble,5,0.05,0.03225806451612903
e2_uci,yacht,ensemble,5,0.1,0.03225806451612903
e2_uci,yacht,ensemble,5,0.15000000000000002,0.03225806451612903
e2_uci,yacht,ensemble,5,0.2,0.03225806451612903
e2_uci,yacht,ensemble,5,0.25,0.12903225806451613
e2_uci,yacht,ensemble,5,0.3,0.1935483870967742
e2_uci,yacht,ensemble,5,0.35000000000000003,0.1935483870967742
e2_uci,yacht,ensemble,5,0.4,0.2903225806451613
e2_uci,yacht,ensemble,5,0.45,0.3870967741935484
e2_uci,yacht,ensemble,5,0.5,0.5806451612903226
e2_uci,yacht,ensemble,5,0.55,0.6451612903225806
e2_uci,yacht,ensemble,5,0.6000000000000001,0.7096774193548387
e2_uci,yacht,ensemble,5,0.6500000000000001,0.7741935483870968
e2_uci,yacht,ensemble,5,0.7000000000000001,0.8064516129032258
e2_uci,yacht,ensemble,5,0.7500000000000001,0.8387096774193549
e2_uci,yacht,ensemble,5,0.8,0.9032258064516129
e2_uci,yacht,ensemble,5,0.8500000000000001,0.967741935483871
e2_uci,yacht,ensemble,5,0.9000000000000001,0.967741935483871
e2_uci,yacht,ensemble,5,0.9500000000000001,0.967741935483871
e2_uci,yacht,ensemble,6,0.05,0.0
e2_uci,yacht,ensemble,6,0.1,0.0
e2_uci,yacht,ensemble,6,0.15000000000000002,0.03225806451612903
e2_uci,yacht,ensemble,6,0.2,0.03225806451612903
e2_uci,yacht,ensemble,6,0.25,0.03225806451612903
e2_uci,yacht,ensemble,6,0.3,0.06451612903225806
e2_uci,yacht,ensemble,6,0.35000000000000003,0.12903225806451613
e2_uci,yacht,ensemble,6,0.4,0.22580645161290322
e2_uci,yacht,ensemble,6,0.45,0.3548387096774194
e2_uci,yacht,ensemble,6,0.5,0.3870967741935484
e2_uci,yacht,ensemble,6,0.55,0.4838709677419355
e2_uci,yacht,ensemble,6,0.6000000000000001,0.6129032258064516
e2_uci,yacht,ensemble,6,0.6500000000000001,0.6451612903225806
e2_uci,yacht,ensemble,6,0.7000000000000001,0.7419354838709677
e2_uci,yacht,ensemble,6,0.7500000000000001,0.8709677419354839
e2_uci,yacht,ensemble,6,0.8,0.967741935483871
e2_uci,yacht,ensemble,6,0.8500000000000001,0.967741935483871
e2_uci,yacht,ensemble,6,0.9000000000000001,0.967741935483871
e2_uci,yacht,ensemble,6,0.9500000000000001,1.0
e2_uci,yacht,ensemble,7,0.05,0.03225806451612903
e2_uci,yacht,ensemble,7,0.1,0.06451612903225806
e2_uci,yacht,ensemble,7,0.15000000000000002,0.0967741935483871
e2_uci,yacht,ensemble,7,0.2,0.16129032258064516
e2_uci,yacht,ensemble,7,0.25,0.16129032258064516
e2_uci,yacht,ensemble,7,0.3,0.2903225806451613
e2_uci,yacht,ensemble,7,0.35000000000000003,0.3548387096774194
e2_uci,yacht,ensemble,7,0.4,0.5161290322580645
e2_uci,yacht,ensemble,7,0.45,0.6129032258064516
e2_uci,yacht,ensemble,7,0.5,0.6774193548387096
e2_uci,yacht,ensemble,7,0.55,0.7419354838709677
e2_uci,yacht,ensemble,7,0.6000000000000001,0.7741935483870968
e2_uci,yacht,ensemble,7,0.6500000000000001,0.8387096774193549
e2_uci,yacht,ensemble,7,0.7000000000000001,0.8709677419354839
e2_uci,yacht,ensemble,7,0.7500000000000001,0.8709677419354839
e2_uci,yacht,ensemble,7,0.8,0.967741935483871
e2_uci,yacht,ensemble,7,0.8500000000000001,0.967741935483871
e2_uci,yacht,ensemble,7,0.9000000000000001,0.967741935483871
e2_uci,yacht,ensemble,7,0.9500000000000001,0.967741935483871
e2_uci,yacht,ensemble,8,0.05,0.0
e2_uci,yacht,ensemble,8,0.1,0.0
e2_uci,yacht,ensemble,8,0.15000000000000002,0.0
e2_uci,yacht,ensemble,8,0.2,0.03225806451612903
e2_uci,yacht,ensemble,8,0.25,0.03225806451612903
e2_uci,yacht,ensemble,8,0.3,0.12903225806451613
e2_uci,yacht,ensemble,8,0.35000000000000003,0.16129032258064516
e2_uci,yacht,ensemble,8,0.4,0.25806451612903225
e2_uci,yacht,ensemble,8,0.45,0.4838709677419355
e2_uci,yacht,ensemble,8,0.5,0.6129032258064516
e2_uci,yacht,ensemble,8,0.55,0.7096774193548387
e2_uci,yacht,ensemble,8,0.6000000000000001,0.7741935483870968
e2_uci,yacht,ensemble,8,0.6500000000000001,0.8387096774193549
e2_uci,yacht,ensemble,8,0.7000000000000001,0.9032258064516129
e2_uci,yacht,ensemble,8,0.7500000000000001,0.9354838709677419
e2_uci,yacht,ensemble,8,0.8,0.967741935483871
e2_uci,yacht,ensemble,8,0.8500000000000001,0.967741935483871
e2_uci,yacht,ensemble,8,0.9000000000000001,1.0
e2_uci,yacht,ensemble,8,0.9500000000000001,1.0
e2_uci,yacht,ensemble,9,0.05,0.0
e2_uci,yacht,ensemble,9,0.1,0.0
e2_uci,yacht,ensemble,9,0.15000000000000002,0.0
e2_uci,yacht,ensemble,9,0.2,0.03225806451612903
e2_uci,yacht,ensemble,9,0.25,0.06451612903225806
e2_uci,yacht,ensemble,9,0.3,0.06451612903225806
e2_uci,yacht,ensemble,9,0.35000000000000003,0.1935483870967742
e2_uci,yacht,ensemble,9,0.4,0.3225806451612903
e2_uci,yacht,ensemble,9,0.45,0.5483870967741935
e2_uci,yacht,ensemble,9,0.5,0.6451612903225806
e2_uci,yacht,ensemble,9,0.55,0.6774193548387096
e2_uci,yacht,ensemble,9,0.6000000000000001,0.8064516129032258
e2_uci,yacht,ensemble,9,0.6500000000000001,0.8709677419354839
e2_uci,yacht,ensemble,9,0.7000000000000001,0.9354838709677419
e2_uci,yacht,ensemble,9,0.7500000000000001,0.9354838709677419
e2_uci,yacht,ensemble,9,0.8,1.0
e2_uci,yacht,ensemble,9,0.8500000000000001,1.0
e2_uci,yacht,ensemble,9,0.9000000000000001,1.0
e2_uci,yacht,ensemble,9,0.9500000000000001,1.0
e2_uci,yacht,ensemble,10,0.05,0.0
e2_uci,yacht,ensemble,10,0.1,0.0
e2_uci,yacht,ensemble,10,0.15000000000000002,0.03225806451612903
e2_uci,yacht,ensemble,10,0.2,0.03225806451612903
e2_uci,yacht,ensemble,10,0.25,0.06451612903225806
e2_uci,yacht,ensemble,10,0.3,0.22580645161290322
e2_uci,yacht,ensemble,10,0.35000000000000003,0.3225806451612903
e2_uci,yacht,ensemble,10,0.4,0.3870967741935484
e2_uci,yacht,ensemble,10,0.45,0.45161290322580644
e2_uci,yacht,ensemble,10,0.5,0.6129032258064516
e2_uci,yacht,ensemble,10,0.55,0.6774193548387096
e2_uci,yacht,ensemble,10,0.6000000000000001,0.7096774193548387
e2_uci,yacht,ensemble,10,0.6500000000000001,0.8064516129032258
e2_uci,yacht,ensemble,10,0.7000000000000001,0.8387096774193549
e2_uci,yacht,ensemble,10,0.7500000000000001,0.8387096774193549
e2_uci,yacht,ensemble,10,0.8,0.8709677419354839
e2_uci,yacht,ensemble,10,0.8500000000000001,0.8709677419354839
e2_uci,yacht,ensemble,10,0.9000000000000001,0.9032258064516129
e2_uci,yacht,ensemble,10,0.9500000000000001,0.967741935483871
e2_uci,yacht,ensemble,11,0.05,0.03225806451612903
e2_uci,yacht,ensemble,11,0.1,0.0967741935483871
e2_uci,yacht,ensemble,11,0.15000000000000002,0.16129032258064516
e2_uci,yacht,ensemble,11,0.2,0.22580645161290322
e2_uci,yacht,ensemble,11,0.25,0.3548387096774194
e2_uci,yacht,ensemble,11,0.3,0.4838709677419355
e2_uci,yacht,ensemble,11,0.35000000000000003,0.6774193548387096
e2_uci,yacht,ensemble,11,0.4,0.7419354838709677
e2_uci,yacht,ensemble,11,0.45,0.8709677419354839
e2_uci,yacht,ensemble,11,0.5,0.9032258064516129
e2_uci,yacht,ensemble,11,0.55,0.9032258064516129
e2_uci,yacht,ensemble,11,0.6000000000000001,0.9032258064516129
e2_uci,yacht,ensemble,11,0.6500000000000001,0.9032258064516129
e2_uci,yacht,ensemble,11,0.7000000000000001,0.9032258064516129
e2_uci,yacht,ensemble,11,0.7500000000000001,0.9032258064516129
e2_uci,yacht,ensemble,11,0.8,0.9354838709677419
e2_uci,yacht,ensemble,11,0.8500000000000001,0.9354838709677419
e2_uci,yacht,ensemble,11,0.9000000000000001,0.9354838709677419
e2_uci,yacht,ensemble,11,0.9500000000000001,0.9354838709677419
e2_uci,yacht,ensemble,12,0.05,0.0
e2_uci,yacht,ensemble,12,0.1,0.0
e2_uci,yacht,ensemble,12,0.15000000000000002,0.03225806451612903
e2_uci,yacht,ensemble,12,0.2,0.03225806451612903
e2_uci,yacht,ensemble,12,0.25,0.03225806451612903
e2_uci,yacht,ensemble,12,0.3,0.12903225806451613
e2_uci,yacht,ensemble,12,0.35000000000000003,0.12903225806451613
e2_uci,yacht,ensemble,12,0.4,0.3225806451612903
e2_uci,yacht,ensemble,12,0.45,0.41935483870967744
e2_uci,yacht,ensemble,12,0.5,0.6774193548387096
e2_uci,yacht,ensemble,12,0.55,0.7096774193548387
e2_uci,yacht,ensemble,12,0.6000000000000001,0.8064516129032258
e2_uci,yacht,ensemble,12,0.6500000000000001,0.8387096774193549
e2_uci,yacht,ensemble,12,0.7000000000000001,0.9032258064516129
e2_uci,yacht,ensemble,12,0.7500000000000001,0.9032258064516129
e2_uci,yacht,ensemble,12,0.8,0.9032258064516129
e2_uci,yacht,ensemble,12,0.8500000000000001,0.9032258064516129
e2_uci,yacht,ensemble,12,0.9000000000000001,0.9354838709677419
e2_uci,yacht,ensemble,12,0.9500000000000001,0.967741935483871
e2_uci,yacht,ensemble,13,0.05,0.03225806451612903
e2_uci,yacht,ensemble,13,0.1,0.06451612903225806
e2_uci,yacht,ensemble,13,0.15000000000000002,0.0967741935483871
e2_uci,yacht,ensemble,13,0.2,0.0967741935483871
e2_uci,yacht,ensemble,13,0.25,0.0967741935483871
e2_uci,yacht,ensemble,13,0.3,0.0967741935483871
e2_uci,yacht,ensemble,13,0.35000000000000003,0.16129032258064516
e2_uci,yacht,ensemble,13,0.4,0.1935483870967742
e2_uci,yacht,ensemble,13,0.45,0.1935483870967742
e2_uci,yacht,ensemble,13,0.5,0.3870967741935484
e2_uci,yacht,ensemble,13,0.55,0.45161290322580644
e2_uci,yacht,ensemble,13,0.6000000000000001,0.5483870967741935
e2_uci,yacht,ensemble,13,0.6500000000000001,0.5483870967741935
e2_uci,yacht,ensemble,13,0.7000000000000001,0.6451612903225806
e2_uci,yacht,ensemble,13,0.7500000000000001,0.7096774193548387
e2_uci,yacht,ensemble,13,0.8,0.8387096774193549
e2_uci,yacht,ensemble,13,0.8500000000000001,0.9032258064516129
e2_uci,yacht,ensemble,13,0.9000000000000001,0.9354838709677419
e2_uci,yacht,ensemble,13,0.9500000000000001,0.9354838709677419
e2_uci,yacht,ensemble,14,0.05,0.06451612903225806
e2_uci,yacht,ensemble,14,0.1,0.0967741935483871
e2_uci,yacht,ensemble,14,0.15000000000000002,0.0967741935483871
e2_uci,yacht,ensemble,14,0.2,0.12903225806451613
e2_uci,yacht,ensemble,14,0.25,0.16129032258064516
e2_uci,yacht,ensemble,14,0.3,0.1935483870967742
e2_uci,yacht,ensemble,14,0.35000000000000003,0.2903225806451613
e2_uci,yacht,ensemble,14,0.4,0.3225806451612903
e2_uci,yacht,ensemble,14,0.45,0.3870967741935484
e2_uci,yacht,ensemble,14,0.5,0.5806451612903226
e2_uci,yacht,ensemble,14,0.55,0.8709677419354839
e2_uci,yacht,ensemble,14,0.6000000000000001,0.8709677419354839
e2_uci,yacht,ensemble,14,0.6500000000000001,0.9032258064516129
e2_uci,yacht,ensemble,14,0.7000000000000001,0.9354838709677419
e2_uci,yacht,ensemble,14,0.7500000000000001,0.967741935483871
e2_uci,yacht,ensemble,14,0.8,0.967741935483871
e2_uci,yacht,ensemble,14,0.8500000000000001,0.967741935483871
e2_uci,yacht,ensemble,14,0.9000000000000001,1.0
e2_uci,yacht,ensemble,14,0.9500000000000001,1.0
e2_uci,yacht,ensemble,15,0.05,0.03225806451612903
e2_uci,yacht,ensemble,15,0.1,0.06451612903225806
e2_uci,yacht,ensemble,15,0.15000000000000002,0.0967741935483871
e2_uci,yacht,ensemble,15,0.2,0.0967741935483871
e2_uci,yacht,ensemble,15,0.25,0.0967741935483871
e2_uci,yacht,ensemble,15,0.3,0.16129032258064516
e2_uci,yacht,ensemble,15,0.35000000000000003,0.1935483870967742
e2_uci,yacht,ensemble,15,0.4,0.3225806451612903
e2_uci,yacht,ensemble,15,0.45,0.4838709677419355
e2_uci,yacht,ensemble,15,0.5,0.6774193548387096
e2_uci,yacht,ensemble,15,0.55,0.7741935483870968
e2_uci,yacht,ensemble,15,0.6000000000000001,0.8064516129032258
e2_uci,yacht,ensemble,15,0.6500000000000001,0.8709677419354839
e2_uci,yacht,ensemble,15,0.7000000000000001,0.9032258064516129
e2_uci,yacht,ensemble,15,0.7500000000000001,0.9354838709677419
e2_uci,yacht,ensemble,15,0.8,0.9354838709677419
e2_uci,yacht,ensemble,15,0.8500000000000001,0.9354838709677419
e2_uci,yacht,ensemble,15,0.9000000000000001,0.967741935483871
e2_uci,yacht,ensemble,15,0.9500000000000001,1.0
e2_uci,yacht,ensemble,16,0.05,0.0
e2_uci,yacht,ensemble,16,0.1,0.0
e2_uci,yacht,ensemble,16,0.15000000000000002,0.03225806451612903
e2_uci,yacht,ensemble,16,0.2,0.06451612903225806
e2_uci,yacht,ensemble,16,0.25,0.06451612903225806
e2_uci,yacht,ensemble,16,0.3,0.0967741935483871
e2_uci,yacht,ensemble,16,0.35000000000000003,0.0967741935483871
e2_uci,yacht,ensemble,16,0.4,0.16129032258064516
e2_uci,yacht,ensemble,16,0.45,0.3548387096774194
e2_uci,yacht,ensemble,16,0.5,0.5161290322580645
e2_uci,yacht,ensemble,16,0.55,0.6774193548387096
e2_uci,yacht,ensemble,16,0.6000000000000001,0.8064516129032258
e2_uci,yacht,ensemble,16,0.6500000000000001,0.9032258064516129
e2_uci,yacht,ensemble,16,0.7000000000000001,0.9354838709677419
e2_uci,yacht,ensemble,16,0.7500000000000001,0.9354838709677419
e2_uci,yacht,ensemble,16,0.8,0.9354838709677419
e2_uci,yacht,ensemble,16,0.8500000000000001,0.9354838709677419
e2_uci,yacht,ensemble,16,0.9000000000000001,0.967741935483871
e2_uci,yacht,ensemble,16,0.9500000000000001,1.0
e2_uci,yacht,ensemble,17,0.05,0.03225806451612903
e2_uci,yacht,ensemble,17,0.1,0.03225806451612903
e2_uci,yacht,ensemble,17,0.15000000000000002,0.03225806451612903
e2_uci,yacht,ensemble,17,0.2,0.03225806451612903
e2_uci,yacht,ensemble,17,0.25,0.0967741935483871
e2_uci,yacht,ensemble,17,0.3,0.12903225806451613
e2_uci,yacht,ensemble,17,0.35000000000000003,0.12903225806451613
e2_uci,yacht,ensemble,17,0.4,0.12903225806451613
e2_uci,yacht,ensemble,17,0.45,0.25806451612903225
e2_uci,yacht,ensemble,17,0.5,0.3225806451612903
e2_uci,yacht,ensemble,17,0.55,0.4838709677419355
e2_uci,yacht,ensemble,17,0.6000000000000001,0.5806451612903226
e2_uci,yacht,ensemble,17,0.6500000000000001,0.7096774193548387
e2_uci,yacht,ensemble,17,0.7000000000000001,0.7419354838709677
e2_uci,yacht,ensemble,17,0.7500000000000001,0.8387096774193549
e2_uci,yacht,ensemble,17,0.8,0.9032258064516129
e2_uci,yacht,ensemble,17,0.8500000000000001,0.9354838709677419
e2_uci,yacht,ensemble,17,0.9000000000000001,0.9354838709677419
e2_uci,yacht,ensemble,17,0.9500000000000001,0.967741935483871
e2_uci,yacht,ensemble,18,0.05,0.0
e2_uci,yacht,ensemble,18,0.1,0.06451612903225806
e2_uci,yacht,ensemble,18,0.15000000000000002,0.06451612903225806
e2_uci,yacht,ensemble,18,0.2,0.06451612903225806
e2_uci,yacht,ensemble,18,0.25,0.06451612903225806
e2_uci,yacht,ensemble,18,0.3,0.06451612903225806
e2_uci,yacht,ensemble,18,0.35000000000000003,0.12903225806451613
e2_uci,yacht,ensemble,18,0.4,0.1935483870967742
e2_uci,yacht,ensemble,18,0.45,0.45161290322580644
e2_uci,yacht,ensemble,18,0.5,0.6129032258064516
e2_uci,yacht,ensemble,18,0.55,0.7096774193548387
e2_uci,yacht,ensemble,18,0.6000000000000001,0.7741935483870968
e2_uci,yacht,ensemble,18,0.6500000000000001,0.7741935483870968
e2_uci,yacht,ensemble,18,0.7000000000000001,0.8064516129032258
e2_uci,yacht,ensemble,18,0.7500000000000001,0.8709677419354839
e2_uci,yacht,ensemble,18,0.8,0.8709677419354839
e2_uci,yacht,ensemble,18,0.8500000000000001,0.8709677419354839
e2_uci,yacht,ensemble,18,0.9000000000000001,0.9032258064516129
e2_uci,yacht,ensemble,18,0.9500000000000001,0.9354838709677419
e2_uci,yacht,ensemble,19,0.05,0.03225806451612903
e2_uci,yacht,ensemble,19,0.1,0.03225806451612903
e2_uci,yacht,ensemble,19,0.15000000000000002,0.03225806451612903
e2_uci,yacht,ensemble,19,0.2,0.0967741935483871
e2_uci,yacht,ensemble,19,0.25,0.12903225806451613
e2_uci,yacht,ensemble,19,0.3,0.1935483870967742
e2_uci,yacht,ensemble,19,0.35000000000000003,0.22580645161290322
e2_uci,yacht,ensemble,19,0.4,0.2903225806451613
e2_uci,yacht,ensemble,19,0.45,0.41935483870967744
e2_uci,yacht,ensemble,19,0.5,0.4838709677419355
e2_uci,yacht,ensemble,19,0.55,0.5806451612903226
e2_uci,yacht,ensemble,19,0.6000000000000001,0.6129032258064516
e2_uci,yacht,ensemble,19,0.6500000000000001,0.6774193548387096
e2_uci,yacht,ensemble,19,0.7000000000000001,0.7419354838709677
e2_uci,yacht,ensemble,19,0.7500000000000001,0.7741935483870968
e2_uci,yacht,ensemble,19,0.8,0.8709677419354839
e2_uci,yacht,ensemble,19,0.8500000000000001,0.9354838709677419
e2_uci,yacht,ensemble,19,0.9000000000000001,0.967741935483871
e2_uci,yacht,ensemble,19,0.9500000000000001,0.967741935483871
e2_uci,energy,ensemble,0,0.05,0.012987012987012988
e2_uci,energy,ensemble,0,0.1,0.05194805194805195
e2_uci,energy,ensemble,0,0.15000000000000002,0.07792207792207792
e2_uci,energy,ensemble,0,0.2,0.1038961038961039
e2_uci,energy,ensemble,0,0.25,0.16883116883116883
e2_uci,energy,ensemble,0,0.3,0.16883116883116883
e2_uci,energy,ensemble,0,0.35000000000000003,0.2077922077922078
e2_uci,energy,ensemble,0,0.4,0.2857142857142857
e2_uci,energy,ensemble,0,0.45,0.38961038961038963
e2_uci,energy,ensemble,0,0.5,0.44155844155844154
e2_uci,energy,ensemble,0,0.55,0.4935064935064935
e2_uci,energy,ensemble,0,0.6000000000000001,0.5584415584415584
e2_uci,energy,ensemble,0,0.6500000000000001,0.6883116883116883
e2_uci,energy,ensemble,0,0.7000000000000001,0.8051948051948052
e2_uci,energy,ensemble,0,0.7500000000000001,0.8571428571428571
e2_uci,energy,ensemble,0,0.8,0.922077922077922
e2_uci,energy,ensemble,0,0.8500000000000001,0.935064935064935
e2_uci,energy,ensemble,0,0.9000000000000001,0.974025974025974
e2_uci,energy,ensemble,0,0.9500000000000001,0.987012987012987
e2_uci,energy,ensemble,1,0.05,0.012987012987012988
e2_uci,energy,ensemble,1,0.1,0.05194805194805195
e2_uci,energy,ensemble,1,0.15000000000000002,0.07792207792207792
e2_uci,energy,ensemble,1,0.2,0.15584415584415584
e2_uci,energy,ensemble,1,0.25,0.16883116883116883
e2_uci,energy,ensemble,1,0.3,0.18181818181818182
e2_uci,energy,ensemble,1,0.35000000000000003,0.2597402597402597
e2_uci,energy,ensemble,1,0.4,0.3246753246753247
e2_uci,energy,ensemble,1,0.45,0.4025974025974026
e2_uci,energy,ensemble,1,0.5,0.4935064935064935
e2_uci,energy,ensemble,1,0.55,0.5584415584415584
e2_uci,energy,ensemble,1,0.6000000000000001,0.6103896103896104
e2_uci,energy,ensemble,1,0.6500000000000001,0.6623376623376623
e2_uci,energy,ensemble,1,0.7000000000000001,0.7142857142857143
e2_uci,energy,ensemble,1,0.7500000000000001,0.7792207792207793
e2_uci,energy,ensemble,1,0.8,0.8701298701298701
e2_uci,energy,ensemble,1,0.8500000000000001,0.8961038961038961
e2_uci,energy,ensemble,1,0.9000000000000001,0.948051948051948
e2_uci,energy,ensemble,1,0.9500000000000001,0.961038961038961
e2_uci,energy,ensemble,2,0.05,0.012987012987012988
e2_uci,energy,ensemble,2,0.1,0.05194805194805195
e2_uci,energy,ensemble,2,0.15000000000000002,0.07792207792207792
e2_uci,energy,ensemble,2,0.2,0.09090909090909091
e2_uci,energy,ensemble,2,0.25,0.14285714285714285
e2_uci,energy,ensemble,2,0.3,0.18181818181818182
e2_uci,energy,ensemble,2,0.35000000000000003,0.3116883116883117
e2_uci,energy,ensemble,2,0.4,0.38961038961038963
e2_uci,energy,ensemble,2,0.45,0.44155844155844154
e2_uci,energy,ensemble,2,0.5,0.5194805194805194
e2_uci,energy,ensemble,2,0.55,0.5974025974025974
e2_uci,energy,ensemble,2,0.6000000000000001,0.6493506493506493
e2_uci,energy,ensemble,2,0.6500000000000001,0.7142857142857143
e2_uci,energy,ensemble,2,0.7000000000000001,0.7402597402597403
e2_uci,energy,ensemble,2,0.7500000000000001,0.7922077922077922
e2_uci,energy,ensemble,2,0.8,0.8441558441558441
e2_uci,energy,ensemble,2,0.8500000000000001,0.9090909090909091
e2_uci,energy,ensemble,2,0.9000000000000001,0.961038961038961
e2_uci,energy,ensemble,2,0.9500000000000001,0.974025974025974
e2_uci,energy,ensemble,3,0.05,0.03896103896103896
e2_uci,energy,ensemble,3,0.1,0.07792207792207792
e2_uci,energy,ensemble,3,0.15000000000000002,0.1038961038961039
e2_uci,energy,ensemble,3,0.2,0.11688311688311688
e2_uci,energy,ensemble,3,0.25,0.12987012987012986
e2_uci,energy,ensemble,3,0.3,0.18181818181818182
e2_uci,energy,ensemble,3,0.35000000000000003,0.2857142857142857
e2_uci,energy,ensemble,3,0.4,0.37662337662337664
e2_uci,energy,ensemble,3,0.45,0.4155844155844156
e2_uci,energy,ensemble,3,0.5,0.4675324675324675
e2_uci,energy,ensemble,3,0.55,0.5584415584415584
e2_uci,energy,ensemble,3,0.6000000000000001,0.6233766233766234
e2_uci,energy,ensemble,3,0.6500000000000001,0.6753246753246753
e2_uci,energy,ensemble,3,0.7000000000000001,0.7402597402597403
e2_uci,energy,ensemble,3,0.7500000000000001,0.8051948051948052
e2_uci,energy,ensemble,3,0.8,0.8441558441558441
e2_uci,energy,ensemble,3,0.8500000000000001,0.8961038961038961
e2_uci,energy,ensemble,3,0.9000000000000001,0.935064935064935
e2_uci,energy,ensemble,3,0.9500000000000001,0.961038961038961
e2_uci,energy,ensemble,4,0.05,0.06493506493506493
e2_uci,energy,ensemble,4,0.1,0.12987012987012986
e2_uci,energy,ensemble,4,0.15000000000000002,0.18181818181818182
e2_uci,energy,ensemble,4,0.2,0.23376623376623376
e2_uci,energy,ensemble,4,0.25,0.24675324675324675
e2_uci,energy,ensemble,4,0.3,0.2727272727272727
e2_uci,energy,ensemble,4,0.35000000000000003,0.35064935064935066
e2_uci,energy,ensemble,4,0.4,0.4805194805194805
e2_uci,energy,ensemble,4,0.45,0.5324675324675324
e2_uci,energy,ensemble,4,0.5,0.5584415584415584
e2_uci,energy,ensemble,4,0.55,0.6233766233766234
e2_uci,energy,ensemble,4,0.6000000000000001,0.6753246753246753
e2_uci,energy,ensemble,4,0.6500000000000001,0.7142857142857143
e2_uci,energy,ensemble,4,0.7000000000000001,0.7792207792207793
e2_uci,energy,ensemble,4,0.7500000000000001,0.8181818181818182
e2_uci,energy,ensemble,4,0.8,0.8831168831168831
e2_uci,energy,ensemble,4,0.8500000000000001,0.922077922077922
e2_uci,energy,ensemble,4,0.9000000000000001,0.961038961038961
e2_uci,energy,ensemble,4,0.9500000000000001,0.974025974025974
e2_uci,energy,ensemble,5,0.05,0.03896103896103896
e2_uci,energy,ensemble,5,0.1,0.12987012987012986
e2_uci,energy,ensemble,5,0.15000000000000002,0.15584415584415584
e2_uci,energy,ensemble,5,0.2,0.18181818181818182
e2_uci,energy,ensemble,5,0.25,0.2077922077922078
e2_uci,energy,ensemble,5,0.3,0.23376623376623376
e2_uci,energy,ensemble,5,0.35000000000000003,0.33766233766233766
e2_uci,energy,ensemble,5,0.4,0.37662337662337664
e2_uci,energy,ensemble,5,0.45,0.4805194805194805
e2_uci,energy,ensemble,5,0.5,0.5584415584415584
e2_uci,energy,ensemble,5,0.55,0.6363636363636364
e2_uci,energy,ensemble,5,0.6000000000000001,0.7142857142857143
e2_uci,energy,ensemble,5,0.6500000000000001,0.7662337662337663
e2_uci,energy,ensemble,5,0.7000000000000001,0.8311688311688312
e2_uci,energy,ensemble,5,0.7500000000000001,0.8701298701298701
e2_uci,energy,ensemble,5,0.8,0.8961038961038961
e2_uci,energy,ensemble,5,0.8500000000000001,0.922077922077922
e2_uci,energy,ensemble,5,0.9000000000000001,0.935064935064935
e2_uci,energy,ensemble,5,0.9500000000000001,0.961038961038961
e2_uci,energy,ensemble,6,0.05,0.07792207792207792
e2_uci,energy,ensemble,6,0.1,0.1038961038961039
e2_uci,energy,ensemble,6,0.15000000000000002,0.12987012987012986
e2_uci,energy,ensemble,6,0.2,0.18181818181818182
e2_uci,energy,ensemble,6,0.25,0.22077922077922077
e2_uci,energy,ensemble,6,0.3,0.2727272727272727
e2_uci,energy,ensemble,6,0.35000000000000003,0.36363636363636365
e2_uci,energy,ensemble,6,0.4,0.4025974025974026
e2_uci,energy,ensemble,6,0.45,0.5324675324675324
e2_uci,energy,ensemble,6,0.5,0.5714285714285714
e2_uci,energy,ensemble,6,0.55,0.6623376623376623
e2_uci,energy,ensemble,6,0.6000000000000001,0.7532467532467533
e2_uci,energy,ensemble,6,0.6500000000000001,0.7922077922077922
e2_uci,energy,ensemble,6,0.7000000000000001,0.8441558441558441
e2_uci,energy,ensemble,6,0.7500000000000001,0.8961038961038961
e2_uci,energy,ensemble,6,0.8,0.922077922077922
e2_uci,energy,ensemble,6,0.8500000000000001,0.935064935064935
e2_uci,energy,ensemble,6,0.9000000000000001,0.961038961038961
e2_uci,energy,ensemble,6,0.9500000000000001,0.987012987012987
e2_uci,energy,ensemble,7,0.05,0.05194805194805195
e2_uci,energy,ensemble,7,0.1,0.1038961038961039
e2_uci,energy,ensemble,7,0.15000000000000002,0.14285714285714285
e2_uci,energy,ensemble,7,0.2,0.15584415584415584
e2_uci,energy,ensemble,7,0.25,0.18181818181818182
e2_uci,energy,ensemble,7,0.3,0.2077922077922078
e2_uci,energy,ensemble,7,0.35000000000000003,0.2597402597402597
e2_uci,energy,ensemble,7,0.4,0.3116883116883117
e2_uci,energy,ensemble,7,0.45,0.38961038961038963
e2_uci,energy,ensemble,7,0.5,0.44155844155844154
e2_uci,energy,ensemble,7,0.55,0.5064935064935064
e2_uci,energy,ensemble,7,0.6000000000000001,0.6103896103896104
e2_uci,energy,ensemble,7,0.6500000000000001,0.6233766233766234
e2_uci,energy,ensemble,7,0.7000000000000001,0.6753246753246753
e2_uci,energy,ensemble,7,0.7500000000000001,0.7922077922077922
e2_uci,energy,ensemble,7,0.8,0.8311688311688312
e2_uci,energy,ensemble,7,0.8500000000000001,0.8571428571428571
e2_uci,energy,ensemble,7,0.9000000000000001,0.8831168831168831
e2_uci,energy,ensemble,7,0.9500000000000001,0.974025974025974
e2_uci,energy,ensemble,8,0.05,0.025974025974025976
e2_uci,energy,ensemble,8,0.1,0.03896103896103896
e2_uci,energy,ensemble,8,0.15000000000000002,0.07792207792207792
e2_uci,energy,ensemble,8,0.2,0.09090909090909091
e2_uci,energy,ensemble,8,0.25,0.1038961038961039
e2_uci,energy,ensemble,8,0.3,0.15584415584415584
e2_uci,energy,ensemble,8,0.35000000000000003,0.23376623376623376
e2_uci,energy,ensemble,8,0.4,0.2727272727272727
e2_uci,energy,ensemble,8,0.45,0.4155844155844156
e2_uci,energy,ensemble,8,0.5,0.4805194805194805
e2_uci,energy,ensemble,8,0.55,0.5454545454545454
e2_uci,energy,ensemble,8,0.6000000000000001,0.5584415584415584
e2_uci,energy,ensemble,8,0.6500000000000001,0.5974025974025974
e2_uci,energy,ensemble,8,0.7000000000000001,0.6363636363636364
e2_uci,energy,ensemble,8,0.7500000000000001,0.7012987012987013
e2_uci,energy,ensemble,8,0.8,0.7792207792207793
e2_uci,energy,ensemble,8,0.8500000000000001,0.8831168831168831
e2_uci,energy,ensemble,8,0.9000000000000001,0.8961038961038961
e2_uci,energy,ensemble,8,0.9500000000000001,0.935064935064935
e2_uci,energy,ensemble,9,0.05,0.0
e2_uci,energy,ensemble,9,0.1,0.025974025974025976
e2_uci,energy,ensemble,9,0.15000000000000002,0.07792207792207792
e2_uci,energy,ensemble,9,0.2,0.1038961038961039
e2_uci,energy,ensemble,9,0.25,0.11688311688311688
e2_uci,energy,ensemble,9,0.3,0.18181818181818182
e2_uci,energy,ensemble,9,0.35000000000000003,0.22077922077922077
e2_uci,energy,ensemble,9,0.4,0.2857142857142857
e2_uci,energy,ensemble,9,0.45,0.36363636363636365
e2_uci,energy,ensemble,9,0.5,0.42857142857142855
e2_uci,energy,ensemble,9,0.55,0.5454545454545454
e2_uci,energy,ensemble,9,0.6000000000000001,0.6103896103896104
e2_uci,energy,ensemble,9,0.6500000000000001,0.7012987012987013
e2_uci,energy,ensemble,9,0.7000000000000001,0.7662337662337663
e2_uci,energy,ensemble,9,0.7500000000000001,0.8051948051948052
e2_uci,energy,ensemble,9,0.8,0.8571428571428571
e2_uci,energy,ensemble,9,0.8500000000000001,0.9090909090909091
e2_uci,energy,ensemble,9,0.9000000000000001,0.922077922077922
e2_uci,energy,ensemble,9,0.9500000000000001,0.961038961038961
e2_uci,energy,ensemble,10,0.05,0.012987012987012988
e2_uci,energy,ensemble,10,0.1,0.07792207792207792
e2_uci,energy,ensemble,10,0.15000000000000002,0.12987012987012986
e2_uci,energy,ensemble,10,0.2,0.12987012987012986
e2_uci,energy,ensemble,10,0.25,0.16883116883116883
e2_uci,energy,ensemble,10,0.3,0.24675324675324675
e2_uci,energy,ensemble,10,0.35000000000000003,0.2987012987012987
e2_uci,energy,ensemble,10,0.4,0.3246753246753247
e2_uci,energy,ensemble,10,0.45,0.36363636363636365
e2_uci,energy,ensemble,10,0.5,0.42857142857142855
e2_uci,energy,ensemble,10,0.55,0.4805194805194805
e2_uci,energy,ensemble,10,0.6000000000000001,0.5584415584415584
e2_uci,energy,ensemble,10,0.6500000000000001,0.6233766233766234
e2_uci,energy,ensemble,10,0.7000000000000001,0.7012987012987013
e2_uci,energy,ensemble,10,0.7500000000000001,0.7532467532467533
e2_uci,energy,ensemble,10,0.8,0.8311688311688312
e2_uci,energy,ensemble,10,0.8500000000000001,0.8961038961038961
e2_uci,energy,ensemble,10,0.9000000000000001,0.922077922077922
e2_uci,energy,ensemble,10,0.9500000000000001,0.974025974025974
e2_uci,energy,ensemble,11,0.05,0.025974025974025976
e2_uci,energy,ensemble,11,0.1,0.09090909090909091
e2_uci,energy,ensemble,11,0.15000000000000002,0.1038961038961039
e2_uci,energy,ensemble,11,0.2,0.14285714285714285
e2_uci,energy,ensemble,11,0.25,0.18181818181818182
e2_uci,energy,ensemble,11,0.3,0.22077922077922077
e2_uci,energy,ensemble,11,0.35000000000000003,0.24675324675324675
e2_uci,energy,ensemble,11,0.4,0.2987012987012987
e2_uci,energy,ensemble,11,0.45,0.4025974025974026
e2_uci,energy,ensemble,11,0.5,0.4935064935064935
e2_uci,energy,ensemble,11,0.55,0.5844155844155844
e2_uci,energy,ensemble,11,0.6000000000000001,0.6623376623376623
e2_uci,energy,ensemble,11,0.6500000000000001,0.7272727272727273
e2_uci,energy,ensemble,11,0.7000000000000001,0.8051948051948052
e2_uci,energy,ensemble,11,0.7500000000000001,0.8571428571428571
e2_uci,energy,ensemble,11,0.8,0.9090909090909091
e2_uci,energy,ensemble,11,0.8500000000000001,0.961038961038961
e2_uci,energy,ensemble,11,0.9000000000000001,0.987012987012987
e2_uci,energy,ensemble,11,0.9500000000000001,1.0
e2_uci,energy,ensemble,12,0.05,0.05194805194805195
e2_uci,energy,ensemble,12,0.1,0.11688311688311688
e2_uci,energy,ensemble,12,0.15000000000000002,0.11688311688311688
e2_uci,energy,ensemble,12,0.2,0.16883116883116883
e2_uci,energy,ensemble,12,0.25,0.2077922077922078
e2_uci,energy,ensemble,12,0.3,0.2987012987012987
e2_uci,energy,ensemble,12,0.35000000000000003,0.37662337662337664
e2_uci,energy,ensemble,12,0.4,0.5064935064935064
e2_uci,energy,ensemble,12,0.45,0.5844155844155844
e2_uci,energy,ensemble,12,0.5,0.6623376623376623
e2_uci,energy,ensemble,12,0.55,0.7012987012987013
e2_uci,energy,ensemble,12,0.6000000000000001,0.7662337662337663
e2_uci,energy,ensemble,12,0.6500000000000001,0.8051948051948052
e2_uci,energy,ensemble,12,0.7000000000000001,0.8181818181818182
e2_uci,energy,ensemble,12,0.7500000000000001,0.8441558441558441
e2_uci,energy,ensemble,12,0.8,0.8701298701298701
e2_uci,energy,ensemble,12,0.8500000000000001,0.9090909090909091
e2_uci,energy,ensemble,12,0.9000000000000001,0.922077922077922
e2_uci,energy,ensemble,12,0.9500000000000001,0.974025974025974
e2_uci,energy,ensemble,13,0.05,0.012987012987012988
e2_uci,energy,ensemble,13,0.1,0.1038961038961039
e2_uci,energy,ensemble,13,0.15000000000000002,0.1038961038961039
e2_uci,energy,ensemble,13,0.2,0.2077922077922078
e2_uci,energy,ensemble,13,0.25,0.23376623376623376
e2_uci,energy,ensemble,13,0.3,0.2987012987012987
e2_uci,energy,ensemble,13,0.35000000000000003,0.38961038961038963
e2_uci,energy,ensemble,13,0.4,0.44155844155844154
e2_uci,energy,ensemble,13,0.45,0.4675324675324675
e2_uci,energy,ensemble,13,0.5,0.5064935064935064
e2_uci,energy,ensemble,13,0.55,0.5844155844155844
e2_uci,energy,ensemble,13,0.6000000000000001,0.6623376623376623
e2_uci,energy,ensemble,13,0.6500000000000001,0.7012987012987013
e2_uci,energy,ensemble,13,0.7000000000000001,0.8051948051948052
e2_uci,energy,ensemble,13,0.7500000000000001,0.8571428571428571
e2_uci,energy,ensemble,13,0.8,0.8961038961038961
e2_uci,energy,ensemble,13,0.8500000000000001,0.922077922077922
e2_uci,energy,ensemble,13,0.9000000000000001,0.948051948051948
e2_uci,energy,ensemble,13,0.9500000000000001,0.961038961038961
e2_uci,energy,ensemble,14,0.05,0.025974025974025976
e2_uci,energy,ensemble,14,0.1,0.05194805194805195
e2_uci,energy,ensemble,14,0.15000000000000002,0.05194805194805195
e2_uci,energy,ensemble,14,0.2,0.06493506493506493
e2_uci,energy,ensemble,14,0.25,0.07792207792207792
e2_uci,energy,ensemble,14,0.3,0.09090909090909091
e2_uci,energy,ensemble,14,0.35000000000000003,0.12987012987012986
e2_uci,energy,ensemble,14,0.4,0.14285714285714285
e2_uci,energy,ensemble,14,0.45,0.24675324675324675
e2_uci,energy,ensemble,14,0.5,0.3246753246753247
e2_uci,energy,ensemble,14,0.55,0.4155844155844156
e2_uci,energy,ensemble,14,0.6000000000000001,0.5064935064935064
e2_uci,energy,ensemble,14,0.6500000000000001,0.5974025974025974
e2_uci,energy,ensemble,14,0.7000000000000001,0.7012987012987013
e2_uci,energy,ensemble,14,0.7500000000000001,0.7532467532467533
e2_uci,energy,ensemble,14,0.8,0.8051948051948052
e2_uci,energy,ensemble,14,0.8500000000000001,0.8571428571428571
e2_uci,energy,ensemble,14,0.9000000000000001,0.935064935064935
e2_uci,energy,ensemble,14,0.9500000000000001,0.948051948051948
e2_uci,energy,ensemble,15,0.05,0.0
e2_uci,energy,ensemble,15,0.1,0.07792207792207792
e2_uci,energy,ensemble,15,0.15000000000000002,0.07792207792207792
e2_uci,energy,ensemble,15,0.2,0.12987012987012986
e2_uci,energy,ensemble,15,0.25,0.15584415584415584
e2_uci,energy,ensemble,15,0.3,0.22077922077922077
e2_uci,energy,ensemble,15,0.35000000000000003,0.2857142857142857
e2_uci,energy,ensemble,15,0.4,0.33766233766233766
e2_uci,energy,ensemble,15,0.45,0.42857142857142855
e2_uci,energy,ensemble,15,0.5,0.4935064935064935
e2_uci,energy,ensemble,15,0.55,0.5454545454545454
e2_uci,energy,ensemble,15,0.6000000000000001,0.5844155844155844
e2_uci,energy,ensemble,15,0.6500000000000001,0.7012987012987013
e2_uci,energy,ensemble,15,0.7000000000000001,0.7792207792207793
e2_uci,energy,ensemble,15,0.7500000000000001,0.8571428571428571
e2_uci,energy,ensemble,15,0.8,0.8831168831168831
e2_uci,energy,ensemble,15,0.8500000000000001,0.9090909090909091
e2_uci,energy,ensemble,15,0.9000000000000001,0.948051948051948
e2_uci,energy,ensemble,15,0.9500000000000001,0.974025974025974
e2_uci,energy,ensemble,16,0.05,0.0
e2_uci,energy,ensemble,16,0.1,0.025974025974025976
e2_uci,energy,ensemble,16,0.15000000000000002,0.03896103896103896
e2_uci,energy,ensemble,16,0.2,0.11688311688311688
e2_uci,energy,ensemble,16,0.25,0.12987012987012986
e2_uci,energy,ensemble,16,0.3,0.16883116883116883
e2_uci,energy,ensemble,16,0.35000000000000003,0.2077922077922078
e2_uci,energy,ensemble,16,0.4,0.24675324675324675
e2_uci,energy,ensemble,16,0.45,0.2857142857142857
e2_uci,energy,ensemble,16,0.5,0.35064935064935066
e2_uci,energy,ensemble,16,0.55,0.42857142857142855
e2_uci,energy,ensemble,16,0.6000000000000001,0.5324675324675324
e2_uci,energy,ensemble,16,0.6500000000000001,0.5714285714285714
e2_uci,energy,ensemble,16,0.7000000000000001,0.6493506493506493
e2_uci,energy,ensemble,16,0.7500000000000001,0.7662337662337663
e2_uci,energy,ensemble,16,0.8,0.8051948051948052
e2_uci,energy,ensemble,16,0.8500000000000001,0.8571428571428571
e2_uci,energy,ensemble,16,0.9000000000000001,0.8571428571428571
e2_uci,energy,ensemble,16,0.9500000000000001,0.9090909090909091
e2_uci,energy,ensemble,17,0.05,0.025974025974025976
e2_uci,energy,ensemble,17,0.1,0.05194805194805195
e2_uci,energy,ensemble,17,0.15000000000000002,0.06493506493506493
e2_uci,energy,ensemble,17,0.2,0.06493506493506493
e2_uci,energy,ensemble,17,0.25,0.1038961038961039
e2_uci,energy,ensemble,17,0.3,0.1038961038961039
e2_uci,energy,ensemble,17,0.35000000000000003,0.11688311688311688
e2_uci,energy,ensemble,17,0.4,0.15584415584415584
e2_uci,energy,ensemble,17,0.45,0.23376623376623376
e2_uci,energy,ensemble,17,0.5,0.33766233766233766
e2_uci,energy,ensemble,17,0.55,0.38961038961038963
e2_uci,energy,ensemble,17,0.6000000000000001,0.5064935064935064
e2_uci,energy,ensemble,17,0.6500000000000001,0.5454545454545454
e2_uci,energy,ensemble,17,0.7000000000000001,0.6363636363636364
e2_uci,energy,ensemble,17,0.7500000000000001,0.7012987012987013
e2_uci,energy,ensemble,17,0.8,0.8181818181818182
e2_uci,energy,ensemble,17,0.8500000000000001,0.8831168831168831
e2_uci,energy,ensemble,17,0.9000000000000001,0.961038961038961
e2_uci,energy,ensemble,17,0.9500000000000001,0.987012987012987
e2_uci,energy,ensemble,18,0.05,0.07792207792207792
e2_uci,energy,ensemble,18,0.1,0.11688311688311688
e2_uci,energy,ensemble,18,0.15000000000000002,0.15584415584415584
e2_uci,energy,ensemble,18,0.2,0.22077922077922077
e2_uci,energy,ensemble,18,0.25,0.2857142857142857
e2_uci,energy,ensemble,18,0.3,0.3246753246753247
e2_uci,energy,ensemble,18,0.35000000000000003,0.35064935064935066
e2_uci,energy,ensemble,18,0.4,0.4935064935064935
e2_uci,energy,ensemble,18,0.45,0.5584415584415584
e2_uci,energy,ensemble,18,0.5,0.6103896103896104
e2_uci,energy,ensemble,18,0.55,0.7012987012987013
e2_uci,energy,ensemble,18,0.6000000000000001,0.7272727272727273
e2_uci,energy,ensemble,18,0.6500000000000001,0.7532467532467533
e2_uci,energy,ensemble,18,0.7000000000000001,0.7922077922077922
e2_uci,energy,ensemble,18,0.7500000000000001,0.7922077922077922
e2_uci,energy,ensemble,18,0.8,0.8441558441558441
e2_uci,energy,ensemble,18,0.8500000000000001,0.8701298701298701
e2_uci,energy,ensemble,18,0.9000000000000001,0.922077922077922
e2_uci,energy,ensemble,18,0.9500000000000001,0.987012987012987
e2_uci,energy,ensemble,19,0.05,0.06493506493506493
e2_uci,energy,ensemble,19,0.1,0.11688311688311688
e2_uci,energy,ensemble,19,0.15000000000000002,0.16883116883116883
e2_uci,energy,ensemble,19,0.2,0.19480519480519481
e2_uci,energy,ensemble,19,0.25,0.24675324675324675
e2_uci,energy,ensemble,19,0.3,0.2727272727272727
e2_uci,energy,ensemble,19,0.35000000000000003,0.33766233766233766
e2_uci,energy,ensemble,19,0.4,0.36363636363636365
e2_uci,energy,ensemble,19,0.45,0.38961038961038963
e2_uci,energy,ensemble,19,0.5,0.4675324675324675
e2_uci,energy,ensemble,19,0.55,0.5844155844155844
e2_uci,energy,ensemble,19,0.6000000000000001,0.6753246753246753
e2_uci,energy,ensemble,19,0.6500000000000001,0.7402597402597403
e2_uci,energy,ensemble,19,0.7000000000000001,0.7792207792207793
e2_uci,energy,ensemble,19,0.7500000000000001,0.8051948051948052
e2_uci,energy,ensemble,19,0.8,0.8701298701298701
e2_uci,energy,ensemble,19,0.8500000000000001,0.9090909090909091
e2_uci,energy,ensemble,19,0.9000000000000001,0.948051948051948
e2_uci,energy,ensemble,19,0.9500000000000001,0.974025974025974
e2_uci,concrete,ensemble,0,0.05,0.07766990291262135
e2_uci,concrete,ensemble,0,0.1,0.1262135922330097
e2_uci,concrete,ensemble,0,0.15000000000000002,0.17475728155339806
e2_uci,concrete,ensemble,0,0.2,0.20388349514563106
e2_uci,concrete,ensemble,0,0.25,0.22330097087378642
e2_uci,concrete,ensemble,0,0.3,0.2912621359223301
e2_uci,concrete,ensemble,0,0.35000000000000003,0.34951456310679613
e2_uci,concrete,ensemble,0,0.4,0.39805825242718446
e2_uci,concrete,ensemble,0,0.45,0.4563106796116505
e2_uci,concrete,ensemble,0,0.5,0.49514563106796117
e2_uci,concrete,ensemble,0,0.55,0.5631067961165048
e2_uci,concrete,ensemble,0,0.6000000000000001,0.6213592233009708
e2_uci,concrete,ensemble,0,0.6500000000000001,0.6407766990291263
e2_uci,concrete,ensemble,0,0.7000000000000001,0.6893203883495146
e2_uci,concrete,ensemble,0,0.7500000000000001,0.7475728155339806
e2_uci,concrete,ensemble,0,0.8,0.8349514563106796
e2_uci,concrete,ensemble,0,0.8500000000000001,0.8932038834951457
e2_uci,concrete,ensemble,0,0.9000000000000001,0.9029126213592233
e2_uci,concrete,ensemble,0,0.9500000000000001,0.9320388349514563
e2_uci,concrete,ensemble,1,0.05,0.06796116504854369
e2_uci,concrete,ensemble,1,0.1,0.07766990291262135
e2_uci,concrete,ensemble,1,0.15000000000000002,0.10679611650485436
e2_uci,concrete,ensemble,1,0.2,0.1553398058252427
e2_uci,concrete,ensemble,1,0.25,0.21359223300970873
e2_uci,concrete,ensemble,1,0.3,0.2912621359223301
e2_uci,concrete,ensemble,1,0.35000000000000003,0.3786407766990291
e2_uci,concrete,ensemble,1,0.4,0.47572815533980584
e2_uci,concrete,ensemble,1,0.45,0.5922330097087378
e2_uci,concrete,ensemble,1,0.5,0.6601941747572816
e2_uci,concrete,ensemble,1,0.55,0.6990291262135923
e2_uci,concrete,ensemble,1,0.6000000000000001,0.7572815533980582
e2_uci,concrete,ensemble,1,0.6500000000000001,0.7864077669902912
e2_uci,concrete,ensemble,1,0.7000000000000001,0.8058252427184466
e2_uci,concrete,ensemble,1,0.7500000000000001,0.8252427184466019
e2_uci,concrete,ensemble,1,0.8,0.883495145631068
e2_uci,concrete,ensemble,1,0.8500000000000001,0.9029126213592233
e2_uci,concrete,ensemble,1,0.9000000000000001,0.9223300970873787
e2_uci,concrete,ensemble,1,0.9500000000000001,0.941747572815534
e2_uci,concrete,ensemble,2,0.05,0.06796116504854369
e2_uci,concrete,ensemble,2,0.1,0.08737864077669903
e2_uci,concrete,ensemble,2,0.15000000000000002,0.14563106796116504
e2_uci,concrete,ensemble,2,0.2,0.1553398058252427
e2_uci,concrete,ensemble,2,0.25,0.20388349514563106
e2_uci,concrete,ensemble,2,0.3,0.2621359223300971
e2_uci,concrete,ensemble,2,0.35000000000000003,0.2912621359223301
e2_uci,concrete,ensemble,2,0.4,0.33980582524271846
e2_uci,concrete,ensemble,2,0.45,0.4174757281553398
e2_uci,concrete,ensemble,2,0.5,0.47572815533980584
e2_uci,concrete,ensemble,2,0.55,0.5436893203883495
e2_uci,concrete,ensemble,2,0.6000000000000001,0.5825242718446602
e2_uci,concrete,ensemble,2,0.6500000000000001,0.6407766990291263
e2_uci,concrete,ensemble,2,0.7000000000000001,0.7087378640776699
e2_uci,concrete,ensemble,2,0.7500000000000001,0.7864077669902912
e2_uci,concrete,ensemble,2,0.8,0.8252427184466019
e2_uci,concrete,ensemble,2,0.8500000000000001,0.8737864077669902
e2_uci,concrete,ensemble,2,0.9000000000000001,0.9029126213592233
e2_uci,concrete,ensemble,2,0.9500000000000001,0.9320388349514563
e2_uci,concrete,ensemble,3,0.05,0.10679611650485436
e2_uci,concrete,ensemble,3,0.1,0.1650485436893204
e2_uci,concrete,ensemble,3,0.15000000000000002,0.1650485436893204
e2_uci,concrete,ensemble,3,0.2,0.18446601941747573
e2_uci,concrete,ensemble,3,0.25,0.21359223300970873
e2_uci,concrete,ensemble,3,0.3,0.2621359223300971
e2_uci,concrete,ensemble,3,0.35000000000000003,0.3300970873786408
e2_uci,concrete,ensemble,3,0.4,0.4174757281553398
e2_uci,concrete,ensemble,3,0.45,0.47572815533980584
e2_uci,concrete,ensemble,3,0.5,0.5436893203883495
e2_uci,concrete,ensemble,3,0.55,0.6213592233009708
e2_uci,concrete,ensemble,3,0.6000000000000001,0.6699029126213593
e2_uci,concrete,ensemble,3,0.6500000000000001,0.7184466019417476
e2_uci,concrete,ensemble,3,0.7000000000000001,0.7475728155339806
e2_uci,concrete,ensemble,3,0.7500000000000001,0.7864077669902912
e2_uci,concrete,ensemble,3,0.8,0.8543689320388349
e2_uci,concrete,ensemble,3,0.8500000000000001,0.8737864077669902
e2_uci,concrete,ensemble,3,0.9000000000000001,0.912621359223301
e2_uci,concrete,ensemble,3,0.9500000000000001,0.941747572815534
e2_uci,concrete,ensemble,4,0.05,0.0970873786407767
e2_uci,concrete,ensemble,4,0.1,0.11650485436893204
e2_uci,concrete,ensemble,4,0.15000000000000002,0.13592233009708737
e2_uci,concrete,ensemble,4,0.2,0.17475728155339806
e2_uci,concrete,ensemble,4,0.25,0.21359223300970873
e2_uci,concrete,ensemble,4,0.3,0.27184466019417475
e2_uci,concrete,ensemble,4,0.35000000000000003,0.33980582524271846
e2_uci,concrete,ensemble,4,0.4,0.3883495145631068
e2_uci,concrete,ensemble,4,0.45,0.44660194174757284
e2_uci,concrete,ensemble,4,0.5,0.49514563106796117
e2_uci,concrete,ensemble,4,0.55,0.5631067961165048
e2_uci,concrete,ensemble,4,0.6000000000000001,0.6019417475728155
e2_uci,concrete,ensemble,4,0.6500000000000001,0.6601941747572816
e2_uci,concrete,ensemble,4,0.7000000000000001,0.7087378640776699
e2_uci,concrete,ensemble,4,0.7500000000000001,0.7378640776699029
e2_uci,concrete,ensemble,4,0.8,0.7961165048543689
e2_uci,concrete,ensemble,4,0.8500000000000001,0.8155339805825242
e2_uci,concrete,ensemble,4,0.9000000000000001,0.883495145631068
e2_uci,concrete,ensemble,4,0.9500000000000001,0.912621359223301
e2_uci,concrete,ensemble,5,0.05,0.02912621359223301
e2_uci,concrete,ensemble,5,0.1,0.04854368932038835
e2_uci,concrete,ensemble,5,0.15000000000000002,0.04854368932038835
e2_uci,concrete,ensemble,5,0.2,0.06796116504854369
e2_uci,concrete,ensemble,5,0.25,0.13592233009708737
e2_uci,concrete,ensemble,5,0.3,0.20388349514563106
e2_uci,concrete,ensemble,5,0.35000000000000003,0.2815533980582524
e2_uci,concrete,ensemble,5,0.4,0.32038834951456313
e2_uci,concrete,ensemble,5,0.45,0.3786407766990291
e2_uci,concrete,ensemble,5,0.5,0.4563106796116505
e2_uci,concrete,ensemble,5,0.55,0.5242718446601942
e2_uci,concrete,ensemble,5,0.6000000000000001,0.6019417475728155
e2_uci,concrete,ensemble,5,0.6500000000000001,0.6407766990291263
e2_uci,concrete,ensemble,5,0.7000000000000001,0.6893203883495146
e2_uci,concrete,ensemble,5,0.7500000000000001,0.7766990291262136
e2_uci,concrete,ensemble,5,0.8,0.8058252427184466
e2_uci,concrete,ensemble,5,0.8500000000000001,0.8737864077669902
e2_uci,concrete,ensemble,5,0.9000000000000001,0.9320388349514563
e2_uci,concrete,ensemble,5,0.9500000000000001,0.9514563106796117
e2_uci,concrete,ensemble,6,0.05,0.06796116504854369
e2_uci,concrete,ensemble,6,0.1,0.08737864077669903
e2_uci,concrete,ensemble,6,0.15000000000000002,0.13592233009708737
e2_uci,concrete,ensemble,6,0.2,0.17475728155339806
e2_uci,concrete,ensemble,6,0.25,0.21359223300970873
e2_uci,concrete,ensemble,6,0.3,0.24271844660194175
e2_uci,concrete,ensemble,6,0.35000000000000003,0.3106796116504854
e2_uci,concrete,ensemble,6,0.4,0.36893203883495146
e2_uci,concrete,ensemble,6,0.45,0.4563106796116505
e2_uci,concrete,ensemble,6,0.5,0.5436893203883495
e2_uci,concrete,ensemble,6,0.55,0.6116504854368932
e2_uci,concrete,ensemble,6,0.6000000000000001,0.6407766990291263
e2_uci,concrete,ensemble,6,0.6500000000000001,0.7281553398058253
e2_uci,concrete,ensemble,6,0.7000000000000001,0.7572815533980582
e2_uci,concrete,ensemble,6,0.7500000000000001,0.8446601941747572
e2_uci,concrete,ensemble,6,0.8,0.8640776699029126
e2_uci,concrete,ensemble,6,0.8500000000000001,0.9029126213592233
e2_uci,concrete,ensemble,6,0.9000000000000001,0.941747572815534
e2_uci,concrete,ensemble,6,0.9500000000000001,0.9514563106796117
e2_uci,concrete,ensemble,7,0.05,0.07766990291262135
e2_uci,concrete,ensemble,7,0.1,0.11650485436893204
e2_uci,concrete,ensemble,7,0.15000000000000002,0.13592233009708737
e2_uci,concrete,ensemble,7,0.2,0.1553398058252427
e2_uci,concrete,ensemble,7,0.25,0.23300970873786409
e2_uci,concrete,ensemble,7,0.3,0.2815533980582524
e2_uci,concrete,ensemble,7,0.35000000000000003,0.33980582524271846
e2_uci,concrete,ensemble,7,0.4,0.39805825242718446
e2_uci,concrete,ensemble,7,0.45,0.4174757281553398
e2_uci,concrete,ensemble,7,0.5,0.44660194174757284
e2_uci,concrete,ensemble,7,0.55,0.49514563106796117
e2_uci,concrete,ensemble,7,0.6000000000000001,0.5533980582524272
e2_uci,concrete,ensemble,7,0.6500000000000001,0.6019417475728155
e2_uci,concrete,ensemble,7,0.7000000000000001,0.6601941747572816
e2_uci,concrete,ensemble,7,0.7500000000000001,0.7184466019417476
e2_uci,concrete,ensemble,7,0.8,0.7766990291262136
e2_uci,concrete,ensemble,7,0.8500000000000001,0.7864077669902912
e2_uci,concrete,ensemble,7,0.9000000000000001,0.8543689320388349
e2_uci,concrete,ensemble,7,0.9500000000000001,0.912621359223301
e2_uci,concrete,ensemble,8,0.05,0.038834951456310676
e2_uci,concrete,ensemble,8,0.1,0.07766990291262135
e2_uci,concrete,ensemble,8,0.15000000000000002,0.14563106796116504
e2_uci,concrete,ensemble,8,0.2,0.1941747572815534
e2_uci,concrete,ensemble,8,0.25,0.23300970873786409
e2_uci,concrete,ensemble,8,0.3,0.3106796116504854
e2_uci,concrete,ensemble,8,0.35000000000000003,0.3106796116504854
e2_uci,concrete,ensemble,8,0.4,0.3786407766990291
e2_uci,concrete,ensemble,8,0.45,0.4563106796116505
e2_uci,concrete,ensemble,8,0.5,0.5242718446601942
e2_uci,concrete,ensemble,8,0.55,0.5631067961165048
e2_uci,concrete,ensemble,8,0.6000000000000001,0.6019417475728155
e2_uci,concrete,ensemble,8,0.6500000000000001,0.6504854368932039
e2_uci,concrete,ensemble,8,0.7000000000000001,0.7087378640776699
e2_uci,concrete,ensemble,8,0.7500000000000001,0.7378640776699029
e2_uci,concrete,ensemble,8,0.8,0.7961165048543689
e2_uci,concrete,ensemble,8,0.8500000000000001,0.8155339805825242
e2_uci,concrete,ensemble,8,0.9000000000000001,0.8640776699029126
e2_uci,concrete,ensemble,8,0.9500000000000001,0.9029126213592233
e2_uci,concrete,ensemble,9,0.05,0.07766990291262135
e2_uci,concrete,ensemble,9,0.1,0.10679611650485436
e2_uci,concrete,ensemble,9,0.15000000000000002,0.13592233009708737
e2_uci,concrete,ensemble,9,0.2,0.18446601941747573
e2_uci,concrete,ensemble,9,0.25,0.2621359223300971
e2_uci,concrete,ensemble,9,0.3,0.3106796116504854
e2_uci,concrete,ensemble,9,0.35000000000000003,0.33980582524271846
e2_uci,concrete,ensemble,9,0.4,0.4077669902912621
e2_uci,concrete,ensemble,9,0.45,0.46601941747572817
e2_uci,concrete,ensemble,9,0.5,0.5436893203883495
e2_uci,concrete,ensemble,9,0.55,0.6116504854368932
e2_uci,concrete,ensemble,9,0.6000000000000001,0.6699029126213593
e2_uci,concrete,ensemble,9,0.6500000000000001,0.7184466019417476
e2_uci,concrete,ensemble,9,0.7000000000000001,0.8058252427184466
e2_uci,concrete,ensemble,9,0.7500000000000001,0.8640776699029126
e2_uci,concrete,ensemble,9,0.8,0.8737864077669902
e2_uci,concrete,ensemble,9,0.8500000000000001,0.8932038834951457
e2_uci,concrete,ensemble,9,0.9000000000000001,0.941747572815534
e2_uci,concrete,ensemble,9,0.9500000000000001,0.9514563106796117
e2_uci,concrete,ensemble,10,0.05,0.02912621359223301
e2_uci,concrete,ensemble,10,0.1,0.04854368932038835
e2_uci,concrete,ensemble,10,0.15000000000000002,0.08737864077669903
e2_uci,concrete,ensemble,10,0.2,0.10679611650485436
e2_uci,concrete,ensemble,10,0.25,0.1553398058252427
e2_uci,concrete,ensemble,10,0.3,0.17475728155339806
e2_uci,concrete,ensemble,10,0.35000000000000003,0.20388349514563106
e2_uci,concrete,ensemble,10,0.4,0.32038834951456313
e2_uci,concrete,ensemble,10,0.45,0.3592233009708738
e2_uci,concrete,ensemble,10,0.5,0.42718446601941745
e2_uci,concrete,ensemble,10,0.55,0.44660194174757284
e2_uci,concrete,ensemble,10,0.6000000000000001,0.5242718446601942
e2_uci,concrete,ensemble,10,0.6500000000000001,0.5922330097087378
e2_uci,concrete,ensemble,10,0.7000000000000001,0.6893203883495146
e2_uci,concrete,ensemble,10,0.7500000000000001,0.8252427184466019
e2_uci,concrete,ensemble,10,0.8,0.8543689320388349
e2_uci,concrete,ensemble,10,0.8500000000000001,0.8737864077669902
e2_uci,concrete,ensemble,10,0.9000000000000001,0.9029126213592233
e2_uci,concrete,ensemble,10,0.9500000000000001,0.9805825242718447
e2_uci,concrete,ensemble,11,0.05,0.019417475728155338
e2_uci,concrete,ensemble,11,0.1,0.02912621359223301
e2_uci,concrete,ensemble,11,0.15000000000000002,0.08737864077669903
e2_uci,concrete,ensemble,11,0.2,0.13592233009708737
e2_uci,concrete,ensemble,11,0.25,0.1650485436893204
e2_uci,concrete,ensemble,11,0.3,0.22330097087378642
e2_uci,concrete,ensemble,11,0.35000000000000003,0.2912621359223301
e2_uci,concrete,ensemble,11,0.4,0.36893203883495146
e2_uci,concrete,ensemble,11,0.45,0.4563106796116505
e2_uci,concrete,ensemble,11,0.5,0.5145631067961165
e2_uci,concrete,ensemble,11,0.55,0.5728155339805825
e2_uci,concrete,ensemble,11,0.6000000000000001,0.6116504854368932
e2_uci,concrete,ensemble,11,0.6500000000000001,0.6893203883495146
e2_uci,concrete,ensemble,11,0.7000000000000001,0.7281553398058253
e2_uci,concrete,ensemble,11,0.7500000000000001,0.8058252427184466
e2_uci,concrete,ensemble,11,0.8,0.8543689320388349
e2_uci,concrete,ensemble,11,0.8500000000000001,0.8640776699029126
e2_uci,concrete,ensemble,11,0.9000000000000001,0.9029126213592233
e2_uci,concrete,ensemble,11,0.9500000000000001,0.9805825242718447
e2_uci,concrete,ensemble,12,0.05,0.02912621359223301
e2_uci,concrete,ensemble,12,0.1,0.05825242718446602
e2_uci,concrete,ensemble,12,0.15000000000000002,0.06796116504854369
e2_uci,concrete,ensemble,12,0.2,0.1262135922330097
e2_uci,concrete,ensemble,12,0.25,0.1650485436893204
e2_uci,concrete,ensemble,12,0.3,0.2621359223300971
e2_uci,concrete,ensemble,12,0.35000000000000003,0.30097087378640774
e2_uci,concrete,ensemble,12,0.4,0.3883495145631068
e2_uci,concrete,ensemble,12,0.45,0.4174757281553398
e2_uci,concrete,ensemble,12,0.5,0.47572815533980584
e2_uci,concrete,ensemble,12,0.55,0.5145631067961165
e2_uci,concrete,ensemble,12,0.6000000000000001,0.6019417475728155
e2_uci,concrete,ensemble,12,0.6500000000000001,0.6601941747572816
e2_uci,concrete,ensemble,12,0.7000000000000001,0.7087378640776699
e2_uci,concrete,ensemble,12,0.7500000000000001,0.7864077669902912
e2_uci,concrete,ensemble,12,0.8,0.8058252427184466
e2_uci,concrete,ensemble,12,0.8500000000000001,0.8737864077669902
e2_uci,concrete,ensemble,12,0.9000000000000001,0.8932038834951457
e2_uci,concrete,ensemble,12,0.9500000000000001,0.9320388349514563
e2_uci,concrete,ensemble,13,0.05,0.019417475728155338
e2_uci,concrete,ensemble,13,0.1,0.038834951456310676
e2_uci,concrete,ensemble,13,0.15000000000000002,0.08737864077669903
e2_uci,concrete,ensemble,13,0.2,0.11650485436893204
e2_uci,concrete,ensemble,13,0.25,0.1553398058252427
e2_uci,concrete,ensemble,13,0.3,0.24271844660194175
e2_uci,concrete,ensemble,13,0.35000000000000003,0.2912621359223301
e2_uci,concrete,ensemble,13,0.4,0.3592233009708738
e2_uci,concrete,ensemble,13,0.45,0.4368932038834951
e2_uci,concrete,ensemble,13,0.5,0.47572815533980584
e2_uci,concrete,ensemble,13,0.55,0.5339805825242718
e2_uci,concrete,ensemble,13,0.6000000000000001,0.6116504854368932
e2_uci,concrete,ensemble,13,0.6500000000000001,0.6310679611650486
e2_uci,concrete,ensemble,13,0.7000000000000001,0.7184466019417476
e2_uci,concrete,ensemble,13,0.7500000000000001,0.7766990291262136
e2_uci,concrete,ensemble,13,0.8,0.8349514563106796
e2_uci,concrete,ensemble,13,0.8500000000000001,0.8640776699029126
e2_uci,concrete,ensemble,13,0.9000000000000001,0.8737864077669902
e2_uci,concrete,ensemble,13,0.9500000000000001,0.9029126213592233
e2_uci,concrete,ensemble,14,0.05,0.06796116504854369
e2_uci,concrete,ensemble,14,0.1,0.08737864077669903
e2_uci,concrete,ensemble,14,0.15000000000000002,0.11650485436893204
e2_uci,concrete,ensemble,14,0.2,0.14563106796116504
e2_uci,concrete,ensemble,14,0.25,0.20388349514563106
e2_uci,concrete,ensemble,14,0.3,0.2524271844660194
e2_uci,concrete,ensemble,14,0.35000000000000003,0.3300970873786408
e2_uci,concrete,ensemble,14,0.4,0.34951456310679613
e2_uci,concrete,ensemble,14,0.45,0.4174757281553398
e2_uci,concrete,ensemble,14,0.5,0.5145631067961165
e2_uci,concrete,ensemble,14,0.55,0.5533980582524272
e2_uci,concrete,ensemble,14,0.6000000000000001,0.5728155339805825
e2_uci,concrete,ensemble,14,0.6500000000000001,0.6019417475728155
e2_uci,concrete,ensemble,14,0.7000000000000001,0.7184466019417476
e2_uci,concrete,ensemble,14,0.7500000000000001,0.7572815533980582
e2_uci,concrete,ensemble,14,0.8,0.7961165048543689
e2_uci,concrete,ensemble,14,0.8500000000000001,0.8446601941747572
e2_uci,concrete,ensemble,14,0.9000000000000001,0.8640776699029126
e2_uci,concrete,ensemble,14,0.9500000000000001,0.912621359223301
e2_uci,concrete,ensemble,15,0.05,0.05825242718446602
e2_uci,concrete,ensemble,15,0.1,0.08737864077669903
e2_uci,concrete,ensemble,15,0.15000000000000002,0.14563106796116504
e2_uci,concrete,ensemble,15,0.2,0.1941747572815534
e2_uci,concrete,ensemble,15,0.25,0.23300970873786409
e2_uci,concrete,ensemble,15,0.3,0.27184466019417475
e2_uci,concrete,ensemble,15,0.35000000000000003,0.32038834951456313
e2_uci,concrete,ensemble,15,0.4,0.36893203883495146
e2_uci,concrete,ensemble,15,0.45,0.44660194174757284
e2_uci,concrete,ensemble,15,0.5,0.5145631067961165
e2_uci,concrete,ensemble,15,0.55,0.5339805825242718
e2_uci,concrete,ensemble,15,0.6000000000000001,0.5728155339805825
e2_uci,concrete,ensemble,15,0.6500000000000001,0.6116504854368932
e2_uci,concrete,ensemble,15,0.7000000000000001,0.6990291262135923
e2_uci,concrete,ensemble,15,0.7500000000000001,0.7669902912621359
e2_uci,concrete,ensemble,15,0.8,0.8640776699029126
e2_uci,concrete,ensemble,15,0.8500000000000001,0.8640776699029126
e2_uci,concrete,ensemble,15,0.9000000000000001,0.9320388349514563
e2_uci,concrete,ensemble,15,0.9500000000000001,0.970873786407767
e2_uci,concrete,ensemble,16,0.05,0.07766990291262135
e2_uci,concrete,ensemble,16,0.1,0.0970873786407767
e2_uci,concrete,ensemble,16,0.15000000000000002,0.1262135922330097
e2_uci,concrete,ensemble,16,0.2,0.18446601941747573
e2_uci,concrete,ensemble,16,0.25,0.1941747572815534
e2_uci,concrete,ensemble,16,0.3,0.23300970873786409
e2_uci,concrete,ensemble,16,0.35000000000000003,0.30097087378640774
e2_uci,concrete,ensemble,16,0.4,0.3592233009708738
e2_uci,concrete,ensemble,16,0.45,0.39805825242718446
e2_uci,concrete,ensemble,16,0.5,0.4077669902912621
e2_uci,concrete,ensemble,16,0.55,0.4563106796116505
e2_uci,concrete,ensemble,16,0.6000000000000001,0.5436893203883495
e2_uci,concrete,ensemble,16,0.6500000000000001,0.6310679611650486
e2_uci,concrete,ensemble,16,0.7000000000000001,0.7087378640776699
e2_uci,concrete,ensemble,16,0.7500000000000001,0.7572815533980582
e2_uci,concrete,ensemble,16,0.8,0.7961165048543689
e2_uci,concrete,ensemble,16,0.8500000000000001,0.8349514563106796
e2_uci,concrete,ensemble,16,0.9000000000000001,0.883495145631068
e2_uci,concrete,ensemble,16,0.9500000000000001,0.9320388349514563
e2_uci,concrete,ensemble,17,0.05,0.06796116504854369
e2_uci,concrete,ensemble,17,0.1,0.10679611650485436
e2_uci,concrete,ensemble,17,0.15000000000000002,0.14563106796116504
e2_uci,concrete,ensemble,17,0.2,0.20388349514563106
e2_uci,concrete,ensemble,17,0.25,0.22330097087378642
e2_uci,concrete,ensemble,17,0.3,0.2621359223300971
e2_uci,concrete,ensemble,17,0.35000000000000003,0.34951456310679613
e2_uci,concrete,ensemble,17,0.4,0.39805825242718446
e2_uci,concrete,ensemble,17,0.45,0.4854368932038835
e2_uci,concrete,ensemble,17,0.5,0.5242718446601942
e2_uci,concrete,ensemble,17,0.55,0.5728155339805825
e2_uci,concrete,ensemble,17,0.6000000000000001,0.6310679611650486
e2_uci,concrete,ensemble,17,0.6500000000000001,0.7572815533980582
e2_uci,concrete,ensemble,17,0.7000000000000001,0.7961165048543689
e2_uci,concrete,ensemble,17,0.7500000000000001,0.8446601941747572
e2_uci,concrete,ensemble,17,0.8,0.8640776699029126
e2_uci,concrete,ensemble,17,0.8500000000000001,0.883495145631068
e2_uci,concrete,ensemble,17,0.9000000000000001,0.941747572815534
e2_uci,concrete,ensemble,17,0.9500000000000001,0.970873786407767
e2_uci,concrete,ensemble,18,0.05,0.06796116504854369
e2_uci,concrete,ensemble,18,0.1,0.11650485436893204
e2_uci,concrete,ensemble,18,0.15000000000000002,0.14563106796116504
e2_uci,concrete,ensemble,18,0.2,0.1650485436893204
e2_uci,concrete,ensemble,18,0.25,0.21359223300970873
e2_uci,concrete,ensemble,18,0.3,0.2621359223300971
e2_uci,concrete,ensemble,18,0.35000000000000003,0.3300970873786408
e2_uci,concrete,ensemble,18,0.4,0.36893203883495146
e2_uci,concrete,ensemble,18,0.45,0.4077669902912621
e2_uci,concrete,ensemble,18,0.5,0.49514563106796117
e2_uci,concrete,ensemble,18,0.55,0.5242718446601942
e2_uci,concrete,ensemble,18,0.6000000000000001,0.5825242718446602
e2_uci,concrete,ensemble,18,0.6500000000000001,0.6407766990291263
e2_uci,concrete,ensemble,18,0.7000000000000001,0.6699029126213593
e2_uci,concrete,ensemble,18,0.7500000000000001,0.7281553398058253
e2_uci,concrete,ensemble,18,0.8,0.7572815533980582
e2_uci,concrete,ensemble,18,0.8500000000000001,0.8155339805825242
e2_uci,concrete,ensemble,18,0.9000000000000001,0.8446601941747572
e2_uci,concrete,ensemble,18,0.9500000000000001,0.9029126213592233
e2_uci,concrete,ensemble,19,0.05,0.0970873786407767
e2_uci,concrete,ensemble,19,0.1,0.1262135922330097
e2_uci,concrete,ensemble,19,0.15000000000000002,0.1553398058252427
e2_uci,concrete,ensemble,19,0.2,0.23300970873786409
e2_uci,concrete,ensemble,19,0.25,0.2815533980582524
e2_uci,concrete,ensemble,19,0.3,0.33980582524271846
e2_uci,concrete,ensemble,19,0.35000000000000003,0.42718446601941745
e2_uci,concrete,ensemble,19,0.4,0.4563106796116505
e2_uci,concrete,ensemble,19,0.45,0.5048543689320388
e2_uci,concrete,ensemble,19,0.5,0.5533980582524272
e2_uci,concrete,ensemble,19,0.55,0.6601941747572816
e2_uci,concrete,ensemble,19,0.6000000000000001,0.7184466019417476
e2_uci,concrete,ensemble,19,0.6500000000000001,0.7669902912621359
e2_uci,concrete,ensemble,19,0.7000000000000001,0.8155339805825242
e2_uci,concrete,ensemble,19,0.7500000000000001,0.8543689320388349
e2_uci,concrete,ensemble,19,0.8,0.883495145631068
e2_uci,concrete,ensemble,19,0.8500000000000001,0.9320388349514563
e2_uci,concrete,ensemble,19,0.9000000000000001,0.9514563106796117
e2_uci,concrete,ensemble,19,0.9500000000000001,0.9805825242718447
e2_uci,wine_quality_red,ensemble,0,0.05,0.04375
e2_uci,wine_quality_red,ensemble,0,0.1,0.0625
e2_uci,wine_quality_red,ensemble,0,0.15000000000000002,0.11875
e2_uci,wine_quality_red,ensemble,0,0.2,0.1625
e2_uci,wine_quality_red,ensemble,0,0.25,0.2125
e2_uci,wine_quality_red,ensemble,0,0.3,0.26875
e2_uci,wine_quality_red,ensemble,0,0.35000000000000003,0.33125
e2_uci,wine_quality_red,ensemble,0,0.4,0.40625
e2_uci,wine_quality_red,ensemble,0,0.45,0.475
e2_uci,wine_quality_red,ensemble,0,0.5,0.5125
e2_uci,wine_quality_red,ensemble,0,0.55,0.56875
e2_uci,wine_quality_red,ensemble,0,0.6000000000000001,0.6
e2_uci,wine_quality_red,ensemble,0,0.6500000000000001,0.65625
e2_uci,wine_quality_red,ensemble,0,0.7000000000000001,0.70625
e2_uci,wine_quality_red,ensemble,0,0.7500000000000001,0.75
e2_uci,wine_quality_red,ensemble,0,0.8,0.75625
e2_uci,wine_quality_red,ensemble,0,0.8500000000000001,0.8
e2_uci,wine_quality_red,ensemble,0,0.9000000000000001,0.89375
e2_uci,wine_quality_red,ensemble,0,0.9500000000000001,0.9625
e2_uci,wine_quality_red,ensemble,1,0.05,0.06875
e2_uci,wine_quality_red,ensemble,1,0.1,0.10625
e2_uci,wine_quality_red,ensemble,1,0.15000000000000002,0.15625
e2_uci,wine_quality_red,ensemble,1,0.2,0.1875
e2_uci,wine_quality_red,ensemble,1,0.25,0.2625
e2_uci,wine_quality_red,ensemble,1,0.3,0.31875
e2_uci,wine_quality_red,ensemble,1,0.35000000000000003,0.3875
e2_uci,wine_quality_red,ensemble,1,0.4,0.45625
e2_uci,wine_quality_red,ensemble,1,0.45,0.5125
e2_uci,wine_quality_red,ensemble,1,0.5,0.5625
e2_uci,wine_quality_red,ensemble,1,0.55,0.59375
e2_uci,wine_quality_red,ensemble,1,0.6000000000000001,0.6625
e2_uci,wine_quality_red,ensemble,1,0.6500000000000001,0.7
e2_uci,wine_quality_red,ensemble,1,0.7000000000000001,0.75
e2_uci,wine_quality_red,ensemble,1,0.7500000000000001,0.76875
e2_uci,wine_quality_red,ensemble,1,0.8,0.80625
e2_uci,wine_quality_red,ensemble,1,0.8500000000000001,0.8625
e2_uci,wine_quality_red,ensemble,1,0.9000000000000001,0.9
e2_uci,wine_quality_red,ensemble,1,0.9500000000000001,0.975
e2_uci,wine_quality_red,ensemble,2,0.05,0.06875
e2_uci,wine_quality_red,ensemble,2,0.1,0.11875
e2_uci,wine_quality_red,ensemble,2,0.15000000000000002,0.15
e2_uci,wine_quality_red,ensemble,2,0.2,0.20625
e2_uci,wine_quality_red,ensemble,2,0.25,0.275
e2_uci,wine_quality_red,ensemble,2,0.3,0.33125
e2_uci,wine_quality_red,ensemble,2,0.35000000000000003,0.36875
e2_uci,wine_quality_red,ensemble,2,0.4,0.44375
e2_uci,wine_quality_red,ensemble,2,0.45,0.4875
e2_uci,wine_quality_red,ensemble,2,0.5,0.55625
e2_uci,wine_quality_red,ensemble,2,0.55,0.63125
e2_uci,wine_quality_red,ensemble,2,0.6000000000000001,0.6625
e2_uci,wine_quality_red,ensemble,2,0.6500000000000001,0.7
e2_uci,wine_quality_red,ensemble,2,0.7000000000000001,0.75
e2_uci,wine_quality_red,ensemble,2,0.7500000000000001,0.775
e2_uci,wine_quality_red,ensemble,2,0.8,0.7875
e2_uci,wine_quality_red,ensemble,2,0.8500000000000001,0.8375
e2_uci,wine_quality_red,ensemble,2,0.9000000000000001,0.875
e2_uci,wine_quality_red,ensemble,2,0.9500000000000001,0.925
e2_uci,wine_quality_red,ensemble,3,0.05,0.05625
e2_uci,wine_quality_red,ensemble,3,0.1,0.08125
e2_uci,wine_quality_red,ensemble,3,0.15000000000000002,0.11875
e2_uci,wine_quality_red,ensemble,3,0.2,0.18125
e2_uci,wine_quality_red,ensemble,3,0.25,0.2375
e2_uci,wine_quality_red,ensemble,3,0.3,0.2875
e2_uci,wine_quality_red,ensemble,3,0.35000000000000003,0.375
e2_uci,wine_quality_red,ensemble,3,0.4,0.44375
e2_uci,wine_quality_red,ensemble,3,0.45,0.5125
e2_uci,wine_quality_red,ensemble,3,0.5,0.54375
e2_uci,wine_quality_red,ensemble,3,0.55,0.59375
e2_uci,wine_quality_red,ensemble,3,0.6000000000000001,0.63125
e2_uci,wine_quality_red,ensemble,3,0.6500000000000001,0.69375
e2_uci,wine_quality_red,ensemble,3,0.7000000000000001,0.725
e2_uci,wine_quality_red,ensemble,3,0.7500000000000001,0.7625
e2_uci,wine_quality_red,ensemble,3,0.8,0.775
e2_uci,wine_quality_red,ensemble,3,0.8500000000000001,0.83125
e2_uci,wine_quality_red,ensemble,3,0.9000000000000001,0.91875
e2_uci,wine_quality_red,ensemble,3,0.9500000000000001,0.96875
e2_uci,wine_quality_red,ensemble,4,0.05,0.00625
e2_uci,wine_quality_red,ensemble,4,0.1,0.05
e2_uci,wine_quality_red,ensemble,4,0.15000000000000002,0.08125
e2_uci,wine_quality_red,ensemble,4,0.2,0.125
e2_uci,wine_quality_red,ensemble,4,0.25,0.14375
e2_uci,wine_quality_red,ensemble,4,0.3,0.25
e2_uci,wine_quality_red,ensemble,4,0.35000000000000003,0.3625
e2_uci,wine_quality_red,ensemble,4,0.4,0.43125
e2_uci,wine_quality_red,ensemble,4,0.45,0.49375
e2_uci,wine_quality_red,ensemble,4,0.5,0.5375
e2_uci,wine_quality_red,ensemble,4,0.55,0.58125
e2_uci,wine_quality_red,ensemble,4,0.6000000000000001,0.6375
e2_uci,wine_quality_red,ensemble,4,0.6500000000000001,0.69375
e2_uci,wine_quality_red,ensemble,4,0.7000000000000001,0.73125
e2_uci,wine_quality_red,ensemble,4,0.7500000000000001,0.76875
e2_uci,wine_quality_red,ensemble,4,0.8,0.8125
e2_uci,wine_quality_red,ensemble,4,0.8500000000000001,0.85625
e2_uci,wine_quality_red,ensemble,4,0.9000000000000001,0.9
e2_uci,wine_quality_red,ensemble,4,0.9500000000000001,0.9375
e2_uci,wine_quality_red,ensemble,5,0.05,0.04375
e2_uci,wine_quality_red,ensemble,5,0.1,0.06875
e2_uci,wine_quality_red,ensemble,5,0.15000000000000002,0.15
e2_uci,wine_quality_red,ensemble,5,0.2,0.20625
e2_uci,wine_quality_red,ensemble,5,0.25,0.25625
e2_uci,wine_quality_red,ensemble,5,0.3,0.31875
e2_uci,wine_quality_red,ensemble,5,0.35000000000000003,0.425
e2_uci,wine_quality_red,ensemble,5,0.4,0.48125
e2_uci,wine_quality_red,ensemble,5,0.45,0.53125
e2_uci,wine_quality_red,ensemble,5,0.5,0.59375
e2_uci,wine_quality_red,ensemble,5,0.55,0.60625
e2_uci,wine_quality_red,ensemble,5,0.6000000000000001,0.625
e2_uci,wine_quality_red,ensemble,5,0.6500000000000001,0.6875
e2_uci,wine_quality_red,ensemble,5,0.7000000000000001,0.725
e2_uci,wine_quality_red,ensemble,5,0.7500000000000001,0.7625
e2_uci,wine_quality_red,ensemble,5,0.8,0.825
e2_uci,wine_quality_red,ensemble,5,0.8500000000000001,0.875
e2_uci,wine_quality_red,ensemble,5,0.9000000000000001,0.91875
e2_uci,wine_quality_red,ensemble,5,0.9500000000000001,0.94375
e2_uci,wine_quality_red,ensemble,6,0.05,0.075
e2_uci,wine_quality_red,ensemble,6,0.1,0.10625
e2_uci,wine_quality_red,ensemble,6,0.15000000000000002,0.15625
e2_uci,wine_quality_red,ensemble,6,0.2,0.16875
e2_uci,wine_quality_red,ensemble,6,0.25,0.225
e2_uci,wine_quality_red,ensemble,6,0.3,0.2875
e2_uci,wine_quality_red,ensemble,6,0.35000000000000003,0.3375
e2_uci,wine_quality_red,ensemble,6,0.4,0.38125
e2_uci,wine_quality_red,ensemble,6,0.45,0.4375
e2_uci,wine_quality_red,ensemble,6,0.5,0.4875
e2_uci,wine_quality_red,ensemble,6,0.55,0.53125
e2_uci,wine_quality_red,ensemble,6,0.6000000000000001,0.56875
e2_uci,wine_quality_red,ensemble,6,0.6500000000000001,0.625
e2_uci,wine_quality_red,ensemble,6,0.7000000000000001,0.68125
e2_uci,wine_quality_red,ensemble,6,0.7500000000000001,0.71875
e2_uci,wine_quality_red,ensemble,6,0.8,0.75625
e2_uci,wine_quality_red,ensemble,6,0.8500000000000001,0.76875
e2_uci,wine_quality_red,ensemble,6,0.9000000000000001,0.8625
e2_uci,wine_quality_red,ensemble,6,0.9500000000000001,0.95
e2_uci,wine_quality_red,ensemble,7,0.05,0.0625
e2_uci,wine_quality_red,ensemble,7,0.1,0.09375
e2_uci,wine_quality_red,ensemble,7,0.15000000000000002,0.15625
e2_uci,wine_quality_red,ensemble,7,0.2,0.1875
e2_uci,wine_quality_red,ensemble,7,0.25,0.25625
e2_uci,wine_quality_red,ensemble,7,0.3,0.30625
e2_uci,wine_quality_red,ensemble,7,0.35000000000000003,0.35
e2_uci,wine_quality_red,ensemble,7,0.4,0.425
e2_uci,wine_quality_red,ensemble,7,0.45,0.48125
e2_uci,wine_quality_red,ensemble,7,0.5,0.525
e2_uci,wine_quality_red,ensemble,7,0.55,0.59375
e2_uci,wine_quality_red,ensemble,7,0.6000000000000001,0.65625
e2_uci,wine_quality_red,ensemble,7,0.6500000000000001,0.7125
e2_uci,wine_quality_red,ensemble,7,0.7000000000000001,0.75
e2_uci,wine_quality_red,ensemble,7,0.7500000000000001,0.78125
e2_uci,wine_quality_red,ensemble,7,0.8,0.80625
e2_uci,wine_quality_red,ensemble,7,0.8500000000000001,0.85
e2_uci,wine_quality_red,ensemble,7,0.9000000000000001,0.8625
e2_uci,wine_quality_red,ensemble,7,0.9500000000000001,0.95
e2_uci,wine_quality_red,ensemble,8,0.05,0.025
e2_uci,wine_quality_red,ensemble,8,0.1,0.05
e2_uci,wine_quality_red,ensemble,8,0.15000000000000002,0.08125
e2_uci,wine_quality_red,ensemble,8,0.2,0.1
e2_uci,wine_quality_red,ensemble,8,0.25,0.13125
e2_uci,wine_quality_red,ensemble,8,0.3,0.2
e2_uci,wine_quality_red,ensemble,8,0.35000000000000003,0.26875
e2_uci,wine_quality_red,ensemble,8,0.4,0.34375
e2_uci,wine_quality_red,ensemble,8,0.45,0.39375
e2_uci,wine_quality_red,ensemble,8,0.5,0.43125
e2_uci,wine_quality_red,ensemble,8,0.55,0.4875
e2_uci,wine_quality_red,ensemble,8,0.6000000000000001,0.55625
e2_uci,wine_quality_red,ensemble,8,0.6500000000000001,0.60625
e2_uci,wine_quality_red,ensemble,8,0.7000000000000001,0.6375
e2_uci,wine_quality_red,ensemble,8,0.7500000000000001,0.70625
e2_uci,wine_quality_red,ensemble,8,0.8,0.78125
e2_uci,wine_quality_red,ensemble,8,0.8500000000000001,0.83125
e2_uci,wine_quality_red,ensemble,8,0.9000000000000001,0.90625
e2_uci,wine_quality_red,ensemble,8,0.9500000000000001,0.975
e2_uci,wine_quality_red,ensemble,9,0.05,0.05625
e2_uci,wine_quality_red,ensemble,9,0.1,0.1
e2_uci,wine_quality_red,ensemble,9,0.15000000000000002,0.175
e2_uci,wine_quality_red,ensemble,9,0.2,0.21875
e2_uci,wine_quality_red,ensemble,9,0.25,0.2875
e2_uci,wine_quality_red,ensemble,9,0.3,0.3375
e2_uci,wine_quality_red,ensemble,9,0.35000000000000003,0.4375
e2_uci,wine_quality_red,ensemble,9,0.4,0.48125
e2_uci,wine_quality_red,ensemble,9,0.45,0.53125
e2_uci,wine_quality_red,ensemble,9,0.5,0.575
e2_uci,wine_quality_red,ensemble,9,0.55,0.6125
e2_uci,wine_quality_red,ensemble,9,0.6000000000000001,0.66875
e2_uci,wine_quality_red,ensemble,9,0.6500000000000001,0.7125
e2_uci,wine_quality_red,ensemble,9,0.7000000000000001,0.7625
e2_uci,wine_quality_red,ensemble,9,0.7500000000000001,0.78125
e2_uci,wine_quality_red,ensemble,9,0.8,0.84375
e2_uci,wine_quality_red,ensemble,9,0.8500000000000001,0.88125
e2_uci,wine_quality_red,ensemble,9,0.9000000000000001,0.9
e2_uci,wine_quality_red,ensemble,9,0.9500000000000001,0.91875
e2_uci,wine_quality_red,ensemble,10,0.05,0.05
e2_uci,wine_quality_red,ensemble,10,0.1,0.1
e2_uci,wine_quality_red,ensemble,10,0.15000000000000002,0.125
e2_uci,wine_quality_red,ensemble,10,0.2,0.15
e2_uci,wine_quality_red,ensemble,10,0.25,0.20625
e2_uci,wine_quality_red,ensemble,10,0.3,0.3
e2_uci,wine_quality_red,ensemble,10,0.35000000000000003,0.38125
e2_uci,wine_quality_red,ensemble,10,0.4,0.45
e2_uci,wine_quality_red,ensemble,10,0.45,0.5
e2_uci,wine_quality_red,ensemble,10,0.5,0.55625
e2_uci,wine_quality_red,ensemble,10,0.55,0.6
e2_uci,wine_quality_red,ensemble,10,0.6000000000000001,0.63125
e2_uci,wine_quality_red,ensemble,10,0.6500000000000001,0.675
e2_uci,wine_quality_red,ensemble,10,0.7000000000000001,0.7
e2_uci,wine_quality_red,ensemble,10,0.7500000000000001,0.71875
e2_uci,wine_quality_red,ensemble,10,0.8,0.7625
e2_uci,wine_quality_red,ensemble,10,0.8500000000000001,0.80625
e2_uci,wine_quality_red,ensemble,10,0.9000000000000001,0.875
e2_uci,wine_quality_red,ensemble,10,0.9500000000000001,0.925
e2_uci,wine_quality_red,ensemble,11,0.05,0.05
e2_uci,wine_quality_red,ensemble,11,0.1,0.09375
e2_uci,wine_quality_red,ensemble,11,0.15000000000000002,0.1125
e2_uci,wine_quality_red,ensemble,11,0.2,0.15625
e2_uci,wine_quality_red,ensemble,11,0.25,0.1875
e2_uci,wine_quality_red,ensemble,11,0.3,0.24375
e2_uci,wine_quality_red,ensemble,11,0.35000000000000003,0.30625
e2_uci,wine_quality_red,ensemble,11,0.4,0.35
e2_uci,wine_quality_red,ensemble,11,0.45,0.41875
e2_uci,wine_quality_red,ensemble,11,0.5,0.49375
e2_uci,wine_quality_red,ensemble,11,0.55,0.525
e2_uci,wine_quality_red,ensemble,11,0.6000000000000001,0.54375
e2_uci,wine_quality_red,ensemble,11,0.6500000000000001,0.6125
e2_uci,wine_quality_red,ensemble,11,0.7000000000000001,0.6375
e2_uci,wine_quality_red,ensemble,11,0.7500000000000001,0.6875
e2_uci,wine_quality_red,ensemble,11,0.8,0.71875
e2_uci,wine_quality_red,ensemble,11,0.8500000000000001,0.79375
e2_uci,wine_quality_red,ensemble,11,0.9000000000000001,0.875
e2_uci,wine_quality_red,ensemble,11,0.9500000000000001,0.9625
e2_uci,wine_quality_red,ensemble,12,0.05,0.1
e2_uci,wine_quality_red,ensemble,12,0.1,0.13125
e2_uci,wine_quality_red,ensemble,12,0.15000000000000002,0.1875
e2_uci,wine_quality_red,ensemble,12,0.2,0.21875
e2_uci,wine_quality_red,ensemble,12,0.25,0.275
e2_uci,wine_quality_red,ensemble,12,0.3,0.3625
e2_uci,wine_quality_red,ensemble,12,0.35000000000000003,0.45625
e2_uci,wine_quality_red,ensemble,12,0.4,0.49375
e2_uci,wine_quality_red,ensemble,12,0.45,0.55625
e2_uci,wine_quality_red,ensemble,12,0.5,0.625
e2_uci,wine_quality_red,ensemble,12,0.55,0.66875
e2_uci,wine_quality_red,ensemble,12,0.6000000000000001,0.7
e2_uci,wine_quality_red,ensemble,12,0.6500000000000001,0.75625
e2_uci,wine_quality_red,ensemble,12,0.7000000000000001,0.7875
e2_uci,wine_quality_red,ensemble,12,0.7500000000000001,0.80625
e2_uci,wine_quality_red,ensemble,12,0.8,0.83125
e2_uci,wine_quality_red,ensemble,12,0.8500000000000001,0.89375
e2_uci,wine_quality_red,ensemble,12,0.9000000000000001,0.95
e2_uci,wine_quality_red,ensemble,12,0.9500000000000001,0.98125
e2_uci,wine_quality_red,ensemble,13,0.05,0.03125
e2_uci,wine_quality_red,ensemble,13,0.1,0.06875
e2_uci,wine_quality_red,ensemble,13,0.15000000000000002,0.09375
e2_uci,wine_quality_red,ensemble,13,0.2,0.16875
e2_uci,wine_quality_red,ensemble,13,0.25,0.1875
e2_uci,wine_quality_red,ensemble,13,0.3,0.2875
e2_uci,wine_quality_red,ensemble,13,0.35000000000000003,0.34375
e2_uci,wine_quality_red,ensemble,13,0.4,0.425
e2_uci,wine_quality_red,ensemble,13,0.45,0.4875
e2_uci,wine_quality_red,ensemble,13,0.5,0.53125
e2_uci,wine_quality_red,ensemble,13,0.55,0.5875
e2_uci,wine_quality_red,ensemble,13,0.6000000000000001,0.6375
e2_uci,wine_quality_red,ensemble,13,0.6500000000000001,0.66875
e2_uci,wine_quality_red,ensemble,13,0.7000000000000001,0.74375
e2_uci,wine_quality_red,ensemble,13,0.7500000000000001,0.775
e2_uci,wine_quality_red,ensemble,13,0.8,0.8125
e2_uci,wine_quality_red,ensemble,13,0.8500000000000001,0.86875
e2_uci,wine_quality_red,ensemble,13,0.9000000000000001,0.91875
e2_uci,wine_quality_red,ensemble,13,0.9500000000000001,0.95
e2_uci,wine_quality_red,ensemble,14,0.05,0.0375
e2_uci,wine_quality_red,ensemble,14,0.1,0.075
e2_uci,wine_quality_red,ensemble,14,0.15000000000000002,0.125
e2_uci,wine_quality_red,ensemble,14,0.2,0.1625
e2_uci,wine_quality_red,ensemble,14,0.25,0.20625
e2_uci,wine_quality_red,ensemble,14,0.3,0.28125
e2_uci,wine_quality_red,ensemble,14,0.35000000000000003,0.34375
e2_uci,wine_quality_red,ensemble,14,0.4,0.44375
e2_uci,wine_quality_red,ensemble,14,0.45,0.53125
e2_uci,wine_quality_red,ensemble,14,0.5,0.59375
e2_uci,wine_quality_red,ensemble,14,0.55,0.63125
e2_uci,wine_quality_red,ensemble,14,0.6000000000000001,0.65625
e2_uci,wine_quality_red,ensemble,14,0.6500000000000001,0.71875
e2_uci,wine_quality_red,ensemble,14,0.7000000000000001,0.7625
e2_uci,wine_quality_red,ensemble,14,0.7500000000000001,0.8
e2_uci,wine_quality_red,ensemble,14,0.8,0.825
e2_uci,wine_quality_red,ensemble,14,0.8500000000000001,0.84375
e2_uci,wine_quality_red,ensemble,14,0.9000000000000001,0.8875
e2_uci,wine_quality_red,ensemble,14,0.9500000000000001,0.94375
e2_uci,wine_quality_red,ensemble,15,0.05,0.01875
e2_uci,wine_quality_red,ensemble,15,0.1,0.0625
e2_uci,wine_quality_red,ensemble,15,0.15000000000000002,0.075
e2_uci,wine_quality_red,ensemble,15,0.2,0.125
e2_uci,wine_quality_red,ensemble,15,0.25,0.175
e2_uci,wine_quality_red,ensemble,15,0.3,0.21875
e2_uci,wine_quality_red,ensemble,15,0.35000000000000003,0.28125
e2_uci,wine_quality_red,ensemble,15,0.4,0.33125
e2_uci,wine_quality_red,ensemble,15,0.45,0.41875
e2_uci,wine_quality_red,ensemble,15,0.5,0.46875
e2_uci,wine_quality_red,ensemble,15,0.55,0.51875
e2_uci,wine_quality_red,ensemble,15,0.6000000000000001,0.575
e2_uci,wine_quality_red,ensemble,15,0.6500000000000001,0.6375
e2_uci,wine_quality_red,ensemble,15,0.7000000000000001,0.6875
e2_uci,wine_quality_red,ensemble,15,0.7500000000000001,0.73125
e2_uci,wine_quality_red,ensemble,15,0.8,0.79375
e2_uci,wine_quality_red,ensemble,15,0.8500000000000001,0.8375
e2_uci,wine_quality_red,ensemble,15,0.9000000000000001,0.89375
e2_uci,wine_quality_red,ensemble,15,0.9500000000000001,0.95625
e2_uci,wine_quality_red,ensemble,16,0.05,0.0375
e2_uci,wine_quality_red,ensemble,16,0.1,0.05625
e2_uci,wine_quality_red,ensemble,16,0.15000000000000002,0.10625
e2_uci,wine_quality_red,ensemble,16,0.2,0.15
e2_uci,wine_quality_red,ensemble,16,0.25,0.2125
e2_uci,wine_quality_red,ensemble,16,0.3,0.25
e2_uci,wine_quality_red,ensemble,16,0.35000000000000003,0.375
e2_uci,wine_quality_red,ensemble,16,0.4,0.425
e2_uci,wine_quality_red,ensemble,16,0.45,0.49375
e2_uci,wine_quality_red,ensemble,16,0.5,0.53125
e2_uci,wine_quality_red,ensemble,16,0.55,0.5625
e2_uci,wine_quality_red,ensemble,16,0.6000000000000001,0.6125
e2_uci,wine_quality_red,ensemble,16,0.6500000000000001,0.63125
e2_uci,wine_quality_red,ensemble,16,0.7000000000000001,0.69375
e2_uci,wine_quality_red,ensemble,16,0.7500000000000001,0.75
e2_uci,wine_quality_red,ensemble,16,0.8,0.775
e2_uci,wine_quality_red,ensemble,16,0.8500000000000001,0.825
e2_uci,wine_quality_red,ensemble,16,0.9000000000000001,0.8875
e2_uci,wine_quality_red,ensemble,16,0.9500000000000001,0.94375
e2_uci,wine_quality_red,ensemble,17,0.05,0.05625
e2_uci,wine_quality_red,ensemble,17,0.1,0.06875
e2_uci,wine_quality_red,ensemble,17,0.15000000000000002,0.1
e2_uci,wine_quality_red,ensemble,17,0.2,0.15625
e2_uci,wine_quality_red,ensemble,17,0.25,0.2
e2_uci,wine_quality_red,ensemble,17,0.3,0.2625
e2_uci,wine_quality_red,ensemble,17,0.35000000000000003,0.325
e2_uci,wine_quality_red,ensemble,17,0.4,0.375
e2_uci,wine_quality_red,ensemble,17,0.45,0.4875
e2_uci,wine_quality_red,ensemble,17,0.5,0.51875
e2_uci,wine_quality_red,ensemble,17,0.55,0.55625
e2_uci,wine_quality_red,ensemble,17,0.6000000000000001,0.6
e2_uci,wine_quality_red,ensemble,17,0.6500000000000001,0.65625
e2_uci,wine_quality_red,ensemble,17,0.7000000000000001,0.69375
e2_uci,wine_quality_red,ensemble,17,0.7500000000000001,0.7125
e2_uci,wine_quality_red,ensemble,17,0.8,0.7875
e2_uci,wine_quality_red,ensemble,17,0.8500000000000001,0.8375
e2_uci,wine_quality_red,ensemble,17,0.9000000000000001,0.8875
e2_uci,wine_quality_red,ensemble,17,0.9500000000000001,0.9375
e2_uci,wine_quality_red,ensemble,18,0.05,0.03125
e2_uci,wine_quality_red,ensemble,18,0.1,0.06875
e2_uci,wine_quality_red,ensemble,18,0.15000000000000002,0.0875
e2_uci,wine_quality_red,ensemble,18,0.2,0.1
e2_uci,wine_quality_red,ensemble,18,0.25,0.1625
e2_uci,wine_quality_red,ensemble,18,0.3,0.2625
e2_uci,wine_quality_red,ensemble,18,0.35000000000000003,0.325
e2_uci,wine_quality_red,ensemble,18,0.4,0.375
e2_uci,wine_quality_red,ensemble,18,0.45,0.43125
e2_uci,wine_quality_red,ensemble,18,0.5,0.4875
e2_uci,wine_quality_red,ensemble,18,0.55,0.55
e2_uci,wine_quality_red,ensemble,18,0.6000000000000001,0.55625
e2_uci,wine_quality_red,ensemble,18,0.6500000000000001,0.60625
e2_uci,wine_quality_red,ensemble,18,0.7000000000000001,0.65625
e2_uci,wine_quality_red,ensemble,18,0.7500000000000001,0.7
e2_uci,wine_quality_red,ensemble,18,0.8,0.775
e2_uci,wine_quality_red,ensemble,18,0.8500000000000001,0.7875
e2_uci,wine_quality_red,ensemble,18,0.9000000000000001,0.8625
e2_uci,wine_quality_red,ensemble,18,0.9500000000000001,0.93125
e2_uci,wine_quality_red,ensemble,19,0.05,0.05625
e2_uci,wine_quality_red,ensemble,19,0.1,0.09375
e2_uci,wine_quality_red,ensemble,19,0.15000000000000002,0.125
e2_uci,wine_quality_red,ensemble,19,0.2,0.19375
e2_uci,wine_quality_red,ensemble,19,0.25,0.24375
e2_uci,wine_quality_red,ensemble,19,0.3,0.3
e2_uci,wine_quality_red,ensemble,19,0.35000000000000003,0.3625
e2_uci,wine_quality_red,ensemble,19,0.4,0.4125
e2_uci,wine_quality_red,ensemble,19,0.45,0.4625
e2_uci,wine_quality_red,ensemble,19,0.5,0.51875
e2_uci,wine_quality_red,ensemble,19,0.55,0.56875
e2_uci,wine_quality_red,ensemble,19,0.6000000000000001,0.61875
e2_uci,wine_quality_red,ensemble,19,0.6500000000000001,0.6875
e2_uci,wine_quality_red,ensemble,19,0.7000000000000001,0.73125
e2_uci,wine_quality_red,ensemble,19,0.7500000000000001,0.775
e2_uci,wine_quality_red,ensemble,19,0.8,0.83125
e2_uci,wine_quality_red,ensemble,19,0.8500000000000001,0.8625
e2_uci,wine_quality_red,ensemble,19,0.9000000000000001,0.93125
e2_uci,wine_quality_red,ensemble,19,0.9500000000000001,0.95
e2_uci,kin8nm,ensemble,0,0.05,0.029304029304029304
e2_uci,kin8nm,ensemble,0,0.1,0.07692307692307693
e2_uci,kin8nm,ensemble,0,0.15000000000000002,0.12576312576312576
e2_uci,kin8nm,ensemble,0,0.2,0.16727716727716727
e2_uci,kin8nm,ensemble,0,0.25,0.2148962148962149
e2_uci,kin8nm,ensemble,0,0.3,0.25396825396825395
e2_uci,kin8nm,ensemble,0,0.35000000000000003,0.3064713064713065
e2_uci,kin8nm,ensemble,0,0.4,0.3601953601953602
e2_uci,kin8nm,ensemble,0,0.45,0.42857142857142855
e2_uci,kin8nm,ensemble,0,0.5,0.49206349206349204
e2_uci,kin8nm,ensemble,0,0.55,0.5616605616605617
e2_uci,kin8nm,ensemble,0,0.6000000000000001,0.6166056166056166
e2_uci,kin8nm,ensemble,0,0.6500000000000001,0.6666666666666666
e2_uci,kin8nm,ensemble,0,0.7000000000000001,0.7203907203907204
e2_uci,kin8nm,ensemble,0,0.7500000000000001,0.7838827838827839
e2_uci,kin8nm,ensemble,0,0.8,0.8473748473748474
e2_uci,kin8nm,ensemble,0,0.8500000000000001,0.8962148962148963
e2_uci,kin8nm,ensemble,0,0.9000000000000001,0.9401709401709402
e2_uci,kin8nm,ensemble,0,0.9500000000000001,0.9731379731379731
e2_uci,kin8nm,ensemble,1,0.05,0.03907203907203907
e2_uci,kin8nm,ensemble,1,0.1,0.07814407814407814
e2_uci,kin8nm,ensemble,1,0.15000000000000002,0.12942612942612944
e2_uci,kin8nm,ensemble,1,0.2,0.16727716727716727
e2_uci,kin8nm,ensemble,1,0.25,0.221001221001221
e2_uci,kin8nm,ensemble,1,0.3,0.26373626373626374
e2_uci,kin8nm,ensemble,1,0.35000000000000003,0.315018315018315
e2_uci,kin8nm,ensemble,1,0.4,0.3711843711843712
e2_uci,kin8nm,ensemble,1,0.45,0.43345543345543347
e2_uci,kin8nm,ensemble,1,0.5,0.49572649572649574
e2_uci,kin8nm,ensemble,1,0.55,0.5470085470085471
e2_uci,kin8nm,ensemble,1,0.6000000000000001,0.6056166056166056
e2_uci,kin8nm,ensemble,1,0.6500000000000001,0.6727716727716728
e2_uci,kin8nm,ensemble,1,0.7000000000000001,0.7374847374847375
e2_uci,kin8nm,ensemble,1,0.7500000000000001,0.7985347985347986
e2_uci,kin8nm,ensemble,1,0.8,0.8461538461538461
e2_uci,kin8nm,ensemble,1,0.8500000000000001,0.8888888888888888
e2_uci,kin8nm,ensemble,1,0.9000000000000001,0.927960927960928
e2_uci,kin8nm,ensemble,1,0.9500000000000001,0.9560439560439561
e2_uci,kin8nm,ensemble,2,0.05,0.03296703296703297
e2_uci,kin8nm,ensemble,2,0.1,0.07326007326007326
e2_uci,kin8nm,ensemble,2,0.15000000000000002,0.11477411477411477
e2_uci,kin8nm,ensemble,2,0.2,0.1575091575091575
e2_uci,kin8nm,ensemble,2,0.25,0.1978021978021978
e2_uci,kin8nm,ensemble,2,0.3,0.24664224664224665
e2_uci,kin8nm,ensemble,2,0.35000000000000003,0.31013431013431014
e2_uci,kin8nm,ensemble,2,0.4,0.37606837606837606
e2_uci,kin8nm,ensemble,2,0.45,0.42002442002442003
e2_uci,kin8nm,ensemble,2,0.5,0.4810744810744811
e2_uci,kin8nm,ensemble,2,0.55,0.5470085470085471
e2_uci,kin8nm,ensemble,2,0.6000000000000001,0.6019536019536019
e2_uci,kin8nm,ensemble,2,0.6500000000000001,0.6666666666666666
e2_uci,kin8nm,ensemble,2,0.7000000000000001,0.7264957264957265
e2_uci,kin8nm,ensemble,2,0.7500000000000001,0.78998778998779
e2_uci,kin8nm,ensemble,2,0.8,0.833943833943834
e2_uci,kin8nm,ensemble,2,0.8500000000000001,0.884004884004884
e2_uci,kin8nm,ensemble,2,0.9000000000000001,0.9340659340659341
e2_uci,kin8nm,ensemble,2,0.9500000000000001,0.9645909645909646
e2_uci,kin8nm,ensemble,3,0.05,0.03663003663003663
e2_uci,kin8nm,ensemble,3,0.1,0.07203907203907203
e2_uci,kin8nm,ensemble,3,0.15000000000000002,0.11233211233211234
e2_uci,kin8nm,ensemble,3,0.2,0.1575091575091575
e2_uci,kin8nm,ensemble,3,0.25,0.20512820512820512
e2_uci,kin8nm,ensemble,3,0.3,0.2503052503052503
e2_uci,kin8nm,ensemble,3,0.35000000000000003,0.2967032967032967
e2_uci,kin8nm,ensemble,3,0.4,0.3528693528693529
e2_uci,kin8nm,ensemble,3,0.45,0.40415140415140416
e2_uci,kin8nm,ensemble,3,0.5,0.4725274725274725
e2_uci,kin8nm,ensemble,3,0.55,0.5470085470085471
e2_uci,kin8nm,ensemble,3,0.6000000000000001,0.6214896214896215
e2_uci,kin8nm,ensemble,3,0.6500000000000001,0.6715506715506715
e2_uci,kin8nm,ensemble,3,0.7000000000000001,0.7411477411477412
e2_uci,kin8nm,ensemble,3,0.7500000000000001,0.7924297924297924
e2_uci,kin8nm,ensemble,3,0.8,0.8449328449328449
e2_uci,kin8nm,ensemble,3,0.8500000000000001,0.8852258852258852
e2_uci,kin8nm,ensemble,3,0.9000000000000001,0.9267399267399268
e2_uci,kin8nm,ensemble,3,0.9500000000000001,0.9731379731379731
e2_uci,kin8nm,ensemble,4,0.05,0.03785103785103785
e2_uci,kin8nm,ensemble,4,0.1,0.0757020757020757
e2_uci,kin8nm,ensemble,4,0.15000000000000002,0.13064713064713065
e2_uci,kin8nm,ensemble,4,0.2,0.17582417582417584
e2_uci,kin8nm,ensemble,4,0.25,0.22344322344322345
e2_uci,kin8nm,ensemble,4,0.3,0.2783882783882784
e2_uci,kin8nm,ensemble,4,0.35000000000000003,0.3308913308913309
e2_uci,kin8nm,ensemble,4,0.4,0.3785103785103785
e2_uci,kin8nm,ensemble,4,0.45,0.4346764346764347
e2_uci,kin8nm,ensemble,4,0.5,0.48473748473748474
e2_uci,kin8nm,ensemble,4,0.55,0.5409035409035409
e2_uci,kin8nm,ensemble,4,0.6000000000000001,0.5995115995115995
e2_uci,kin8nm,ensemble,4,0.6500000000000001,0.6752136752136753
e2_uci,kin8nm,ensemble,4,0.7000000000000001,0.7228327228327228
e2_uci,kin8nm,ensemble,4,0.7500000000000001,0.78998778998779
e2_uci,kin8nm,ensemble,4,0.8,0.8400488400488401
e2_uci,kin8nm,ensemble,4,0.8500000000000001,0.8998778998778999
e2_uci,kin8nm,ensemble,4,0.9000000000000001,0.9462759462759462
e2_uci,kin8nm,ensemble,4,0.9500000000000001,0.9768009768009768
e2_uci,kin8nm,ensemble,5,0.05,0.02442002442002442
e2_uci,kin8nm,ensemble,5,0.1,0.07326007326007326
e2_uci,kin8nm,ensemble,5,0.15000000000000002,0.11721611721611722
e2_uci,kin8nm,ensemble,5,0.2,0.15262515262515264
e2_uci,kin8nm,ensemble,5,0.25,0.1916971916971917
e2_uci,kin8nm,ensemble,5,0.3,0.2454212454212454
e2_uci,kin8nm,ensemble,5,0.35000000000000003,0.29914529914529914
e2_uci,kin8nm,ensemble,5,0.4,0.36507936507936506
e2_uci,kin8nm,ensemble,5,0.45,0.42735042735042733
e2_uci,kin8nm,ensemble,5,0.5,0.4896214896214896
e2_uci,kin8nm,ensemble,5,0.55,0.5482295482295483
e2_uci,kin8nm,ensemble,5,0.6000000000000001,0.6105006105006106
e2_uci,kin8nm,ensemble,5,0.6500000000000001,0.6654456654456654
e2_uci,kin8nm,ensemble,5,0.7000000000000001,0.7191697191697192
e2_uci,kin8nm,ensemble,5,0.7500000000000001,0.7814407814407814
e2_uci,kin8nm,ensemble,5,0.8,0.8290598290598291
e2_uci,kin8nm,ensemble,5,0.8500000000000001,0.884004884004884
e2_uci,kin8nm,ensemble,5,0.9000000000000001,0.9242979242979243
e2_uci,kin8nm,ensemble,5,0.9500000000000001,0.960927960927961
e2_uci,kin8nm,ensemble,6,0.05,0.03785103785103785
e2_uci,kin8nm,ensemble,6,0.1,0.08302808302808302
e2_uci,kin8nm,ensemble,6,0.15000000000000002,0.1111111111111111
e2_uci,kin8nm,ensemble,6,0.2,0.15384615384615385
e2_uci,kin8nm,ensemble,6,0.25,0.19047619047619047
e2_uci,kin8nm,ensemble,6,0.3,0.23076923076923078
e2_uci,kin8nm,ensemble,6,0.35000000000000003,0.28083028083028083
e2_uci,kin8nm,ensemble,6,0.4,0.33821733821733824
e2_uci,kin8nm,ensemble,6,0.45,0.40293040293040294
e2_uci,kin8nm,ensemble,6,0.5,0.4713064713064713
e2_uci,kin8nm,ensemble,6,0.55,0.536019536019536
e2_uci,kin8nm,ensemble,6,0.6000000000000001,0.6019536019536019
e2_uci,kin8nm,ensemble,6,0.6500000000000001,0.663003663003663
e2_uci,kin8nm,ensemble,6,0.7000000000000001,0.7118437118437119
e2_uci,kin8nm,ensemble,6,0.7500000000000001,0.7692307692307693
e2_uci,kin8nm,ensemble,6,0.8,0.8058608058608059
e2_uci,kin8nm,ensemble,6,0.8500000000000001,0.8717948717948718
e2_uci,kin8nm,ensemble,6,0.9000000000000001,0.9157509157509157
e2_uci,kin8nm,ensemble,6,0.9500000000000001,0.9706959706959707
e2_uci,kin8nm,ensemble,7,0.05,0.02442002442002442
e2_uci,kin8nm,ensemble,7,0.1,0.06349206349206349
e2_uci,kin8nm,ensemble,7,0.15000000000000002,0.10134310134310134
e2_uci,kin8nm,ensemble,7,0.2,0.13797313797313798
e2_uci,kin8nm,ensemble,7,0.25,0.1855921855921856
e2_uci,kin8nm,ensemble,7,0.3,0.2271062271062271
e2_uci,kin8nm,ensemble,7,0.35000000000000003,0.27472527472527475
e2_uci,kin8nm,ensemble,7,0.4,0.326007326007326
e2_uci,kin8nm,ensemble,7,0.45,0.39316239316239315
e2_uci,kin8nm,ensemble,7,0.5,0.46764346764346765
e2_uci,kin8nm,ensemble,7,0.55,0.514041514041514
e2_uci,kin8nm,ensemble,7,0.6000000000000001,0.5763125763125763
e2_uci,kin8nm,ensemble,7,0.6500000000000001,0.6312576312576312
e2_uci,kin8nm,ensemble,7,0.7000000000000001,0.7032967032967034
e2_uci,kin8nm,ensemble,7,0.7500000000000001,0.7643467643467643
e2_uci,kin8nm,ensemble,7,0.8,0.8229548229548229
e2_uci,kin8nm,ensemble,7,0.8500000000000001,0.8815628815628815
e2_uci,kin8nm,ensemble,7,0.9000000000000001,0.9340659340659341
e2_uci,kin8nm,ensemble,7,0.9500000000000001,0.9768009768009768
e2_uci,kin8nm,ensemble,8,0.05,0.031746031746031744
e2_uci,kin8nm,ensemble,8,0.1,0.07448107448107448
e2_uci,kin8nm,ensemble,8,0.15000000000000002,0.11233211233211234
e2_uci,kin8nm,ensemble,8,0.2,0.1562881562881563
e2_uci,kin8nm,ensemble,8,0.25,0.20512820512820512
e2_uci,kin8nm,ensemble,8,0.3,0.2454212454212454
e2_uci,kin8nm,ensemble,8,0.35000000000000003,0.2967032967032967
e2_uci,kin8nm,ensemble,8,0.4,0.3492063492063492
e2_uci,kin8nm,ensemble,8,0.45,0.4078144078144078
e2_uci,kin8nm,ensemble,8,0.5,0.47496947496947495
e2_uci,kin8nm,ensemble,8,0.55,0.5482295482295483
e2_uci,kin8nm,ensemble,8,0.6000000000000001,0.5958485958485958
e2_uci,kin8nm,ensemble,8,0.6500000000000001,0.6642246642246642
e2_uci,kin8nm,ensemble,8,0.7000000000000001,0.7167277167277167
e2_uci,kin8nm,ensemble,8,0.7500000000000001,0.7851037851037851
e2_uci,kin8nm,ensemble,8,0.8,0.8376068376068376
e2_uci,kin8nm,ensemble,8,0.8500000000000001,0.884004884004884
e2_uci,kin8nm,ensemble,8,0.9000000000000001,0.9230769230769231
e2_uci,kin8nm,ensemble,8,0.9500000000000001,0.9621489621489622
e2_uci,kin8nm,ensemble,9,0.05,0.030525030525030524
e2_uci,kin8nm,ensemble,9,0.1,0.07203907203907203
e2_uci,kin8nm,ensemble,9,0.15000000000000002,0.1221001221001221
e2_uci,kin8nm,ensemble,9,0.2,0.17338217338217338
e2_uci,kin8nm,ensemble,9,0.25,0.22466422466422467
e2_uci,kin8nm,ensemble,9,0.3,0.27106227106227104
e2_uci,kin8nm,ensemble,9,0.35000000000000003,0.34554334554334554
e2_uci,kin8nm,ensemble,9,0.4,0.4053724053724054
e2_uci,kin8nm,ensemble,9,0.45,0.4468864468864469
e2_uci,kin8nm,ensemble,9,0.5,0.5115995115995116
e2_uci,kin8nm,ensemble,9,0.55,0.5641025641025641
e2_uci,kin8nm,ensemble,9,0.6000000000000001,0.6288156288156288
e2_uci,kin8nm,ensemble,9,0.6500000000000001,0.6825396825396826
e2_uci,kin8nm,ensemble,9,0.7000000000000001,0.746031746031746
e2_uci,kin8nm,ensemble,9,0.7500000000000001,0.796092796092796
e2_uci,kin8nm,ensemble,9,0.8,0.8351648351648352
e2_uci,kin8nm,ensemble,9,0.8500000000000001,0.8803418803418803
e2_uci,kin8nm,ensemble,9,0.9000000000000001,0.9255189255189256
e2_uci,kin8nm,ensemble,9,0.9500000000000001,0.9706959706959707
e2_uci,kin8nm,ensemble,10,0.05,0.03663003663003663
e2_uci,kin8nm,ensemble,10,0.1,0.08669108669108669
e2_uci,kin8nm,ensemble,10,0.15000000000000002,0.1391941391941392
e2_uci,kin8nm,ensemble,10,0.2,0.18192918192918192
e2_uci,kin8nm,ensemble,10,0.25,0.22466422466422467
e2_uci,kin8nm,ensemble,10,0.3,0.2686202686202686
e2_uci,kin8nm,ensemble,10,0.35000000000000003,0.3199023199023199
e2_uci,kin8nm,ensemble,10,0.4,0.39194139194139194
e2_uci,kin8nm,ensemble,10,0.45,0.4432234432234432
e2_uci,kin8nm,ensemble,10,0.5,0.503052503052503
e2_uci,kin8nm,ensemble,10,0.55,0.5702075702075702
e2_uci,kin8nm,ensemble,10,0.6000000000000001,0.6312576312576312
e2_uci,kin8nm,ensemble,10,0.6500000000000001,0.6776556776556777
e2_uci,kin8nm,ensemble,10,0.7000000000000001,0.7423687423687424
e2_uci,kin8nm,ensemble,10,0.7500000000000001,0.8107448107448108
e2_uci,kin8nm,ensemble,10,0.8,0.8559218559218559
e2_uci,kin8nm,ensemble,10,0.8500000000000001,0.9010989010989011
e2_uci,kin8nm,ensemble,10,0.9000000000000001,0.938949938949939
e2_uci,kin8nm,ensemble,10,0.9500000000000001,0.9731379731379731
e2_uci,kin8nm,ensemble,11,0.05,0.04395604395604396
e2_uci,kin8nm,ensemble,11,0.1,0.07814407814407814
e2_uci,kin8nm,ensemble,11,0.15000000000000002,0.1282051282051282
e2_uci,kin8nm,ensemble,11,0.2,0.1746031746031746
e2_uci,kin8nm,ensemble,11,0.25,0.23076923076923078
e2_uci,kin8nm,ensemble,11,0.3,0.2796092796092796
e2_uci,kin8nm,ensemble,11,0.35000000000000003,0.3333333333333333
e2_uci,kin8nm,ensemble,11,0.4,0.39438339438339437
e2_uci,kin8nm,ensemble,11,0.45,0.4590964590964591
e2_uci,kin8nm,ensemble,11,0.5,0.5091575091575091
e2_uci,kin8nm,ensemble,11,0.55,0.5665445665445665
e2_uci,kin8nm,ensemble,11,0.6000000000000001,0.6239316239316239
e2_uci,kin8nm,ensemble,11,0.6500000000000001,0.6874236874236874
e2_uci,kin8nm,ensemble,11,0.7000000000000001,0.7423687423687424
e2_uci,kin8nm,ensemble,11,0.7500000000000001,0.7997557997557998
e2_uci,kin8nm,ensemble,11,0.8,0.8498168498168498
e2_uci,kin8nm,ensemble,11,0.8500000000000001,0.8962148962148963
e2_uci,kin8nm,ensemble,11,0.9000000000000001,0.9365079365079365
e2_uci,kin8nm,ensemble,11,0.9500000000000001,0.9743589743589743
e2_uci,kin8nm,ensemble,12,0.05,0.050061050061050064
e2_uci,kin8nm,ensemble,12,0.1,0.09157509157509157
e2_uci,kin8nm,ensemble,12,0.15000000000000002,0.14407814407814407
e2_uci,kin8nm,ensemble,12,0.2,0.18803418803418803
e2_uci,kin8nm,ensemble,12,0.25,0.23809523809523808
e2_uci,kin8nm,ensemble,12,0.3,0.30158730158730157
e2_uci,kin8nm,ensemble,12,0.35000000000000003,0.3553113553113553
e2_uci,kin8nm,ensemble,12,0.4,0.4249084249084249
e2_uci,kin8nm,ensemble,12,0.45,0.47985347985347987
e2_uci,kin8nm,ensemble,12,0.5,0.5311355311355311
e2_uci,kin8nm,ensemble,12,0.55,0.5860805860805861
e2_uci,kin8nm,ensemble,12,0.6000000000000001,0.6398046398046398
e2_uci,kin8nm,ensemble,12,0.6500000000000001,0.6947496947496947
e2_uci,kin8nm,ensemble,12,0.7000000000000001,0.7423687423687424
e2_uci,kin8nm,ensemble,12,0.7500000000000001,0.7924297924297924
e2_uci,kin8nm,ensemble,12,0.8,0.8461538461538461
e2_uci,kin8nm,ensemble,12,0.8500000000000001,0.8888888888888888
e2_uci,kin8nm,ensemble,12,0.9000000000000001,0.9291819291819292
e2_uci,kin8nm,ensemble,12,0.9500000000000001,0.9706959706959707
e2_uci,kin8nm,ensemble,13,0.05,0.02564102564102564
e2_uci,kin8nm,ensemble,13,0.1,0.06105006105006105
e2_uci,kin8nm,ensemble,13,0.15000000000000002,0.10378510378510379
e2_uci,kin8nm,ensemble,13,0.2,0.1623931623931624
e2_uci,kin8nm,ensemble,13,0.25,0.2039072039072039
e2_uci,kin8nm,ensemble,13,0.3,0.2564102564102564
e2_uci,kin8nm,ensemble,13,0.35000000000000003,0.31135531135531136
e2_uci,kin8nm,ensemble,13,0.4,0.3663003663003663
e2_uci,kin8nm,ensemble,13,0.45,0.4456654456654457
e2_uci,kin8nm,ensemble,13,0.5,0.518925518925519
e2_uci,kin8nm,ensemble,13,0.55,0.575091575091575
e2_uci,kin8nm,ensemble,13,0.6000000000000001,0.6312576312576312
e2_uci,kin8nm,ensemble,13,0.6500000000000001,0.6996336996336996
e2_uci,kin8nm,ensemble,13,0.7000000000000001,0.757020757020757
e2_uci,kin8nm,ensemble,13,0.7500000000000001,0.8168498168498168
e2_uci,kin8nm,ensemble,13,0.8,0.8571428571428571
e2_uci,kin8nm,ensemble,13,0.8500000000000001,0.8962148962148963
e2_uci,kin8nm,ensemble,13,0.9000000000000001,0.9316239316239316
e2_uci,kin8nm,ensemble,13,0.9500000000000001,0.9719169719169719
e2_uci,kin8nm,ensemble,14,0.05,0.029304029304029304
e2_uci,kin8nm,ensemble,14,0.1,0.06715506715506715
e2_uci,kin8nm,ensemble,14,0.15000000000000002,0.10744810744810745
e2_uci,kin8nm,ensemble,14,0.2,0.15995115995115994
e2_uci,kin8nm,ensemble,14,0.25,0.20512820512820512
e2_uci,kin8nm,ensemble,14,0.3,0.2490842490842491
e2_uci,kin8nm,ensemble,14,0.35000000000000003,0.2893772893772894
e2_uci,kin8nm,ensemble,14,0.4,0.34065934065934067
e2_uci,kin8nm,ensemble,14,0.45,0.39316239316239315
e2_uci,kin8nm,ensemble,14,0.5,0.4603174603174603
e2_uci,kin8nm,ensemble,14,0.55,0.5177045177045178
e2_uci,kin8nm,ensemble,14,0.6000000000000001,0.5885225885225885
e2_uci,kin8nm,ensemble,14,0.6500000000000001,0.6483516483516484
e2_uci,kin8nm,ensemble,14,0.7000000000000001,0.7130647130647131
e2_uci,kin8nm,ensemble,14,0.7500000000000001,0.7619047619047619
e2_uci,kin8nm,ensemble,14,0.8,0.8253968253968254
e2_uci,kin8nm,ensemble,14,0.8500000000000001,0.8766788766788767
e2_uci,kin8nm,ensemble,14,0.9000000000000001,0.9181929181929182
e2_uci,kin8nm,ensemble,14,0.9500000000000001,0.9560439560439561
e2_uci,kin8nm,ensemble,15,0.05,0.02442002442002442
e2_uci,kin8nm,ensemble,15,0.1,0.06471306471306472
e2_uci,kin8nm,ensemble,15,0.15000000000000002,0.09523809523809523
e2_uci,kin8nm,ensemble,15,0.2,0.13186813186813187
e2_uci,kin8nm,ensemble,15,0.25,0.1794871794871795
e2_uci,kin8nm,ensemble,15,0.3,0.21855921855921856
e2_uci,kin8nm,ensemble,15,0.35000000000000003,0.27594627594627597
e2_uci,kin8nm,ensemble,15,0.4,0.3247863247863248
e2_uci,kin8nm,ensemble,15,0.45,0.3907203907203907
e2_uci,kin8nm,ensemble,15,0.5,0.4590964590964591
e2_uci,kin8nm,ensemble,15,0.55,0.5164835164835165
e2_uci,kin8nm,ensemble,15,0.6000000000000001,0.5763125763125763
e2_uci,kin8nm,ensemble,15,0.6500000000000001,0.6349206349206349
e2_uci,kin8nm,ensemble,15,0.7000000000000001,0.6947496947496947
e2_uci,kin8nm,ensemble,15,0.7500000000000001,0.757020757020757
e2_uci,kin8nm,ensemble,15,0.8,0.8229548229548229
e2_uci,kin8nm,ensemble,15,0.8500000000000001,0.8766788766788767
e2_uci,kin8nm,ensemble,15,0.9000000000000001,0.9365079365079365
e2_uci,kin8nm,ensemble,15,0.9500000000000001,0.9731379731379731
e2_uci,kin8nm,ensemble,16,0.05,0.020757020757020756
e2_uci,kin8nm,ensemble,16,0.1,0.06349206349206349
e2_uci,kin8nm,ensemble,16,0.15000000000000002,0.09645909645909646
e2_uci,kin8nm,ensemble,16,0.2,0.1391941391941392
e2_uci,kin8nm,ensemble,16,0.25,0.1746031746031746
e2_uci,kin8nm,ensemble,16,0.3,0.21733821733821734
e2_uci,kin8nm,ensemble,16,0.35000000000000003,0.2661782661782662
e2_uci,kin8nm,ensemble,16,0.4,0.3052503052503053
e2_uci,kin8nm,ensemble,16,0.45,0.3772893772893773
e2_uci,kin8nm,ensemble,16,0.5,0.4432234432234432
e2_uci,kin8nm,ensemble,16,0.55,0.5042735042735043
e2_uci,kin8nm,ensemble,16,0.6000000000000001,0.5726495726495726
e2_uci,kin8nm,ensemble,16,0.6500000000000001,0.6434676434676435
e2_uci,kin8nm,ensemble,16,0.7000000000000001,0.7032967032967034
e2_uci,kin8nm,ensemble,16,0.7500000000000001,0.7619047619047619
e2_uci,kin8nm,ensemble,16,0.8,0.8278388278388278
e2_uci,kin8nm,ensemble,16,0.8500000000000001,0.8717948717948718
e2_uci,kin8nm,ensemble,16,0.9000000000000001,0.9133089133089133
e2_uci,kin8nm,ensemble,16,0.9500000000000001,0.9621489621489622
e2_uci,kin8nm,ensemble,17,0.05,0.028083028083028084
e2_uci,kin8nm,ensemble,17,0.1,0.06349206349206349
e2_uci,kin8nm,ensemble,17,0.15000000000000002,0.09035409035409035
e2_uci,kin8nm,ensemble,17,0.2,0.1330891330891331
e2_uci,kin8nm,ensemble,17,0.25,0.17216117216117216
e2_uci,kin8nm,ensemble,17,0.3,0.2258852258852259
e2_uci,kin8nm,ensemble,17,0.35000000000000003,0.2857142857142857
e2_uci,kin8nm,ensemble,17,0.4,0.3443223443223443
e2_uci,kin8nm,ensemble,17,0.45,0.4065934065934066
e2_uci,kin8nm,ensemble,17,0.5,0.45665445665445664
e2_uci,kin8nm,ensemble,17,0.55,0.5164835164835165
e2_uci,kin8nm,ensemble,17,0.6000000000000001,0.5763125763125763
e2_uci,kin8nm,ensemble,17,0.6500000000000001,0.6275946275946276
e2_uci,kin8nm,ensemble,17,0.7000000000000001,0.6800976800976801
e2_uci,kin8nm,ensemble,17,0.7500000000000001,0.7582417582417582
e2_uci,kin8nm,ensemble,17,0.8,0.8107448107448108
e2_uci,kin8nm,ensemble,17,0.8500000000000001,0.8693528693528694
e2_uci,kin8nm,ensemble,17,0.9000000000000001,0.9108669108669109
e2_uci,kin8nm,ensemble,17,0.9500000000000001,0.9584859584859585
e2_uci,kin8nm,ensemble,18,0.05,0.04884004884004884
e2_uci,kin8nm,ensemble,18,0.1,0.08302808302808302
e2_uci,kin8nm,ensemble,18,0.15000000000000002,0.12087912087912088
e2_uci,kin8nm,ensemble,18,0.2,0.16117216117216118
e2_uci,kin8nm,ensemble,18,0.25,0.21245421245421245
e2_uci,kin8nm,ensemble,18,0.3,0.2673992673992674
e2_uci,kin8nm,ensemble,18,0.35000000000000003,0.32844932844932845
e2_uci,kin8nm,ensemble,18,0.4,0.38095238095238093
e2_uci,kin8nm,ensemble,18,0.45,0.43833943833943834
e2_uci,kin8nm,ensemble,18,0.5,0.5079365079365079
e2_uci,kin8nm,ensemble,18,0.55,0.5763125763125763
e2_uci,kin8nm,ensemble,18,0.6000000000000001,0.6434676434676435
e2_uci,kin8nm,ensemble,18,0.6500000000000001,0.7118437118437119
e2_uci,kin8nm,ensemble,18,0.7000000000000001,0.7728937728937729
e2_uci,kin8nm,ensemble,18,0.7500000000000001,0.8083028083028083
e2_uci,kin8nm,ensemble,18,0.8,0.8498168498168498
e2_uci,kin8nm,ensemble,18,0.8500000000000001,0.8937728937728938
e2_uci,kin8nm,ensemble,18,0.9000000000000001,0.9352869352869353
e2_uci,kin8nm,ensemble,18,0.9500000000000001,0.9658119658119658
e2_uci,kin8nm,ensemble,19,0.05,0.03540903540903541
e2_uci,kin8nm,ensemble,19,0.1,0.06593406593406594
e2_uci,kin8nm,ensemble,19,0.15000000000000002,0.10012210012210013
e2_uci,kin8nm,ensemble,19,0.2,0.15506715506715507
e2_uci,kin8nm,ensemble,19,0.25,0.20757020757020758
e2_uci,kin8nm,ensemble,19,0.3,0.2698412698412698
e2_uci,kin8nm,ensemble,19,0.35000000000000003,0.3321123321123321
e2_uci,kin8nm,ensemble,19,0.4,0.3833943833943834
e2_uci,kin8nm,ensemble,19,0.45,0.44932844932844934
e2_uci,kin8nm,ensemble,19,0.5,0.5299145299145299
e2_uci,kin8nm,ensemble,19,0.55,0.5934065934065934
e2_uci,kin8nm,ensemble,19,0.6000000000000001,0.6507936507936508
e2_uci,kin8nm,ensemble,19,0.6500000000000001,0.702075702075702
e2_uci,kin8nm,ensemble,19,0.7000000000000001,0.7484737484737485
e2_uci,kin8nm,ensemble,19,0.7500000000000001,0.7997557997557998
e2_uci,kin8nm,ensemble,19,0.8,0.8559218559218559
e2_uci,kin8nm,ensemble,19,0.8500000000000001,0.9010989010989011
e2_uci,kin8nm,ensemble,19,0.9000000000000001,0.9352869352869353
e2_uci,kin8nm,ensemble,19,0.9500000000000001,0.9682539682539683
e2_uci,power_plant,ensemble,0,0.05,0.03239289446185998
e2_uci,power_plant,ensemble,0,0.1,0.06687565308254964
e2_uci,power_plant,ensemble,0,0.15000000000000002,0.12434691745036573
e2_uci,power_plant,ensemble,0,0.2,0.16405433646812956
e2_uci,power_plant,ensemble,0,0.25,0.2058516196447231
e2_uci,power_plant,ensemble,0,0.3,0.2560083594566353
e2_uci,power_plant,ensemble,0,0.35000000000000003,0.3072100313479624
e2_uci,power_plant,ensemble,0,0.4,0.35318704284221525
e2_uci,power_plant,ensemble,0,0.45,0.4148380355276907
e2_uci,power_plant,ensemble,0,0.5,0.47648902821316613
e2_uci,power_plant,ensemble,0,0.55,0.5245559038662487
e2_uci,power_plant,ensemble,0,0.6000000000000001,0.567398119122257
e2_uci,power_plant,ensemble,0,0.6500000000000001,0.6206896551724138
e2_uci,power_plant,ensemble,0,0.7000000000000001,0.6677115987460815
e2_uci,power_plant,ensemble,0,0.7500000000000001,0.7251828631138976
e2_uci,power_plant,ensemble,0,0.8,0.786833855799373
e2_uci,power_plant,ensemble,0,0.8500000000000001,0.8484848484848485
e2_uci,power_plant,ensemble,0,0.9000000000000001,0.9007314524555904
e2_uci,power_plant,ensemble,0,0.9500000000000001,0.9383490073145245
e2_uci,power_plant,ensemble,1,0.05,0.030303030303030304
e2_uci,power_plant,ensemble,1,0.1,0.06060606060606061
e2_uci,power_plant,ensemble,1,0.15000000000000002,0.1044932079414838
e2_uci,power_plant,ensemble,1,0.2,0.15151515151515152
e2_uci,power_plant,ensemble,1,0.25,0.19540229885057472
e2_uci,power_plant,ensemble,1,0.3,0.25182863113897597
e2_uci,power_plant,ensemble,1,0.35000000000000003,0.3072100313479624
e2_uci,power_plant,ensemble,1,0.4,0.35318704284221525
e2_uci,power_plant,ensemble,1,0.45,0.4096133751306165
e2_uci,power_plant,ensemble,1,0.5,0.4702194357366771
e2_uci,power_plant,ensemble,1,0.55,0.5360501567398119
e2_uci,power_plant,ensemble,1,0.6000000000000001,0.5820271682340648
e2_uci,power_plant,ensemble,1,0.6500000000000001,0.632183908045977
e2_uci,power_plant,ensemble,1,0.7000000000000001,0.6917450365726228
e2_uci,power_plant,ensemble,1,0.7500000000000001,0.7523510971786834
e2_uci,power_plant,ensemble,1,0.8,0.8108672936259144
e2_uci,power_plant,ensemble,1,0.8500000000000001,0.8735632183908046
e2_uci,power_plant,ensemble,1,0.9000000000000001,0.9143155694879833
e2_uci,power_plant,ensemble,1,0.9500000000000001,0.9623824451410659
e2_uci,power_plant,ensemble,2,0.05,0.038662486938349006
e2_uci,power_plant,ensemble,2,0.1,0.06583072100313479
e2_uci,power_plant,ensemble,2,0.15000000000000002,0.11494252873563218
e2_uci,power_plant,ensemble,2,0.2,0.1671891327063741
e2_uci,power_plant,ensemble,2,0.25,0.2110762800417973
e2_uci,power_plant,ensemble,2,0.3,0.25914315569487983
e2_uci,power_plant,ensemble,2,0.35000000000000003,0.3103448275862069
e2_uci,power_plant,ensemble,2,0.4,0.3605015673981191
e2_uci,power_plant,ensemble,2,0.45,0.43051201671891326
e2_uci,power_plant,ensemble,2,0.5,0.477533960292581
e2_uci,power_plant,ensemble,2,0.55,0.5276907001044933
e2_uci,power_plant,ensemble,2,0.6000000000000001,0.5820271682340648
e2_uci,power_plant,ensemble,2,0.6500000000000001,0.6468129571577848
e2_uci,power_plant,ensemble,2,0.7000000000000001,0.7053291536050157
e2_uci,power_plant,ensemble,2,0.7500000000000001,0.7492163009404389
e2_uci,power_plant,ensemble,2,0.8,0.8087774294670846
e2_uci,power_plant,ensemble,2,0.8500000000000001,0.8599791013584117
e2_uci,power_plant,ensemble,2,0.9000000000000001,0.9017763845350052
e2_uci,power_plant,ensemble,2,0.9500000000000001,0.9540229885057471
e2_uci,power_plant,ensemble,3,0.05,0.047021943573667714
e2_uci,power_plant,ensemble,3,0.1,0.08150470219435736
e2_uci,power_plant,ensemble,3,0.15000000000000002,0.12643678160919541
e2_uci,power_plant,ensemble,3,0.2,0.1724137931034483
e2_uci,power_plant,ensemble,3,0.25,0.21212121212121213
e2_uci,power_plant,ensemble,3,0.3,0.25705329153605017
e2_uci,power_plant,ensemble,3,0.35000000000000003,0.30929989550679204
e2_uci,power_plant,ensemble,3,0.4,0.3573667711598746
e2_uci,power_plant,ensemble,3,0.45,0.4117032392894462
e2_uci,power_plant,ensemble,3,0.5,0.4660397074190178
e2_uci,power_plant,ensemble,3,0.55,0.5276907001044933
e2_uci,power_plant,ensemble,3,0.6000000000000001,0.5684430512016719
e2_uci,power_plant,ensemble,3,0.6500000000000001,0.625914315569488
e2_uci,power_plant,ensemble,3,0.7000000000000001,0.6917450365726228
e2_uci,power_plant,ensemble,3,0.7500000000000001,0.7398119122257053
e2_uci,power_plant,ensemble,3,0.8,0.8014629049111808
e2_uci,power_plant,ensemble,3,0.8500000000000001,0.857889237199582
e2_uci,power_plant,ensemble,3,0.9000000000000001,0.9070010449320794
e2_uci,power_plant,ensemble,3,0.9500000000000001,0.9613375130616509
e2_uci,power_plant,ensemble,4,0.05,0.03970741901776385
e2_uci,power_plant,ensemble,4,0.1,0.08254963427377221
e2_uci,power_plant,ensemble,4,0.15000000000000002,0.13061650992685475
e2_uci,power_plant,ensemble,4,0.2,0.18495297805642633
e2_uci,power_plant,ensemble,4,0.25,0.22988505747126436
e2_uci,power_plant,ensemble,4,0.3,0.26227795193312436
e2_uci,power_plant,ensemble,4,0.35000000000000003,0.3207941483803553
e2_uci,power_plant,ensemble,4,0.4,0.367816091954023
e2_uci,power_plant,ensemble,4,0.45,0.41901776384535006
e2_uci,power_plant,ensemble,4,0.5,0.47439916405433646
e2_uci,power_plant,ensemble,4,0.55,0.5266457680250783
e2_uci,power_plant,ensemble,4,0.6000000000000001,0.5768025078369906
e2_uci,power_plant,ensemble,4,0.6500000000000001,0.6353187042842215
e2_uci,power_plant,ensemble,4,0.7000000000000001,0.6938349007314525
e2_uci,power_plant,ensemble,4,0.7500000000000001,0.7377220480668757
e2_uci,power_plant,ensemble,4,0.8,0.8014629049111808
e2_uci,power_plant,ensemble,4,0.8500000000000001,0.8537095088819227
e2_uci,power_plant,ensemble,4,0.9000000000000001,0.9017763845350052
e2_uci,power_plant,ensemble,4,0.9500000000000001,0.9456635318704284
e2_uci,power_plant,ensemble,5,0.05,0.042842215256008356
e2_uci,power_plant,ensemble,5,0.1,0.0961337513061651
e2_uci,power_plant,ensemble,5,0.15000000000000002,0.14211076280041798
e2_uci,power_plant,ensemble,5,0.2,0.19644723092998956
e2_uci,power_plant,ensemble,5,0.25,0.24869383490073146
e2_uci,power_plant,ensemble,5,0.3,0.2894461859979101
e2_uci,power_plant,ensemble,5,0.35000000000000003,0.3343782654127482
e2_uci,power_plant,ensemble,5,0.4,0.3897596656217346
e2_uci,power_plant,ensemble,5,0.45,0.4315569487983281
e2_uci,power_plant,ensemble,5,0.5,0.4785788923719958
e2_uci,power_plant,ensemble,5,0.55,0.5350052246603971
e2_uci,power_plant,ensemble,5,0.6000000000000001,0.58098223615465
e2_uci,power_plant,ensemble,5,0.6500000000000001,0.6363636363636364
e2_uci,power_plant,ensemble,5,0.7000000000000001,0.6886102403343782
e2_uci,power_plant,ensemble,5,0.7500000000000001,0.7533960292580982
e2_uci,power_plant,ensemble,5,0.8,0.8140020898641588
e2_uci,power_plant,ensemble,5,0.8500000000000001,0.8662486938349008
e2_uci,power_plant,ensemble,5,0.9000000000000001,0.9195402298850575
e2_uci,power_plant,ensemble,5,0.9500000000000001,0.9623824451410659
e2_uci,power_plant,ensemble,6,0.05,0.035527690700104496
e2_uci,power_plant,ensemble,6,0.1,0.08463949843260188
e2_uci,power_plant,ensemble,6,0.15000000000000002,0.13375130616509928
e2_uci,power_plant,ensemble,6,0.2,0.1891327063740857
e2_uci,power_plant,ensemble,6,0.25,0.23510971786833856
e2_uci,power_plant,ensemble,6,0.3,0.2800417972831766
e2_uci,power_plant,ensemble,6,0.35000000000000003,0.3207941483803553
e2_uci,power_plant,ensemble,6,0.4,0.367816091954023
e2_uci,power_plant,ensemble,6,0.45,0.42528735632183906
e2_uci,power_plant,ensemble,6,0.5,0.49111807732497387
e2_uci,power_plant,ensemble,6,0.55,0.5412748171368861
e2_uci,power_plant,ensemble,6,0.6000000000000001,0.5862068965517241
e2_uci,power_plant,ensemble,6,0.6500000000000001,0.6436781609195402
e2_uci,power_plant,ensemble,6,0.7000000000000001,0.7011494252873564
e2_uci,power_plant,ensemble,6,0.7500000000000001,0.7575757575757576
e2_uci,power_plant,ensemble,6,0.8,0.8087774294670846
e2_uci,power_plant,ensemble,6,0.8500000000000001,0.8568443051201672
e2_uci,power_plant,ensemble,6,0.9000000000000001,0.9080459770114943
e2_uci,power_plant,ensemble,6,0.9500000000000001,0.9686520376175548
e2_uci,power_plant,ensemble,7,0.05,0.02821316614420063
e2_uci,power_plant,ensemble,7,0.1,0.07314524555903866
e2_uci,power_plant,ensemble,7,0.15000000000000002,0.13375130616509928
e2_uci,power_plant,ensemble,7,0.2,0.1786833855799373
e2_uci,power_plant,ensemble,7,0.25,0.2330198537095089
e2_uci,power_plant,ensemble,7,0.3,0.2852664576802508
e2_uci,power_plant,ensemble,7,0.35000000000000003,0.3270637408568443
e2_uci,power_plant,ensemble,7,0.4,0.38557993730407525
e2_uci,power_plant,ensemble,7,0.45,0.4284221525600836
e2_uci,power_plant,ensemble,7,0.5,0.47439916405433646
e2_uci,power_plant,ensemble,7,0.55,0.5245559038662487
e2_uci,power_plant,ensemble,7,0.6000000000000001,0.5862068965517241
e2_uci,power_plant,ensemble,7,0.6500000000000001,0.6530825496342738
e2_uci,power_plant,ensemble,7,0.7000000000000001,0.703239289446186
e2_uci,power_plant,ensemble,7,0.7500000000000001,0.7533960292580982
e2_uci,power_plant,ensemble,7,0.8,0.8066875653082549
e2_uci,power_plant,ensemble,7,0.8500000000000001,0.8683385579937304
e2_uci,power_plant,ensemble,7,0.9000000000000001,0.9153605015673981
e2_uci,power_plant,ensemble,7,0.9500000000000001,0.9634273772204807
e2_uci,power_plant,ensemble,8,0.05,0.03657262277951933
e2_uci,power_plant,ensemble,8,0.1,0.0741901776384535
e2_uci,power_plant,ensemble,8,0.15000000000000002,0.11494252873563218
e2_uci,power_plant,ensemble,8,0.2,0.17136886102403343
e2_uci,power_plant,ensemble,8,0.25,0.219435736677116
e2_uci,power_plant,ensemble,8,0.3,0.2612330198537095
e2_uci,power_plant,ensemble,8,0.35000000000000003,0.31347962382445144
e2_uci,power_plant,ensemble,8,0.4,0.3730407523510972
e2_uci,power_plant,ensemble,8,0.45,0.4367816091954023
e2_uci,power_plant,ensemble,8,0.5,0.4952978056426332
e2_uci,power_plant,ensemble,8,0.55,0.5412748171368861
e2_uci,power_plant,ensemble,8,0.6000000000000001,0.6008359456635318
e2_uci,power_plant,ensemble,8,0.6500000000000001,0.6666666666666666
e2_uci,power_plant,ensemble,8,0.7000000000000001,0.7105538140020898
e2_uci,power_plant,ensemble,8,0.7500000000000001,0.7586206896551724
e2_uci,power_plant,ensemble,8,0.8,0.8213166144200627
e2_uci,power_plant,ensemble,8,0.8500000000000001,0.8725182863113897
e2_uci,power_plant,ensemble,8,0.9000000000000001,0.9216300940438872
e2_uci,power_plant,ensemble,8,0.9500000000000001,0.9582027168234065
e2_uci,power_plant,ensemble,9,0.05,0.04179728317659352
e2_uci,power_plant,ensemble,9,0.1,0.09508881922675026
e2_uci,power_plant,ensemble,9,0.15000000000000002,0.14211076280041798
e2_uci,power_plant,ensemble,9,0.2,0.19122257053291536
e2_uci,power_plant,ensemble,9,0.25,0.22152560083594566
e2_uci,power_plant,ensemble,9,0.3,0.26854754440961337
e2_uci,power_plant,ensemble,9,0.35000000000000003,0.3155694879832811
e2_uci,power_plant,ensemble,9,0.4,0.3552769070010449
e2_uci,power_plant,ensemble,9,0.45,0.4106583072100313
e2_uci,power_plant,ensemble,9,0.5,0.4566353187042842
e2_uci,power_plant,ensemble,9,0.55,0.5015673981191222
e2_uci,power_plant,ensemble,9,0.6000000000000001,0.5559038662486938
e2_uci,power_plant,ensemble,9,0.6500000000000001,0.6165099268547545
e2_uci,power_plant,ensemble,9,0.7000000000000001,0.6812957157784744
e2_uci,power_plant,ensemble,9,0.7500000000000001,0.7450365726227796
e2_uci,power_plant,ensemble,9,0.8,0.8014629049111808
e2_uci,power_plant,ensemble,9,0.8500000000000001,0.8589341692789969
e2_uci,power_plant,ensemble,9,0.9000000000000001,0.9090909090909091
e2_uci,power_plant,ensemble,9,0.9500000000000001,0.9592476489028213
e2_uci,power_plant,ensemble,10,0.05,0.04806687565308255
e2_uci,power_plant,ensemble,10,0.1,0.09717868338557993
e2_uci,power_plant,ensemble,10,0.15000000000000002,0.14733542319749215
e2_uci,power_plant,ensemble,10,0.2,0.2058516196447231
e2_uci,power_plant,ensemble,10,0.25,0.24242424242424243
e2_uci,power_plant,ensemble,10,0.3,0.29571577847439917
e2_uci,power_plant,ensemble,10,0.35000000000000003,0.34169278996865204
e2_uci,power_plant,ensemble,10,0.4,0.3897596656217346
e2_uci,power_plant,ensemble,10,0.45,0.44723092998955066
e2_uci,power_plant,ensemble,10,0.5,0.5078369905956113
e2_uci,power_plant,ensemble,10,0.55,0.5569487983281086
e2_uci,power_plant,ensemble,10,0.6000000000000001,0.6112852664576802
e2_uci,power_plant,ensemble,10,0.6500000000000001,0.6572622779519331
e2_uci,power_plant,ensemble,10,0.7000000000000001,0.7063740856844305
e2_uci,power_plant,ensemble,10,0.7500000000000001,0.7607105538140021
e2_uci,power_plant,ensemble,10,0.8,0.8171368861024033
e2_uci,power_plant,ensemble,10,0.8500000000000001,0.8829676071055381
e2_uci,power_plant,ensemble,10,0.9000000000000001,0.922675026123302
e2_uci,power_plant,ensemble,10,0.9500000000000001,0.9686520376175548
e2_uci,power_plant,ensemble,11,0.05,0.04179728317659352
e2_uci,power_plant,ensemble,11,0.1,0.08150470219435736
e2_uci,power_plant,ensemble,11,0.15000000000000002,0.12330198537095088
e2_uci,power_plant,ensemble,11,0.2,0.18181818181818182
e2_uci,power_plant,ensemble,11,0.25,0.2277951933124347
e2_uci,power_plant,ensemble,11,0.3,0.2716823406478579
e2_uci,power_plant,ensemble,11,0.35000000000000003,0.3207941483803553
e2_uci,power_plant,ensemble,11,0.4,0.3772204806687565
e2_uci,power_plant,ensemble,11,0.45,0.4346917450365726
e2_uci,power_plant,ensemble,11,0.5,0.4890282131661442
e2_uci,power_plant,ensemble,11,0.55,0.542319749216301
e2_uci,power_plant,ensemble,11,0.6000000000000001,0.5862068965517241
e2_uci,power_plant,ensemble,11,0.6500000000000001,0.6415882967607106
e2_uci,power_plant,ensemble,11,0.7000000000000001,0.696969696969697
e2_uci,power_plant,ensemble,11,0.7500000000000001,0.741901776384535
e2_uci,power_plant,ensemble,11,0.8,0.7983281086729362
e2_uci,power_plant,ensemble,11,0.8500000000000001,0.8631138975966562
e2_uci,power_plant,ensemble,11,0.9000000000000001,0.922675026123302
e2_uci,power_plant,ensemble,11,0.9500000000000001,0.9623824451410659
e2_uci,power_plant,ensemble,12,0.05,0.03343782654127482
e2_uci,power_plant,ensemble,12,0.1,0.06896551724137931
e2_uci,power_plant,ensemble,12,0.15000000000000002,0.10344827586206896
e2_uci,power_plant,ensemble,12,0.2,0.14942528735632185
e2_uci,power_plant,ensemble,12,0.25,0.19435736677115986
e2_uci,power_plant,ensemble,12,0.3,0.24869383490073146
e2_uci,power_plant,ensemble,12,0.35000000000000003,0.2988505747126437
e2_uci,power_plant,ensemble,12,0.4,0.3573667711598746
e2_uci,power_plant,ensemble,12,0.45,0.4106583072100313
e2_uci,power_plant,ensemble,12,0.5,0.4555903866248694
e2_uci,power_plant,ensemble,12,0.55,0.522466039707419
e2_uci,power_plant,ensemble,12,0.6000000000000001,0.5768025078369906
e2_uci,power_plant,ensemble,12,0.6500000000000001,0.6165099268547545
e2_uci,power_plant,ensemble,12,0.7000000000000001,0.6718913270637409
e2_uci,power_plant,ensemble,12,0.7500000000000001,0.7471264367816092
e2_uci,power_plant,ensemble,12,0.8,0.8077324973876698
e2_uci,power_plant,ensemble,12,0.8500000000000001,0.8714733542319749
e2_uci,power_plant,ensemble,12,0.9000000000000001,0.9143155694879833
e2_uci,power_plant,ensemble,12,0.9500000000000001,0.9582027168234065
e2_uci,power_plant,ensemble,13,0.05,0.04493207941483804
e2_uci,power_plant,ensemble,13,0.1,0.08881922675026123
e2_uci,power_plant,ensemble,13,0.15000000000000002,0.14211076280041798
e2_uci,power_plant,ensemble,13,0.2,0.19540229885057472
e2_uci,power_plant,ensemble,13,0.25,0.2361546499477534
e2_uci,power_plant,ensemble,13,0.3,0.2936259143155695
e2_uci,power_plant,ensemble,13,0.35000000000000003,0.3437826541274817
e2_uci,power_plant,ensemble,13,0.4,0.3991640543364681
e2_uci,power_plant,ensemble,13,0.45,0.45768025078369906
e2_uci,power_plant,ensemble,13,0.5,0.5047021943573667
e2_uci,power_plant,ensemble,13,0.55,0.5538140020898642
e2_uci,power_plant,ensemble,13,0.6000000000000001,0.61337513061651
e2_uci,power_plant,ensemble,13,0.6500000000000001,0.6562173458725182
e2_uci,power_plant,ensemble,13,0.7000000000000001,0.7126436781609196
e2_uci,power_plant,ensemble,13,0.7500000000000001,0.7648902821316614
e2_uci,power_plant,ensemble,13,0.8,0.8213166144200627
e2_uci,power_plant,ensemble,13,0.8500000000000001,0.8756530825496343
e2_uci,power_plant,ensemble,13,0.9000000000000001,0.9174503657262278
e2_uci,power_plant,ensemble,13,0.9500000000000001,0.9613375130616509
e2_uci,power_plant,ensemble,14,0.05,0.029258098223615466
e2_uci,power_plant,ensemble,14,0.1,0.07105538140020899
e2_uci,power_plant,ensemble,14,0.15000000000000002,0.12330198537095088
e2_uci,power_plant,ensemble,14,0.2,0.17450365726227796
e2_uci,power_plant,ensemble,14,0.25,0.2361546499477534
e2_uci,power_plant,ensemble,14,0.3,0.2852664576802508
e2_uci,power_plant,ensemble,14,0.35000000000000003,0.3322884012539185
e2_uci,power_plant,ensemble,14,0.4,0.3897596656217346
e2_uci,power_plant,ensemble,14,0.45,0.438871473354232
e2_uci,power_plant,ensemble,14,0.5,0.48380355276907
e2_uci,power_plant,ensemble,14,0.55,0.5308254963427377
e2_uci,power_plant,ensemble,14,0.6000000000000001,0.5851619644723093
e2_uci,power_plant,ensemble,14,0.6500000000000001,0.6478578892371996
e2_uci,power_plant,ensemble,14,0.7000000000000001,0.7126436781609196
e2_uci,power_plant,ensemble,14,0.7500000000000001,0.7763845350052246
e2_uci,power_plant,ensemble,14,0.8,0.8223615464994776
e2_uci,power_plant,ensemble,14,0.8500000000000001,0.8672936259143156
e2_uci,power_plant,ensemble,14,0.9000000000000001,0.9090909090909091
e2_uci,power_plant,ensemble,14,0.9500000000000001,0.9582027168234065
e2_uci,power_plant,ensemble,15,0.05,0.03970741901776385
e2_uci,power_plant,ensemble,15,0.1,0.07105538140020899
e2_uci,power_plant,ensemble,15,0.15000000000000002,0.11076280041797283
e2_uci,power_plant,ensemble,15,0.2,0.16300940438871472
e2_uci,power_plant,ensemble,15,0.25,0.20794148380355276
e2_uci,power_plant,ensemble,15,0.3,0.26436781609195403
e2_uci,power_plant,ensemble,15,0.35000000000000003,0.3176593521421108
e2_uci,power_plant,ensemble,15,0.4,0.3709508881922675
e2_uci,power_plant,ensemble,15,0.45,0.4169278996865204
e2_uci,power_plant,ensemble,15,0.5,0.46812957157784746
e2_uci,power_plant,ensemble,15,0.55,0.51619644723093
e2_uci,power_plant,ensemble,15,0.6000000000000001,0.5851619644723093
e2_uci,power_plant,ensemble,15,0.6500000000000001,0.644723092998955
e2_uci,power_plant,ensemble,15,0.7000000000000001,0.7021943573667712
e2_uci,power_plant,ensemble,15,0.7500000000000001,0.7554858934169278
e2_uci,power_plant,ensemble,15,0.8,0.8202716823406478
e2_uci,power_plant,ensemble,15,0.8500000000000001,0.8693834900731452
e2_uci,power_plant,ensemble,15,0.9000000000000001,0.9164054336468129
e2_uci,power_plant,ensemble,15,0.9500000000000001,0.9571577847439916
e2_uci,power_plant,ensemble,16,0.05,0.022988505747126436
e2_uci,power_plant,ensemble,16,0.1,0.05642633228840126
e2_uci,power_plant,ensemble,16,0.15000000000000002,0.1013584117032393
e2_uci,power_plant,ensemble,16,0.2,0.15151515151515152
e2_uci,power_plant,ensemble,16,0.25,0.18599791013584116
e2_uci,power_plant,ensemble,16,0.3,0.22884012539184953
e2_uci,power_plant,ensemble,16,0.35000000000000003,0.28213166144200624
e2_uci,power_plant,ensemble,16,0.4,0.335423197492163
e2_uci,power_plant,ensemble,16,0.45,0.3949843260188088
e2_uci,power_plant,ensemble,16,0.5,0.44723092998955066
e2_uci,power_plant,ensemble,16,0.55,0.5015673981191222
e2_uci,power_plant,ensemble,16,0.6000000000000001,0.5663531870428422
e2_uci,power_plant,ensemble,16,0.6500000000000001,0.6175548589341693
e2_uci,power_plant,ensemble,16,0.7000000000000001,0.6854754440961337
e2_uci,power_plant,ensemble,16,0.7500000000000001,0.7502612330198537
e2_uci,power_plant,ensemble,16,0.8,0.8077324973876698
e2_uci,power_plant,ensemble,16,0.8500000000000001,0.8484848484848485
e2_uci,power_plant,ensemble,16,0.9000000000000001,0.9111807732497388
e2_uci,power_plant,ensemble,16,0.9500000000000001,0.9644723092998955
e2_uci,power_plant,ensemble,17,0.05,0.0522466039707419
e2_uci,power_plant,ensemble,17,0.1,0.09822361546499478
e2_uci,power_plant,ensemble,17,0.15000000000000002,0.1452455590386625
e2_uci,power_plant,ensemble,17,0.2,0.2110762800417973
e2_uci,power_plant,ensemble,17,0.25,0.26541274817136884
e2_uci,power_plant,ensemble,17,0.3,0.30303030303030304
e2_uci,power_plant,ensemble,17,0.35000000000000003,0.3500522466039707
e2_uci,power_plant,ensemble,17,0.4,0.3981191222570533
e2_uci,power_plant,ensemble,17,0.45,0.4482758620689655
e2_uci,power_plant,ensemble,17,0.5,0.509926854754441
e2_uci,power_plant,ensemble,17,0.55,0.5579937304075235
e2_uci,power_plant,ensemble,17,0.6000000000000001,0.6008359456635318
e2_uci,power_plant,ensemble,17,0.6500000000000001,0.6562173458725182
e2_uci,power_plant,ensemble,17,0.7000000000000001,0.709508881922675
e2_uci,power_plant,ensemble,17,0.7500000000000001,0.7722048066875653
e2_uci,power_plant,ensemble,17,0.8,0.8338557993730408
e2_uci,power_plant,ensemble,17,0.8500000000000001,0.8840125391849529
e2_uci,power_plant,ensemble,17,0.9000000000000001,0.9320794148380356
e2_uci,power_plant,ensemble,17,0.9500000000000001,0.9696969696969697
e2_uci,power_plant,ensemble,18,0.05,0.03239289446185998
e2_uci,power_plant,ensemble,18,0.1,0.08254963427377221
e2_uci,power_plant,ensemble,18,0.15000000000000002,0.13688610240334378
e2_uci,power_plant,ensemble,18,0.2,0.1839080459770115
e2_uci,power_plant,ensemble,18,0.25,0.2361546499477534
e2_uci,power_plant,ensemble,18,0.3,0.2884012539184953
e2_uci,power_plant,ensemble,18,0.35000000000000003,0.33646812957157785
e2_uci,power_plant,ensemble,18,0.4,0.3887147335423197
e2_uci,power_plant,ensemble,18,0.45,0.44723092998955066
e2_uci,power_plant,ensemble,18,0.5,0.5015673981191222
e2_uci,power_plant,ensemble,18,0.55,0.5527690700104493
e2_uci,power_plant,ensemble,18,0.6000000000000001,0.5977011494252874
e2_uci,power_plant,ensemble,18,0.6500000000000001,0.6489028213166145
e2_uci,power_plant,ensemble,18,0.7000000000000001,0.7021943573667712
e2_uci,power_plant,ensemble,18,0.7500000000000001,0.7617554858934169
e2_uci,power_plant,ensemble,18,0.8,0.8286311389759665
e2_uci,power_plant,ensemble,18,0.8500000000000001,0.8766980146290491
e2_uci,power_plant,ensemble,18,0.9000000000000001,0.9164054336468129
e2_uci,power_plant,ensemble,18,0.9500000000000001,0.9529780564263323
e2_uci,power_plant,ensemble,19,0.05,0.042842215256008356
e2_uci,power_plant,ensemble,19,0.1,0.08359456635318704
e2_uci,power_plant,ensemble,19,0.15000000000000002,0.13688610240334378
e2_uci,power_plant,ensemble,19,0.2,0.17763845350052246
e2_uci,power_plant,ensemble,19,0.25,0.23197492163009403
e2_uci,power_plant,ensemble,19,0.3,0.28108672936259144
e2_uci,power_plant,ensemble,19,0.35000000000000003,0.3343782654127482
e2_uci,power_plant,ensemble,19,0.4,0.38662486938349006
e2_uci,power_plant,ensemble,19,0.45,0.44096133751306166
e2_uci,power_plant,ensemble,19,0.5,0.47962382445141066
e2_uci,power_plant,ensemble,19,0.55,0.5308254963427377
e2_uci,power_plant,ensemble,19,0.6000000000000001,0.587251828631139
e2_uci,power_plant,ensemble,19,0.6500000000000001,0.64576802507837
e2_uci,power_plant,ensemble,19,0.7000000000000001,0.7021943573667712
e2_uci,power_plant,ensemble,19,0.7500000000000001,0.7554858934169278
e2_uci,power_plant,ensemble,19,0.8,0.819226750261233
e2_uci,power_plant,ensemble,19,0.8500000000000001,0.8766980146290491
e2_uci,power_plant,ensemble,19,0.9000000000000001,0.9237199582027168
e2_uci,power_plant,ensemble,19,0.9500000000000001,0.9592476489028213
e2_uci,yacht,bbb,0,0.05,0.0
e2_uci,yacht,bbb,0,0.1,0.0
e2_uci,yacht,bbb,0,0.15000000000000002,0.03225806451612903
e2_uci,yacht,bbb,0,0.2,0.03225806451612903
e2_uci,yacht,bbb,0,0.25,0.03225806451612903
e2_uci,yacht,bbb,0,0.3,0.03225806451612903
e2_uci,yacht,bbb,0,0.35000000000000003,0.06451612903225806
e2_uci,yacht,bbb,0,0.4,0.06451612903225806
e2_uci,yacht,bbb,0,0.45,0.12903225806451613
e2_uci,yacht,bbb,0,0.5,0.5806451612903226
e2_uci,yacht,bbb,0,0.55,0.8387096774193549
e2_uci,yacht,bbb,0,0.6000000000000001,0.8709677419354839
e2_uci,yacht,bbb,0,0.6500000000000001,0.9032258064516129
e2_uci,yacht,bbb,0,0.7000000000000001,0.9032258064516129
e2_uci,yacht,bbb,0,0.7500000000000001,0.9032258064516129
e2_uci,yacht,bbb,0,0.8,0.9354838709677419
e2_uci,yacht,bbb,0,0.8500000000000001,0.967741935483871
e2_uci,yacht,bbb,0,0.9000000000000001,0.967741935483871
e2_uci,yacht,bbb,0,0.9500000000000001,0.967741935483871
e2_uci,yacht,bbb,1,0.05,0.0
e2_uci,yacht,bbb,1,0.1,0.0
e2_uci,yacht,bbb,1,0.15000000000000002,0.0
e2_uci,yacht,bbb,1,0.2,0.0
e2_uci,yacht,bbb,1,0.25,0.0
e2_uci,yacht,bbb,1,0.3,0.0
e2_uci,yacht,bbb,1,0.35000000000000003,0.0
e2_uci,yacht,bbb,1,0.4,0.06451612903225806
e2_uci,yacht,bbb,1,0.45,0.12903225806451613
e2_uci,yacht,bbb,1,0.5,0.41935483870967744
e2_uci,yacht,bbb,1,0.55,0.6451612903225806
e2_uci,yacht,bbb,1,0.6000000000000001,0.8064516129032258
e2_uci,yacht,bbb,1,0.6500000000000001,0.8709677419354839
e2_uci,yacht,bbb,1,0.7000000000000001,0.9354838709677419
e2_uci,yacht,bbb,1,0.7500000000000001,0.9354838709677419
e2_uci,yacht,bbb,1,0.8,0.967741935483871
e2_uci,yacht,bbb,1,0.8500000000000001,0.967741935483871
e2_uci,yacht,bbb,1,0.9000000000000001,0.967741935483871
e2_uci,yacht,bbb,1,0.9500000000000001,1.0
e2_uci,yacht,bbb,2,0.05,0.0
e2_uci,yacht,bbb,2,0.1,0.0
e2_uci,yacht,bbb,2,0.15000000000000002,0.0
e2_uci,yacht,bbb,2,0.2,0.0
e2_uci,yacht,bbb,2,0.25,0.0
e2_uci,yacht,bbb,2,0.3,0.0967741935483871
e2_uci,yacht,bbb,2,0.35000000000000003,0.0967741935483871
e2_uci,yacht,bbb,2,0.4,0.25806451612903225
e2_uci,yacht,bbb,2,0.45,0.45161290322580644
e2_uci,yacht,bbb,2,0.5,0.7419354838709677
e2_uci,yacht,bbb,2,0.55,0.9354838709677419
e2_uci,yacht,bbb,2,0.6000000000000001,0.967741935483871
e2_uci,yacht,bbb,2,0.6500000000000001,0.967741935483871
e2_uci,yacht,bbb,2,0.7000000000000001,1.0
e2_uci,yacht,bbb,2,0.7500000000000001,1.0
e2_uci,yacht,bbb,2,0.8,1.0
e2_uci,yacht,bbb,2,0.8500000000000001,1.0
e2_uci,yacht,bbb,2,0.9000000000000001,1.0
e2_uci,yacht,bbb,2,0.9500000000000001,1.0
e2_uci,yacht,bbb,3,0.05,0.0
e2_uci,yacht,bbb,3,0.1,0.0
e2_uci,yacht,bbb,3,0.15000000000000002,0.0
e2_uci,yacht,bbb,3,0.2,0.03225806451612903
e2_uci,yacht,bbb,3,0.25,0.06451612903225806
e2_uci,yacht,bbb,3,0.3,0.0967741935483871
e2_uci,yacht,bbb,3,0.35000000000000003,0.12903225806451613
e2_uci,yacht,bbb,3,0.4,0.16129032258064516
e2_uci,yacht,bbb,3,0.45,0.1935483870967742
e2_uci,yacht,bbb,3,0.5,0.2903225806451613
e2_uci,yacht,bbb,3,0.55,0.4838709677419355
e2_uci,yacht,bbb,3,0.6000000000000001,0.7419354838709677
e2_uci,yacht,bbb,3,0.6500000000000001,0.8064516129032258
e2_uci,yacht,bbb,3,0.7000000000000001,0.8064516129032258
e2_uci,yacht,bbb,3,0.7500000000000001,0.8709677419354839
e2_uci,yacht,bbb,3,0.8,0.9354838709677419
e2_uci,yacht,bbb,3,0.8500000000000001,0.967741935483871
e2_uci,yacht,bbb,3,0.9000000000000001,0.967741935483871
e2_uci,yacht,bbb,3,0.9500000000000001,0.967741935483871
e2_uci,yacht,bbb,4,0.05,0.0
e2_uci,yacht,bbb,4,0.1,0.0
e2_uci,yacht,bbb,4,0.15000000000000002,0.0
e2_uci,yacht,bbb,4,0.2,0.03225806451612903
e2_uci,yacht,bbb,4,0.25,0.06451612903225806
e2_uci,yacht,bbb,4,0.3,0.12903225806451613
e2_uci,yacht,bbb,4,0.35000000000000003,0.1935483870967742
e2_uci,yacht,bbb,4,0.4,0.3870967741935484
e2_uci,yacht,bbb,4,0.45,0.6451612903225806
e2_uci,yacht,bbb,4,0.5,0.8387096774193549
e2_uci,yacht,bbb,4,0.55,0.967741935483871
e2_uci,yacht,bbb,4,0.6000000000000001,1.0
e2_uci,yacht,bbb,4,0.6500000000000001,1.0
e2_uci,yacht,bbb,4,0.7000000000000001,1.0
e2_uci,yacht,bbb,4,0.7500000000000001,1.0
e2_uci,yacht,bbb,4,0.8,1.0
e2_uci,yacht,bbb,4,0.8500000000000001,1.0
e2_uci,yacht,bbb,4,0.9000000000000001,1.0
e2_uci,yacht,bbb,4,0.9500000000000001,1.0
e2_uci,yacht,bbb,5,0.05,0.0
e2_uci,yacht,bbb,5,0.1,0.0
e2_uci,yacht,bbb,5,0.15000000000000002,0.0
e2_uci,yacht,bbb,5,0.2,0.0
e2_uci,yacht,bbb,5,0.25,0.0
e2_uci,yacht,bbb,5,0.3,0.03225806451612903
e2_uci,yacht,bbb,5,0.35000000000000003,0.03225806451612903
e2_uci,yacht,bbb,5,0.4,0.03225806451612903
e2_uci,yacht,bbb,5,0.45,0.0967741935483871
e2_uci,yacht,bbb,5,0.5,0.3225806451612903
e2_uci,yacht,bbb,5,0.55,0.5483870967741935
e2_uci,yacht,bbb,5,0.6000000000000001,0.7419354838709677
e2_uci,yacht,bbb,5,0.6500000000000001,0.8709677419354839
e2_uci,yacht,bbb,5,0.7000000000000001,0.9032258064516129
e2_uci,yacht,bbb,5,0.7500000000000001,0.9032258064516129
e2_uci,yacht,bbb,5,0.8,0.967741935483871
e2_uci,yacht,bbb,5,0.8500000000000001,0.967741935483871
e2_uci,yacht,bbb,5,0.9000000000000001,0.967741935483871
e2_uci,yacht,bbb,5,0.9500000000000001,0.967741935483871
e2_uci,yacht,bbb,6,0.05,0.0
e2_uci,yacht,bbb,6,0.1,0.0
e2_uci,yacht,bbb,6,0.15000000000000002,0.03225806451612903
e2_uci,yacht,bbb,6,0.2,0.0967741935483871
e2_uci,yacht,bbb,6,0.25,0.12903225806451613
e2_uci,yacht,bbb,6,0.3,0.22580645161290322
e2_uci,yacht,bbb,6,0.35000000000000003,0.5483870967741935
e2_uci,yacht,bbb,6,0.4,0.8387096774193549
e2_uci,yacht,bbb,6,0.45,0.9354838709677419
e2_uci,yacht,bbb,6,0.5,0.9354838709677419
e2_uci,yacht,bbb,6,0.55,0.967741935483871
e2_uci,yacht,bbb,6,0.6000000000000001,0.967741935483871
e2_uci,yacht,bbb,6,0.6500000000000001,0.967741935483871
e2_uci,yacht,bbb,6,0.7000000000000001,1.0
e2_uci,yacht,bbb,6,0.7500000000000001,1.0
e2_uci,yacht,bbb,6,0.8,1.0
e2_uci,yacht,bbb,6,0.8500000000000001,1.0
e2_uci,yacht,bbb,6,0.9000000000000001,1.0
e2_uci,yacht,bbb,6,0.9500000000000001,1.0
e2_uci,yacht,bbb,7,0.05,0.0
e2_uci,yacht,bbb,7,0.1,0.03225806451612903
e2_uci,yacht,bbb,7,0.15000000000000002,0.03225806451612903
e2_uci,yacht,bbb,7,0.2,0.03225806451612903
e2_uci,yacht,bbb,7,0.25,0.06451612903225806
e2_uci,yacht,bbb,7,0.3,0.06451612903225806
e2_uci,yacht,bbb,7,0.35000000000000003,0.12903225806451613
e2_uci,yacht,bbb,7,0.4,0.3870967741935484
e2_uci,yacht,bbb,7,0.45,0.6129032258064516
e2_uci,yacht,bbb,7,0.5,0.7419354838709677
e2_uci,yacht,bbb,7,0.55,0.7741935483870968
e2_uci,yacht,bbb,7,0.6000000000000001,0.8387096774193549
e2_uci,yacht,bbb,7,0.6500000000000001,0.9032258064516129
e2_uci,yacht,bbb,7,0.7000000000000001,0.9354838709677419
e2_uci,yacht,bbb,7,0.7500000000000001,0.9354838709677419
e2_uci,yacht,bbb,7,0.8,0.9354838709677419
e2_uci,yacht,bbb,7,0.8500000000000001,0.967741935483871
e2_uci,yacht,bbb,7,0.9000000000000001,0.967741935483871
e2_uci,yacht,bbb,7,0.9500000000000001,0.967741935483871
e2_uci,yacht,bbb,8,0.05,0.0
e2_uci,yacht,bbb,8,0.1,0.0
e2_uci,yacht,bbb,8,0.15000000000000002,0.0
e2_uci,yacht,bbb,8,0.2,0.0
e2_uci,yacht,bbb,8,0.25,0.0
e2_uci,yacht,bbb,8,0.3,0.0
e2_uci,yacht,bbb,8,0.35000000000000003,0.0
e2_uci,yacht,bbb,8,0.4,0.12903225806451613
e2_uci,yacht,bbb,8,0.45,0.1935483870967742
e2_uci,yacht,bbb,8,0.5,0.25806451612903225
e2_uci,yacht,bbb,8,0.55,0.45161290322580644
e2_uci,yacht,bbb,8,0.6000000000000001,0.6451612903225806
e2_uci,yacht,bbb,8,0.6500000000000001,0.8387096774193549
e2_uci,yacht,bbb,8,0.7000000000000001,0.8709677419354839
e2_uci,yacht,bbb,8,0.7500000000000001,0.9032258064516129
e2_uci,yacht,bbb,8,0.8,0.9354838709677419
e2_uci,yacht,bbb,8,0.8500000000000001,0.9354838709677419
e2_uci,yacht,bbb,8,0.9000000000000001,0.967741935483871
e2_uci,yacht,bbb,8,0.9500000000000001,1.0
e2_uci,yacht,bbb,9,0.05,0.0
e2_uci,yacht,bbb,9,0.1,0.0
e2_uci,yacht,bbb,9,0.15000000000000002,0.0
e2_uci,yacht,bbb,9,0.2,0.0
e2_uci,yacht,bbb,9,0.25,0.0
e2_uci,yacht,bbb,9,0.3,0.0
e2_uci,yacht,bbb,9,0.35000000000000003,0.0
e2_uci,yacht,bbb,9,0.4,0.0
e2_uci,yacht,bbb,9,0.45,0.06451612903225806
e2_uci,yacht,bbb,9,0.5,0.16129032258064516
e2_uci,yacht,bbb,9,0.55,0.45161290322580644
e2_uci,yacht,bbb,9,0.6000000000000001,0.8064516129032258
e2_uci,yacht,bbb,9,0.6500000000000001,0.967741935483871
e2_uci,yacht,bbb,9,0.7000000000000001,0.967741935483871
e2_uci,yacht,bbb,9,0.7500000000000001,0.967741935483871
e2_uci,yacht,bbb,9,0.8,0.967741935483871
e2_uci,yacht,bbb,9,0.8500000000000001,1.0
e2_uci,yacht,bbb,9,0.9000000000000001,1.0
e2_uci,yacht,bbb,9,0.9500000000000001,1.0
e2_uci,yacht,bbb,10,0.05,0.0
e2_uci,yacht,bbb,10,0.1,0.0
e2_uci,yacht,bbb,10,0.15000000000000002,0.03225806451612903
e2_uci,yacht,bbb,10,0.2,0.06451612903225806
e2_uci,yacht,bbb,10,0.25,0.06451612903225806
e2_uci,yacht,bbb,10,0.3,0.06451612903225806
e2_uci,yacht,bbb,10,0.35000000000000003,0.06451612903225806
e2_uci,yacht,bbb,10,0.4,0.1935483870967742
e2_uci,yacht,bbb,10,0.45,0.2903225806451613
e2_uci,yacht,bbb,10,0.5,0.4838709677419355
e2_uci,yacht,bbb,10,0.55,0.5806451612903226
e2_uci,yacht,bbb,10,0.6000000000000001,0.7741935483870968
e2_uci,yacht,bbb,10,0.6500000000000001,0.8709677419354839
e2_uci,yacht,bbb,10,0.7000000000000001,0.9354838709677419
e2_uci,yacht,bbb,10,0.7500000000000001,0.9354838709677419
e2_uci,yacht,bbb,10,0.8,0.967741935483871
e2_uci,yacht,bbb,10,0.8500000000000001,1.0
e2_uci,yacht,bbb,10,0.9000000000000001,1.0
e2_uci,yacht,bbb,10,0.9500000000000001,1.0
e2_uci,yacht,bbb,11,0.05,0.0
e2_uci,yacht,bbb,11,0.1,0.0
e2_uci,yacht,bbb,11,0.15000000000000002,0.0
e2_uci,yacht,bbb,11,0.2,0.0
e2_uci,yacht,bbb,11,0.25,0.0
e2_uci,yacht,bbb,11,0.3,0.0
e2_uci,yacht,bbb,11,0.35000000000000003,0.0967741935483871
e2_uci,yacht,bbb,11,0.4,0.0967741935483871
e2_uci,yacht,bbb,11,0.45,0.12903225806451613
e2_uci,yacht,bbb,11,0.5,0.25806451612903225
e2_uci,yacht,bbb,11,0.55,0.5161290322580645
e2_uci,yacht,bbb,11,0.6000000000000001,0.6774193548387096
e2_uci,yacht,bbb,11,0.6500000000000001,0.8709677419354839
e2_uci,yacht,bbb,11,0.7000000000000001,0.8709677419354839
e2_uci,yacht,bbb,11,0.7500000000000001,0.9032258064516129
e2_uci,yacht,bbb,11,0.8,0.9032258064516129
e2_uci,yacht,bbb,11,0.8500000000000001,0.9354838709677419
e2_uci,yacht,bbb,11,0.9000000000000001,0.9354838709677419
e2_uci,yacht,bbb,11,0.9500000000000001,0.9354838709677419
e2_uci,yacht,bbb,12,0.05,0.0
e2_uci,yacht,bbb,12,0.1,0.03225806451612903
e2_uci,yacht,bbb,12,0.15000000000000002,0.03225806451612903
e2_uci,yacht,bbb,12,0.2,0.03225806451612903
e2_uci,yacht,bbb,12,0.25,0.0967741935483871
e2_uci,yacht,bbb,12,0.3,0.2903225806451613
e2_uci,yacht,bbb,12,0.35000000000000003,0.45161290322580644
e2_uci,yacht,bbb,12,0.4,0.7741935483870968
e2_uci,yacht,bbb,12,0.45,0.8709677419354839
e2_uci,yacht,bbb,12,0.5,0.9032258064516129
e2_uci,yacht,bbb,12,0.55,0.967741935483871
e2_uci,yacht,bbb,12,0.6000000000000001,0.967741935483871
e2_uci,yacht,bbb,12,0.6500000000000001,0.967741935483871
e2_uci,yacht,bbb,12,0.7000000000000001,0.967741935483871
e2_uci,yacht,bbb,12,0.7500000000000001,0.967741935483871
e2_uci,yacht,bbb,12,0.8,0.967741935483871
e2_uci,yacht,bbb,12,0.8500000000000001,0.967741935483871
e2_uci,yacht,bbb,12,0.9000000000000001,0.967741935483871
e2_uci,yacht,bbb,12,0.9500000000000001,0.967741935483871
e2_uci,yacht,bbb,13,0.05,0.0
e2_uci,yacht,bbb,13,0.1,0.0
e2_uci,yacht,bbb,13,0.15000000000000002,0.0
e2_uci,yacht,bbb,13,0.2,0.0
e2_uci,yacht,bbb,13,0.25,0.0
e2_uci,yacht,bbb,13,0.3,0.03225806451612903
e2_uci,yacht,bbb,13,0.35000000000000003,0.03225806451612903
e2_uci,yacht,bbb,13,0.4,0.03225806451612903
e2_uci,yacht,bbb,13,0.45,0.25806451612903225
e2_uci,yacht,bbb,13,0.5,0.4838709677419355
e2_uci,yacht,bbb,13,0.55,0.6774193548387096
e2_uci,yacht,bbb,13,0.6000000000000001,0.8064516129032258
e2_uci,yacht,bbb,13,0.6500000000000001,0.8709677419354839
e2_uci,yacht,bbb,13,0.7000000000000001,0.8709677419354839
e2_uci,yacht,bbb,13,0.7500000000000001,0.9032258064516129
e2_uci,yacht,bbb,13,0.8,0.9354838709677419
e2_uci,yacht,bbb,13,0.8500000000000001,0.967741935483871
e2_uci,yacht,bbb,13,0.9000000000000001,0.967741935483871
e2_uci,yacht,bbb,13,0.9500000000000001,0.967741935483871
e2_uci,yacht,bbb,14,0.05,0.0
e2_uci,yacht,bbb,14,0.1,0.0
e2_uci,yacht,bbb,14,0.15000000000000002,0.0
e2_uci,yacht,bbb,14,0.2,0.0
e2_uci,yacht,bbb,14,0.25,0.06451612903225806
e2_uci,yacht,bbb,14,0.3,0.16129032258064516
e2_uci,yacht,bbb,14,0.35000000000000003,0.1935483870967742
e2_uci,yacht,bbb,14,0.4,0.25806451612903225
e2_uci,yacht,bbb,14,0.45,0.5161290322580645
e2_uci,yacht,bbb,14,0.5,0.5806451612903226
e2_uci,yacht,bbb,14,0.55,0.6451612903225806
e2_uci,yacht,bbb,14,0.6000000000000001,0.8709677419354839
e2_uci,yacht,bbb,14,0.6500000000000001,0.8709677419354839
e2_uci,yacht,bbb,14,0.7000000000000001,0.9032258064516129
e2_uci,yacht,bbb,14,0.7500000000000001,0.9354838709677419
e2_uci,yacht,bbb,14,0.8,0.967741935483871
e2_uci,yacht,bbb,14,0.8500000000000001,0.967741935483871
e2_uci,yacht,bbb,14,0.9000000000000001,0.967741935483871
e2_uci,yacht,bbb,14,0.9500000000000001,0.967741935483871
e2_uci,yacht,bbb,15,0.05,0.03225806451612903
e2_uci,yacht,bbb,15,0.1,0.06451612903225806
e2_uci,yacht,bbb,15,0.15000000000000002,0.06451612903225806
e2_uci,yacht,bbb,15,0.2,0.06451612903225806
e2_uci,yacht,bbb,15,0.25,0.06451612903225806
e2_uci,yacht,bbb,15,0.3,0.0967741935483871
e2_uci,yacht,bbb,15,0.35000000000000003,0.0967741935483871
e2_uci,yacht,bbb,15,0.4,0.0967741935483871
e2_uci,yacht,bbb,15,0.45,0.1935483870967742
e2_uci,yacht,bbb,15,0.5,0.7741935483870968
e2_uci,yacht,bbb,15,0.55,0.9354838709677419
e2_uci,yacht,bbb,15,0.6000000000000001,0.967741935483871
e2_uci,yacht,bbb,15,0.6500000000000001,1.0
e2_uci,yacht,bbb,15,0.7000000000000001,1.0
e2_uci,yacht,bbb,15,0.7500000000000001,1.0
e2_uci,yacht,bbb,15,0.8,1.0
e2_uci,yacht,bbb,15,0.8500000000000001,1.0
e2_uci,yacht,bbb,15,0.9000000000000001,1.0
e2_uci,yacht,bbb,15,0.9500000000000001,1.0
e2_uci,yacht,bbb,16,0.05,0.0
e2_uci,yacht,bbb,16,0.1,0.0
e2_uci,yacht,bbb,16,0.15000000000000002,0.0
e2_uci,yacht,bbb,16,0.2,0.0
e2_uci,yacht,bbb,16,0.25,0.0
e2_uci,yacht,bbb,16,0.3,0.0
e2_uci,yacht,bbb,16,0.35000000000000003,0.03225806451612903
e2_uci,yacht,bbb,16,0.4,0.12903225806451613
e2_uci,yacht,bbb,16,0.45,0.3870967741935484
e2_uci,yacht,bbb,16,0.5,0.6451612903225806
e2_uci,yacht,bbb,16,0.55,0.8064516129032258
e2_uci,yacht,bbb,16,0.6000000000000001,0.9032258064516129
e2_uci,yacht,bbb,16,0.6500000000000001,0.967741935483871
e2_uci,yacht,bbb,16,0.7000000000000001,0.967741935483871
e2_uci,yacht,bbb,16,0.7500000000000001,1.0
e2_uci,yacht,bbb,16,0.8,1.0
e2_uci,yacht,bbb,16,0.8500000000000001,1.0
e2_uci,yacht,bbb,16,0.9000000000000001,1.0
e2_uci,yacht,bbb,16,0.9500000000000001,1.0
e2_uci,yacht,bbb,17,0.05,0.0
e2_uci,yacht,bbb,17,0.1,0.0
e2_uci,yacht,bbb,17,0.15000000000000002,0.0
e2_uci,yacht,bbb,17,0.2,0.0
e2_uci,yacht,bbb,17,0.25,0.03225806451612903
e2_uci,yacht,bbb,17,0.3,0.06451612903225806
e2_uci,yacht,bbb,17,0.35000000000000003,0.22580645161290322
e2_uci,yacht,bbb,17,0.4,0.3548387096774194
e2_uci,yacht,bbb,17,0.45,0.5483870967741935
e2_uci,yacht,bbb,17,0.5,0.6774193548387096
e2_uci,yacht,bbb,17,0.55,0.7741935483870968
e2_uci,yacht,bbb,17,0.6000000000000001,0.8709677419354839
e2_uci,yacht,bbb,17,0.6500000000000001,0.8709677419354839
e2_uci,yacht,bbb,17,0.7000000000000001,0.8709677419354839
e2_uci,yacht,bbb,17,0.7500000000000001,0.9032258064516129
e2_uci,yacht,bbb,17,0.8,0.9354838709677419
e2_uci,yacht,bbb,17,0.8500000000000001,0.967741935483871
e2_uci,yacht,bbb,17,0.9000000000000001,0.967741935483871
e2_uci,yacht,bbb,17,0.9500000000000001,0.967741935483871
e2_uci,yacht,bbb,18,0.05,0.0
e2_uci,yacht,bbb,18,0.1,0.0
e2_uci,yacht,bbb,18,0.15000000000000002,0.03225806451612903
e2_uci,yacht,bbb,18,0.2,0.03225806451612903
e2_uci,yacht,bbb,18,0.25,0.06451612903225806
e2_uci,yacht,bbb,18,0.3,0.0967741935483871
e2_uci,yacht,bbb,18,0.35000000000000003,0.16129032258064516
e2_uci,yacht,bbb,18,0.4,0.16129032258064516
e2_uci,yacht,bbb,18,0.45,0.16129032258064516
e2_uci,yacht,bbb,18,0.5,0.1935483870967742
e2_uci,yacht,bbb,18,0.55,0.3225806451612903
e2_uci,yacht,bbb,18,0.6000000000000001,0.5806451612903226
e2_uci,yacht,bbb,18,0.6500000000000001,0.8387096774193549
e2_uci,yacht,bbb,18,0.7000000000000001,0.8709677419354839
e2_uci,yacht,bbb,18,0.7500000000000001,0.9032258064516129
e2_uci,yacht,bbb,18,0.8,0.9032258064516129
e2_uci,yacht,bbb,18,0.8500000000000001,0.9354838709677419
e2_uci,yacht,bbb,18,0.9000000000000001,0.9354838709677419
e2_uci,yacht,bbb,18,0.9500000000000001,0.967741935483871
e2_uci,yacht,bbb,19,0.05,0.0
e2_uci,yacht,bbb,19,0.1,0.0
e2_uci,yacht,bbb,19,0.15000000000000002,0.03225806451612903
e2_uci,yacht,bbb,19,0.2,0.03225806451612903
e2_uci,yacht,bbb,19,0.25,0.06451612903225806
e2_uci,yacht,bbb,19,0.3,0.0967741935483871
e2_uci,yacht,bbb,19,0.35000000000000003,0.0967741935483871
e2_uci,yacht,bbb,19,0.4,0.41935483870967744
e2_uci,yacht,bbb,19,0.45,0.6774193548387096
e2_uci,yacht,bbb,19,0.5,0.7096774193548387
e2_uci,yacht,bbb,19,0.55,0.8387096774193549
e2_uci,yacht,bbb,19,0.6000000000000001,0.8709677419354839
e2_uci,yacht,bbb,19,0.6500000000000001,0.8709677419354839
e2_uci,yacht,bbb,19,0.7000000000000001,0.9354838709677419
e2_uci,yacht,bbb,19,0.7500000000000001,0.9354838709677419
e2_uci,yacht,bbb,19,0.8,0.9354838709677419
e2_uci,yacht,bbb,19,0.8500000000000001,1.0
e2_uci,yacht,bbb,19,0.9000000000000001,1.0
e2_uci,yacht,bbb,19,0.9500000000000001,1.0
e2_uci,energy,bbb,0,0.05,0.012987012987012988
e2_uci,energy,bbb,0,0.1,0.012987012987012988
e2_uci,energy,bbb,0,0.15000000000000002,0.025974025974025976
e2_uci,energy,bbb,0,0.2,0.05194805194805195
e2_uci,energy,bbb,0,0.25,0.1038961038961039
e2_uci,energy,bbb,0,0.3,0.23376623376623376
e2_uci,energy,bbb,0,0.35000000000000003,0.35064935064935066
e2_uci,energy,bbb,0,0.4,0.42857142857142855
e2_uci,energy,bbb,0,0.45,0.5194805194805194
e2_uci,energy,bbb,0,0.5,0.6103896103896104
e2_uci,energy,bbb,0,0.55,0.6883116883116883
e2_uci,energy,bbb,0,0.6000000000000001,0.7532467532467533
e2_uci,energy,bbb,0,0.6500000000000001,0.8051948051948052
e2_uci,energy,bbb,0,0.7000000000000001,0.8181818181818182
e2_uci,energy,bbb,0,0.7500000000000001,0.8961038961038961
e2_uci,energy,bbb,0,0.8,0.9090909090909091
e2_uci,energy,bbb,0,0.8500000000000001,0.948051948051948
e2_uci,energy,bbb,0,0.9000000000000001,0.987012987012987
e2_uci,energy,bbb,0,0.9500000000000001,0.987012987012987
e2_uci,energy,bbb,1,0.05,0.012987012987012988
e2_uci,energy,bbb,1,0.1,0.06493506493506493
e2_uci,energy,bbb,1,0.15000000000000002,0.14285714285714285
e2_uci,energy,bbb,1,0.2,0.15584415584415584
e2_uci,energy,bbb,1,0.25,0.2077922077922078
e2_uci,energy,bbb,1,0.3,0.23376623376623376
e2_uci,energy,bbb,1,0.35000000000000003,0.24675324675324675
e2_uci,energy,bbb,1,0.4,0.3246753246753247
e2_uci,energy,bbb,1,0.45,0.37662337662337664
e2_uci,energy,bbb,1,0.5,0.44155844155844154
e2_uci,energy,bbb,1,0.55,0.5064935064935064
e2_uci,energy,bbb,1,0.6000000000000001,0.6233766233766234
e2_uci,energy,bbb,1,0.6500000000000001,0.7142857142857143
e2_uci,energy,bbb,1,0.7000000000000001,0.8051948051948052
e2_uci,energy,bbb,1,0.7500000000000001,0.8441558441558441
e2_uci,energy,bbb,1,0.8,0.9090909090909091
e2_uci,energy,bbb,1,0.8500000000000001,0.974025974025974
e2_uci,energy,bbb,1,0.9000000000000001,0.974025974025974
e2_uci,energy,bbb,1,0.9500000000000001,0.987012987012987
e2_uci,energy,bbb,2,0.05,0.012987012987012988
e2_uci,energy,bbb,2,0.1,0.025974025974025976
e2_uci,energy,bbb,2,0.15000000000000002,0.025974025974025976
e2_uci,energy,bbb,2,0.2,0.03896103896103896
e2_uci,energy,bbb,2,0.25,0.06493506493506493
e2_uci,energy,bbb,2,0.3,0.16883116883116883
e2_uci,energy,bbb,2,0.35000000000000003,0.2987012987012987
e2_uci,energy,bbb,2,0.4,0.35064935064935066
e2_uci,energy,bbb,2,0.45,0.45454545454545453
e2_uci,energy,bbb,2,0.5,0.5324675324675324
e2_uci,energy,bbb,2,0.55,0.6233766233766234
e2_uci,energy,bbb,2,0.6000000000000001,0.6883116883116883
e2_uci,energy,bbb,2,0.6500000000000001,0.7532467532467533
e2_uci,energy,bbb,2,0.7000000000000001,0.8311688311688312
e2_uci,energy,bbb,2,0.7500000000000001,0.8441558441558441
e2_uci,energy,bbb,2,0.8,0.8701298701298701
e2_uci,energy,bbb,2,0.8500000000000001,0.948051948051948
e2_uci,energy,bbb,2,0.9000000000000001,0.961038961038961
e2_uci,energy,bbb,2,0.9500000000000001,0.974025974025974
e2_uci,energy,bbb,3,0.05,0.012987012987012988
e2_uci,energy,bbb,3,0.1,0.03896103896103896
e2_uci,energy,bbb,3,0.15000000000000002,0.03896103896103896
e2_uci,energy,bbb,3,0.2,0.09090909090909091
e2_uci,energy,bbb,3,0.25,0.11688311688311688
e2_uci,energy,bbb,3,0.3,0.14285714285714285
e2_uci,energy,bbb,3,0.35000000000000003,0.2077922077922078
e2_uci,energy,bbb,3,0.4,0.2857142857142857
e2_uci,energy,bbb,3,0.45,0.4155844155844156
e2_uci,energy,bbb,3,0.5,0.5194805194805194
e2_uci,energy,bbb,3,0.55,0.6493506493506493
e2_uci,energy,bbb,3,0.6000000000000001,0.7272727272727273
e2_uci,energy,bbb,3,0.6500000000000001,0.8311688311688312
e2_uci,energy,bbb,3,0.7000000000000001,0.8571428571428571
e2_uci,energy,bbb,3,0.7500000000000001,0.922077922077922
e2_uci,energy,bbb,3,0.8,0.948051948051948
e2_uci,energy,bbb,3,0.8500000000000001,0.961038961038961
e2_uci,energy,bbb,3,0.9000000000000001,1.0
e2_uci,energy,bbb,3,0.9500000000000001,1.0
e2_uci,energy,bbb,4,0.05,0.025974025974025976
e2_uci,energy,bbb,4,0.1,0.03896103896103896
e2_uci,energy,bbb,4,0.15000000000000002,0.03896103896103896
e2_uci,energy,bbb,4,0.2,0.06493506493506493
e2_uci,energy,bbb,4,0.25,0.1038961038961039
e2_uci,energy,bbb,4,0.3,0.16883116883116883
e2_uci,energy,bbb,4,0.35000000000000003,0.23376623376623376
e2_uci,energy,bbb,4,0.4,0.2727272727272727
e2_uci,energy,bbb,4,0.45,0.42857142857142855
e2_uci,energy,bbb,4,0.5,0.5194805194805194
e2_uci,energy,bbb,4,0.55,0.5454545454545454
e2_uci,energy,bbb,4,0.6000000000000001,0.5844155844155844
e2_uci,energy,bbb,4,0.6500000000000001,0.6363636363636364
e2_uci,energy,bbb,4,0.7000000000000001,0.7402597402597403
e2_uci,energy,bbb,4,0.7500000000000001,0.7532467532467533
e2_uci,energy,bbb,4,0.8,0.8441558441558441
e2_uci,energy,bbb,4,0.8500000000000001,0.8701298701298701
e2_uci,energy,bbb,4,0.9000000000000001,0.935064935064935
e2_uci,energy,bbb,4,0.9500000000000001,0.974025974025974
e2_uci,energy,bbb,5,0.05,0.012987012987012988
e2_uci,energy,bbb,5,0.1,0.012987012987012988
e2_uci,energy,bbb,5,0.15000000000000002,0.03896103896103896
e2_uci,energy,bbb,5,0.2,0.05194805194805195
e2_uci,energy,bbb,5,0.25,0.1038961038961039
e2_uci,energy,bbb,5,0.3,0.12987012987012986
e2_uci,energy,bbb,5,0.35000000000000003,0.2077922077922078
e2_uci,energy,bbb,5,0.4,0.33766233766233766
e2_uci,energy,bbb,5,0.45,0.4805194805194805
e2_uci,energy,bbb,5,0.5,0.5324675324675324
e2_uci,energy,bbb,5,0.55,0.5584415584415584
e2_uci,energy,bbb,5,0.6000000000000001,0.6363636363636364
e2_uci,energy,bbb,5,0.6500000000000001,0.6753246753246753
e2_uci,energy,bbb,5,0.7000000000000001,0.7792207792207793
e2_uci,energy,bbb,5,0.7500000000000001,0.8571428571428571
e2_uci,energy,bbb,5,0.8,0.9090909090909091
e2_uci,energy,bbb,5,0.8500000000000001,0.948051948051948
e2_uci,energy,bbb,5,0.9000000000000001,0.961038961038961
e2_uci,energy,bbb,5,0.9500000000000001,1.0
e2_uci,energy,bbb,6,0.05,0.0
e2_uci,energy,bbb,6,0.1,0.0
e2_uci,energy,bbb,6,0.15000000000000002,0.09090909090909091
e2_uci,energy,bbb,6,0.2,0.15584415584415584
e2_uci,energy,bbb,6,0.25,0.2077922077922078
e2_uci,energy,bbb,6,0.3,0.2727272727272727
e2_uci,energy,bbb,6,0.35000000000000003,0.35064935064935066
e2_uci,energy,bbb,6,0.4,0.4675324675324675
e2_uci,energy,bbb,6,0.45,0.5974025974025974
e2_uci,energy,bbb,6,0.5,0.6493506493506493
e2_uci,energy,bbb,6,0.55,0.7402597402597403
e2_uci,energy,bbb,6,0.6000000000000001,0.8181818181818182
e2_uci,energy,bbb,6,0.6500000000000001,0.9090909090909091
e2_uci,energy,bbb,6,0.7000000000000001,0.935064935064935
e2_uci,energy,bbb,6,0.7500000000000001,0.948051948051948
e2_uci,energy,bbb,6,0.8,0.948051948051948
e2_uci,energy,bbb,6,0.8500000000000001,0.987012987012987
e2_uci,energy,bbb,6,0.9000000000000001,0.987012987012987
e2_uci,energy,bbb,6,0.9500000000000001,1.0
e2_uci,energy,bbb,7,0.05,0.012987012987012988
e2_uci,energy,bbb,7,0.1,0.03896103896103896
e2_uci,energy,bbb,7,0.15000000000000002,0.11688311688311688
e2_uci,energy,bbb,7,0.2,0.15584415584415584
e2_uci,energy,bbb,7,0.25,0.19480519480519481
e2_uci,energy,bbb,7,0.3,0.24675324675324675
e2_uci,energy,bbb,7,0.35000000000000003,0.33766233766233766
e2_uci,energy,bbb,7,0.4,0.38961038961038963
e2_uci,energy,bbb,7,0.45,0.5584415584415584
e2_uci,energy,bbb,7,0.5,0.6493506493506493
e2_uci,energy,bbb,7,0.55,0.7272727272727273
e2_uci,energy,bbb,7,0.6000000000000001,0.7662337662337663
e2_uci,energy,bbb,7,0.6500000000000001,0.7922077922077922
e2_uci,energy,bbb,7,0.7000000000000001,0.8571428571428571
e2_uci,energy,bbb,7,0.7500000000000001,0.9090909090909091
e2_uci,energy,bbb,7,0.8,0.935064935064935
e2_uci,energy,bbb,7,0.8500000000000001,0.961038961038961
e2_uci,energy,bbb,7,0.9000000000000001,0.987012987012987
e2_uci,energy,bbb,7,0.9500000000000001,1.0
e2_uci,energy,bbb,8,0.05,0.0
e2_uci,energy,bbb,8,0.1,0.025974025974025976
e2_uci,energy,bbb,8,0.15000000000000002,0.05194805194805195
e2_uci,energy,bbb,8,0.2,0.06493506493506493
e2_uci,energy,bbb,8,0.25,0.12987012987012986
e2_uci,energy,bbb,8,0.3,0.15584415584415584
e2_uci,energy,bbb,8,0.35000000000000003,0.2077922077922078
e2_uci,energy,bbb,8,0.4,0.2987012987012987
e2_uci,energy,bbb,8,0.45,0.42857142857142855
e2_uci,energy,bbb,8,0.5,0.5064935064935064
e2_uci,energy,bbb,8,0.55,0.6363636363636364
e2_uci,energy,bbb,8,0.6000000000000001,0.7532467532467533
e2_uci,energy,bbb,8,0.6500000000000001,0.8051948051948052
e2_uci,energy,bbb,8,0.7000000000000001,0.8701298701298701
e2_uci,energy,bbb,8,0.7500000000000001,0.9090909090909091
e2_uci,energy,bbb,8,0.8,0.935064935064935
e2_uci,energy,bbb,8,0.8500000000000001,0.948051948051948
e2_uci,energy,bbb,8,0.9000000000000001,0.987012987012987
e2_uci,energy,bbb,8,0.9500000000000001,0.987012987012987
e2_uci,energy,bbb,9,0.05,0.0
e2_uci,energy,bbb,9,0.1,0.012987012987012988
e2_uci,energy,bbb,9,0.15000000000000002,0.03896103896103896
e2_uci,energy,bbb,9,0.2,0.05194805194805195
e2_uci,energy,bbb,9,0.25,0.1038961038961039
e2_uci,energy,bbb,9,0.3,0.14285714285714285
e2_uci,energy,bbb,9,0.35000000000000003,0.16883116883116883
e2_uci,energy,bbb,9,0.4,0.22077922077922077
e2_uci,energy,bbb,9,0.45,0.23376623376623376
e2_uci,energy,bbb,9,0.5,0.3116883116883117
e2_uci,energy,bbb,9,0.55,0.44155844155844154
e2_uci,energy,bbb,9,0.6000000000000001,0.5844155844155844
e2_uci,energy,bbb,9,0.6500000000000001,0.6883116883116883
e2_uci,energy,bbb,9,0.7000000000000001,0.7532467532467533
e2_uci,energy,bbb,9,0.7500000000000001,0.8181818181818182
e2_uci,energy,bbb,9,0.8,0.8961038961038961
e2_uci,energy,bbb,9,0.8500000000000001,0.961038961038961
e2_uci,energy,bbb,9,0.9000000000000001,0.961038961038961
e2_uci,energy,bbb,9,0.9500000000000001,1.0
e2_uci,energy,bbb,10,0.05,0.0
e2_uci,energy,bbb,10,0.1,0.025974025974025976
e2_uci,energy,bbb,10,0.15000000000000002,0.05194805194805195
e2_uci,energy,bbb,10,0.2,0.11688311688311688
e2_uci,energy,bbb,10,0.25,0.12987012987012986
e2_uci,energy,bbb,10,0.3,0.2987012987012987
e2_uci,energy,bbb,10,0.35000000000000003,0.42857142857142855
e2_uci,energy,bbb,10,0.4,0.5194805194805194
e2_uci,energy,bbb,10,0.45,0.5714285714285714
e2_uci,energy,bbb,10,0.5,0.6363636363636364
e2_uci,energy,bbb,10,0.55,0.7142857142857143
e2_uci,energy,bbb,10,0.6000000000000001,0.7662337662337663
e2_uci,energy,bbb,10,0.6500000000000001,0.7792207792207793
e2_uci,energy,bbb,10,0.7000000000000001,0.8311688311688312
e2_uci,energy,bbb,10,0.7500000000000001,0.8571428571428571
e2_uci,energy,bbb,10,0.8,0.935064935064935
e2_uci,energy,bbb,10,0.8500000000000001,0.961038961038961
e2_uci,energy,bbb,10,0.9000000000000001,1.0
e2_uci,energy,bbb,10,0.9500000000000001,1.0
e2_uci,energy,bbb,11,0.05,0.012987012987012988
e2_uci,energy,bbb,11,0.1,0.025974025974025976
e2_uci,energy,bbb,11,0.15000000000000002,0.025974025974025976
e2_uci,energy,bbb,11,0.2,0.025974025974025976
e2_uci,energy,bbb,11,0.25,0.05194805194805195
e2_uci,energy,bbb,11,0.3,0.06493506493506493
e2_uci,energy,bbb,11,0.35000000000000003,0.12987012987012986
e2_uci,energy,bbb,11,0.4,0.18181818181818182
e2_uci,energy,bbb,11,0.45,0.22077922077922077
e2_uci,energy,bbb,11,0.5,0.3116883116883117
e2_uci,energy,bbb,11,0.55,0.4155844155844156
e2_uci,energy,bbb,11,0.6000000000000001,0.5324675324675324
e2_uci,energy,bbb,11,0.6500000000000001,0.6233766233766234
e2_uci,energy,bbb,11,0.7000000000000001,0.7272727272727273
e2_uci,energy,bbb,11,0.7500000000000001,0.8181818181818182
e2_uci,energy,bbb,11,0.8,0.935064935064935
e2_uci,energy,bbb,11,0.8500000000000001,0.948051948051948
e2_uci,energy,bbb,11,0.9000000000000001,0.987012987012987
e2_uci,energy,bbb,11,0.9500000000000001,1.0
e2_uci,energy,bbb,12,0.05,0.0
e2_uci,energy,bbb,12,0.1,0.025974025974025976
e2_uci,energy,bbb,12,0.15000000000000002,0.05194805194805195
e2_uci,energy,bbb,12,0.2,0.06493506493506493
e2_uci,energy,bbb,12,0.25,0.1038961038961039
e2_uci,energy,bbb,12,0.3,0.15584415584415584
e2_uci,energy,bbb,12,0.35000000000000003,0.19480519480519481
e2_uci,energy,bbb,12,0.4,0.24675324675324675
e2_uci,energy,bbb,12,0.45,0.2597402597402597
e2_uci,energy,bbb,12,0.5,0.2857142857142857
e2_uci,energy,bbb,12,0.55,0.36363636363636365
e2_uci,energy,bbb,12,0.6000000000000001,0.44155844155844154
e2_uci,energy,bbb,12,0.6500000000000001,0.5454545454545454
e2_uci,energy,bbb,12,0.7000000000000001,0.6883116883116883
e2_uci,energy,bbb,12,0.7500000000000001,0.7662337662337663
e2_uci,energy,bbb,12,0.8,0.8311688311688312
e2_uci,energy,bbb,12,0.8500000000000001,0.8831168831168831
e2_uci,energy,bbb,12,0.9000000000000001,0.948051948051948
e2_uci,energy,bbb,12,0.9500000000000001,0.987012987012987
e2_uci,energy,bbb,13,0.05,0.0
e2_uci,energy,bbb,13,0.1,0.0
e2_uci,energy,bbb,13,0.15000000000000002,0.012987012987012988
e2_uci,energy,bbb,13,0.2,0.05194805194805195
e2_uci,energy,bbb,13,0.25,0.12987012987012986
e2_uci,energy,bbb,13,0.3,0.35064935064935066
e2_uci,energy,bbb,13,0.35000000000000003,0.44155844155844154
e2_uci,energy,bbb,13,0.4,0.5714285714285714
e2_uci,energy,bbb,13,0.45,0.6623376623376623
e2_uci,energy,bbb,13,0.5,0.6623376623376623
e2_uci,energy,bbb,13,0.55,0.7402597402597403
e2_uci,energy,bbb,13,0.6000000000000001,0.8311688311688312
e2_uci,energy,bbb,13,0.6500000000000001,0.8311688311688312
e2_uci,energy,bbb,13,0.7000000000000001,0.8701298701298701
e2_uci,energy,bbb,13,0.7500000000000001,0.8961038961038961
e2_uci,energy,bbb,13,0.8,0.9090909090909091
e2_uci,energy,bbb,13,0.8500000000000001,0.948051948051948
e2_uci,energy,bbb,13,0.9000000000000001,0.948051948051948
e2_uci,energy,bbb,13,0.9500000000000001,1.0
e2_uci,energy,bbb,14,0.05,0.03896103896103896
e2_uci,energy,bbb,14,0.1,0.05194805194805195
e2_uci,energy,bbb,14,0.15000000000000002,0.09090909090909091
e2_uci,energy,bbb,14,0.2,0.11688311688311688
e2_uci,energy,bbb,14,0.25,0.11688311688311688
e2_uci,energy,bbb,14,0.3,0.14285714285714285
e2_uci,energy,bbb,14,0.35000000000000003,0.16883116883116883
e2_uci,energy,bbb,14,0.4,0.18181818181818182
e2_uci,energy,bbb,14,0.45,0.24675324675324675
e2_uci,energy,bbb,14,0.5,0.2597402597402597
e2_uci,energy,bbb,14,0.55,0.3116883116883117
e2_uci,energy,bbb,14,0.6000000000000001,0.4025974025974026
e2_uci,energy,bbb,14,0.6500000000000001,0.5454545454545454
e2_uci,energy,bbb,14,0.7000000000000001,0.6883116883116883
e2_uci,energy,bbb,14,0.7500000000000001,0.7922077922077922
e2_uci,energy,bbb,14,0.8,0.935064935064935
e2_uci,energy,bbb,14,0.8500000000000001,0.974025974025974
e2_uci,energy,bbb,14,0.9000000000000001,1.0
e2_uci,energy,bbb,14,0.9500000000000001,1.0
e2_uci,energy,bbb,15,0.05,0.0
e2_uci,energy,bbb,15,0.1,0.012987012987012988
e2_uci,energy,bbb,15,0.15000000000000002,0.03896103896103896
e2_uci,energy,bbb,15,0.2,0.03896103896103896
e2_uci,energy,bbb,15,0.25,0.03896103896103896
e2_uci,energy,bbb,15,0.3,0.1038961038961039
e2_uci,energy,bbb,15,0.35000000000000003,0.2077922077922078
e2_uci,energy,bbb,15,0.4,0.3116883116883117
e2_uci,energy,bbb,15,0.45,0.4025974025974026
e2_uci,energy,bbb,15,0.5,0.45454545454545453
e2_uci,energy,bbb,15,0.55,0.5844155844155844
e2_uci,energy,bbb,15,0.6000000000000001,0.7012987012987013
e2_uci,energy,bbb,15,0.6500000000000001,0.8181818181818182
e2_uci,energy,bbb,15,0.7000000000000001,0.8571428571428571
e2_uci,energy,bbb,15,0.7500000000000001,0.8961038961038961
e2_uci,energy,bbb,15,0.8,0.9090909090909091
e2_uci,energy,bbb,15,0.8500000000000001,0.948051948051948
e2_uci,energy,bbb,15,0.9000000000000001,0.974025974025974
e2_uci,energy,bbb,15,0.9500000000000001,1.0
e2_uci,energy,bbb,16,0.05,0.0
e2_uci,energy,bbb,16,0.1,0.012987012987012988
e2_uci,energy,bbb,16,0.15000000000000002,0.012987012987012988
e2_uci,energy,bbb,16,0.2,0.03896103896103896
e2_uci,energy,bbb,16,0.25,0.05194805194805195
e2_uci,energy,bbb,16,0.3,0.07792207792207792
e2_uci,energy,bbb,16,0.35000000000000003,0.15584415584415584
e2_uci,energy,bbb,16,0.4,0.2597402597402597
e2_uci,energy,bbb,16,0.45,0.2727272727272727
e2_uci,energy,bbb,16,0.5,0.36363636363636365
e2_uci,energy,bbb,16,0.55,0.4675324675324675
e2_uci,energy,bbb,16,0.6000000000000001,0.5454545454545454
e2_uci,energy,bbb,16,0.6500000000000001,0.6363636363636364
e2_uci,energy,bbb,16,0.7000000000000001,0.7142857142857143
e2_uci,energy,bbb,16,0.7500000000000001,0.8051948051948052
e2_uci,energy,bbb,16,0.8,0.8441558441558441
e2_uci,energy,bbb,16,0.8500000000000001,0.8701298701298701
e2_uci,energy,bbb,16,0.9000000000000001,0.9090909090909091
e2_uci,energy,bbb,16,0.9500000000000001,0.974025974025974
e2_uci,energy,bbb,17,0.05,0.012987012987012988
e2_uci,energy,bbb,17,0.1,0.012987012987012988
e2_uci,energy,bbb,17,0.15000000000000002,0.025974025974025976
e2_uci,energy,bbb,17,0.2,0.03896103896103896
e2_uci,energy,bbb,17,0.25,0.03896103896103896
e2_uci,energy,bbb,17,0.3,0.05194805194805195
e2_uci,energy,bbb,17,0.35000000000000003,0.1038961038961039
e2_uci,energy,bbb,17,0.4,0.12987012987012986
e2_uci,energy,bbb,17,0.45,0.24675324675324675
e2_uci,energy,bbb,17,0.5,0.2987012987012987
e2_uci,energy,bbb,17,0.55,0.4155844155844156
e2_uci,energy,bbb,17,0.6000000000000001,0.5454545454545454
e2_uci,energy,bbb,17,0.6500000000000001,0.6493506493506493
e2_uci,energy,bbb,17,0.7000000000000001,0.7532467532467533
e2_uci,energy,bbb,17,0.7500000000000001,0.7792207792207793
e2_uci,energy,bbb,17,0.8,0.8051948051948052
e2_uci,energy,bbb,17,0.8500000000000001,0.8311688311688312
e2_uci,energy,bbb,17,0.9000000000000001,0.922077922077922
e2_uci,energy,bbb,17,0.9500000000000001,0.974025974025974
e2_uci,energy,bbb,18,0.05,0.03896103896103896
e2_uci,energy,bbb,18,0.1,0.09090909090909091
e2_uci,energy,bbb,18,0.15000000000000002,0.16883116883116883
e2_uci,energy,bbb,18,0.2,0.2077922077922078
e2_uci,energy,bbb,18,0.25,0.23376623376623376
e2_uci,energy,bbb,18,0.3,0.2727272727272727
e2_uci,energy,bbb,18,0.35000000000000003,0.36363636363636365
e2_uci,energy,bbb,18,0.4,0.38961038961038963
e2_uci,energy,bbb,18,0.45,0.5194805194805194
e2_uci,energy,bbb,18,0.5,0.6493506493506493
e2_uci,energy,bbb,18,0.55,0.7272727272727273
e2_uci,energy,bbb,18,0.6000000000000001,0.7922077922077922
e2_uci,energy,bbb,18,0.6500000000000001,0.8311688311688312
e2_uci,energy,bbb,18,0.7000000000000001,0.8441558441558441
e2_uci,energy,bbb,18,0.7500000000000001,0.9090909090909091
e2_uci,energy,bbb,18,0.8,0.922077922077922
e2_uci,energy,bbb,18,0.8500000000000001,0.948051948051948
e2_uci,energy,bbb,18,0.9000000000000001,0.987012987012987
e2_uci,energy,bbb,18,0.9500000000000001,1.0
e2_uci,energy,bbb,19,0.05,0.03896103896103896
e2_uci,energy,bbb,19,0.1,0.07792207792207792
e2_uci,energy,bbb,19,0.15000000000000002,0.1038961038961039
e2_uci,energy,bbb,19,0.2,0.16883116883116883
e2_uci,energy,bbb,19,0.25,0.23376623376623376
e2_uci,energy,bbb,19,0.3,0.24675324675324675
e2_uci,energy,bbb,19,0.35000000000000003,0.2987012987012987
e2_uci,energy,bbb,19,0.4,0.35064935064935066
e2_uci,energy,bbb,19,0.45,0.36363636363636365
e2_uci,energy,bbb,19,0.5,0.4675324675324675
e2_uci,energy,bbb,19,0.55,0.5194805194805194
e2_uci,energy,bbb,19,0.6000000000000001,0.6493506493506493
e2_uci,energy,bbb,19,0.6500000000000001,0.7142857142857143
e2_uci,energy,bbb,19,0.7000000000000001,0.8181818181818182
e2_uci,energy,bbb,19,0.7500000000000001,0.8961038961038961
e2_uci,energy,bbb,19,0.8,0.9090909090909091
e2_uci,energy,bbb,19,0.8500000000000001,0.974025974025974
e2_uci,energy,bbb,19,0.9000000000000001,1.0
e2_uci,energy,bbb,19,0.9500000000000001,1.0
e2_uci,concrete,bbb,0,0.05,0.06796116504854369
e2_uci,concrete,bbb,0,0.1,0.08737864077669903
e2_uci,concrete,bbb,0,0.15000000000000002,0.1262135922330097
e2_uci,concrete,bbb,0,0.2,0.14563106796116504
e2_uci,concrete,bbb,0,0.25,0.14563106796116504
e2_uci,concrete,bbb,0,0.3,0.17475728155339806
e2_uci,concrete,bbb,0,0.35000000000000003,0.21359223300970873
e2_uci,concrete,bbb,0,0.4,0.30097087378640774
e2_uci,concrete,bbb,0,0.45,0.3300970873786408
e2_uci,concrete,bbb,0,0.5,0.3786407766990291
e2_uci,concrete,bbb,0,0.55,0.4368932038834951
e2_uci,concrete,bbb,0,0.6000000000000001,0.5242718446601942
e2_uci,concrete,bbb,0,0.6500000000000001,0.5533980582524272
e2_uci,concrete,bbb,0,0.7000000000000001,0.5922330097087378
e2_uci,concrete,bbb,0,0.7500000000000001,0.6601941747572816
e2_uci,concrete,bbb,0,0.8,0.6990291262135923
e2_uci,concrete,bbb,0,0.8500000000000001,0.7378640776699029
e2_uci,concrete,bbb,0,0.9000000000000001,0.8446601941747572
e2_uci,concrete,bbb,0,0.9500000000000001,0.9223300970873787
e2_uci,concrete,bbb,1,0.05,0.038834951456310676
e2_uci,concrete,bbb,1,0.1,0.06796116504854369
e2_uci,concrete,bbb,1,0.15000000000000002,0.1553398058252427
e2_uci,concrete,bbb,1,0.2,0.21359223300970873
e2_uci,concrete,bbb,1,0.25,0.24271844660194175
e2_uci,concrete,bbb,1,0.3,0.3106796116504854
e2_uci,concrete,bbb,1,0.35000000000000003,0.3786407766990291
e2_uci,concrete,bbb,1,0.4,0.4563106796116505
e2_uci,concrete,bbb,1,0.45,0.5242718446601942
e2_uci,concrete,bbb,1,0.5,0.5825242718446602
e2_uci,concrete,bbb,1,0.55,0.6213592233009708
e2_uci,concrete,bbb,1,0.6000000000000001,0.6699029126213593
e2_uci,concrete,bbb,1,0.6500000000000001,0.7281553398058253
e2_uci,concrete,bbb,1,0.7000000000000001,0.7572815533980582
e2_uci,concrete,bbb,1,0.7500000000000001,0.8058252427184466
e2_uci,concrete,bbb,1,0.8,0.8543689320388349
e2_uci,concrete,bbb,1,0.8500000000000001,0.912621359223301
e2_uci,concrete,bbb,1,0.9000000000000001,0.9320388349514563
e2_uci,concrete,bbb,1,0.9500000000000001,0.9611650485436893
e2_uci,concrete,bbb,2,0.05,0.04854368932038835
e2_uci,concrete,bbb,2,0.1,0.11650485436893204
e2_uci,concrete,bbb,2,0.15000000000000002,0.1650485436893204
e2_uci,concrete,bbb,2,0.2,0.20388349514563106
e2_uci,concrete,bbb,2,0.25,0.2621359223300971
e2_uci,concrete,bbb,2,0.3,0.3300970873786408
e2_uci,concrete,bbb,2,0.35000000000000003,0.3592233009708738
e2_uci,concrete,bbb,2,0.4,0.4077669902912621
e2_uci,concrete,bbb,2,0.45,0.42718446601941745
e2_uci,concrete,bbb,2,0.5,0.46601941747572817
e2_uci,concrete,bbb,2,0.55,0.4854368932038835
e2_uci,concrete,bbb,2,0.6000000000000001,0.5631067961165048
e2_uci,concrete,bbb,2,0.6500000000000001,0.5825242718446602
e2_uci,concrete,bbb,2,0.7000000000000001,0.7087378640776699
e2_uci,concrete,bbb,2,0.7500000000000001,0.7572815533980582
e2_uci,concrete,bbb,2,0.8,0.7961165048543689
e2_uci,concrete,bbb,2,0.8500000000000001,0.8349514563106796
e2_uci,concrete,bbb,2,0.9000000000000001,0.8932038834951457
e2_uci,concrete,bbb,2,0.9500000000000001,0.941747572815534
e2_uci,concrete,bbb,3,0.05,0.038834951456310676
e2_uci,concrete,bbb,3,0.1,0.04854368932038835
e2_uci,concrete,bbb,3,0.15000000000000002,0.07766990291262135
e2_uci,concrete,bbb,3,0.2,0.1553398058252427
e2_uci,concrete,bbb,3,0.25,0.1941747572815534
e2_uci,concrete,bbb,3,0.3,0.22330097087378642
e2_uci,concrete,bbb,3,0.35000000000000003,0.2815533980582524
e2_uci,concrete,bbb,3,0.4,0.33980582524271846
e2_uci,concrete,bbb,3,0.45,0.3592233009708738
e2_uci,concrete,bbb,3,0.5,0.39805825242718446
e2_uci,concrete,bbb,3,0.55,0.4854368932038835
e2_uci,concrete,bbb,3,0.6000000000000001,0.5436893203883495
e2_uci,concrete,bbb,3,0.6500000000000001,0.6407766990291263
e2_uci,concrete,bbb,3,0.7000000000000001,0.7087378640776699
e2_uci,concrete,bbb,3,0.7500000000000001,0.7281553398058253
e2_uci,concrete,bbb,3,0.8,0.7475728155339806
e2_uci,concrete,bbb,3,0.8500000000000001,0.8155339805825242
e2_uci,concrete,bbb,3,0.9000000000000001,0.8640776699029126
e2_uci,concrete,bbb,3,0.9500000000000001,0.8932038834951457
e2_uci,concrete,bbb,4,0.05,0.1262135922330097
e2_uci,concrete,bbb,4,0.1,0.17475728155339806
e2_uci,concrete,bbb,4,0.15000000000000002,0.1941747572815534
e2_uci,concrete,bbb,4,0.2,0.24271844660194175
e2_uci,concrete,bbb,4,0.25,0.27184466019417475
e2_uci,concrete,bbb,4,0.3,0.3300970873786408
e2_uci,concrete,bbb,4,0.35000000000000003,0.39805825242718446
e2_uci,concrete,bbb,4,0.4,0.44660194174757284
e2_uci,concrete,bbb,4,0.45,0.5242718446601942
e2_uci,concrete,bbb,4,0.5,0.5631067961165048
e2_uci,concrete,bbb,4,0.55,0.5922330097087378
e2_uci,concrete,bbb,4,0.6000000000000001,0.6504854368932039
e2_uci,concrete,bbb,4,0.6500000000000001,0.6990291262135923
e2_uci,concrete,bbb,4,0.7000000000000001,0.7281553398058253
e2_uci,concrete,bbb,4,0.7500000000000001,0.7961165048543689
e2_uci,concrete,bbb,4,0.8,0.8252427184466019
e2_uci,concrete,bbb,4,0.8500000000000001,0.8446601941747572
e2_uci,concrete,bbb,4,0.9000000000000001,0.9029126213592233
e2_uci,concrete,bbb,4,0.9500000000000001,0.9223300970873787
e2_uci,concrete,bbb,5,0.05,0.04854368932038835
e2_uci,concrete,bbb,5,0.1,0.0970873786407767
e2_uci,concrete,bbb,5,0.15000000000000002,0.10679611650485436
e2_uci,concrete,bbb,5,0.2,0.1650485436893204
e2_uci,concrete,bbb,5,0.25,0.22330097087378642
e2_uci,concrete,bbb,5,0.3,0.2524271844660194
e2_uci,concrete,bbb,5,0.35000000000000003,0.30097087378640774
e2_uci,concrete,bbb,5,0.4,0.3786407766990291
e2_uci,concrete,bbb,5,0.45,0.42718446601941745
e2_uci,concrete,bbb,5,0.5,0.5339805825242718
e2_uci,concrete,bbb,5,0.55,0.6019417475728155
e2_uci,concrete,bbb,5,0.6000000000000001,0.6213592233009708
e2_uci,concrete,bbb,5,0.6500000000000001,0.6601941747572816
e2_uci,concrete,bbb,5,0.7000000000000001,0.7281553398058253
e2_uci,concrete,bbb,5,0.7500000000000001,0.7766990291262136
e2_uci,concrete,bbb,5,0.8,0.8252427184466019
e2_uci,concrete,bbb,5,0.8500000000000001,0.8737864077669902
e2_uci,concrete,bbb,5,0.9000000000000001,0.9320388349514563
e2_uci,concrete,bbb,5,0.9500000000000001,0.941747572815534
e2_uci,concrete,bbb,6,0.05,0.05825242718446602
e2_uci,concrete,bbb,6,0.1,0.0970873786407767
e2_uci,concrete,bbb,6,0.15000000000000002,0.1553398058252427
e2_uci,concrete,bbb,6,0.2,0.20388349514563106
e2_uci,concrete,bbb,6,0.25,0.2524271844660194
e2_uci,concrete,bbb,6,0.3,0.32038834951456313
e2_uci,concrete,bbb,6,0.35000000000000003,0.3592233009708738
e2_uci,concrete,bbb,6,0.4,0.39805825242718446
e2_uci,concrete,bbb,6,0.45,0.44660194174757284
e2_uci,concrete,bbb,6,0.5,0.5533980582524272
e2_uci,concrete,bbb,6,0.55,0.6019417475728155
e2_uci,concrete,bbb,6,0.6000000000000001,0.6601941747572816
e2_uci,concrete,bbb,6,0.6500000000000001,0.7184466019417476
e2_uci,concrete,bbb,6,0.7000000000000001,0.7572815533980582
e2_uci,concrete,bbb,6,0.7500000000000001,0.7961165048543689
e2_uci,concrete,bbb,6,0.8,0.8349514563106796
e2_uci,concrete,bbb,6,0.8500000000000001,0.8932038834951457
e2_uci,concrete,bbb,6,0.9000000000000001,0.8932038834951457
e2_uci,concrete,bbb,6,0.9500000000000001,0.9320388349514563
e2_uci,concrete,bbb,7,0.05,0.05825242718446602
e2_uci,concrete,bbb,7,0.1,0.11650485436893204
e2_uci,concrete,bbb,7,0.15000000000000002,0.1553398058252427
e2_uci,concrete,bbb,7,0.2,0.1941747572815534
e2_uci,concrete,bbb,7,0.25,0.2621359223300971
e2_uci,concrete,bbb,7,0.3,0.33980582524271846
e2_uci,concrete,bbb,7,0.35000000000000003,0.39805825242718446
e2_uci,concrete,bbb,7,0.4,0.4368932038834951
e2_uci,concrete,bbb,7,0.45,0.4563106796116505
e2_uci,concrete,bbb,7,0.5,0.4854368932038835
e2_uci,concrete,bbb,7,0.55,0.6213592233009708
e2_uci,concrete,bbb,7,0.6000000000000001,0.6601941747572816
e2_uci,concrete,bbb,7,0.6500000000000001,0.6796116504854369
e2_uci,concrete,bbb,7,0.7000000000000001,0.6893203883495146
e2_uci,concrete,bbb,7,0.7500000000000001,0.7475728155339806
e2_uci,concrete,bbb,7,0.8,0.7766990291262136
e2_uci,concrete,bbb,7,0.8500000000000001,0.8058252427184466
e2_uci,concrete,bbb,7,0.9000000000000001,0.8543689320388349
e2_uci,concrete,bbb,7,0.9500000000000001,0.912621359223301
e2_uci,concrete,bbb,8,0.05,0.02912621359223301
e2_uci,concrete,bbb,8,0.1,0.05825242718446602
e2_uci,concrete,bbb,8,0.15000000000000002,0.1262135922330097
e2_uci,concrete,bbb,8,0.2,0.1553398058252427
e2_uci,concrete,bbb,8,0.25,0.21359223300970873
e2_uci,concrete,bbb,8,0.3,0.24271844660194175
e2_uci,concrete,bbb,8,0.35000000000000003,0.2912621359223301
e2_uci,concrete,bbb,8,0.4,0.36893203883495146
e2_uci,concrete,bbb,8,0.45,0.44660194174757284
e2_uci,concrete,bbb,8,0.5,0.5339805825242718
e2_uci,concrete,bbb,8,0.55,0.5922330097087378
e2_uci,concrete,bbb,8,0.6000000000000001,0.6310679611650486
e2_uci,concrete,bbb,8,0.6500000000000001,0.6504854368932039
e2_uci,concrete,bbb,8,0.7000000000000001,0.6990291262135923
e2_uci,concrete,bbb,8,0.7500000000000001,0.7281553398058253
e2_uci,concrete,bbb,8,0.8,0.7669902912621359
e2_uci,concrete,bbb,8,0.8500000000000001,0.8543689320388349
e2_uci,concrete,bbb,8,0.9000000000000001,0.8640776699029126
e2_uci,concrete,bbb,8,0.9500000000000001,0.9223300970873787
e2_uci,concrete,bbb,9,0.05,0.0970873786407767
e2_uci,concrete,bbb,9,0.1,0.1262135922330097
e2_uci,concrete,bbb,9,0.15000000000000002,0.1553398058252427
e2_uci,concrete,bbb,9,0.2,0.22330097087378642
e2_uci,concrete,bbb,9,0.25,0.3300970873786408
e2_uci,concrete,bbb,9,0.3,0.3883495145631068
e2_uci,concrete,bbb,9,0.35000000000000003,0.42718446601941745
e2_uci,concrete,bbb,9,0.4,0.47572815533980584
e2_uci,concrete,bbb,9,0.45,0.5048543689320388
e2_uci,concrete,bbb,9,0.5,0.5728155339805825
e2_uci,concrete,bbb,9,0.55,0.6796116504854369
e2_uci,concrete,bbb,9,0.6000000000000001,0.7087378640776699
e2_uci,concrete,bbb,9,0.6500000000000001,0.7475728155339806
e2_uci,concrete,bbb,9,0.7000000000000001,0.8058252427184466
e2_uci,concrete,bbb,9,0.7500000000000001,0.8155339805825242
e2_uci,concrete,bbb,9,0.8,0.8640776699029126
e2_uci,concrete,bbb,9,0.8500000000000001,0.912621359223301
e2_uci,concrete,bbb,9,0.9000000000000001,0.9320388349514563
e2_uci,concrete,bbb,9,0.9500000000000001,0.9514563106796117
e2_uci,concrete,bbb,10,0.05,0.038834951456310676
e2_uci,concrete,bbb,10,0.1,0.05825242718446602
e2_uci,concrete,bbb,10,0.15000000000000002,0.07766990291262135
e2_uci,concrete,bbb,10,0.2,0.13592233009708737
e2_uci,concrete,bbb,10,0.25,0.1553398058252427
e2_uci,concrete,bbb,10,0.3,0.23300970873786409
e2_uci,concrete,bbb,10,0.35000000000000003,0.2912621359223301
e2_uci,concrete,bbb,10,0.4,0.33980582524271846
e2_uci,concrete,bbb,10,0.45,0.3883495145631068
e2_uci,concrete,bbb,10,0.5,0.47572815533980584
e2_uci,concrete,bbb,10,0.55,0.5339805825242718
e2_uci,concrete,bbb,10,0.6000000000000001,0.5922330097087378
e2_uci,concrete,bbb,10,0.6500000000000001,0.6504854368932039
e2_uci,concrete,bbb,10,0.7000000000000001,0.7184466019417476
e2_uci,concrete,bbb,10,0.7500000000000001,0.7669902912621359
e2_uci,concrete,bbb,10,0.8,0.7961165048543689
e2_uci,concrete,bbb,10,0.8500000000000001,0.8058252427184466
e2_uci,concrete,bbb,10,0.9000000000000001,0.9029126213592233
e2_uci,concrete,bbb,10,0.9500000000000001,0.9514563106796117
e2_uci,concrete,bbb,11,0.05,0.038834951456310676
e2_uci,concrete,bbb,11,0.1,0.05825242718446602
e2_uci,concrete,bbb,11,0.15000000000000002,0.0970873786407767
e2_uci,concrete,bbb,11,0.2,0.14563106796116504
e2_uci,concrete,bbb,11,0.25,0.21359223300970873
e2_uci,concrete,bbb,11,0.3,0.2524271844660194
e2_uci,concrete,bbb,11,0.35000000000000003,0.30097087378640774
e2_uci,concrete,bbb,11,0.4,0.34951456310679613
e2_uci,concrete,bbb,11,0.45,0.4077669902912621
e2_uci,concrete,bbb,11,0.5,0.4854368932038835
e2_uci,concrete,bbb,11,0.55,0.5533980582524272
e2_uci,concrete,bbb,11,0.6000000000000001,0.5728155339805825
e2_uci,concrete,bbb,11,0.6500000000000001,0.6116504854368932
e2_uci,concrete,bbb,11,0.7000000000000001,0.6796116504854369
e2_uci,concrete,bbb,11,0.7500000000000001,0.7669902912621359
e2_uci,concrete,bbb,11,0.8,0.8155339805825242
e2_uci,concrete,bbb,11,0.8500000000000001,0.8446601941747572
e2_uci,concrete,bbb,11,0.9000000000000001,0.912621359223301
e2_uci,concrete,bbb,11,0.9500000000000001,0.941747572815534
e2_uci,concrete,bbb,12,0.05,0.009708737864077669
e2_uci,concrete,bbb,12,0.1,0.04854368932038835
e2_uci,concrete,bbb,12,0.15000000000000002,0.10679611650485436
e2_uci,concrete,bbb,12,0.2,0.1650485436893204
e2_uci,concrete,bbb,12,0.25,0.20388349514563106
e2_uci,concrete,bbb,12,0.3,0.2621359223300971
e2_uci,concrete,bbb,12,0.35000000000000003,0.33980582524271846
e2_uci,concrete,bbb,12,0.4,0.4368932038834951
e2_uci,concrete,bbb,12,0.45,0.49514563106796117
e2_uci,concrete,bbb,12,0.5,0.5145631067961165
e2_uci,concrete,bbb,12,0.55,0.5631067961165048
e2_uci,concrete,bbb,12,0.6000000000000001,0.6213592233009708
e2_uci,concrete,bbb,12,0.6500000000000001,0.6504854368932039
e2_uci,concrete,bbb,12,0.7000000000000001,0.7087378640776699
e2_uci,concrete,bbb,12,0.7500000000000001,0.7864077669902912
e2_uci,concrete,bbb,12,0.8,0.8252427184466019
e2_uci,concrete,bbb,12,0.8500000000000001,0.9029126213592233
e2_uci,concrete,bbb,12,0.9000000000000001,0.9029126213592233
e2_uci,concrete,bbb,12,0.9500000000000001,0.941747572815534
e2_uci,concrete,bbb,13,0.05,0.019417475728155338
e2_uci,concrete,bbb,13,0.1,0.04854368932038835
e2_uci,concrete,bbb,13,0.15000000000000002,0.06796116504854369
e2_uci,concrete,bbb,13,0.2,0.1262135922330097
e2_uci,concrete,bbb,13,0.25,0.14563106796116504
e2_uci,concrete,bbb,13,0.3,0.20388349514563106
e2_uci,concrete,bbb,13,0.35000000000000003,0.2621359223300971
e2_uci,concrete,bbb,13,0.4,0.3106796116504854
e2_uci,concrete,bbb,13,0.45,0.36893203883495146
e2_uci,concrete,bbb,13,0.5,0.42718446601941745
e2_uci,concrete,bbb,13,0.55,0.4563106796116505
e2_uci,concrete,bbb,13,0.6000000000000001,0.5728155339805825
e2_uci,concrete,bbb,13,0.6500000000000001,0.6407766990291263
e2_uci,concrete,bbb,13,0.7000000000000001,0.7087378640776699
e2_uci,concrete,bbb,13,0.7500000000000001,0.7475728155339806
e2_uci,concrete,bbb,13,0.8,0.8058252427184466
e2_uci,concrete,bbb,13,0.8500000000000001,0.8349514563106796
e2_uci,concrete,bbb,13,0.9000000000000001,0.8737864077669902
e2_uci,concrete,bbb,13,0.9500000000000001,0.9320388349514563
e2_uci,concrete,bbb,14,0.05,0.04854368932038835
e2_uci,concrete,bbb,14,0.1,0.07766990291262135
e2_uci,concrete,bbb,14,0.15000000000000002,0.17475728155339806
e2_uci,concrete,bbb,14,0.2,0.21359223300970873
e2_uci,concrete,bbb,14,0.25,0.2912621359223301
e2_uci,concrete,bbb,14,0.3,0.34951456310679613
e2_uci,concrete,bbb,14,0.35000000000000003,0.4077669902912621
e2_uci,concrete,bbb,14,0.4,0.44660194174757284
e2_uci,concrete,bbb,14,0.45,0.46601941747572817
e2_uci,concrete,bbb,14,0.5,0.49514563106796117
e2_uci,concrete,bbb,14,0.55,0.5339805825242718
e2_uci,concrete,bbb,14,0.6000000000000001,0.5631067961165048
e2_uci,concrete,bbb,14,0.6500000000000001,0.6310679611650486
e2_uci,concrete,bbb,14,0.7000000000000001,0.6796116504854369
e2_uci,concrete,bbb,14,0.7500000000000001,0.7378640776699029
e2_uci,concrete,bbb,14,0.8,0.7766990291262136
e2_uci,concrete,bbb,14,0.8500000000000001,0.7961165048543689
e2_uci,concrete,bbb,14,0.9000000000000001,0.8446601941747572
e2_uci,concrete,bbb,14,0.9500000000000001,0.9029126213592233
e2_uci,concrete,bbb,15,0.05,0.04854368932038835
e2_uci,concrete,bbb,15,0.1,0.08737864077669903
e2_uci,concrete,bbb,15,0.15000000000000002,0.1650485436893204
e2_uci,concrete,bbb,15,0.2,0.21359223300970873
e2_uci,concrete,bbb,15,0.25,0.24271844660194175
e2_uci,concrete,bbb,15,0.3,0.30097087378640774
e2_uci,concrete,bbb,15,0.35000000000000003,0.3592233009708738
e2_uci,concrete,bbb,15,0.4,0.4174757281553398
e2_uci,concrete,bbb,15,0.45,0.4563106796116505
e2_uci,concrete,bbb,15,0.5,0.5145631067961165
e2_uci,concrete,bbb,15,0.55,0.5922330097087378
e2_uci,concrete,bbb,15,0.6000000000000001,0.6213592233009708
e2_uci,concrete,bbb,15,0.6500000000000001,0.6699029126213593
e2_uci,concrete,bbb,15,0.7000000000000001,0.7572815533980582
e2_uci,concrete,bbb,15,0.7500000000000001,0.8058252427184466
e2_uci,concrete,bbb,15,0.8,0.8058252427184466
e2_uci,concrete,bbb,15,0.8500000000000001,0.8543689320388349
e2_uci,concrete,bbb,15,0.9000000000000001,0.9029126213592233
e2_uci,concrete,bbb,15,0.9500000000000001,0.970873786407767
e2_uci,concrete,bbb,16,0.05,0.10679611650485436
e2_uci,concrete,bbb,16,0.1,0.1553398058252427
e2_uci,concrete,bbb,16,0.15000000000000002,0.1941747572815534
e2_uci,concrete,bbb,16,0.2,0.22330097087378642
e2_uci,concrete,bbb,16,0.25,0.2912621359223301
e2_uci,concrete,bbb,16,0.3,0.32038834951456313
e2_uci,concrete,bbb,16,0.35000000000000003,0.3786407766990291
e2_uci,concrete,bbb,16,0.4,0.4174757281553398
e2_uci,concrete,bbb,16,0.45,0.4854368932038835
e2_uci,concrete,bbb,16,0.5,0.5436893203883495
e2_uci,concrete,bbb,16,0.55,0.5922330097087378
e2_uci,concrete,bbb,16,0.6000000000000001,0.6213592233009708
e2_uci,concrete,bbb,16,0.6500000000000001,0.6796116504854369
e2_uci,concrete,bbb,16,0.7000000000000001,0.6990291262135923
e2_uci,concrete,bbb,16,0.7500000000000001,0.7184466019417476
e2_uci,concrete,bbb,16,0.8,0.7669902912621359
e2_uci,concrete,bbb,16,0.8500000000000001,0.8252427184466019
e2_uci,concrete,bbb,16,0.9000000000000001,0.8543689320388349
e2_uci,concrete,bbb,16,0.9500000000000001,0.9223300970873787
e2_uci,concrete,bbb,17,0.05,0.05825242718446602
e2_uci,concrete,bbb,17,0.1,0.1262135922330097
e2_uci,concrete,bbb,17,0.15000000000000002,0.1941747572815534
e2_uci,concrete,bbb,17,0.2,0.24271844660194175
e2_uci,concrete,bbb,17,0.25,0.2912621359223301
e2_uci,concrete,bbb,17,0.3,0.33980582524271846
e2_uci,concrete,bbb,17,0.35000000000000003,0.36893203883495146
e2_uci,concrete,bbb,17,0.4,0.4174757281553398
e2_uci,concrete,bbb,17,0.45,0.44660194174757284
e2_uci,concrete,bbb,17,0.5,0.5339805825242718
e2_uci,concrete,bbb,17,0.55,0.6213592233009708
e2_uci,concrete,bbb,17,0.6000000000000001,0.6893203883495146
e2_uci,concrete,bbb,17,0.6500000000000001,0.7378640776699029
e2_uci,concrete,bbb,17,0.7000000000000001,0.7766990291262136
e2_uci,concrete,bbb,17,0.7500000000000001,0.8058252427184466
e2_uci,concrete,bbb,17,0.8,0.8446601941747572
e2_uci,concrete,bbb,17,0.8500000000000001,0.8737864077669902
e2_uci,concrete,bbb,17,0.9000000000000001,0.9223300970873787
e2_uci,concrete,bbb,17,0.9500000000000001,0.9514563106796117
e2_uci,concrete,bbb,18,0.05,0.05825242718446602
e2_uci,concrete,bbb,18,0.1,0.1553398058252427
e2_uci,concrete,bbb,18,0.15000000000000002,0.1941747572815534
e2_uci,concrete,bbb,18,0.2,0.2815533980582524
e2_uci,concrete,bbb,18,0.25,0.2912621359223301
e2_uci,concrete,bbb,18,0.3,0.3592233009708738
e2_uci,concrete,bbb,18,0.35000000000000003,0.39805825242718446
e2_uci,concrete,bbb,18,0.4,0.4368932038834951
e2_uci,concrete,bbb,18,0.45,0.4563106796116505
e2_uci,concrete,bbb,18,0.5,0.5242718446601942
e2_uci,concrete,bbb,18,0.55,0.5533980582524272
e2_uci,concrete,bbb,18,0.6000000000000001,0.5922330097087378
e2_uci,concrete,bbb,18,0.6500000000000001,0.6699029126213593
e2_uci,concrete,bbb,18,0.7000000000000001,0.6990291262135923
e2_uci,concrete,bbb,18,0.7500000000000001,0.7378640776699029
e2_uci,concrete,bbb,18,0.8,0.7864077669902912
e2_uci,concrete,bbb,18,0.8500000000000001,0.8446601941747572
e2_uci,concrete,bbb,18,0.9000000000000001,0.8932038834951457
e2_uci,concrete,bbb,18,0.9500000000000001,0.9320388349514563
e2_uci,concrete,bbb,19,0.05,0.07766990291262135
e2_uci,concrete,bbb,19,0.1,0.1262135922330097
e2_uci,concrete,bbb,19,0.15000000000000002,0.1650485436893204
e2_uci,concrete,bbb,19,0.2,0.22330097087378642
e2_uci,concrete,bbb,19,0.25,0.27184466019417475
e2_uci,concrete,bbb,19,0.3,0.3106796116504854
e2_uci,concrete,bbb,19,0.35000000000000003,0.3592233009708738
e2_uci,concrete,bbb,19,0.4,0.44660194174757284
e2_uci,concrete,bbb,19,0.45,0.5048543689320388
e2_uci,concrete,bbb,19,0.5,0.5533980582524272
e2_uci,concrete,bbb,19,0.55,0.6601941747572816
e2_uci,concrete,bbb,19,0.6000000000000001,0.6990291262135923
e2_uci,concrete,bbb,19,0.6500000000000001,0.7572815533980582
e2_uci,concrete,bbb,19,0.7000000000000001,0.8058252427184466
e2_uci,concrete,bbb,19,0.7500000000000001,0.8349514563106796
e2_uci,concrete,bbb,19,0.8,0.883495145631068
e2_uci,concrete,bbb,19,0.8500000000000001,0.9223300970873787
e2_uci,concrete,bbb,19,0.9000000000000001,0.970873786407767
e2_uci,concrete,bbb,19,0.9500000000000001,0.9805825242718447
e2_uci,wine_quality_red,bbb,0,0.05,0.05
e2_uci,wine_quality_red,bbb,0,0.1,0.075
e2_uci,wine_quality_red,bbb,0,0.15000000000000002,0.09375
e2_uci,wine_quality_red,bbb,0,0.2,0.15
e2_uci,wine_quality_red,bbb,0,0.25,0.1875
e2_uci,wine_quality_red,bbb,0,0.3,0.24375
e2_uci,wine_quality_red,bbb,0,0.35000000000000003,0.29375
e2_uci,wine_quality_red,bbb,0,0.4,0.39375
e2_uci,wine_quality_red,bbb,0,0.45,0.45
e2_uci,wine_quality_red,bbb,0,0.5,0.525
e2_uci,wine_quality_red,bbb,0,0.55,0.55625
e2_uci,wine_quality_red,bbb,0,0.6000000000000001,0.59375
e2_uci,wine_quality_red,bbb,0,0.6500000000000001,0.64375
e2_uci,wine_quality_red,bbb,0,0.7000000000000001,0.70625
e2_uci,wine_quality_red,bbb,0,0.7500000000000001,0.74375
e2_uci,wine_quality_red,bbb,0,0.8,0.775
e2_uci,wine_quality_red,bbb,0,0.8500000000000001,0.83125
e2_uci,wine_quality_red,bbb,0,0.9000000000000001,0.89375
e2_uci,wine_quality_red,bbb,0,0.9500000000000001,0.95
e2_uci,wine_quality_red,bbb,1,0.05,0.0625
e2_uci,wine_quality_red,bbb,1,0.1,0.0875
e2_uci,wine_quality_red,bbb,1,0.15000000000000002,0.125
e2_uci,wine_quality_red,bbb,1,0.2,0.15625
e2_uci,wine_quality_red,bbb,1,0.25,0.25
e2_uci,wine_quality_red,bbb,1,0.3,0.3125
e2_uci,wine_quality_red,bbb,1,0.35000000000000003,0.40625
e2_uci,wine_quality_red,bbb,1,0.4,0.46875
e2_uci,wine_quality_red,bbb,1,0.45,0.5125
e2_uci,wine_quality_red,bbb,1,0.5,0.56875
e2_uci,wine_quality_red,bbb,1,0.55,0.5875
e2_uci,wine_quality_red,bbb,1,0.6000000000000001,0.6375
e2_uci,wine_quality_red,bbb,1,0.6500000000000001,0.7125
e2_uci,wine_quality_red,bbb,1,0.7000000000000001,0.75
e2_uci,wine_quality_red,bbb,1,0.7500000000000001,0.7625
e2_uci,wine_quality_red,bbb,1,0.8,0.80625
e2_uci,wine_quality_red,bbb,1,0.8500000000000001,0.875
e2_uci,wine_quality_red,bbb,1,0.9000000000000001,0.90625
e2_uci,wine_quality_red,bbb,1,0.9500000000000001,0.975
e2_uci,wine_quality_red,bbb,2,0.05,0.06875
e2_uci,wine_quality_red,bbb,2,0.1,0.1125
e2_uci,wine_quality_red,bbb,2,0.15000000000000002,0.1625
e2_uci,wine_quality_red,bbb,2,0.2,0.2
e2_uci,wine_quality_red,bbb,2,0.25,0.25
e2_uci,wine_quality_red,bbb,2,0.3,0.29375
e2_uci,wine_quality_red,bbb,2,0.35000000000000003,0.39375
e2_uci,wine_quality_red,bbb,2,0.4,0.4625
e2_uci,wine_quality_red,bbb,2,0.45,0.51875
e2_uci,wine_quality_red,bbb,2,0.5,0.6
e2_uci,wine_quality_red,bbb,2,0.55,0.63125
e2_uci,wine_quality_red,bbb,2,0.6000000000000001,0.675
e2_uci,wine_quality_red,bbb,2,0.6500000000000001,0.70625
e2_uci,wine_quality_red,bbb,2,0.7000000000000001,0.75625
e2_uci,wine_quality_red,bbb,2,0.7500000000000001,0.76875
e2_uci,wine_quality_red,bbb,2,0.8,0.8
e2_uci,wine_quality_red,bbb,2,0.8500000000000001,0.84375
e2_uci,wine_quality_red,bbb,2,0.9000000000000001,0.89375
e2_uci,wine_quality_red,bbb,2,0.9500000000000001,0.9375
e2_uci,wine_quality_red,bbb,3,0.05,0.05
e2_uci,wine_quality_red,bbb,3,0.1,0.08125
e2_uci,wine_quality_red,bbb,3,0.15000000000000002,0.11875
e2_uci,wine_quality_red,bbb,3,0.2,0.175
e2_uci,wine_quality_red,bbb,3,0.25,0.23125
e2_uci,wine_quality_red,bbb,3,0.3,0.28125
e2_uci,wine_quality_red,bbb,3,0.35000000000000003,0.3625
e2_uci,wine_quality_red,bbb,3,0.4,0.4375
e2_uci,wine_quality_red,bbb,3,0.45,0.51875
e2_uci,wine_quality_red,bbb,3,0.5,0.575
e2_uci,wine_quality_red,bbb,3,0.55,0.60625
e2_uci,wine_quality_red,bbb,3,0.6000000000000001,0.65625
e2_uci,wine_quality_red,bbb,3,0.6500000000000001,0.68125
e2_uci,wine_quality_red,bbb,3,0.7000000000000001,0.7375
e2_uci,wine_quality_red,bbb,3,0.7500000000000001,0.78125
e2_uci,wine_quality_red,bbb,3,0.8,0.8
e2_uci,wine_quality_red,bbb,3,0.8500000000000001,0.84375
e2_uci,wine_quality_red,bbb,3,0.9000000000000001,0.93125
e2_uci,wine_quality_red,bbb,3,0.9500000000000001,0.96875
e2_uci,wine_quality_red,bbb,4,0.05,0.00625
e2_uci,wine_quality_red,bbb,4,0.1,0.03125
e2_uci,wine_quality_red,bbb,4,0.15000000000000002,0.06875
e2_uci,wine_quality_red,bbb,4,0.2,0.11875
e2_uci,wine_quality_red,bbb,4,0.25,0.175
e2_uci,wine_quality_red,bbb,4,0.3,0.24375
e2_uci,wine_quality_red,bbb,4,0.35000000000000003,0.3625
e2_uci,wine_quality_red,bbb,4,0.4,0.4625
e2_uci,wine_quality_red,bbb,4,0.45,0.50625
e2_uci,wine_quality_red,bbb,4,0.5,0.5625
e2_uci,wine_quality_red,bbb,4,0.55,0.58125
e2_uci,wine_quality_red,bbb,4,0.6000000000000001,0.625
e2_uci,wine_quality_red,bbb,4,0.6500000000000001,0.6875
e2_uci,wine_quality_red,bbb,4,0.7000000000000001,0.74375
e2_uci,wine_quality_red,bbb,4,0.7500000000000001,0.78125
e2_uci,wine_quality_red,bbb,4,0.8,0.81875
e2_uci,wine_quality_red,bbb,4,0.8500000000000001,0.8625
e2_uci,wine_quality_red,bbb,4,0.9000000000000001,0.9
e2_uci,wine_quality_red,bbb,4,0.9500000000000001,0.94375
e2_uci,wine_quality_red,bbb,5,0.05,0.05
e2_uci,wine_quality_red,bbb,5,0.1,0.075
e2_uci,wine_quality_red,bbb,5,0.15000000000000002,0.11875
e2_uci,wine_quality_red,bbb,5,0.2,0.18125
e2_uci,wine_quality_red,bbb,5,0.25,0.25625
e2_uci,wine_quality_red,bbb,5,0.3,0.30625
e2_uci,wine_quality_red,bbb,5,0.35000000000000003,0.4
e2_uci,wine_quality_red,bbb,5,0.4,0.475
e2_uci,wine_quality_red,bbb,5,0.45,0.55625
e2_uci,wine_quality_red,bbb,5,0.5,0.56875
e2_uci,wine_quality_red,bbb,5,0.55,0.5875
e2_uci,wine_quality_red,bbb,5,0.6000000000000001,0.65625
e2_uci,wine_quality_red,bbb,5,0.6500000000000001,0.6875
e2_uci,wine_quality_red,bbb,5,0.7000000000000001,0.7375
e2_uci,wine_quality_red,bbb,5,0.7500000000000001,0.775
e2_uci,wine_quality_red,bbb,5,0.8,0.8375
e2_uci,wine_quality_red,bbb,5,0.8500000000000001,0.875
e2_uci,wine_quality_red,bbb,5,0.9000000000000001,0.91875
e2_uci,wine_quality_red,bbb,5,0.9500000000000001,0.95
e2_uci,wine_quality_red,bbb,6,0.05,0.08125
e2_uci,wine_quality_red,bbb,6,0.1,0.1
e2_uci,wine_quality_red,bbb,6,0.15000000000000002,0.15
e2_uci,wine_quality_red,bbb,6,0.2,0.16875
e2_uci,wine_quality_red,bbb,6,0.25,0.2
e2_uci,wine_quality_red,bbb,6,0.3,0.25625
e2_uci,wine_quality_red,bbb,6,0.35000000000000003,0.2875
e2_uci,wine_quality_red,bbb,6,0.4,0.3625
e2_uci,wine_quality_red,bbb,6,0.45,0.4375
e2_uci,wine_quality_red,bbb,6,0.5,0.49375
e2_uci,wine_quality_red,bbb,6,0.55,0.525
e2_uci,wine_quality_red,bbb,6,0.6000000000000001,0.575
e2_uci,wine_quality_red,bbb,6,0.6500000000000001,0.60625
e2_uci,wine_quality_red,bbb,6,0.7000000000000001,0.65
e2_uci,wine_quality_red,bbb,6,0.7500000000000001,0.71875
e2_uci,wine_quality_red,bbb,6,0.8,0.74375
e2_uci,wine_quality_red,bbb,6,0.8500000000000001,0.8125
e2_uci,wine_quality_red,bbb,6,0.9000000000000001,0.89375
e2_uci,wine_quality_red,bbb,6,0.9500000000000001,0.9625
e2_uci,wine_quality_red,bbb,7,0.05,0.0625
e2_uci,wine_quality_red,bbb,7,0.1,0.1
e2_uci,wine_quality_red,bbb,7,0.15000000000000002,0.13125
e2_uci,wine_quality_red,bbb,7,0.2,0.19375
e2_uci,wine_quality_red,bbb,7,0.25,0.25625
e2_uci,wine_quality_red,bbb,7,0.3,0.28125
e2_uci,wine_quality_red,bbb,7,0.35000000000000003,0.34375
e2_uci,wine_quality_red,bbb,7,0.4,0.43125
e2_uci,wine_quality_red,bbb,7,0.45,0.49375
e2_uci,wine_quality_red,bbb,7,0.5,0.55
e2_uci,wine_quality_red,bbb,7,0.55,0.63125
e2_uci,wine_quality_red,bbb,7,0.6000000000000001,0.7
e2_uci,wine_quality_red,bbb,7,0.6500000000000001,0.75
e2_uci,wine_quality_red,bbb,7,0.7000000000000001,0.775
e2_uci,wine_quality_red,bbb,7,0.7500000000000001,0.80625
e2_uci,wine_quality_red,bbb,7,0.8,0.825
e2_uci,wine_quality_red,bbb,7,0.8500000000000001,0.83125
e2_uci,wine_quality_red,bbb,7,0.9000000000000001,0.875
e2_uci,wine_quality_red,bbb,7,0.9500000000000001,0.95
e2_uci,wine_quality_red,bbb,8,0.05,0.03125
e2_uci,wine_quality_red,bbb,8,0.1,0.05
e2_uci,wine_quality_red,bbb,8,0.15000000000000002,0.08125
e2_uci,wine_quality_red,bbb,8,0.2,0.09375
e2_uci,wine_quality_red,bbb,8,0.25,0.13125
e2_uci,wine_quality_red,bbb,8,0.3,0.16875
e2_uci,wine_quality_red,bbb,8,0.35000000000000003,0.24375
e2_uci,wine_quality_red,bbb,8,0.4,0.2875
e2_uci,wine_quality_red,bbb,8,0.45,0.38125
e2_uci,wine_quality_red,bbb,8,0.5,0.4375
e2_uci,wine_quality_red,bbb,8,0.55,0.4875
e2_uci,wine_quality_red,bbb,8,0.6000000000000001,0.55625
e2_uci,wine_quality_red,bbb,8,0.6500000000000001,0.6
e2_uci,wine_quality_red,bbb,8,0.7000000000000001,0.6625
e2_uci,wine_quality_red,bbb,8,0.7500000000000001,0.725
e2_uci,wine_quality_red,bbb,8,0.8,0.78125
e2_uci,wine_quality_red,bbb,8,0.8500000000000001,0.81875
e2_uci,wine_quality_red,bbb,8,0.9000000000000001,0.88125
e2_uci,wine_quality_red,bbb,8,0.9500000000000001,0.9625
e2_uci,wine_quality_red,bbb,9,0.05,0.05
e2_uci,wine_quality_red,bbb,9,0.1,0.10625
e2_uci,wine_quality_red,bbb,9,0.15000000000000002,0.13125
e2_uci,wine_quality_red,bbb,9,0.2,0.18125
e2_uci,wine_quality_red,bbb,9,0.25,0.25
e2_uci,wine_quality_red,bbb,9,0.3,0.325
e2_uci,wine_quality_red,bbb,9,0.35000000000000003,0.38125
e2_uci,wine_quality_red,bbb,9,0.4,0.4375
e2_uci,wine_quality_red,bbb,9,0.45,0.4875
e2_uci,wine_quality_red,bbb,9,0.5,0.5625
e2_uci,wine_quality_red,bbb,9,0.55,0.625
e2_uci,wine_quality_red,bbb,9,0.6000000000000001,0.68125
e2_uci,wine_quality_red,bbb,9,0.6500000000000001,0.7125
e2_uci,wine_quality_red,bbb,9,0.7000000000000001,0.75625
e2_uci,wine_quality_red,bbb,9,0.7500000000000001,0.79375
e2_uci,wine_quality_red,bbb,9,0.8,0.825
e2_uci,wine_quality_red,bbb,9,0.8500000000000001,0.875
e2_uci,wine_quality_red,bbb,9,0.9000000000000001,0.9
e2_uci,wine_quality_red,bbb,9,0.9500000000000001,0.925
e2_uci,wine_quality_red,bbb,10,0.05,0.0625
e2_uci,wine_quality_red,bbb,10,0.1,0.08125
e2_uci,wine_quality_red,bbb,10,0.15000000000000002,0.11875
e2_uci,wine_quality_red,bbb,10,0.2,0.14375
e2_uci,wine_quality_red,bbb,10,0.25,0.21875
e2_uci,wine_quality_red,bbb,10,0.3,0.29375
e2_uci,wine_quality_red,bbb,10,0.35000000000000003,0.34375
e2_uci,wine_quality_red,bbb,10,0.4,0.41875
e2_uci,wine_quality_red,bbb,10,0.45,0.4875
e2_uci,wine_quality_red,bbb,10,0.5,0.54375
e2_uci,wine_quality_red,bbb,10,0.55,0.575
e2_uci,wine_quality_red,bbb,10,0.6000000000000001,0.6125
e2_uci,wine_quality_red,bbb,10,0.6500000000000001,0.65625
e2_uci,wine_quality_red,bbb,10,0.7000000000000001,0.70625
e2_uci,wine_quality_red,bbb,10,0.7500000000000001,0.7375
e2_uci,wine_quality_red,bbb,10,0.8,0.775
e2_uci,wine_quality_red,bbb,10,0.8500000000000001,0.83125
e2_uci,wine_quality_red,bbb,10,0.9000000000000001,0.875
e2_uci,wine_quality_red,bbb,10,0.9500000000000001,0.93125
e2_uci,wine_quality_red,bbb,11,0.05,0.0375
e2_uci,wine_quality_red,bbb,11,0.1,0.06875
e2_uci,wine_quality_red,bbb,11,0.15000000000000002,0.11875
e2_uci,wine_quality_red,bbb,11,0.2,0.1375
e2_uci,wine_quality_red,bbb,11,0.25,0.18125
e2_uci,wine_quality_red,bbb,11,0.3,0.20625
e2_uci,wine_quality_red,bbb,11,0.35000000000000003,0.26875
e2_uci,wine_quality_red,bbb,11,0.4,0.3
e2_uci,wine_quality_red,bbb,11,0.45,0.40625
e2_uci,wine_quality_red,bbb,11,0.5,0.4625
e2_uci,wine_quality_red,bbb,11,0.55,0.5125
e2_uci,wine_quality_red,bbb,11,0.6000000000000001,0.5625
e2_uci,wine_quality_red,bbb,11,0.6500000000000001,0.61875
e2_uci,wine_quality_red,bbb,11,0.7000000000000001,0.65
e2_uci,wine_quality_red,bbb,11,0.7500000000000001,0.70625
e2_uci,wine_quality_red,bbb,11,0.8,0.73125
e2_uci,wine_quality_red,bbb,11,0.8500000000000001,0.7875
e2_uci,wine_quality_red,bbb,11,0.9000000000000001,0.86875
e2_uci,wine_quality_red,bbb,11,0.9500000000000001,0.94375
e2_uci,wine_quality_red,bbb,12,0.05,0.0875
e2_uci,wine_quality_red,bbb,12,0.1,0.125
e2_uci,wine_quality_red,bbb,12,0.15000000000000002,0.15625
e2_uci,wine_quality_red,bbb,12,0.2,0.18125
e2_uci,wine_quality_red,bbb,12,0.25,0.2625
e2_uci,wine_quality_red,bbb,12,0.3,0.325
e2_uci,wine_quality_red,bbb,12,0.35000000000000003,0.3875
e2_uci,wine_quality_red,bbb,12,0.4,0.475
e2_uci,wine_quality_red,bbb,12,0.45,0.56875
e2_uci,wine_quality_red,bbb,12,0.5,0.6125
e2_uci,wine_quality_red,bbb,12,0.55,0.64375
e2_uci,wine_quality_red,bbb,12,0.6000000000000001,0.7125
e2_uci,wine_quality_red,bbb,12,0.6500000000000001,0.7375
e2_uci,wine_quality_red,bbb,12,0.7000000000000001,0.78125
e2_uci,wine_quality_red,bbb,12,0.7500000000000001,0.83125
e2_uci,wine_quality_red,bbb,12,0.8,0.86875
e2_uci,wine_quality_red,bbb,12,0.8500000000000001,0.9
e2_uci,wine_quality_red,bbb,12,0.9000000000000001,0.95
e2_uci,wine_quality_red,bbb,12,0.9500000000000001,0.98125
e2_uci,wine_quality_red,bbb,13,0.05,0.0625
e2_uci,wine_quality_red,bbb,13,0.1,0.08125
e2_uci,wine_quality_red,bbb,13,0.15000000000000002,0.10625
e2_uci,wine_quality_red,bbb,13,0.2,0.175
e2_uci,wine_quality_red,bbb,13,0.25,0.21875
e2_uci,wine_quality_red,bbb,13,0.3,0.28125
e2_uci,wine_quality_red,bbb,13,0.35000000000000003,0.3625
e2_uci,wine_quality_red,bbb,13,0.4,0.425
e2_uci,wine_quality_red,bbb,13,0.45,0.5
e2_uci,wine_quality_red,bbb,13,0.5,0.56875
e2_uci,wine_quality_red,bbb,13,0.55,0.60625
e2_uci,wine_quality_red,bbb,13,0.6000000000000001,0.65
e2_uci,wine_quality_red,bbb,13,0.6500000000000001,0.69375
e2_uci,wine_quality_red,bbb,13,0.7000000000000001,0.7625
e2_uci,wine_quality_red,bbb,13,0.7500000000000001,0.79375
e2_uci,wine_quality_red,bbb,13,0.8,0.8375
e2_uci,wine_quality_red,bbb,13,0.8500000000000001,0.86875
e2_uci,wine_quality_red,bbb,13,0.9000000000000001,0.9375
e2_uci,wine_quality_red,bbb,13,0.9500000000000001,0.9625
e2_uci,wine_quality_red,bbb,14,0.05,0.03125
e2_uci,wine_quality_red,bbb,14,0.1,0.0625
e2_uci,wine_quality_red,bbb,14,0.15000000000000002,0.1
e2_uci,wine_quality_red,bbb,14,0.2,0.15625
e2_uci,wine_quality_red,bbb,14,0.25,0.2125
e2_uci,wine_quality_red,bbb,14,0.3,0.2875
e2_uci,wine_quality_red,bbb,14,0.35000000000000003,0.375
e2_uci,wine_quality_red,bbb,14,0.4,0.45
e2_uci,wine_quality_red,bbb,14,0.45,0.55625
e2_uci,wine_quality_red,bbb,14,0.5,0.6125
e2_uci,wine_quality_red,bbb,14,0.55,0.64375
e2_uci,wine_quality_red,bbb,14,0.6000000000000001,0.6875
e2_uci,wine_quality_red,bbb,14,0.6500000000000001,0.70625
e2_uci,wine_quality_red,bbb,14,0.7000000000000001,0.74375
e2_uci,wine_quality_red,bbb,14,0.7500000000000001,0.8
e2_uci,wine_quality_red,bbb,14,0.8,0.83125
e2_uci,wine_quality_red,bbb,14,0.8500000000000001,0.875
e2_uci,wine_quality_red,bbb,14,0.9000000000000001,0.9125
e2_uci,wine_quality_red,bbb,14,0.9500000000000001,0.94375
e2_uci,wine_quality_red,bbb,15,0.05,0.01875
e2_uci,wine_quality_red,bbb,15,0.1,0.0375
e2_uci,wine_quality_red,bbb,15,0.15000000000000002,0.0625
e2_uci,wine_quality_red,bbb,15,0.2,0.10625
e2_uci,wine_quality_red,bbb,15,0.25,0.1625
e2_uci,wine_quality_red,bbb,15,0.3,0.21875
e2_uci,wine_quality_red,bbb,15,0.35000000000000003,0.3
e2_uci,wine_quality_red,bbb,15,0.4,0.36875
e2_uci,wine_quality_red,bbb,15,0.45,0.45
e2_uci,wine_quality_red,bbb,15,0.5,0.5
e2_uci,wine_quality_red,bbb,15,0.55,0.5375
e2_uci,wine_quality_red,bbb,15,0.6000000000000001,0.60625
e2_uci,wine_quality_red,bbb,15,0.6500000000000001,0.63125
e2_uci,wine_quality_red,bbb,15,0.7000000000000001,0.66875
e2_uci,wine_quality_red,bbb,15,0.7500000000000001,0.73125
e2_uci,wine_quality_red,bbb,15,0.8,0.80625
e2_uci,wine_quality_red,bbb,15,0.8500000000000001,0.85625
e2_uci,wine_quality_red,bbb,15,0.9000000000000001,0.90625
e2_uci,wine_quality_red,bbb,15,0.9500000000000001,0.95
e2_uci,wine_quality_red,bbb,16,0.05,0.025
e2_uci,wine_quality_red,bbb,16,0.1,0.05
e2_uci,wine_quality_red,bbb,16,0.15000000000000002,0.06875
e2_uci,wine_quality_red,bbb,16,0.2,0.1125
e2_uci,wine_quality_red,bbb,16,0.25,0.18125
e2_uci,wine_quality_red,bbb,16,0.3,0.2125
e2_uci,wine_quality_red,bbb,16,0.35000000000000003,0.30625
e2_uci,wine_quality_red,bbb,16,0.4,0.35625
e2_uci,wine_quality_red,bbb,16,0.45,0.4625
e2_uci,wine_quality_red,bbb,16,0.5,0.5125
e2_uci,wine_quality_red,bbb,16,0.55,0.55625
e2_uci,wine_quality_red,bbb,16,0.6000000000000001,0.60625
e2_uci,wine_quality_red,bbb,16,0.6500000000000001,0.64375
e2_uci,wine_quality_red,bbb,16,0.7000000000000001,0.68125
e2_uci,wine_quality_red,bbb,16,0.7500000000000001,0.7375
e2_uci,wine_quality_red,bbb,16,0.8,0.7625
e2_uci,wine_quality_red,bbb,16,0.8500000000000001,0.8125
e2_uci,wine_quality_red,bbb,16,0.9000000000000001,0.88125
e2_uci,wine_quality_red,bbb,16,0.9500000000000001,0.95625
e2_uci,wine_quality_red,bbb,17,0.05,0.05
e2_uci,wine_quality_red,bbb,17,0.1,0.06875
e2_uci,wine_quality_red,bbb,17,0.15000000000000002,0.09375
e2_uci,wine_quality_red,bbb,17,0.2,0.11875
e2_uci,wine_quality_red,bbb,17,0.25,0.18125
e2_uci,wine_quality_red,bbb,17,0.3,0.2125
e2_uci,wine_quality_red,bbb,17,0.35000000000000003,0.3
e2_uci,wine_quality_red,bbb,17,0.4,0.375
e2_uci,wine_quality_red,bbb,17,0.45,0.46875
e2_uci,wine_quality_red,bbb,17,0.5,0.51875
e2_uci,wine_quality_red,bbb,17,0.55,0.5625
e2_uci,wine_quality_red,bbb,17,0.6000000000000001,0.60625
e2_uci,wine_quality_red,bbb,17,0.6500000000000001,0.65
e2_uci,wine_quality_red,bbb,17,0.7000000000000001,0.6875
e2_uci,wine_quality_red,bbb,17,0.7500000000000001,0.71875
e2_uci,wine_quality_red,bbb,17,0.8,0.78125
e2_uci,wine_quality_red,bbb,17,0.8500000000000001,0.8625
e2_uci,wine_quality_red,bbb,17,0.9000000000000001,0.9125
e2_uci,wine_quality_red,bbb,17,0.9500000000000001,0.9625
e2_uci,wine_quality_red,bbb,18,0.05,0.025
e2_uci,wine_quality_red,bbb,18,0.1,0.05
e2_uci,wine_quality_red,bbb,18,0.15000000000000002,0.08125
e2_uci,wine_quality_red,bbb,18,0.2,0.125
e2_uci,wine_quality_red,bbb,18,0.25,0.175
e2_uci,wine_quality_red,bbb,18,0.3,0.2625
e2_uci,wine_quality_red,bbb,18,0.35000000000000003,0.325
e2_uci,wine_quality_red,bbb,18,0.4,0.38125
e2_uci,wine_quality_red,bbb,18,0.45,0.40625
e2_uci,wine_quality_red,bbb,18,0.5,0.48125
e2_uci,wine_quality_red,bbb,18,0.55,0.53125
e2_uci,wine_quality_red,bbb,18,0.6000000000000001,0.5875
e2_uci,wine_quality_red,bbb,18,0.6500000000000001,0.6625
e2_uci,wine_quality_red,bbb,18,0.7000000000000001,0.69375
e2_uci,wine_quality_red,bbb,18,0.7500000000000001,0.73125
e2_uci,wine_quality_red,bbb,18,0.8,0.75625
e2_uci,wine_quality_red,bbb,18,0.8500000000000001,0.8
e2_uci,wine_quality_red,bbb,18,0.9000000000000001,0.85
e2_uci,wine_quality_red,bbb,18,0.9500000000000001,0.91875
e2_uci,wine_quality_red,bbb,19,0.05,0.05625
e2_uci,wine_quality_red,bbb,19,0.1,0.0875
e2_uci,wine_quality_red,bbb,19,0.15000000000000002,0.13125
e2_uci,wine_quality_red,bbb,19,0.2,0.16875
e2_uci,wine_quality_red,bbb,19,0.25,0.21875
e2_uci,wine_quality_red,bbb,19,0.3,0.28125
e2_uci,wine_quality_red,bbb,19,0.35000000000000003,0.31875
e2_uci,wine_quality_red,bbb,19,0.4,0.4
e2_uci,wine_quality_red,bbb,19,0.45,0.4375
e2_uci,wine_quality_red,bbb,19,0.5,0.5125
e2_uci,wine_quality_red,bbb,19,0.55,0.5625
e2_uci,wine_quality_red,bbb,19,0.6000000000000001,0.63125
e2_uci,wine_quality_red,bbb,19,0.6500000000000001,0.675
e2_uci,wine_quality_red,bbb,19,0.7000000000000001,0.73125
e2_uci,wine_quality_red,bbb,19,0.7500000000000001,0.79375
e2_uci,wine_quality_red,bbb,19,0.8,0.84375
e2_uci,wine_quality_red,bbb,19,0.8500000000000001,0.8625
e2_uci,wine_quality_red,bbb,19,0.9000000000000001,0.91875
e2_uci,wine_quality_red,bbb,19,0.9500000000000001,0.95
e2_uci,kin8nm,bbb,0,0.05,0.04395604395604396
e2_uci,kin8nm,bbb,0,0.1,0.08302808302808302
e2_uci,kin8nm,bbb,0,0.15000000000000002,0.12454212454212454
e2_uci,kin8nm,bbb,0,0.2,0.15506715506715507
e2_uci,kin8nm,bbb,0,0.25,0.19291819291819293
e2_uci,kin8nm,bbb,0,0.3,0.25518925518925517
e2_uci,kin8nm,bbb,0,0.35000000000000003,0.29181929181929184
e2_uci,kin8nm,bbb,0,0.4,0.33821733821733824
e2_uci,kin8nm,bbb,0,0.45,0.3772893772893773
e2_uci,kin8nm,bbb,0,0.5,0.42857142857142855
e2_uci,kin8nm,bbb,0,0.55,0.4932844932844933
e2_uci,kin8nm,bbb,0,0.6000000000000001,0.5567765567765568
e2_uci,kin8nm,bbb,0,0.6500000000000001,0.6105006105006106
e2_uci,kin8nm,bbb,0,0.7000000000000001,0.6715506715506715
e2_uci,kin8nm,bbb,0,0.7500000000000001,0.7216117216117216
e2_uci,kin8nm,bbb,0,0.8,0.7741147741147741
e2_uci,kin8nm,bbb,0,0.8500000000000001,0.8302808302808303
e2_uci,kin8nm,bbb,0,0.9000000000000001,0.8778998778998779
e2_uci,kin8nm,bbb,0,0.9500000000000001,0.938949938949939
e2_uci,kin8nm,bbb,1,0.05,0.03663003663003663
e2_uci,kin8nm,bbb,1,0.1,0.09035409035409035
e2_uci,kin8nm,bbb,1,0.15000000000000002,0.12087912087912088
e2_uci,kin8nm,bbb,1,0.2,0.16117216117216118
e2_uci,kin8nm,bbb,1,0.25,0.2258852258852259
e2_uci,kin8nm,bbb,1,0.3,0.26495726495726496
e2_uci,kin8nm,bbb,1,0.35000000000000003,0.3076923076923077
e2_uci,kin8nm,bbb,1,0.4,0.37606837606837606
e2_uci,kin8nm,bbb,1,0.45,0.4358974358974359
e2_uci,kin8nm,bbb,1,0.5,0.5115995115995116
e2_uci,kin8nm,bbb,1,0.55,0.5787545787545788
e2_uci,kin8nm,bbb,1,0.6000000000000001,0.6202686202686203
e2_uci,kin8nm,bbb,1,0.6500000000000001,0.6715506715506715
e2_uci,kin8nm,bbb,1,0.7000000000000001,0.7167277167277167
e2_uci,kin8nm,bbb,1,0.7500000000000001,0.7545787545787546
e2_uci,kin8nm,bbb,1,0.8,0.811965811965812
e2_uci,kin8nm,bbb,1,0.8500000000000001,0.8644688644688645
e2_uci,kin8nm,bbb,1,0.9000000000000001,0.9133089133089133
e2_uci,kin8nm,bbb,1,0.9500000000000001,0.9523809523809523
e2_uci,kin8nm,bbb,2,0.05,0.045177045177045176
e2_uci,kin8nm,bbb,2,0.1,0.0989010989010989
e2_uci,kin8nm,bbb,2,0.15000000000000002,0.14163614163614163
e2_uci,kin8nm,bbb,2,0.2,0.19291819291819293
e2_uci,kin8nm,bbb,2,0.25,0.2515262515262515
e2_uci,kin8nm,bbb,2,0.3,0.29914529914529914
e2_uci,kin8nm,bbb,2,0.35000000000000003,0.34676434676434675
e2_uci,kin8nm,bbb,2,0.4,0.4065934065934066
e2_uci,kin8nm,bbb,2,0.45,0.4542124542124542
e2_uci,kin8nm,bbb,2,0.5,0.5128205128205128
e2_uci,kin8nm,bbb,2,0.55,0.5653235653235653
e2_uci,kin8nm,bbb,2,0.6000000000000001,0.6288156288156288
e2_uci,kin8nm,bbb,2,0.6500000000000001,0.6776556776556777
e2_uci,kin8nm,bbb,2,0.7000000000000001,0.7313797313797313
e2_uci,kin8nm,bbb,2,0.7500000000000001,0.7716727716727717
e2_uci,kin8nm,bbb,2,0.8,0.8400488400488401
e2_uci,kin8nm,bbb,2,0.8500000000000001,0.8876678876678876
e2_uci,kin8nm,bbb,2,0.9000000000000001,0.9291819291819292
e2_uci,kin8nm,bbb,2,0.9500000000000001,0.9682539682539683
e2_uci,kin8nm,bbb,3,0.05,0.03540903540903541
e2_uci,kin8nm,bbb,3,0.1,0.08547008547008547
e2_uci,kin8nm,bbb,3,0.15000000000000002,0.13186813186813187
e2_uci,kin8nm,bbb,3,0.2,0.16727716727716727
e2_uci,kin8nm,bbb,3,0.25,0.21367521367521367
e2_uci,kin8nm,bbb,3,0.3,0.2564102564102564
e2_uci,kin8nm,bbb,3,0.35000000000000003,0.32844932844932845
e2_uci,kin8nm,bbb,3,0.4,0.3711843711843712
e2_uci,kin8nm,bbb,3,0.45,0.4236874236874237
e2_uci,kin8nm,bbb,3,0.5,0.4932844932844933
e2_uci,kin8nm,bbb,3,0.55,0.5445665445665445
e2_uci,kin8nm,bbb,3,0.6000000000000001,0.6092796092796092
e2_uci,kin8nm,bbb,3,0.6500000000000001,0.6764346764346765
e2_uci,kin8nm,bbb,3,0.7000000000000001,0.7387057387057387
e2_uci,kin8nm,bbb,3,0.7500000000000001,0.7826617826617827
e2_uci,kin8nm,bbb,3,0.8,0.8400488400488401
e2_uci,kin8nm,bbb,3,0.8500000000000001,0.8876678876678876
e2_uci,kin8nm,bbb,3,0.9000000000000001,0.9377289377289377
e2_uci,kin8nm,bbb,3,0.9500000000000001,0.9755799755799756
e2_uci,kin8nm,bbb,4,0.05,0.05128205128205128
e2_uci,kin8nm,bbb,4,0.1,0.09157509157509157
e2_uci,kin8nm,bbb,4,0.15000000000000002,0.13675213675213677
e2_uci,kin8nm,bbb,4,0.2,0.19413919413919414
e2_uci,kin8nm,bbb,4,0.25,0.24297924297924298
e2_uci,kin8nm,bbb,4,0.3,0.304029304029304
e2_uci,kin8nm,bbb,4,0.35000000000000003,0.3553113553113553
e2_uci,kin8nm,bbb,4,0.4,0.40415140415140416
e2_uci,kin8nm,bbb,4,0.45,0.46764346764346765
e2_uci,kin8nm,bbb,4,0.5,0.5164835164835165
e2_uci,kin8nm,bbb,4,0.55,0.5763125763125763
e2_uci,kin8nm,bbb,4,0.6000000000000001,0.6190476190476191
e2_uci,kin8nm,bbb,4,0.6500000000000001,0.6825396825396826
e2_uci,kin8nm,bbb,4,0.7000000000000001,0.7338217338217338
e2_uci,kin8nm,bbb,4,0.7500000000000001,0.7936507936507936
e2_uci,kin8nm,bbb,4,0.8,0.8461538461538461
e2_uci,kin8nm,bbb,4,0.8500000000000001,0.8888888888888888
e2_uci,kin8nm,bbb,4,0.9000000000000001,0.938949938949939
e2_uci,kin8nm,bbb,4,0.9500000000000001,0.9706959706959707
e2_uci,kin8nm,bbb,5,0.05,0.04395604395604396
e2_uci,kin8nm,bbb,5,0.1,0.10500610500610501
e2_uci,kin8nm,bbb,5,0.15000000000000002,0.1623931623931624
e2_uci,kin8nm,bbb,5,0.2,0.20757020757020758
e2_uci,kin8nm,bbb,5,0.25,0.26495726495726496
e2_uci,kin8nm,bbb,5,0.3,0.32112332112332115
e2_uci,kin8nm,bbb,5,0.35000000000000003,0.38217338217338215
e2_uci,kin8nm,bbb,5,0.4,0.4456654456654457
e2_uci,kin8nm,bbb,5,0.45,0.5079365079365079
e2_uci,kin8nm,bbb,5,0.5,0.5518925518925519
e2_uci,kin8nm,bbb,5,0.55,0.6019536019536019
e2_uci,kin8nm,bbb,5,0.6000000000000001,0.645909645909646
e2_uci,kin8nm,bbb,5,0.6500000000000001,0.7045177045177046
e2_uci,kin8nm,bbb,5,0.7000000000000001,0.7496947496947497
e2_uci,kin8nm,bbb,5,0.7500000000000001,0.7924297924297924
e2_uci,kin8nm,bbb,5,0.8,0.8376068376068376
e2_uci,kin8nm,bbb,5,0.8500000000000001,0.8766788766788767
e2_uci,kin8nm,bbb,5,0.9000000000000001,0.9230769230769231
e2_uci,kin8nm,bbb,5,0.9500000000000001,0.960927960927961
e2_uci,kin8nm,bbb,6,0.05,0.02564102564102564
e2_uci,kin8nm,bbb,6,0.1,0.05982905982905983
e2_uci,kin8nm,bbb,6,0.15000000000000002,0.08913308913308914
e2_uci,kin8nm,bbb,6,0.2,0.12454212454212454
e2_uci,kin8nm,bbb,6,0.25,0.16971916971916973
e2_uci,kin8nm,bbb,6,0.3,0.21001221001221002
e2_uci,kin8nm,bbb,6,0.35000000000000003,0.26373626373626374
e2_uci,kin8nm,bbb,6,0.4,0.3125763125763126
e2_uci,kin8nm,bbb,6,0.45,0.3601953601953602
e2_uci,kin8nm,bbb,6,0.5,0.4139194139194139
e2_uci,kin8nm,bbb,6,0.55,0.4835164835164835
e2_uci,kin8nm,bbb,6,0.6000000000000001,0.5372405372405372
e2_uci,kin8nm,bbb,6,0.6500000000000001,0.6031746031746031
e2_uci,kin8nm,bbb,6,0.7000000000000001,0.6568986568986569
e2_uci,kin8nm,bbb,6,0.7500000000000001,0.7252747252747253
e2_uci,kin8nm,bbb,6,0.8,0.78998778998779
e2_uci,kin8nm,bbb,6,0.8500000000000001,0.833943833943834
e2_uci,kin8nm,bbb,6,0.9000000000000001,0.8962148962148963
e2_uci,kin8nm,bbb,6,0.9500000000000001,0.9499389499389499
e2_uci,kin8nm,bbb,7,0.05,0.06227106227106227
e2_uci,kin8nm,bbb,7,0.1,0.11965811965811966
e2_uci,kin8nm,bbb,7,0.15000000000000002,0.1807081807081807
e2_uci,kin8nm,bbb,7,0.2,0.23931623931623933
e2_uci,kin8nm,bbb,7,0.25,0.2954822954822955
e2_uci,kin8nm,bbb,7,0.3,0.33577533577533575
e2_uci,kin8nm,bbb,7,0.35000000000000003,0.4078144078144078
e2_uci,kin8nm,bbb,7,0.4,0.45787545787545786
e2_uci,kin8nm,bbb,7,0.45,0.5152625152625152
e2_uci,kin8nm,bbb,7,0.5,0.5714285714285714
e2_uci,kin8nm,bbb,7,0.55,0.6336996336996337
e2_uci,kin8nm,bbb,7,0.6000000000000001,0.6910866910866911
e2_uci,kin8nm,bbb,7,0.6500000000000001,0.7435897435897436
e2_uci,kin8nm,bbb,7,0.7000000000000001,0.7838827838827839
e2_uci,kin8nm,bbb,7,0.7500000000000001,0.833943833943834
e2_uci,kin8nm,bbb,7,0.8,0.884004884004884
e2_uci,kin8nm,bbb,7,0.8500000000000001,0.9181929181929182
e2_uci,kin8nm,bbb,7,0.9000000000000001,0.9560439560439561
e2_uci,kin8nm,bbb,7,0.9500000000000001,0.9816849816849816
e2_uci,kin8nm,bbb,8,0.05,0.040293040293040296
e2_uci,kin8nm,bbb,8,0.1,0.09157509157509157
e2_uci,kin8nm,bbb,8,0.15000000000000002,0.14163614163614163
e2_uci,kin8nm,bbb,8,0.2,0.18803418803418803
e2_uci,kin8nm,bbb,8,0.25,0.2454212454212454
e2_uci,kin8nm,bbb,8,0.3,0.2893772893772894
e2_uci,kin8nm,bbb,8,0.35000000000000003,0.3431013431013431
e2_uci,kin8nm,bbb,8,0.4,0.4017094017094017
e2_uci,kin8nm,bbb,8,0.45,0.4432234432234432
e2_uci,kin8nm,bbb,8,0.5,0.48717948717948717
e2_uci,kin8nm,bbb,8,0.55,0.5409035409035409
e2_uci,kin8nm,bbb,8,0.6000000000000001,0.6007326007326007
e2_uci,kin8nm,bbb,8,0.6500000000000001,0.6532356532356532
e2_uci,kin8nm,bbb,8,0.7000000000000001,0.7081807081807082
e2_uci,kin8nm,bbb,8,0.7500000000000001,0.757020757020757
e2_uci,kin8nm,bbb,8,0.8,0.8131868131868132
e2_uci,kin8nm,bbb,8,0.8500000000000001,0.8608058608058609
e2_uci,kin8nm,bbb,8,0.9000000000000001,0.9023199023199023
e2_uci,kin8nm,bbb,8,0.9500000000000001,0.9560439560439561
e2_uci,kin8nm,bbb,9,0.05,0.045177045177045176
e2_uci,kin8nm,bbb,9,0.1,0.07448107448107448
e2_uci,kin8nm,bbb,9,0.15000000000000002,0.11721611721611722
e2_uci,kin8nm,bbb,9,0.2,0.16605616605616605
e2_uci,kin8nm,bbb,9,0.25,0.21001221001221002
e2_uci,kin8nm,bbb,9,0.3,0.2673992673992674
e2_uci,kin8nm,bbb,9,0.35000000000000003,0.31013431013431014
e2_uci,kin8nm,bbb,9,0.4,0.37362637362637363
e2_uci,kin8nm,bbb,9,0.45,0.4261294261294261
e2_uci,kin8nm,bbb,9,0.5,0.4884004884004884
e2_uci,kin8nm,bbb,9,0.55,0.5543345543345544
e2_uci,kin8nm,bbb,9,0.6000000000000001,0.612942612942613
e2_uci,kin8nm,bbb,9,0.6500000000000001,0.6666666666666666
e2_uci,kin8nm,bbb,9,0.7000000000000001,0.7155067155067155
e2_uci,kin8nm,bbb,9,0.7500000000000001,0.7643467643467643
e2_uci,kin8nm,bbb,9,0.8,0.8095238095238095
e2_uci,kin8nm,bbb,9,0.8500000000000001,0.8485958485958486
e2_uci,kin8nm,bbb,9,0.9000000000000001,0.8974358974358975
e2_uci,kin8nm,bbb,9,0.9500000000000001,0.945054945054945
e2_uci,kin8nm,bbb,10,0.05,0.03418803418803419
e2_uci,kin8nm,bbb,10,0.1,0.07081807081807082
e2_uci,kin8nm,bbb,10,0.15000000000000002,0.1111111111111111
e2_uci,kin8nm,bbb,10,0.2,0.15506715506715507
e2_uci,kin8nm,bbb,10,0.25,0.1978021978021978
e2_uci,kin8nm,bbb,10,0.3,0.23931623931623933
e2_uci,kin8nm,bbb,10,0.35000000000000003,0.28083028083028083
e2_uci,kin8nm,bbb,10,0.4,0.336996336996337
e2_uci,kin8nm,bbb,10,0.45,0.3894993894993895
e2_uci,kin8nm,bbb,10,0.5,0.45054945054945056
e2_uci,kin8nm,bbb,10,0.55,0.4932844932844933
e2_uci,kin8nm,bbb,10,0.6000000000000001,0.5592185592185592
e2_uci,kin8nm,bbb,10,0.6500000000000001,0.6153846153846154
e2_uci,kin8nm,bbb,10,0.7000000000000001,0.6752136752136753
e2_uci,kin8nm,bbb,10,0.7500000000000001,0.7228327228327228
e2_uci,kin8nm,bbb,10,0.8,0.7777777777777778
e2_uci,kin8nm,bbb,10,0.8500000000000001,0.8278388278388278
e2_uci,kin8nm,bbb,10,0.9000000000000001,0.8937728937728938
e2_uci,kin8nm,bbb,10,0.9500000000000001,0.9572649572649573
e2_uci,kin8nm,bbb,11,0.05,0.05128205128205128
e2_uci,kin8nm,bbb,11,0.1,0.09768009768009768
e2_uci,kin8nm,bbb,11,0.15000000000000002,0.1514041514041514
e2_uci,kin8nm,bbb,11,0.2,0.19047619047619047
e2_uci,kin8nm,bbb,11,0.25,0.22832722832722832
e2_uci,kin8nm,bbb,11,0.3,0.28083028083028083
e2_uci,kin8nm,bbb,11,0.35000000000000003,0.3333333333333333
e2_uci,kin8nm,bbb,11,0.4,0.3907203907203907
e2_uci,kin8nm,bbb,11,0.45,0.4468864468864469
e2_uci,kin8nm,bbb,11,0.5,0.5042735042735043
e2_uci,kin8nm,bbb,11,0.55,0.5604395604395604
e2_uci,kin8nm,bbb,11,0.6000000000000001,0.6141636141636142
e2_uci,kin8nm,bbb,11,0.6500000000000001,0.6666666666666666
e2_uci,kin8nm,bbb,11,0.7000000000000001,0.7057387057387058
e2_uci,kin8nm,bbb,11,0.7500000000000001,0.7643467643467643
e2_uci,kin8nm,bbb,11,0.8,0.8217338217338217
e2_uci,kin8nm,bbb,11,0.8500000000000001,0.8644688644688645
e2_uci,kin8nm,bbb,11,0.9000000000000001,0.9157509157509157
e2_uci,kin8nm,bbb,11,0.9500000000000001,0.9548229548229549
e2_uci,kin8nm,bbb,12,0.05,0.042735042735042736
e2_uci,kin8nm,bbb,12,0.1,0.07814407814407814
e2_uci,kin8nm,bbb,12,0.15000000000000002,0.115995115995116
e2_uci,kin8nm,bbb,12,0.2,0.17338217338217338
e2_uci,kin8nm,bbb,12,0.25,0.231990231990232
e2_uci,kin8nm,bbb,12,0.3,0.2844932844932845
e2_uci,kin8nm,bbb,12,0.35000000000000003,0.33821733821733824
e2_uci,kin8nm,bbb,12,0.4,0.3894993894993895
e2_uci,kin8nm,bbb,12,0.45,0.43345543345543347
e2_uci,kin8nm,bbb,12,0.5,0.4810744810744811
e2_uci,kin8nm,bbb,12,0.55,0.5323565323565324
e2_uci,kin8nm,bbb,12,0.6000000000000001,0.5970695970695971
e2_uci,kin8nm,bbb,12,0.6500000000000001,0.6532356532356532
e2_uci,kin8nm,bbb,12,0.7000000000000001,0.7094017094017094
e2_uci,kin8nm,bbb,12,0.7500000000000001,0.7667887667887668
e2_uci,kin8nm,bbb,12,0.8,0.8107448107448108
e2_uci,kin8nm,bbb,12,0.8500000000000001,0.8681318681318682
e2_uci,kin8nm,bbb,12,0.9000000000000001,0.9242979242979243
e2_uci,kin8nm,bbb,12,0.9500000000000001,0.9658119658119658
e2_uci,kin8nm,bbb,13,0.05,0.028083028083028084
e2_uci,kin8nm,bbb,13,0.1,0.06837606837606838
e2_uci,kin8nm,bbb,13,0.15000000000000002,0.10744810744810745
e2_uci,kin8nm,bbb,13,0.2,0.15262515262515264
e2_uci,kin8nm,bbb,13,0.25,0.199023199023199
e2_uci,kin8nm,bbb,13,0.3,0.25274725274725274
e2_uci,kin8nm,bbb,13,0.35000000000000003,0.30036630036630035
e2_uci,kin8nm,bbb,13,0.4,0.358974358974359
e2_uci,kin8nm,bbb,13,0.45,0.4065934065934066
e2_uci,kin8nm,bbb,13,0.5,0.45787545787545786
e2_uci,kin8nm,bbb,13,0.55,0.5201465201465202
e2_uci,kin8nm,bbb,13,0.6000000000000001,0.57997557997558
e2_uci,kin8nm,bbb,13,0.6500000000000001,0.6361416361416361
e2_uci,kin8nm,bbb,13,0.7000000000000001,0.6800976800976801
e2_uci,kin8nm,bbb,13,0.7500000000000001,0.7252747252747253
e2_uci,kin8nm,bbb,13,0.8,0.7887667887667887
e2_uci,kin8nm,bbb,13,0.8500000000000001,0.8327228327228328
e2_uci,kin8nm,bbb,13,0.9000000000000001,0.8888888888888888
e2_uci,kin8nm,bbb,13,0.9500000000000001,0.9401709401709402
e2_uci,kin8nm,bbb,14,0.05,0.05372405372405373
e2_uci,kin8nm,bbb,14,0.1,0.10012210012210013
e2_uci,kin8nm,bbb,14,0.15000000000000002,0.14407814407814407
e2_uci,kin8nm,bbb,14,0.2,0.19047619047619047
e2_uci,kin8nm,bbb,14,0.25,0.23687423687423687
e2_uci,kin8nm,bbb,14,0.3,0.2893772893772894
e2_uci,kin8nm,bbb,14,0.35000000000000003,0.3504273504273504
e2_uci,kin8nm,bbb,14,0.4,0.40415140415140416
e2_uci,kin8nm,bbb,14,0.45,0.47374847374847373
e2_uci,kin8nm,bbb,14,0.5,0.525030525030525
e2_uci,kin8nm,bbb,14,0.55,0.5873015873015873
e2_uci,kin8nm,bbb,14,0.6000000000000001,0.6373626373626373
e2_uci,kin8nm,bbb,14,0.6500000000000001,0.6825396825396826
e2_uci,kin8nm,bbb,14,0.7000000000000001,0.7374847374847375
e2_uci,kin8nm,bbb,14,0.7500000000000001,0.7838827838827839
e2_uci,kin8nm,bbb,14,0.8,0.8253968253968254
e2_uci,kin8nm,bbb,14,0.8500000000000001,0.8766788766788767
e2_uci,kin8nm,bbb,14,0.9000000000000001,0.9169719169719169
e2_uci,kin8nm,bbb,14,0.9500000000000001,0.9548229548229549
e2_uci,kin8nm,bbb,15,0.05,0.03540903540903541
e2_uci,kin8nm,bbb,15,0.1,0.06105006105006105
e2_uci,kin8nm,bbb,15,0.15000000000000002,0.10134310134310134
e2_uci,kin8nm,bbb,15,0.2,0.13675213675213677
e2_uci,kin8nm,bbb,15,0.25,0.17094017094017094
e2_uci,kin8nm,bbb,15,0.3,0.2222222222222222
e2_uci,kin8nm,bbb,15,0.35000000000000003,0.2661782661782662
e2_uci,kin8nm,bbb,15,0.4,0.3064713064713065
e2_uci,kin8nm,bbb,15,0.45,0.3601953601953602
e2_uci,kin8nm,bbb,15,0.5,0.4249084249084249
e2_uci,kin8nm,bbb,15,0.55,0.47619047619047616
e2_uci,kin8nm,bbb,15,0.6000000000000001,0.5286935286935287
e2_uci,kin8nm,bbb,15,0.6500000000000001,0.5873015873015873
e2_uci,kin8nm,bbb,15,0.7000000000000001,0.652014652014652
e2_uci,kin8nm,bbb,15,0.7500000000000001,0.7191697191697192
e2_uci,kin8nm,bbb,15,0.8,0.7765567765567766
e2_uci,kin8nm,bbb,15,0.8500000000000001,0.8437118437118437
e2_uci,kin8nm,bbb,15,0.9000000000000001,0.8925518925518926
e2_uci,kin8nm,bbb,15,0.9500000000000001,0.9621489621489622
e2_uci,kin8nm,bbb,16,0.05,0.05372405372405373
e2_uci,kin8nm,bbb,16,0.1,0.11233211233211234
e2_uci,kin8nm,bbb,16,0.15000000000000002,0.15506715506715507
e2_uci,kin8nm,bbb,16,0.2,0.19413919413919414
e2_uci,kin8nm,bbb,16,0.25,0.2454212454212454
e2_uci,kin8nm,bbb,16,0.3,0.3052503052503053
e2_uci,kin8nm,bbb,16,0.35000000000000003,0.36874236874236876
e2_uci,kin8nm,bbb,16,0.4,0.42735042735042733
e2_uci,kin8nm,bbb,16,0.45,0.4713064713064713
e2_uci,kin8nm,bbb,16,0.5,0.536019536019536
e2_uci,kin8nm,bbb,16,0.55,0.5921855921855922
e2_uci,kin8nm,bbb,16,0.6000000000000001,0.645909645909646
e2_uci,kin8nm,bbb,16,0.6500000000000001,0.717948717948718
e2_uci,kin8nm,bbb,16,0.7000000000000001,0.7557997557997558
e2_uci,kin8nm,bbb,16,0.7500000000000001,0.8046398046398047
e2_uci,kin8nm,bbb,16,0.8,0.8461538461538461
e2_uci,kin8nm,bbb,16,0.8500000000000001,0.8974358974358975
e2_uci,kin8nm,bbb,16,0.9000000000000001,0.9352869352869353
e2_uci,kin8nm,bbb,16,0.9500000000000001,0.9731379731379731
e2_uci,kin8nm,bbb,17,0.05,0.03907203907203907
e2_uci,kin8nm,bbb,17,0.1,0.08669108669108669
e2_uci,kin8nm,bbb,17,0.15000000000000002,0.1282051282051282
e2_uci,kin8nm,bbb,17,0.2,0.18925518925518925
e2_uci,kin8nm,bbb,17,0.25,0.22954822954822954
e2_uci,kin8nm,bbb,17,0.3,0.27106227106227104
e2_uci,kin8nm,bbb,17,0.35000000000000003,0.3162393162393162
e2_uci,kin8nm,bbb,17,0.4,0.3907203907203907
e2_uci,kin8nm,bbb,17,0.45,0.4456654456654457
e2_uci,kin8nm,bbb,17,0.5,0.4908424908424908
e2_uci,kin8nm,bbb,17,0.55,0.5470085470085471
e2_uci,kin8nm,bbb,17,0.6000000000000001,0.6092796092796092
e2_uci,kin8nm,bbb,17,0.6500000000000001,0.663003663003663
e2_uci,kin8nm,bbb,17,0.7000000000000001,0.7045177045177046
e2_uci,kin8nm,bbb,17,0.7500000000000001,0.7545787545787546
e2_uci,kin8nm,bbb,17,0.8,0.8144078144078144
e2_uci,kin8nm,bbb,17,0.8500000000000001,0.8742368742368742
e2_uci,kin8nm,bbb,17,0.9000000000000001,0.9181929181929182
e2_uci,kin8nm,bbb,17,0.9500000000000001,0.9584859584859585
e2_uci,kin8nm,bbb,18,0.05,0.06105006105006105
e2_uci,kin8nm,bbb,18,0.1,0.10622710622710622
e2_uci,kin8nm,bbb,18,0.15000000000000002,0.14774114774114774
e2_uci,kin8nm,bbb,18,0.2,0.1916971916971917
e2_uci,kin8nm,bbb,18,0.25,0.24053724053724054
e2_uci,kin8nm,bbb,18,0.3,0.2857142857142857
e2_uci,kin8nm,bbb,18,0.35000000000000003,0.3321123321123321
e2_uci,kin8nm,bbb,18,0.4,0.3968253968253968
e2_uci,kin8nm,bbb,18,0.45,0.44932844932844934
e2_uci,kin8nm,bbb,18,0.5,0.514041514041514
e2_uci,kin8nm,bbb,18,0.55,0.5836385836385837
e2_uci,kin8nm,bbb,18,0.6000000000000001,0.6507936507936508
e2_uci,kin8nm,bbb,18,0.6500000000000001,0.7094017094017094
e2_uci,kin8nm,bbb,18,0.7000000000000001,0.7557997557997558
e2_uci,kin8nm,bbb,18,0.7500000000000001,0.7887667887667887
e2_uci,kin8nm,bbb,18,0.8,0.8388278388278388
e2_uci,kin8nm,bbb,18,0.8500000000000001,0.8901098901098901
e2_uci,kin8nm,bbb,18,0.9000000000000001,0.9328449328449329
e2_uci,kin8nm,bbb,18,0.9500000000000001,0.967032967032967
e2_uci,kin8nm,bbb,19,0.05,0.03296703296703297
e2_uci,kin8nm,bbb,19,0.1,0.07326007326007326
e2_uci,kin8nm,bbb,19,0.15000000000000002,0.12087912087912088
e2_uci,kin8nm,bbb,19,0.2,0.18192918192918192
e2_uci,kin8nm,bbb,19,0.25,0.23076923076923078
e2_uci,kin8nm,bbb,19,0.3,0.29181929181929184
e2_uci,kin8nm,bbb,19,0.35000000000000003,0.3431013431013431
e2_uci,kin8nm,bbb,19,0.4,0.398046398046398
e2_uci,kin8nm,bbb,19,0.45,0.4468864468864469
e2_uci,kin8nm,bbb,19,0.5,0.5177045177045178
e2_uci,kin8nm,bbb,19,0.55,0.5604395604395604
e2_uci,kin8nm,bbb,19,0.6000000000000001,0.6227106227106227
e2_uci,kin8nm,bbb,19,0.6500000000000001,0.6825396825396826
e2_uci,kin8nm,bbb,19,0.7000000000000001,0.7423687423687424
e2_uci,kin8nm,bbb,19,0.7500000000000001,0.78998778998779
e2_uci,kin8nm,bbb,19,0.8,0.833943833943834
e2_uci,kin8nm,bbb,19,0.8500000000000001,0.8986568986568987
e2_uci,kin8nm,bbb,19,0.9000000000000001,0.9267399267399268
e2_uci,kin8nm,bbb,19,0.9500000000000001,0.9706959706959707
e2_uci,power_plant,bbb,0,0.05,0.024033437826541274
e2_uci,power_plant,bbb,0,0.1,0.07105538140020899
e2_uci,power_plant,bbb,0,0.15000000000000002,0.12434691745036573
e2_uci,power_plant,bbb,0,0.2,0.1724137931034483
e2_uci,power_plant,bbb,0,0.25,0.22988505747126436
e2_uci,power_plant,bbb,0,0.3,0.290491118077325
e2_uci,power_plant,bbb,0,0.35000000000000003,0.3458725182863114
e2_uci,power_plant,bbb,0,0.4,0.4096133751306165
e2_uci,power_plant,bbb,0,0.45,0.4608150470219436
e2_uci,power_plant,bbb,0,0.5,0.5203761755485894
e2_uci,power_plant,bbb,0,0.55,0.5632183908045977
e2_uci,power_plant,bbb,0,0.6000000000000001,0.6144200626959248
e2_uci,power_plant,bbb,0,0.6500000000000001,0.664576802507837
e2_uci,power_plant,bbb,0,0.7000000000000001,0.7126436781609196
e2_uci,power_plant,bbb,0,0.7500000000000001,0.7701149425287356
e2_uci,power_plant,bbb,0,0.8,0.8432601880877743
e2_uci,power_plant,bbb,0,0.8500000000000001,0.8871473354231975
e2_uci,power_plant,bbb,0,0.9000000000000001,0.9195402298850575
e2_uci,power_plant,bbb,0,0.9500000000000001,0.9655172413793104
e2_uci,power_plant,bbb,1,0.05,0.03134796238244514
e2_uci,power_plant,bbb,1,0.1,0.06269592476489028
e2_uci,power_plant,bbb,1,0.15000000000000002,0.1180773249738767
e2_uci,power_plant,bbb,1,0.2,0.1703239289446186
e2_uci,power_plant,bbb,1,0.25,0.24033437826541273
e2_uci,power_plant,bbb,1,0.3,0.290491118077325
e2_uci,power_plant,bbb,1,0.35000000000000003,0.3500522466039707
e2_uci,power_plant,bbb,1,0.4,0.4043887147335423
e2_uci,power_plant,bbb,1,0.45,0.47439916405433646
e2_uci,power_plant,bbb,1,0.5,0.5193312434691745
e2_uci,power_plant,bbb,1,0.55,0.5747126436781609
e2_uci,power_plant,bbb,1,0.6000000000000001,0.6081504702194357
e2_uci,power_plant,bbb,1,0.6500000000000001,0.6677115987460815
e2_uci,power_plant,bbb,1,0.7000000000000001,0.7324973876698014
e2_uci,power_plant,bbb,1,0.7500000000000001,0.7920585161964472
e2_uci,power_plant,bbb,1,0.8,0.8484848484848485
e2_uci,power_plant,bbb,1,0.8500000000000001,0.8881922675026124
e2_uci,power_plant,bbb,1,0.9000000000000001,0.9268547544409613
e2_uci,power_plant,bbb,1,0.9500000000000001,0.9665621734587252
e2_uci,power_plant,bbb,2,0.05,0.02821316614420063
e2_uci,power_plant,bbb,2,0.1,0.05747126436781609
e2_uci,power_plant,bbb,2,0.15000000000000002,0.09404388714733543
e2_uci,power_plant,bbb,2,0.2,0.13897596656217345
e2_uci,power_plant,bbb,2,0.25,0.1839080459770115
e2_uci,power_plant,bbb,2,0.3,0.22988505747126436
e2_uci,power_plant,bbb,2,0.35000000000000003,0.28735632183908044
e2_uci,power_plant,bbb,2,0.4,0.34169278996865204
e2_uci,power_plant,bbb,2,0.45,0.4054336468129572
e2_uci,power_plant,bbb,2,0.5,0.45977011494252873
e2_uci,power_plant,bbb,2,0.55,0.5141065830721003
e2_uci,power_plant,bbb,2,0.6000000000000001,0.5694879832810867
e2_uci,power_plant,bbb,2,0.6500000000000001,0.6165099268547545
e2_uci,power_plant,bbb,2,0.7000000000000001,0.6687565308254964
e2_uci,power_plant,bbb,2,0.7500000000000001,0.7304075235109718
e2_uci,power_plant,bbb,2,0.8,0.7847439916405433
e2_uci,power_plant,bbb,2,0.8500000000000001,0.8537095088819227
e2_uci,power_plant,bbb,2,0.9000000000000001,0.9028213166144201
e2_uci,power_plant,bbb,2,0.9500000000000001,0.9571577847439916
e2_uci,power_plant,bbb,3,0.05,0.030303030303030304
e2_uci,power_plant,bbb,3,0.1,0.08045977011494253
e2_uci,power_plant,bbb,3,0.15000000000000002,0.11285266457680251
e2_uci,power_plant,bbb,3,0.2,0.1724137931034483
e2_uci,power_plant,bbb,3,0.25,0.22884012539184953
e2_uci,power_plant,bbb,3,0.3,0.2727272727272727
e2_uci,power_plant,bbb,3,0.35000000000000003,0.3270637408568443
e2_uci,power_plant,bbb,3,0.4,0.3772204806687565
e2_uci,power_plant,bbb,3,0.45,0.44200626959247646
e2_uci,power_plant,bbb,3,0.5,0.5005224660397074
e2_uci,power_plant,bbb,3,0.55,0.5412748171368861
e2_uci,power_plant,bbb,3,0.6000000000000001,0.5945663531870429
e2_uci,power_plant,bbb,3,0.6500000000000001,0.6499477533960293
e2_uci,power_plant,bbb,3,0.7000000000000001,0.7074190177638453
e2_uci,power_plant,bbb,3,0.7500000000000001,0.7617554858934169
e2_uci,power_plant,bbb,3,0.8,0.8213166144200627
e2_uci,power_plant,bbb,3,0.8500000000000001,0.8746081504702194
e2_uci,power_plant,bbb,3,0.9000000000000001,0.922675026123302
e2_uci,power_plant,bbb,3,0.9500000000000001,0.9738766980146291
e2_uci,power_plant,bbb,4,0.05,0.03761755485893417
e2_uci,power_plant,bbb,4,0.1,0.07105538140020899
e2_uci,power_plant,bbb,4,0.15000000000000002,0.12016718913270637
e2_uci,power_plant,bbb,4,0.2,0.1786833855799373
e2_uci,power_plant,bbb,4,0.25,0.21839080459770116
e2_uci,power_plant,bbb,4,0.3,0.26332288401253917
e2_uci,power_plant,bbb,4,0.35000000000000003,0.3187042842215256
e2_uci,power_plant,bbb,4,0.4,0.3657262277951933
e2_uci,power_plant,bbb,4,0.45,0.41901776384535006
e2_uci,power_plant,bbb,4,0.5,0.4754440961337513
e2_uci,power_plant,bbb,4,0.55,0.5235109717868338
e2_uci,power_plant,bbb,4,0.6000000000000001,0.5862068965517241
e2_uci,power_plant,bbb,4,0.6500000000000001,0.6332288401253918
e2_uci,power_plant,bbb,4,0.7000000000000001,0.6917450365726228
e2_uci,power_plant,bbb,4,0.7500000000000001,0.741901776384535
e2_uci,power_plant,bbb,4,0.8,0.799373040752351
e2_uci,power_plant,bbb,4,0.8500000000000001,0.857889237199582
e2_uci,power_plant,bbb,4,0.9000000000000001,0.9080459770114943
e2_uci,power_plant,bbb,4,0.9500000000000001,0.9456635318704284
e2_uci,power_plant,bbb,5,0.05,0.03657262277951933
e2_uci,power_plant,bbb,5,0.1,0.08986415882967608
e2_uci,power_plant,bbb,5,0.15000000000000002,0.15569487983281086
e2_uci,power_plant,bbb,5,0.2,0.21316614420062696
e2_uci,power_plant,bbb,5,0.25,0.25914315569487983
e2_uci,power_plant,bbb,5,0.3,0.322884012539185
e2_uci,power_plant,bbb,5,0.35000000000000003,0.3793103448275862
e2_uci,power_plant,bbb,5,0.4,0.43260188087774293
e2_uci,power_plant,bbb,5,0.45,0.4827586206896552
e2_uci,power_plant,bbb,5,0.5,0.5402298850574713
e2_uci,power_plant,bbb,5,0.55,0.5862068965517241
e2_uci,power_plant,bbb,5,0.6000000000000001,0.6217345872518286
e2_uci,power_plant,bbb,5,0.6500000000000001,0.6802507836990596
e2_uci,power_plant,bbb,5,0.7000000000000001,0.7398119122257053
e2_uci,power_plant,bbb,5,0.7500000000000001,0.7972831765935214
e2_uci,power_plant,bbb,5,0.8,0.8610240334378265
e2_uci,power_plant,bbb,5,0.8500000000000001,0.9028213166144201
e2_uci,power_plant,bbb,5,0.9000000000000001,0.9435736677115988
e2_uci,power_plant,bbb,5,0.9500000000000001,0.9738766980146291
e2_uci,power_plant,bbb,6,0.05,0.042842215256008356
e2_uci,power_plant,bbb,6,0.1,0.09822361546499478
e2_uci,power_plant,bbb,6,0.15000000000000002,0.1588296760710554
e2_uci,power_plant,bbb,6,0.2,0.20794148380355276
e2_uci,power_plant,bbb,6,0.25,0.25705329153605017
e2_uci,power_plant,bbb,6,0.3,0.31347962382445144
e2_uci,power_plant,bbb,6,0.35000000000000003,0.3657262277951933
e2_uci,power_plant,bbb,6,0.4,0.4148380355276907
e2_uci,power_plant,bbb,6,0.45,0.4670846394984326
e2_uci,power_plant,bbb,6,0.5,0.5141065830721003
e2_uci,power_plant,bbb,6,0.55,0.5621734587251829
e2_uci,power_plant,bbb,6,0.6000000000000001,0.619644723092999
e2_uci,power_plant,bbb,6,0.6500000000000001,0.6698014629049112
e2_uci,power_plant,bbb,6,0.7000000000000001,0.7210031347962382
e2_uci,power_plant,bbb,6,0.7500000000000001,0.774294670846395
e2_uci,power_plant,bbb,6,0.8,0.8119122257053292
e2_uci,power_plant,bbb,6,0.8500000000000001,0.8652037617554859
e2_uci,power_plant,bbb,6,0.9000000000000001,0.9278996865203761
e2_uci,power_plant,bbb,6,0.9500000000000001,0.9717868338557993
e2_uci,power_plant,bbb,7,0.05,0.017763845350052248
e2_uci,power_plant,bbb,7,0.1,0.054336468129571575
e2_uci,power_plant,bbb,7,0.15000000000000002,0.09090909090909091
e2_uci,power_plant,bbb,7,0.2,0.1400208986415883
e2_uci,power_plant,bbb,7,0.25,0.19435736677115986
e2_uci,power_plant,bbb,7,0.3,0.2497387669801463
e2_uci,power_plant,bbb,7,0.35000000000000003,0.30929989550679204
e2_uci,power_plant,bbb,7,0.4,0.3552769070010449
e2_uci,power_plant,bbb,7,0.45,0.4043887147335423
e2_uci,power_plant,bbb,7,0.5,0.45245559038662486
e2_uci,power_plant,bbb,7,0.55,0.5109717868338558
e2_uci,power_plant,bbb,7,0.6000000000000001,0.5538140020898642
e2_uci,power_plant,bbb,7,0.6500000000000001,0.6081504702194357
e2_uci,power_plant,bbb,7,0.7000000000000001,0.6614420062695925
e2_uci,power_plant,bbb,7,0.7500000000000001,0.7178683385579937
e2_uci,power_plant,bbb,7,0.8,0.7784743991640544
e2_uci,power_plant,bbb,7,0.8500000000000001,0.8359456635318704
e2_uci,power_plant,bbb,7,0.9000000000000001,0.910135841170324
e2_uci,power_plant,bbb,7,0.9500000000000001,0.9634273772204807
e2_uci,power_plant,bbb,8,0.05,0.030303030303030304
e2_uci,power_plant,bbb,8,0.1,0.07523510971786834
e2_uci,power_plant,bbb,8,0.15000000000000002,0.13793103448275862
e2_uci,power_plant,bbb,8,0.2,0.18599791013584116
e2_uci,power_plant,bbb,8,0.25,0.2445141065830721
e2_uci,power_plant,bbb,8,0.3,0.3051201671891327
e2_uci,power_plant,bbb,8,0.35000000000000003,0.36990595611285265
e2_uci,power_plant,bbb,8,0.4,0.4367816091954023
e2_uci,power_plant,bbb,8,0.45,0.49320794148380354
e2_uci,power_plant,bbb,8,0.5,0.5496342737722049
e2_uci,power_plant,bbb,8,0.55,0.5966562173458725
e2_uci,power_plant,bbb,8,0.6000000000000001,0.6499477533960293
e2_uci,power_plant,bbb,8,0.6500000000000001,0.6980146290491118
e2_uci,power_plant,bbb,8,0.7000000000000001,0.7429467084639498
e2_uci,power_plant,bbb,8,0.7500000000000001,0.800417972831766
e2_uci,power_plant,bbb,8,0.8,0.8557993730407524
e2_uci,power_plant,bbb,8,0.8500000000000001,0.8996865203761756
e2_uci,power_plant,bbb,8,0.9000000000000001,0.9425287356321839
e2_uci,power_plant,bbb,8,0.9500000000000001,0.9707419017763845
e2_uci,power_plant,bbb,9,0.05,0.04493207941483804
e2_uci,power_plant,bbb,9,0.1,0.12539184952978055
e2_uci,power_plant,bbb,9,0.15000000000000002,0.1891327063740857
e2_uci,power_plant,bbb,9,0.2,0.23406478578892373
e2_uci,power_plant,bbb,9,0.25,0.28422152560083597
e2_uci,power_plant,bbb,9,0.3,0.3448275862068966
e2_uci,power_plant,bbb,9,0.35000000000000003,0.3897596656217346
e2_uci,power_plant,bbb,9,0.4,0.45977011494252873
e2_uci,power_plant,bbb,9,0.45,0.5005224660397074
e2_uci,power_plant,bbb,9,0.5,0.5600835945663531
e2_uci,power_plant,bbb,9,0.55,0.61337513061651
e2_uci,power_plant,bbb,9,0.6000000000000001,0.6551724137931034
e2_uci,power_plant,bbb,9,0.6500000000000001,0.7168234064785789
e2_uci,power_plant,bbb,9,0.7000000000000001,0.7711598746081505
e2_uci,power_plant,bbb,9,0.7500000000000001,0.8213166144200627
e2_uci,power_plant,bbb,9,0.8,0.8693834900731452
e2_uci,power_plant,bbb,9,0.8500000000000001,0.9090909090909091
e2_uci,power_plant,bbb,9,0.9000000000000001,0.9446185997910136
e2_uci,power_plant,bbb,9,0.9500000000000001,0.9780564263322884
e2_uci,power_plant,bbb,10,0.05,0.018808777429467086
e2_uci,power_plant,bbb,10,0.1,0.050156739811912224
e2_uci,power_plant,bbb,10,0.15000000000000002,0.08986415882967608
e2_uci,power_plant,bbb,10,0.2,0.12852664576802508
e2_uci,power_plant,bbb,10,0.25,0.1755485893416928
e2_uci,power_plant,bbb,10,0.3,0.22361546499477533
e2_uci,power_plant,bbb,10,0.35000000000000003,0.2727272727272727
e2_uci,power_plant,bbb,10,0.4,0.31974921630094044
e2_uci,power_plant,bbb,10,0.45,0.38035527690700105
e2_uci,power_plant,bbb,10,0.5,0.42946708463949845
e2_uci,power_plant,bbb,10,0.55,0.48484848484848486
e2_uci,power_plant,bbb,10,0.6000000000000001,0.5256008359456635
e2_uci,power_plant,bbb,10,0.6500000000000001,0.5903866248693835
e2_uci,power_plant,bbb,10,0.7000000000000001,0.6436781609195402
e2_uci,power_plant,bbb,10,0.7500000000000001,0.7084639498432602
e2_uci,power_plant,bbb,10,0.8,0.7648902821316614
e2_uci,power_plant,bbb,10,0.8500000000000001,0.8338557993730408
e2_uci,power_plant,bbb,10,0.9000000000000001,0.896551724137931
e2_uci,power_plant,bbb,10,0.9500000000000001,0.9613375130616509
e2_uci,power_plant,bbb,11,0.05,0.038662486938349006
e2_uci,power_plant,bbb,11,0.1,0.09195402298850575
e2_uci,power_plant,bbb,11,0.15000000000000002,0.14211076280041798
e2_uci,power_plant,bbb,11,0.2,0.20689655172413793
e2_uci,power_plant,bbb,11,0.25,0.26436781609195403
e2_uci,power_plant,bbb,11,0.3,0.3187042842215256
e2_uci,power_plant,bbb,11,0.35000000000000003,0.36886102403343785
e2_uci,power_plant,bbb,11,0.4,0.42737722048066873
e2_uci,power_plant,bbb,11,0.45,0.4994775339602926
e2_uci,power_plant,bbb,11,0.5,0.5402298850574713
e2_uci,power_plant,bbb,11,0.55,0.5903866248693835
e2_uci,power_plant,bbb,11,0.6000000000000001,0.6374085684430512
e2_uci,power_plant,bbb,11,0.6500000000000001,0.6875653082549634
e2_uci,power_plant,bbb,11,0.7000000000000001,0.7345872518286312
e2_uci,power_plant,bbb,11,0.7500000000000001,0.7857889237199582
e2_uci,power_plant,bbb,11,0.8,0.8390804597701149
e2_uci,power_plant,bbb,11,0.8500000000000001,0.8986415882967607
e2_uci,power_plant,bbb,11,0.9000000000000001,0.9373040752351097
e2_uci,power_plant,bbb,11,0.9500000000000001,0.9738766980146291
e2_uci,power_plant,bbb,12,0.05,0.02089864158829676
e2_uci,power_plant,bbb,12,0.1,0.054336468129571575
e2_uci,power_plant,bbb,12,0.15000000000000002,0.08986415882967608
e2_uci,power_plant,bbb,12,0.2,0.13584117032392895
e2_uci,power_plant,bbb,12,0.25,0.19122257053291536
e2_uci,power_plant,bbb,12,0.3,0.2560083594566353
e2_uci,power_plant,bbb,12,0.35000000000000003,0.3155694879832811
e2_uci,power_plant,bbb,12,0.4,0.3667711598746082
e2_uci,power_plant,bbb,12,0.45,0.41274817136886105
e2_uci,power_plant,bbb,12,0.5,0.4754440961337513
e2_uci,power_plant,bbb,12,0.55,0.5193312434691745
e2_uci,power_plant,bbb,12,0.6000000000000001,0.5768025078369906
e2_uci,power_plant,bbb,12,0.6500000000000001,0.6238244514106583
e2_uci,power_plant,bbb,12,0.7000000000000001,0.6844305120167189
e2_uci,power_plant,bbb,12,0.7500000000000001,0.7366771159874608
e2_uci,power_plant,bbb,12,0.8,0.8098223615464994
e2_uci,power_plant,bbb,12,0.8500000000000001,0.8693834900731452
e2_uci,power_plant,bbb,12,0.9000000000000001,0.9205851619644723
e2_uci,power_plant,bbb,12,0.9500000000000001,0.9696969696969697
e2_uci,power_plant,bbb,13,0.05,0.02821316614420063
e2_uci,power_plant,bbb,13,0.1,0.0741901776384535
e2_uci,power_plant,bbb,13,0.15000000000000002,0.12434691745036573
e2_uci,power_plant,bbb,13,0.2,0.17136886102403343
e2_uci,power_plant,bbb,13,0.25,0.2361546499477534
e2_uci,power_plant,bbb,13,0.3,0.2831765935214211
e2_uci,power_plant,bbb,13,0.35000000000000003,0.3396029258098224
e2_uci,power_plant,bbb,13,0.4,0.3928944618599791
e2_uci,power_plant,bbb,13,0.45,0.44618599791013586
e2_uci,power_plant,bbb,13,0.5,0.5067920585161965
e2_uci,power_plant,bbb,13,0.55,0.567398119122257
e2_uci,power_plant,bbb,13,0.6000000000000001,0.6039707419017764
e2_uci,power_plant,bbb,13,0.6500000000000001,0.6530825496342738
e2_uci,power_plant,bbb,13,0.7000000000000001,0.7126436781609196
e2_uci,power_plant,bbb,13,0.7500000000000001,0.7669801462904912
e2_uci,power_plant,bbb,13,0.8,0.8223615464994776
e2_uci,power_plant,bbb,13,0.8500000000000001,0.8766980146290491
e2_uci,power_plant,bbb,13,0.9000000000000001,0.9205851619644723
e2_uci,power_plant,bbb,13,0.9500000000000001,0.9717868338557993
e2_uci,power_plant,bbb,14,0.05,0.0219435736677116
e2_uci,power_plant,bbb,14,0.1,0.04179728317659352
e2_uci,power_plant,bbb,14,0.15000000000000002,0.07001044932079414
e2_uci,power_plant,bbb,14,0.2,0.12121212121212122
e2_uci,power_plant,bbb,14,0.25,0.19017763845350052
e2_uci,power_plant,bbb,14,0.3,0.2560083594566353
e2_uci,power_plant,bbb,14,0.35000000000000003,0.30825496342737724
e2_uci,power_plant,bbb,14,0.4,0.34691745036572624
e2_uci,power_plant,bbb,14,0.45,0.39707419017763845
e2_uci,power_plant,bbb,14,0.5,0.45768025078369906
e2_uci,power_plant,bbb,14,0.55,0.5026123301985371
e2_uci,power_plant,bbb,14,0.6000000000000001,0.5517241379310345
e2_uci,power_plant,bbb,14,0.6500000000000001,0.6081504702194357
e2_uci,power_plant,bbb,14,0.7000000000000001,0.6687565308254964
e2_uci,power_plant,bbb,14,0.7500000000000001,0.7304075235109718
e2_uci,power_plant,bbb,14,0.8,0.7920585161964472
e2_uci,power_plant,bbb,14,0.8500000000000001,0.8474399164054337
e2_uci,power_plant,bbb,14,0.9000000000000001,0.8881922675026124
e2_uci,power_plant,bbb,14,0.9500000000000001,0.9529780564263323
e2_uci,power_plant,bbb,15,0.05,0.024033437826541274
e2_uci,power_plant,bbb,15,0.1,0.05747126436781609
e2_uci,power_plant,bbb,15,0.15000000000000002,0.09822361546499478
e2_uci,power_plant,bbb,15,0.2,0.1536050156739812
e2_uci,power_plant,bbb,15,0.25,0.19853709508881923
e2_uci,power_plant,bbb,15,0.3,0.26332288401253917
e2_uci,power_plant,bbb,15,0.35000000000000003,0.3239289446185998
e2_uci,power_plant,bbb,15,0.4,0.38662486938349006
e2_uci,power_plant,bbb,15,0.45,0.4399164054336468
e2_uci,power_plant,bbb,15,0.5,0.48066875653082547
e2_uci,power_plant,bbb,15,0.55,0.5381400208986415
e2_uci,power_plant,bbb,15,0.6000000000000001,0.599791013584117
e2_uci,power_plant,bbb,15,0.6500000000000001,0.6478578892371996
e2_uci,power_plant,bbb,15,0.7000000000000001,0.6980146290491118
e2_uci,power_plant,bbb,15,0.7500000000000001,0.7596656217345873
e2_uci,power_plant,bbb,15,0.8,0.8275862068965517
e2_uci,power_plant,bbb,15,0.8500000000000001,0.8766980146290491
e2_uci,power_plant,bbb,15,0.9000000000000001,0.9237199582027168
e2_uci,power_plant,bbb,15,0.9500000000000001,0.9602925809822361
e2_uci,power_plant,bbb,16,0.05,0.01567398119122257
e2_uci,power_plant,bbb,16,0.1,0.04493207941483804
e2_uci,power_plant,bbb,16,0.15000000000000002,0.09822361546499478
e2_uci,power_plant,bbb,16,0.2,0.14420062695924765
e2_uci,power_plant,bbb,16,0.25,0.19435736677115986
e2_uci,power_plant,bbb,16,0.3,0.2445141065830721
e2_uci,power_plant,bbb,16,0.35000000000000003,0.30094043887147337
e2_uci,power_plant,bbb,16,0.4,0.3573667711598746
e2_uci,power_plant,bbb,16,0.45,0.4148380355276907
e2_uci,power_plant,bbb,16,0.5,0.48380355276907
e2_uci,power_plant,bbb,16,0.55,0.5381400208986415
e2_uci,power_plant,bbb,16,0.6000000000000001,0.5841170323928945
e2_uci,power_plant,bbb,16,0.6500000000000001,0.6509926854754441
e2_uci,power_plant,bbb,16,0.7000000000000001,0.7021943573667712
e2_uci,power_plant,bbb,16,0.7500000000000001,0.7554858934169278
e2_uci,power_plant,bbb,16,0.8,0.8098223615464994
e2_uci,power_plant,bbb,16,0.8500000000000001,0.8662486938349008
e2_uci,power_plant,bbb,16,0.9000000000000001,0.9143155694879833
e2_uci,power_plant,bbb,16,0.9500000000000001,0.9696969696969697
e2_uci,power_plant,bbb,17,0.05,0.034482758620689655
e2_uci,power_plant,bbb,17,0.1,0.0794148380355277
e2_uci,power_plant,bbb,17,0.15000000000000002,0.12957157784743992
e2_uci,power_plant,bbb,17,0.2,0.17972831765935215
e2_uci,power_plant,bbb,17,0.25,0.23719958202716823
e2_uci,power_plant,bbb,17,0.3,0.28631138975966564
e2_uci,power_plant,bbb,17,0.35000000000000003,0.34169278996865204
e2_uci,power_plant,bbb,17,0.4,0.3981191222570533
e2_uci,power_plant,bbb,17,0.45,0.4555903866248694
e2_uci,power_plant,bbb,17,0.5,0.4942528735632184
e2_uci,power_plant,bbb,17,0.55,0.554858934169279
e2_uci,power_plant,bbb,17,0.6000000000000001,0.6144200626959248
e2_uci,power_plant,bbb,17,0.6500000000000001,0.6656217345872518
e2_uci,power_plant,bbb,17,0.7000000000000001,0.7199582027168234
e2_uci,power_plant,bbb,17,0.7500000000000001,0.7763845350052246
e2_uci,power_plant,bbb,17,0.8,0.8349007314524556
e2_uci,power_plant,bbb,17,0.8500000000000001,0.8861024033437827
e2_uci,power_plant,bbb,17,0.9000000000000001,0.9404388714733543
e2_uci,power_plant,bbb,17,0.9500000000000001,0.9707419017763845
e2_uci,power_plant,bbb,18,0.05,0.03239289446185998
e2_uci,power_plant,bbb,18,0.1,0.08150470219435736
e2_uci,power_plant,bbb,18,0.15000000000000002,0.14629049111807732
e2_uci,power_plant,bbb,18,0.2,0.1974921630094044
e2_uci,power_plant,bbb,18,0.25,0.2445141065830721
e2_uci,power_plant,bbb,18,0.3,0.30303030303030304
e2_uci,power_plant,bbb,18,0.35000000000000003,0.36363636363636365
e2_uci,power_plant,bbb,18,0.4,0.41901776384535006
e2_uci,power_plant,bbb,18,0.45,0.4660397074190178
e2_uci,power_plant,bbb,18,0.5,0.5193312434691745
e2_uci,power_plant,bbb,18,0.55,0.5768025078369906
e2_uci,power_plant,bbb,18,0.6000000000000001,0.6248693834900731
e2_uci,power_plant,bbb,18,0.6500000000000001,0.6635318704284221
e2_uci,power_plant,bbb,18,0.7000000000000001,0.7345872518286312
e2_uci,power_plant,bbb,18,0.7500000000000001,0.7899686520376176
e2_uci,power_plant,bbb,18,0.8,0.8505747126436781
e2_uci,power_plant,bbb,18,0.8500000000000001,0.9028213166144201
e2_uci,power_plant,bbb,18,0.9000000000000001,0.9341692789968652
e2_uci,power_plant,bbb,18,0.9500000000000001,0.9686520376175548
e2_uci,power_plant,bbb,19,0.05,0.04075235109717868
e2_uci,power_plant,bbb,19,0.1,0.08045977011494253
e2_uci,power_plant,bbb,19,0.15000000000000002,0.11180773249738767
e2_uci,power_plant,bbb,19,0.2,0.18181818181818182
e2_uci,power_plant,bbb,19,0.25,0.23824451410658307
e2_uci,power_plant,bbb,19,0.3,0.2946708463949843
e2_uci,power_plant,bbb,19,0.35000000000000003,0.34169278996865204
e2_uci,power_plant,bbb,19,0.4,0.39707419017763845
e2_uci,power_plant,bbb,19,0.45,0.4618599791013584
e2_uci,power_plant,bbb,19,0.5,0.5120167189132706
e2_uci,power_plant,bbb,19,0.55,0.5600835945663531
e2_uci,power_plant,bbb,19,0.6000000000000001,0.619644723092999
e2_uci,power_plant,bbb,19,0.6500000000000001,0.6614420062695925
e2_uci,power_plant,bbb,19,0.7000000000000001,0.7168234064785789
e2_uci,power_plant,bbb,19,0.7500000000000001,0.7878787878787878
e2_uci,power_plant,bbb,19,0.8,0.8474399164054337
e2_uci,power_plant,bbb,19,0.8500000000000001,0.8892371995820272
e2_uci,power_plant,bbb,19,0.9000000000000001,0.9393939393939394
e2_uci,power_plant,bbb,19,0.9500000000000001,0.9749216300940439
