experiment_id,dataset,method,config_id,split_index,init_seed,n_train,n_test,split_type,rmse,mae,ll,nll,crps,picp95,mpiw95,interval_score95,ece_reg,qice,mean_var_aleatoric,mean_var_epistemic,epi_ratio,train_time_s,predict_time_ms_per_1k,n_parameters,torch_threads,timestamp,git_commit
e2_uci,kin8nm,gp,epochs=1000,0,0,7373,819,random,0.070872174179343,0.0544405133320471,1.224193553059817,-1.224193553059817,0.039247854925967,0.934065934065934,0.2679274065825313,0.3694168305433846,0.0100893258787995,,0.003342261088387,0.0013850652467035,0.2929912488635067,1868.1797605000904,417.2391941604888,3,not_applicable,2026-08-28T18:08:11.421593+00:00,1806733
e2_uci,yacht,gp,epochs=2000,0,0,277,31,random,0.5785596426665482,0.2829367706768369,-0.3373600420949462,0.3373600420949462,0.221483739481158,0.9032258064516128,0.9098953680580988,3.9280008922448055,0.0348047538200339,,0.0170960898122717,0.0569549764880048,0.7691310785053758,0.9744851998984814,22.612910176957804,3,not_applicable,2026-08-28T18:16:09.753836+00:00,1806733
e2_uci,yacht,gp,epochs=2000,1,1,277,31,random,0.3398037718143567,0.2324975551923156,0.0748380141721962,-0.0748380141721962,0.1572714210129496,1.0,1.0891876589766498,1.08918765897665,0.0641765704584041,,0.02593103466133,0.0721067561312904,0.7354996022280629,0.7266277000308037,25.35161442093311,3,not_applicable,2026-08-28T18:16:10.535951+00:00,1806733
e2_uci,yacht,gp,epochs=2000,2,2,277,31,random,0.3499298640915326,0.1845460557669775,0.0197929774236862,-0.0197929774236862,0.1516147691811503,0.935483870967742,1.1221748778273004,1.884400322802689,0.0679117147707979,,0.0272165155911235,0.0858321088380066,0.7592494758024633,0.6968562000001839,21.30000000526648,3,not_applicable,2026-08-29T19:59:49.430351+00:00,1806733
e2_uci,yacht,gp,epochs=2000,3,3,277,31,random,0.489213624209541,0.2917173401806344,-0.3980281850267347,0.3980281850267347,0.2201059090096363,0.8387096774193549,0.9411318395135178,2.924998987821265,0.031918505942275,,0.0166113446091052,0.0577783837752526,0.7766984102525879,0.449033199999576,23.061290331468392,3,not_applicable,2026-08-29T19:59:49.930213+00:00,1806733
e2_uci,yacht,gp,epochs=2000,4,4,277,31,random,0.4856896567121512,0.2901862984118295,-0.1273002978901356,0.1273002978901356,0.2043727786671136,0.967741935483871,1.165746835515545,2.26538907156723,0.0599320882852292,,0.0238882194214524,0.0942015233210075,0.7977113094949329,0.6514022000001205,21.22258064768938,3,not_applicable,2026-08-29T19:59:50.626827+00:00,1806733
e2_uci,yacht,gp,epochs=2000,5,5,277,31,random,0.3463260064692062,0.2581200347677425,-0.2299225036608449,0.2299225036608449,0.1833265724895179,0.935483870967742,1.1048730204922044,1.570522185125244,0.0517826825127334,,0.0232315867171969,0.0798080058012445,0.7745372807735134,0.5663260999999693,16.806451610811507,3,not_applicable,2026-08-29T19:59:51.237083+00:00,1806733
e2_uci,yacht,gp,epochs=2000,6,6,277,31,random,0.3076888524253047,0.214362159486307,-0.3905199938324645,0.3905199938324645,0.1617609012153424,0.8387096774193549,0.8590233402347957,2.471241693195098,0.0670628183361629,,0.020363659826531,0.0375192122370525,0.6481919590278485,0.603948599999967,20.029032267273344,3,not_applicable,2026-08-29T19:59:51.886966+00:00,1806733
e2_uci,yacht,gp,epochs=2000,7,7,277,31,random,0.3645575405324495,0.2446809570904492,-0.2649238716247601,0.2649238716247601,0.1774147623176995,0.8709677419354839,0.9963285366541518,2.117295904240676,0.0252971137521222,,0.0274937214768302,0.0493225249840157,0.642084549251647,0.558302200000071,23.23870968769282,3,not_applicable,2026-08-29T19:59:52.490238+00:00,1806733
e2_uci,yacht,gp,epochs=2000,8,8,277,31,random,0.296730739007834,0.2270546460915703,-0.1912752556519179,0.1912752556519179,0.1606542070314867,0.935483870967742,0.935012196955758,1.5971437234773649,0.0395585738539898,,0.0223805144837003,0.0473832455065179,0.6791956957761685,0.9242798000004768,20.600000014735176,3,not_applicable,2026-08-29T19:59:53.458448+00:00,1806733
e2_uci,yacht,gp,epochs=2000,9,9,277,31,random,0.2051851382090294,0.1661064788866133,0.1825583460176282,-0.1825583460176282,0.1154310409805596,0.967741935483871,1.0091052143278427,1.0153127397060002,0.0716468590831918,,0.0276788502379851,0.0508688073529501,0.6476171144131053,0.6428529000004346,16.57419353808021,3,not_applicable,2026-08-29T19:59:54.146368+00:00,1806733
e2_uci,yacht,gp,epochs=2000,10,10,277,31,random,0.6903482245595958,0.3428567882270109,-0.2970654795882325,0.2970654795882325,0.2517165137902779,0.935483870967742,1.0521207738185432,2.623254250064423,0.1161290322580644,,0.0178819591407937,0.115731996352561,0.8661669802771229,0.7326042000004236,21.22258064768938,3,not_applicable,2026-08-29T19:59:54.923239+00:00,1806733
e2_uci,yacht,gp,epochs=2000,11,11,277,31,random,0.7833104599969546,0.3103127121069726,-0.0577267644226442,0.0577267644226442,0.2293968412118827,0.935483870967742,1.0367905294715518,2.9073173642437338,0.1035653650254668,,0.0258469051217979,0.1001567873264193,0.7948718436769616,0.664835800000219,20.516129053806164,3,not_applicable,2026-08-29T19:59:55.631701+00:00,1806733
e2_uci,yacht,gp,epochs=2000,12,12,277,31,random,0.4252175345920761,0.2051588972724018,0.1098161867516687,-0.1098161867516687,0.1610477117628045,0.967741935483871,1.12917045656671,2.236517515955276,0.0534804753820033,,0.0226102488433664,0.1289070241333554,0.8507744470372025,0.5233755999997811,20.080645182104256,3,not_applicable,2026-08-29T19:59:56.201794+00:00,1806733
e2_uci,yacht,gp,epochs=2000,13,13,277,31,random,0.530305725583204,0.3060205846182487,-0.4080948413168119,0.4080948413168119,0.2297311339095932,0.8064516129032258,0.8188151618859354,3.09486106713187,0.066893039049236,,0.0151502183499538,0.0416493493426989,0.7332687735946697,0.8997288999999,22.77741937324472,3,not_applicable,2026-08-29T19:59:57.146982+00:00,1806733
e2_uci,yacht,gp,epochs=2000,14,14,277,31,random,0.3608089737946017,0.2574625714855818,-0.2477584607804586,0.2477584607804586,0.1827540839772184,0.8387096774193549,0.932193799288628,1.6144053118186814,0.0487266553480475,,0.0222752819648369,0.0483084767673955,0.6844134916455669,0.717029100000218,25.2838709721184,3,not_applicable,2026-08-29T19:59:57.910889+00:00,1806733
e2_uci,yacht,gp,epochs=2000,15,15,277,31,random,0.2277810075401668,0.1675646532788811,0.182805456020966,-0.182805456020966,0.1179562899777941,1.0,1.007857423571615,1.0078574235716151,0.06383701188455,,0.0270351361104148,0.0486676614418432,0.6428779782972707,0.5888734999998633,25.093548379851608,3,not_applicable,2026-08-29T19:59:58.545584+00:00,1806733
e2_uci,yacht,gp,epochs=2000,16,16,277,31,random,0.6213734002311223,0.3180677290457109,-0.2286540518712407,0.2286540518712407,0.2276473009672846,0.935483870967742,1.8996630254138496,2.516510197356873,0.0458404074702885,,0.0230221340013861,0.7167029182866841,0.9688774444907934,0.8740656999998464,17.387096792639742,3,not_applicable,2026-08-29T19:59:59.464762+00:00,1806733
e2_uci,yacht,gp,epochs=2000,17,17,277,31,random,0.4185730518820172,0.2159141851175509,0.0875726203038978,-0.0875726203038978,0.1578642517338959,0.935483870967742,0.9717008061888532,2.0638437334895388,0.0565365025466892,,0.0258227999748045,0.0496024836016341,0.6576373498332985,0.4974040000006425,16.887096770064563,3,not_applicable,2026-08-29T20:00:00.007237+00:00,1806733
e2_uci,yacht,gp,epochs=2000,18,18,277,31,random,0.4480297172656826,0.2482377946661124,-0.1723774998388016,0.1723774998388016,0.187460713733869,0.935483870967742,1.010530457864946,2.402207955915995,0.0497453310696095,,0.0228487096290337,0.0589698282660258,0.7207392087800509,0.4733427999999549,17.951612907411125,3,not_applicable,2026-08-29T20:00:00.527438+00:00,1806733
e2_uci,yacht,gp,epochs=2000,19,19,277,31,random,0.4438774350477768,0.2599133669237541,-0.2627074228764581,0.2627074228764581,0.1905528008140376,0.9032258064516128,1.1115640464618068,2.6372679770672134,0.0546689303904923,,0.0251421834490075,0.0767847060427634,0.7533312006834328,0.577491099999861,22.112903230487472,3,not_applicable,2026-08-29T20:00:01.149972+00:00,1806733
e2_uci,energy,gp,epochs=1000,0,0,691,77,random,0.3871103527644207,0.2812004007202262,-0.4806186768489688,0.4806186768489688,0.2127481419413451,0.948051948051948,1.7366456317091064,2.1925441980809808,0.0517429938482569,,0.15511571385759,0.0419530078745316,0.2128851677008336,12.25966139999946,22.822077916281195,3,not_applicable,2026-08-29T20:00:13.456242+00:00,1806733
e2_uci,energy,gp,epochs=1000,1,1,691,77,random,0.5650368787491239,0.3606522217673647,-0.917490422593032,0.917490422593032,0.2749021939297736,0.8961038961038961,1.6274717132205303,3.552637572711708,0.026930963773069,,0.1362159879675328,0.0371326850673638,0.2142080721892154,7.614915899999687,23.24415585131977,3,not_applicable,2026-08-29T20:00:21.117856+00:00,1806733
e2_uci,energy,gp,epochs=1000,2,2,691,77,random,0.4253652092084378,0.3026719661334728,-0.565725113255324,0.565725113255324,0.2283665756736501,0.935064935064935,1.7121411090978833,2.5076006976438125,0.0464798359535201,,0.1516301766838747,0.0405538614695269,0.2110157631153363,10.301373799999965,25.60779221194143,3,not_applicable,2026-08-29T20:00:31.466109+00:00,1806733
e2_uci,energy,gp,epochs=1000,3,3,691,77,random,0.4564317314722066,0.3386843981206456,-0.6369857123307782,0.6369857123307782,0.2487540029684934,0.922077922077922,1.7260656516412225,2.4808540352404367,0.0349282296650717,,0.1501283322683941,0.0452420678090349,0.231570738408196,6.2026576999996905,23.229870122748537,3,not_applicable,2026-08-29T20:00:37.717861+00:00,1806733
e2_uci,energy,gp,epochs=1000,4,4,691,77,random,0.5113723621984292,0.3702071534216619,-0.7950324568512386,0.7950324568512386,0.2803829697883495,0.8701298701298701,1.661653137384798,3.06386415163754,0.0371155160628844,,0.1415305329908683,0.0395207273361574,0.2182847402706433,6.257742099999632,22.371428571346627,3,not_applicable,2026-08-29T20:00:44.022210+00:00,1806733
e2_uci,energy,gp,epochs=1000,5,5,691,77,random,0.4363062365467637,0.3184595141932219,-0.5867770610360874,0.5867770610360874,0.2400174682642442,0.922077922077922,1.7018419807100968,2.2369857450506485,0.0399863294600136,,0.1520666493598148,0.0371678740039071,0.1964116977348153,8.869462500000736,23.50389610449844,3,not_applicable,2026-08-29T20:00:52.938007+00:00,1806733
e2_uci,energy,gp,epochs=1000,6,6,691,77,random,0.4595649031350752,0.3446498634384868,-0.6078517304077844,0.6078517304077844,0.2504369591612339,0.9090909090909092,1.7512984658468174,2.287742931640724,0.0246753246753246,,0.14984511963067,0.0526115392196932,0.2598656893699838,8.76951790000021,24.98701298889075,3,not_applicable,2026-08-29T20:01:01.754500+00:00,1806733
e2_uci,energy,gp,epochs=1000,7,7,691,77,random,0.4461833583678872,0.3375082063324254,-0.6024998543110854,0.6024998543110854,0.2461166664498029,0.961038961038961,1.7509873551848791,2.282626359853756,0.0455228981544771,,0.1500678082051225,0.0518686516054615,0.2568562985313015,7.029958999999508,24.19610388772396,3,not_applicable,2026-08-29T20:01:08.832692+00:00,1806733
e2_uci,energy,gp,epochs=1000,8,8,691,77,random,0.5642985361379012,0.340333201681432,-0.8684737697374783,0.8684737697374783,0.2661901651865173,0.9090909090909092,1.6894631225975674,3.640787023070489,0.0434723171565276,,0.141227765026371,0.0459932124395501,0.2456627086455739,9.063017800000123,25.90779220483526,3,not_applicable,2026-08-29T20:01:17.942631+00:00,1806733
e2_uci,energy,gp,epochs=1000,9,9,691,77,random,0.3636832090434849,0.2631760398725662,-0.4552028057514073,0.4552028057514073,0.2064771276523419,0.974025974025974,1.8096777178486128,1.9161491843035832,0.0676008202323991,,0.1583751097052545,0.0594930180231423,0.2730689368997959,8.00129029999971,24.110389610789504,3,not_applicable,2026-08-29T20:01:25.991785+00:00,1806733
e2_uci,energy,gp,epochs=1000,10,10,691,77,random,0.4026772755743359,0.3102232799170822,-0.5285800282687804,0.5285800282687804,0.2271962092980283,0.922077922077922,1.7206835166142052,1.9110895548697608,0.0355434039644565,,0.1513931308106513,0.0423463846462655,0.2185738131242637,12.619047099999989,22.718181824459023,3,not_applicable,2026-08-29T20:01:38.658927+00:00,1806733
e2_uci,energy,gp,epochs=1000,11,11,691,77,random,0.4126823167372286,0.3063429981762116,-0.5361477028378137,0.5361477028378137,0.2275812748794611,0.961038961038961,1.7277179254428163,2.0799346111301635,0.0382091592617908,,0.1532916535193374,0.0420853115493385,0.2154056980798393,7.670814799999789,23.1545454644456,3,not_applicable,2026-08-29T20:01:46.375838+00:00,1806733
e2_uci,energy,gp,epochs=1000,12,12,691,77,random,0.5725791081544466,0.3712840168034614,-0.957028190629322,0.957028190629322,0.2810829261306143,0.8961038961038961,1.6508245342330767,3.6722899241364,0.0844155844155843,,0.1398659549709295,0.0384793184601211,0.2157574334314919,4.984895100000358,25.91688311227912,3,not_applicable,2026-08-29T20:01:51.407846+00:00,1806733
e2_uci,energy,gp,epochs=1000,13,13,691,77,random,0.4389975400085678,0.330391353754759,-0.5741274537143837,0.5741274537143837,0.242391265257765,0.935064935064935,1.7399727123680984,2.1074085914994285,0.0317156527682843,,0.1495585106427117,0.0501624264781763,0.2511625831587889,8.240452400000322,23.023376614856986,3,not_applicable,2026-08-29T20:01:59.695114+00:00,1806733
e2_uci,energy,gp,epochs=1000,14,14,691,77,random,0.4089551462466332,0.3080220815348946,-0.529386711084225,0.529386711084225,0.224879514428971,0.948051948051948,1.7694402509269724,2.210740202112856,0.0481203007518796,,0.1555743009827224,0.0499132475581471,0.2429015670904259,7.026074499999595,22.667532466112352,3,not_applicable,2026-08-29T20:02:06.767854+00:00,1806733
e2_uci,energy,gp,epochs=1000,15,15,691,77,random,0.4152005368534555,0.3172451562125689,-0.5518392234580428,0.5518392234580428,0.2323865104719229,0.922077922077922,1.7362047476088038,2.0960074982147505,0.0464114832535884,,0.1537965710454561,0.0436578660919211,0.2211034946839231,6.136924999999792,22.91558442490671,3,not_applicable,2026-08-29T20:02:12.951829+00:00,1806733
e2_uci,energy,gp,epochs=1000,16,16,691,77,random,0.5779938512399428,0.3863270695189295,-0.976423659112496,0.976423659112496,0.2917803261234128,0.8831168831168831,1.6410963350234369,3.6127594081216254,0.0502392344497608,,0.136959458795592,0.0393578138029433,0.2232215438844659,6.426506300000256,22.962337673313662,3,not_applicable,2026-08-29T20:02:19.424799+00:00,1806733
e2_uci,energy,gp,epochs=1000,17,17,691,77,random,0.4406105064048535,0.3091764400275678,-0.5984252680643355,0.5984252680643355,0.2326783897827337,0.922077922077922,1.7071667663120884,2.7292642788975496,0.0628844839371155,,0.1486476583830803,0.0428508904445896,0.2237661366465562,4.266146599999956,22.52597402151547,3,not_applicable,2026-08-29T20:02:23.737577+00:00,1806733
e2_uci,energy,gp,epochs=1000,18,18,691,77,random,0.5040043520903112,0.3641449523568359,-0.6924607442745687,0.6924607442745687,0.2641977255566717,0.922077922077922,1.7052472408652195,2.843558180885525,0.0604921394395078,,0.1468451192058968,0.0441240231909085,0.2310531567410268,7.993293800000174,23.110389614790712,3,not_applicable,2026-08-29T20:02:31.777915+00:00,1806733
e2_uci,energy,gp,epochs=1000,19,19,691,77,random,0.5341105036014466,0.4000246094701887,-0.8484835049702945,0.8484835049702945,0.2947540910942572,0.9090909090909092,1.670465084876648,2.888794883828348,0.0341079972658919,,0.1408513646086818,0.0422703648652968,0.2308320535565029,7.78469640000003,21.83636363704202,3,not_applicable,2026-08-29T20:02:39.610503+00:00,1806733
e2_uci,concrete,gp,epochs=1000,0,0,927,103,random,5.260917253268247,4.046480021914207,-3.049757533616013,3.049757533616013,2.876685789993592,0.970873786407767,20.183949071426408,24.89276117958902,0.0195196729688298,,19.334173094098663,8.292428818017523,0.3001610130843024,9.660443099999611,28.37669903209582,3,not_applicable,2026-08-29T20:02:49.320964+00:00,1806733
e2_uci,concrete,gp,epochs=1000,1,1,927,103,random,5.335436777608537,3.8992213912943225,-3.0570620671734745,3.0570620671734745,2.880158127591414,0.941747572815534,19.993120253073407,27.34809598513312,0.0733265201839549,,19.218155087876617,7.28193192826198,0.2747889817805983,10.769500399999744,28.91844659758329,3,not_applicable,2026-08-29T20:03:00.144164+00:00,1806733
e2_uci,concrete,gp,epochs=1000,2,2,927,103,random,5.061002231506574,3.8451718188969695,-3.039620614558628,3.039620614558628,2.789373930642666,0.9320388349514565,19.677163926317164,26.977175779430453,0.0258559018906489,,19.93657703318053,5.605804418579186,0.2194707031983887,11.984478999999736,27.534951451582067,3,not_applicable,2026-08-29T20:03:12.178317+00:00,1806733
e2_uci,concrete,gp,epochs=1000,3,3,927,103,random,5.604536107337318,4.018909547944864,-3.16325013613904,3.16325013613904,3.004370708009989,0.9029126213592232,19.55742800796792,33.27294812123738,0.0296371997956054,,17.92023162804228,7.542753651908066,0.2962242474313197,9.214441799999804,26.28349513931593,3,not_applicable,2026-08-29T20:03:21.441439+00:00,1806733
e2_uci,concrete,gp,epochs=1000,4,4,927,103,random,6.528325308502596,4.602571243260093,-3.2182666723698232,3.2182666723698232,3.35366453546728,0.9029126213592232,19.941378754496533,36.5338067401224,0.0161982626469085,,18.068487180391607,9.316737428433868,0.340210371158736,10.969055599999592,25.89514562573332,3,not_applicable,2026-08-29T20:03:32.458901+00:00,1806733
e2_uci,concrete,gp,epochs=1000,5,5,927,103,random,5.268346661240762,4.084442261326847,-3.097235348652873,3.097235348652873,2.948502632876994,0.9223300970873788,19.691097384524788,28.647243224954487,0.0134900357690342,,19.02438974426954,7.88856336798331,0.2931140010938385,10.734723399999892,28.604854369669976,3,not_applicable,2026-08-29T20:03:43.242367+00:00,1806733
e2_uci,concrete,gp,epochs=1000,6,6,927,103,random,6.099759344124577,4.222625579615802,-3.081430137795084,3.081430137795084,3.079663624963932,0.9320388349514565,20.06638306873066,30.16213824824844,0.0369954011241696,,19.50121887841934,7.735520160662881,0.284010510566743,6.861333300000297,26.69514563342656,3,not_applicable,2026-08-29T20:03:50.151487+00:00,1806733
e2_uci,concrete,gp,epochs=1000,7,7,927,103,random,5.672921875105095,4.146884182874552,-3.193900865643041,3.193900865643041,3.044269070378586,0.912621359223301,19.3017587978166,33.43501512995087,0.0215636177823198,,17.90221753631721,7.095628278299268,0.2838495897174624,7.571957099999963,26.464077669975136,3,not_applicable,2026-08-29T20:03:57.772633+00:00,1806733
e2_uci,concrete,gp,epochs=1000,8,8,927,103,random,4.854501031786721,3.801637367137916,-2.9612684486537053,2.9612684486537053,2.653724654847062,0.9805825242718448,19.91768421822759,22.74356967243187,0.0221768012263668,,19.614936352641248,6.894610999897082,0.260080298928111,9.415879700000003,26.869902912331227,3,not_applicable,2026-08-29T20:04:07.238459+00:00,1806733
e2_uci,concrete,gp,epochs=1000,9,9,927,103,random,5.124228387823196,3.933420906686553,-3.031121002794771,3.031121002794771,2.8312105760396684,0.9514563106796116,19.78238401852545,24.596015157392543,0.0539090444557996,,19.620466851611408,6.1948001858839685,0.2399665351858003,11.34077889999935,26.331067963890977,3,not_applicable,2026-08-29T20:04:18.628108+00:00,1806733
e2_uci,concrete,gp,epochs=1000,10,10,927,103,random,4.812051551839358,3.6110878542329776,-2.973466630755076,2.973466630755076,2.64298323192226,0.941747572815534,19.31117946132121,25.0085836212346,0.0535513541134389,,19.32381975998036,5.212027117050199,0.2124249936499841,12.276607599999808,27.560194176808224,3,not_applicable,2026-08-29T20:04:30.953539+00:00,1806733
e2_uci,concrete,gp,epochs=1000,11,11,927,103,random,5.211387267455345,3.3258977555525484,-2.9073421009976737,2.9073421009976737,2.514301314945601,0.9611650485436892,20.26170884676857,27.60313193152814,0.0516096065406233,,20.51061236453637,6.839045675403406,0.250059641163194,12.85995550000007,25.67961165518726,3,not_applicable,2026-08-29T20:04:43.861325+00:00,1806733
e2_uci,concrete,gp,epochs=1000,12,12,927,103,random,5.19096374158247,3.668097201388609,-3.010900905264973,3.010900905264973,2.724969866493608,0.9320388349514565,20.16714762285658,27.76946920572865,0.0383239652529381,,20.01937374896169,7.065260955642035,0.2608586393244252,9.050584300000082,26.35339806323986,3,not_applicable,2026-08-29T20:04:52.960026+00:00,1806733
e2_uci,concrete,gp,epochs=1000,13,13,927,103,random,4.849796404178474,3.54954679540426,-3.000451132667052,3.000451132667052,2.631507032753846,0.9223300970873788,19.91750412968442,27.853494269186776,0.0526315789473684,,19.653832353060047,6.785855061055719,0.2566541334158456,13.137754700000189,25.8427184394129,3,not_applicable,2026-08-29T20:05:06.146017+00:00,1806733
e2_uci,concrete,gp,epochs=1000,14,14,927,103,random,6.247970183535359,4.5003751912597325,-3.126574861668172,3.126574861668172,3.219672782427197,0.912621359223301,19.84377839275676,31.652197050263727,0.0197240674501788,,18.9781494794864,7.513499403786635,0.2836176576585498,10.070903399999224,28.487378638831093,3,not_applicable,2026-08-29T20:05:16.267093+00:00,1806733
e2_uci,concrete,gp,epochs=1000,15,15,927,103,random,5.005840990503382,3.6496874665665353,-3.033979033257008,3.033979033257008,2.649733170692589,0.9514563106796116,19.384639885176032,28.726302153654505,0.0631067961165048,,19.17418442230559,5.529975973880697,0.2238479626587264,13.897516899999571,28.404854365539155,3,not_applicable,2026-08-29T20:05:30.213248+00:00,1806733
e2_uci,concrete,gp,epochs=1000,16,16,927,103,random,5.507213587132409,4.264018156293413,-3.144872399739089,3.144872399739089,3.1039412053336606,0.912621359223301,19.793940969918346,28.26718514331461,0.0208993357179356,,18.74485230163031,7.325176133941924,0.2809807496775421,8.333442899999682,37.1019417515818,3,not_applicable,2026-08-29T20:05:38.597858+00:00,1806733
e2_uci,concrete,gp,epochs=1000,17,17,927,103,random,5.540128826852133,3.908333219619435,-3.058121456645849,3.058121456645849,2.8591973801028594,0.970873786407767,19.896033558965115,30.237456370129763,0.05074092999489,,19.04658878660267,7.217090356436476,0.2747935777440105,9.471079400000235,26.94174757212326,3,not_applicable,2026-08-29T20:05:48.120946+00:00,1806733
e2_uci,concrete,gp,epochs=1000,18,18,927,103,random,5.65891004217453,4.068710549056469,-3.202023930781606,3.202023930781606,3.042014783709024,0.9223300970873788,19.70269926413951,32.646211718069345,0.0370464997445069,,17.930069758101627,8.267771405885622,0.3155897981872979,7.022062899999582,26.35339806323986,3,not_applicable,2026-08-29T20:05:55.191861+00:00,1806733
e2_uci,concrete,gp,epochs=1000,19,19,927,103,random,5.284709570138032,3.930832371289888,-2.955366696304101,2.955366696304101,2.763139108224131,0.970873786407767,21.11171928472909,21.42090808272795,0.0504854368932038,,20.470980688850982,9.54315333797428,0.3179553116356794,10.33567690000018,25.958252425553635,3,not_applicable,2026-08-29T20:06:05.576885+00:00,1806733
e2_uci,wine_quality_red,gp,epochs=20,0,0,1439,160,random,0.6415878924176591,0.4054991951374301,0.8134505859924166,-0.8134505859924166,0.2832933736815459,0.95625,1.9351482960124884,2.637719497589662,0.0832236842105263,,6.424815317949639e-06,0.3765565452285028,0.9999829382710752,34.33971250000013,50.227500003074965,3,not_applicable,2026-08-29T20:06:39.970967+00:00,1806733
e2_uci,wine_quality_red,gp,epochs=20,1,1,1439,160,random,0.6163107216015363,0.4130626138397261,0.4447643355259226,-0.4447643355259226,0.2911126301030345,0.96875,2.111438915126719,2.6250538061343005,0.0726973684210526,,6.554480299373983e-06,0.4082438215654663,0.9999839449497564,37.20942860000014,50.16624999711894,3,not_applicable,2026-08-29T20:07:17.236179+00:00,1806733
e2_uci,wine_quality_red,gp,epochs=20,2,2,1439,160,random,0.8203353242183976,0.5196594806657323,0.2238024152923275,-0.2238024152923275,0.3859363775601541,0.88125,1.9712485347963464,4.244151008599699,0.0631578947368421,,6.254333635482519e-06,0.363580290475051,0.9999827982258288,35.73779140000079,48.37312500285407,3,not_applicable,2026-08-29T20:07:53.027873+00:00,1806733
e2_uci,wine_quality_red,gp,epochs=20,3,3,1439,160,random,0.5860963527088414,0.4119811332235508,0.2882423903252336,-0.2882423903252336,0.2878586390009209,0.95,2.1595762854512506,2.847581796195458,0.0651315789473683,,6.536785979376264e-06,0.4170407383669849,0.999984326031199,33.605571000000054,47.896249998302665,3,not_applicable,2026-08-29T20:08:26.687666+00:00,1806733
e2_uci,wine_quality_red,gp,epochs=20,4,4,1439,160,random,0.5381177638256248,0.3532666050359713,0.7528240944729669,-0.7528240944729669,0.246455080606062,0.9875,2.033350245008488,2.396669875786916,0.094078947368421,,6.616362127007933e-06,0.3994971902865541,0.99998343855048,31.20564370000011,51.43312500308639,3,not_applicable,2026-08-29T20:08:57.948464+00:00,1806733
e2_uci,wine_quality_red,gp,epochs=20,5,5,1439,160,random,0.589068935430337,0.3724523572993121,0.667424529421429,-0.667424529421429,0.268044781422595,0.9625,1.9679135286306213,2.55979766571832,0.0904605263157894,,6.527127507761787e-06,0.3758007453084152,0.9999826317158114,35.26252140000088,50.31000000030872,3,not_applicable,2026-08-29T20:09:33.266982+00:00,1806733
e2_uci,wine_quality_red,gp,epochs=20,6,6,1439,160,random,0.6673352707003862,0.45348277468844,0.3604746707971512,-0.3604746707971512,0.3177182516230807,0.95625,2.0734718500060176,2.7801448702222062,0.0621710526315789,,6.39145495699324e-06,0.3994672396150568,0.999984000308256,27.416240300000027,50.15312499949687,3,not_applicable,2026-08-29T20:10:00.738133+00:00,1806733
e2_uci,wine_quality_red,gp,epochs=20,7,7,1439,160,random,0.7312345418942398,0.5040619608919338,-0.1746051102040757,0.1746051102040757,0.3662934936165452,0.90625,2.261088741498206,3.946496487694315,0.0450657894736841,,6.39145495699324e-06,0.4269555778638616,0.9999850303881462,21.63539839999976,49.35687499596497,3,not_applicable,2026-08-29T20:10:22.439745+00:00,1806733
e2_uci,wine_quality_red,gp,epochs=20,8,8,1439,160,random,0.6429331173079458,0.4051898635501763,0.7058735222910445,-0.7058735222910445,0.2870726574422069,0.9625,1.949484996768456,2.8465931055692577,0.0865131578947368,,6.543488958676709e-06,0.376388328161083,0.9999826153610172,33.9087399,46.78937499988933,3,not_applicable,2026-08-29T20:10:56.402401+00:00,1806733
e2_uci,wine_quality_red,gp,epochs=20,9,9,1439,160,random,0.7097161764733555,0.4610412047547459,0.3377351114322638,-0.3377351114322638,0.3318840985395963,0.9,2.103587327852076,3.3323377849596567,0.0674342105263157,,6.392140708477866e-06,0.4054148519862743,0.9999842333355712,36.55587300000025,52.770000002055895,3,not_applicable,2026-08-29T20:11:33.013174+00:00,1806733
e2_uci,wine_quality_red,gp,epochs=20,10,10,1439,160,random,0.6859414840665292,0.4641103245758657,0.5005366360065219,-0.5005366360065219,0.319838491415355,0.9625,2.077114301639729,2.824813753895396,0.0601973684210526,,6.4514823580772085e-06,0.4061110698410162,0.9999841142476762,34.415767499999674,50.39499999952568,3,not_applicable,2026-08-29T20:12:07.485048+00:00,1806733
e2_uci,wine_quality_red,gp,epochs=20,11,11,1439,160,random,0.6701890646027544,0.4069333834385323,0.8758877877720629,-0.8758877877720629,0.2953672626205266,0.95,1.8429676140111293,2.800955632282405,0.0861842105263157,,6.600676769106027e-06,0.352062878401382,0.9999812517779548,40.43842660000064,49.16749999779313,3,not_applicable,2026-08-29T20:12:47.980050+00:00,1806733
e2_uci,wine_quality_red,gp,epochs=20,12,12,1439,160,random,0.6833097746191176,0.4636166178488558,0.181348886479702,-0.181348886479702,0.3294704273990527,0.94375,2.247951112906009,3.0342883520589106,0.0624999999999999,,6.514783981038488e-06,0.4371900293205561,0.999985098729464,37.92412189999959,55.74499999738691,3,not_applicable,2026-08-29T20:13:25.960379+00:00,1806733
e2_uci,wine_quality_red,gp,epochs=20,13,13,1439,160,random,0.555558304048218,0.3774398667976394,0.3826683969803309,-0.3826683969803309,0.2714685980476531,0.95,2.092850708730839,2.6464848876680627,0.081578947368421,,6.655527229404637e-06,0.403109568542907,0.9999834898055896,28.74558859999979,48.74062500448417,3,not_applicable,2026-08-29T20:13:54.759665+00:00,1806733
e2_uci,wine_quality_red,gp,epochs=20,14,14,1439,160,random,0.6468552254041191,0.4428250525184197,0.2681910420329169,-0.2681910420329169,0.3102232466626433,0.9625,2.1871637756520306,2.87799380432714,0.0615131578947368,,6.439496194803645e-06,0.4220420759818717,0.999984742284456,32.27796479999961,48.48437499731517,3,not_applicable,2026-08-29T20:14:27.092025+00:00,1806733
e2_uci,wine_quality_red,gp,epochs=20,15,15,1439,160,random,0.5602060877970316,0.3906253603287134,0.3793026305269564,-0.3793026305269564,0.2741040791698726,0.9875,2.212842808453602,2.3892966256527344,0.0773026315789473,,6.621229996701631e-06,0.4296973624742485,0.999984591183122,44.18253470000036,50.2449999999044,3,not_applicable,2026-08-29T20:15:11.329378+00:00,1806733
e2_uci,wine_quality_red,gp,epochs=20,16,16,1439,160,random,0.6764164754078634,0.4472878416306072,0.4531710720669478,-0.4531710720669478,0.31476351347205,0.95625,2.014299142309028,2.853519120098954,0.0598684210526315,,6.450767631177735e-06,0.3790256335713283,0.9999829809456832,28.43414979999943,47.773749997759296,3,not_applicable,2026-08-29T20:15:39.818169+00:00,1806733
e2_uci,wine_quality_red,gp,epochs=20,17,17,1439,160,random,0.6703789132807935,0.4530518300526614,0.3205926462943446,-0.3205926462943446,0.3203571339377969,0.9375,1.9858959324212289,3.18642506742691,0.0542763157894736,,6.46281174528099e-06,0.3702251393842378,0.9999825438679276,27.269965600000432,64.13312499944368,3,not_applicable,2026-08-29T20:16:07.147307+00:00,1806733
e2_uci,wine_quality_red,gp,epochs=20,18,18,1439,160,random,0.6540529657042575,0.4371558021172037,0.2109268727842233,-0.2109268727842233,0.3129815075691288,0.95,2.135357012937258,3.086402584928473,0.0700657894736841,,6.510292791737756e-06,0.4091159190882079,0.9999840871770302,30.68248109999968,50.4037499979404,3,not_applicable,2026-08-29T20:16:37.887419+00:00,1806733
e2_uci,wine_quality_red,gp,epochs=20,19,19,1439,160,random,0.6920456997174886,0.4604000531669977,0.4923298034850261,-0.4923298034850261,0.3256008930538227,0.94375,2.0185161399096243,2.645287889423413,0.0634868421052631,,6.479279439383671e-06,0.3860127775909198,0.9999832151393382,34.47866470000008,49.80937500249638,3,not_applicable,2026-08-29T20:17:12.421447+00:00,1806733
e2_uci,yacht,mcd,epochs=2000,0,0,277,31,random,1.3889381212903749,0.6883971072673077,-2.316863078406825,2.316863078406825,1.072273141909755,1.0,14.456731883794587,14.456731883794587,0.1901528013582342,,7.946488643835237,5.790537739774823,0.4215277439288927,13.58530580002116,912.4580650560316,402,1,2026-08-31T10:08:22.398742+00:00,1806733
e2_uci,yacht,mcd,epochs=2000,1,1,277,31,random,1.6754166917095905,1.1702960797162891,-2.363802775591316,2.363802775591316,1.17461067041391,1.0,14.686002078985345,14.686002078985345,0.1733446519524617,,8.241269109541355,5.903257319102937,0.4173527723874983,13.321326200006297,1042.4709677951591,402,1,2026-08-31T10:08:22.165729+00:00,1806733
e2_uci,yacht,mcd,epochs=2000,2,2,277,31,random,1.3646466780082764,1.096091148703456,-2.3025795685778863,2.3025795685778863,1.0701193123360098,1.0,14.38107073815156,14.381070738151555,0.1940577249575551,,7.913857258586742,5.64435457790857,0.4163052359689041,13.802710899995873,620.0999994161388,402,1,2026-08-31T10:08:22.726892+00:00,1806733
e2_uci,yacht,mcd,epochs=2000,3,3,277,31,random,2.3666037511668123,1.3849156079632523,-2.46513708930334,2.46513708930334,1.3921062436240863,0.935483870967742,14.32086694773698,15.915338423877888,0.1511035653650254,,8.596601242784194,4.890849502562059,0.3626222326891247,13.575943100004224,1003.3516126925186,402,1,2026-08-31T10:08:22.525701+00:00,1806733
e2_uci,yacht,mcd,epochs=2000,4,4,277,31,random,2.29395407764269,1.2526178495896272,-2.481578605377864,2.481578605377864,1.3637398948375046,0.935483870967742,14.359678914197891,17.494436358461964,0.1494057724957554,,7.837178846803479,5.695554656905446,0.4208724464532212,13.501620499999262,827.3225807164225,402,1,2026-08-31T10:08:22.483852+00:00,1806733
e2_uci,yacht,mcd,epochs=2000,5,5,277,31,random,0.8521375792260927,0.5903336489477302,-2.2443258960979664,2.2443258960979664,0.937443122013202,1.0,14.282899792421524,14.282899792421524,0.1952461799660441,,7.946046315737135,5.418068559784849,0.40541918490305,13.297915000002831,997.7870964400108,402,1,2026-08-31T10:08:22.295200+00:00,1806733
e2_uci,yacht,mcd,epochs=2000,6,6,277,31,random,0.5689674210483798,0.4168022275547196,-2.2601658916616425,2.2601658916616425,0.9206969122498924,1.0,14.830942708960542,14.830942708960542,0.2173174872665534,,8.184683239008736,6.2119462249055415,0.4314861503156715,13.349006900010863,1042.1612908342672,402,1,2026-08-31T10:08:22.350351+00:00,1806733
e2_uci,yacht,mcd,epochs=2000,7,7,277,31,random,2.617223228079371,1.2144954323817092,-2.5347905529784067,2.5347905529784067,1.365987470406551,0.967741935483871,14.216240611266858,22.387681770913584,0.1528013582342954,,7.819624356568237,5.432751963347378,0.4099454944682683,13.519855599995935,876.5774189434466,402,1,2026-08-31T10:08:22.530451+00:00,1806733
e2_uci,yacht,mcd,epochs=2000,8,8,277,31,random,1.3978871129206596,1.194906797220506,-2.259590460635881,2.259590460635881,1.0461343651988713,1.0,13.791968539679033,13.79196853967903,0.2025466893039048,,7.621713205978572,4.897331950982096,0.3911905332699554,13.954777400009334,1005.4709677088764,402,1,2026-08-31T10:08:36.216588+00:00,1806733
e2_uci,yacht,mcd,epochs=2000,9,9,277,31,random,0.97628712734473,0.6921244957342718,-2.266346120339864,2.266346120339864,0.9750263104068384,1.0,14.4771194872826,14.4771194872826,0.1884550084889643,,8.164979725839263,5.593372309660015,0.4065437703024319,13.772132500016596,881.9064514095625,402,1,2026-08-31T10:08:36.162087+00:00,1806733
e2_uci,yacht,mcd,epochs=2000,10,10,277,31,random,2.1871627549803496,1.712442107195462,-2.3980885348495296,2.3980885348495296,1.3247312444423218,0.967741935483871,13.830886144298,14.585788863340122,0.1718166383701188,,8.058397312319382,4.55894506921436,0.3613237186847412,13.64702390000457,814.038709992723,402,1,2026-08-31T10:08:36.086656+00:00,1806733
e2_uci,yacht,mcd,epochs=2000,11,11,277,31,random,1.6917719297578069,1.0829826616531255,-2.3604504030092057,2.3604504030092057,1.137320131863779,0.967741935483871,14.274361134607233,16.670973297314458,0.197113752122241,,7.828821716548711,5.561323833770762,0.4153296028688855,13.748633699986383,984.2774194229636,402,1,2026-08-31T10:08:36.240346+00:00,1806733
e2_uci,yacht,mcd,epochs=2000,12,12,277,31,random,1.8533267275564251,1.1910038826115137,-2.376903045632885,2.376903045632885,1.2115907350153396,1.0,14.380534328997816,14.380534328997816,0.1663837011884549,,8.279173242743038,5.316805944983673,0.3910572288741977,13.922094399982598,987.674194132729,402,1,2026-08-31T10:08:36.500835+00:00,1806733
e2_uci,yacht,mcd,epochs=2000,13,13,277,31,random,1.4163609779856896,0.89786182088893,-2.298969446037264,2.298969446037264,1.071205636061672,1.0,14.178630200551323,14.178630200551323,0.1748726655348046,,8.110903243105586,5.123146963238552,0.3871185981131171,13.90298859999166,762.9322579070446,402,1,2026-08-31T10:08:36.520090+00:00,1806733
e2_uci,yacht,mcd,epochs=2000,14,14,277,31,random,1.9689923340714304,1.0383778632429783,-2.370175281085612,2.370175281085612,1.1769717103209512,0.967741935483871,14.046108259861208,17.82462718421382,0.1614601018675721,,8.075249519501849,4.89683937007794,0.377490426696927,13.739147999993293,939.438709117953,402,1,2026-08-31T10:08:36.361163+00:00,1806733
e2_uci,yacht,mcd,epochs=2000,15,15,277,31,random,1.433375882990595,0.8868419612278541,-2.3122463131720017,2.3122463131720017,1.0894523334734585,1.0,14.101013836179709,14.101013836179709,0.166383701188455,,7.642848584955916,5.461612267133942,0.4167750454428609,13.768735300021945,661.8838702824207,402,1,2026-08-31T10:08:36.581567+00:00,1806733
e2_uci,yacht,mcd,epochs=2000,16,16,277,31,random,1.6348189955457573,0.9337141921822332,-2.353671089605652,2.353671089605652,1.1378890946475386,0.967741935483871,14.398288126208778,15.606898692734502,0.1731748726655347,,8.140419209060974,5.479496766836879,0.402315019896858,13.95059819999733,1060.3935478420387,402,1,2026-08-31T10:08:50.151711+00:00,1806733
e2_uci,yacht,mcd,epochs=2000,17,17,277,31,random,1.6758456991281678,0.8982087096594791,-2.35480506048684,2.35480506048684,1.1425769204234586,0.967741935483871,14.23840162371626,14.496151290574456,0.1730050933786077,,7.646640670177155,5.641972494148129,0.4245719567858753,13.782062500016764,773.390322255211,402,1,2026-08-31T10:08:50.045401+00:00,1806733
e2_uci,yacht,mcd,epochs=2000,18,18,277,31,random,1.7052270720929126,1.053408589534695,-2.336867973537092,2.336867973537092,1.1526814076008225,0.967741935483871,14.016912290625651,14.21664358680349,0.1612903225806451,,7.751891507694143,5.226486510274819,0.4027072183472072,13.85912670000107,959.058065012458,402,1,2026-08-31T10:08:50.166275+00:00,1806733
e2_uci,yacht,mcd,epochs=2000,19,19,277,31,random,2.866949414818916,1.5942049361840416,-2.593662662335176,2.593662662335176,1.4716717269966246,0.967741935483871,13.391441588820532,22.38123704603448,0.1256366723259762,,7.091064459646542,4.731860014190301,0.4002275430805225,13.85116749998997,832.6903231547124,402,1,2026-08-31T10:08:50.192449+00:00,1806733
e2_uci,energy,mcd,epochs=1000,0,0,691,77,random,1.0766257910138994,0.8148532736658091,-1.7731628168753737,1.7731628168753737,0.6888641244030105,1.0,7.988570895988511,7.988570895988513,0.112781954887218,,2.749836064985803,1.4089435549785057,0.3387877415323579,14.20779039998888,506.1246754069414,502,1,2026-08-31T10:08:50.654202+00:00,1806733
e2_uci,energy,mcd,epochs=1000,1,1,691,77,random,1.2461044113103792,0.988639517880484,-1.7832041287973592,1.7832041287973592,0.7385322977584211,0.987012987012987,7.516376050451547,7.696241686877409,0.1238550922761448,,2.41255100570001,1.2708462462915824,0.3450201429141109,14.228077099978693,339.78181823108395,502,1,2026-08-31T10:08:50.799717+00:00,1806733
e2_uci,energy,mcd,epochs=1000,2,2,691,77,random,0.9769974077590544,0.7461914930060649,-1.7073002272520117,1.7073002272520117,0.6358832405903747,1.0,7.564069272830994,7.564069272830994,0.1347231715652768,,2.4645444395088805,1.265613749494301,0.3392922458960148,14.245343600021442,490.76363665063855,502,1,2026-08-31T10:08:50.864962+00:00,1806733
e2_uci,energy,mcd,epochs=1000,3,3,691,77,random,1.181911305606372,0.9157081656568266,-1.7524229741629764,1.7524229741629764,0.711798317211712,1.0,7.386607616660104,7.386607616660104,0.0852358168147641,,2.377598789445763,1.1790984675923406,0.3315149933717591,14.273321500018938,480.9467532436133,502,1,2026-08-31T10:08:50.952971+00:00,1806733
e2_uci,energy,mcd,epochs=1000,4,4,691,77,random,1.1828392593820345,0.9353719248322818,-1.7843154052316097,1.7843154052316097,0.7210777756907727,1.0,7.783867641869395,7.783867641869395,0.1334244702665755,,2.485510663484661,1.4669550368876831,0.3711493402079335,14.130025199992817,420.59999972267394,502,1,2026-08-31T10:09:04.265165+00:00,1806733
e2_uci,energy,mcd,epochs=1000,5,5,691,77,random,1.0236567677676272,0.7942778568710697,-1.7304814751815578,1.7304814751815578,0.6587682929458102,1.0,7.656740503334975,7.656740503334975,0.1066302118933697,,2.437657378198138,1.3860393437313177,0.3624867358810602,14.233517100015888,538.2285714179714,502,1,2026-08-31T10:09:04.489560+00:00,1806733
e2_uci,energy,mcd,epochs=1000,6,6,691,77,random,1.0481651729729542,0.7282022192627855,-1.7422446618583427,1.7422446618583427,0.6633363740543844,1.0,7.801191151991622,7.801191151991621,0.1223513328776486,,2.544673954109714,1.4239368259956733,0.3587998180960091,14.180112100002589,441.7974023335892,502,1,2026-08-31T10:09:04.439508+00:00,1806733
e2_uci,energy,mcd,epochs=1000,7,7,691,77,random,1.162244465873737,0.8687306628115523,-1.7744549451237257,1.7744549451237257,0.7103890726918152,1.0,7.715376940624399,7.715376940624399,0.1057416267942583,,2.542499576494379,1.337435661596368,0.344705666338518,14.39652350000688,377.9948051783026,502,1,2026-08-31T10:09:04.683343+00:00,1806733
e2_uci,energy,mcd,epochs=1000,8,8,691,77,random,1.5443860465721246,1.2057193128231265,-1.930233820719264,1.930233820719264,0.8835192785111111,0.961038961038961,8.109519248204254,8.528258274289042,0.0583732057416267,,2.745091652545726,1.5445326761829912,0.3600624571804246,14.26669230000698,552.8558440228271,502,1,2026-08-31T10:09:05.019731+00:00,1806733
e2_uci,energy,mcd,epochs=1000,9,9,691,77,random,1.1046570618174592,0.8344495600412642,-1.7311506644420285,1.7311506644420285,0.6816101790636301,1.0,7.41193591222853,7.41193591222853,0.112576896787423,,2.272274242024905,1.3111328094752268,0.3658900009493321,14.313590299978388,429.41558436345457,502,1,2026-08-31T10:09:05.206434+00:00,1806733
e2_uci,energy,mcd,epochs=1000,10,10,691,77,random,1.2398735967471777,0.8542340329992745,-1.804777323736756,1.804777323736756,0.733712139684471,0.987012987012987,7.916849627362565,8.015371686919691,0.1262474367737525,,2.665519260623455,1.4184866354776282,0.34732727414322,14.299372300010871,475.0480520079372,502,1,2026-08-31T10:09:05.259613+00:00,1806733
e2_uci,energy,mcd,epochs=1000,11,11,691,77,random,1.0630455889247732,0.7425346325936889,-1.7050956805385302,1.7050956805385302,0.6498445920798122,0.987012987012987,7.280033183640695,7.283388866288003,0.1175666438824333,,2.225373229232809,1.2311483881059926,0.3561813072223346,14.216610600007698,554.8168831752831,502,1,2026-08-31T10:09:05.270220+00:00,1806733
e2_uci,energy,mcd,epochs=1000,12,12,691,77,random,1.167213145895055,0.8566541258897995,-1.7554199842213554,1.7554199842213554,0.6990071541029709,0.987012987012987,7.527283453320866,7.532845633148021,0.1064251537935748,,2.420059006515076,1.2730318884925762,0.3447063515857329,14.203685899992706,326.21948048472404,502,1,2026-08-31T10:09:18.552188+00:00,1806733
e2_uci,energy,mcd,epochs=1000,13,13,691,77,random,1.4147153496332223,1.048306125401222,-1.834994951126579,1.834994951126579,0.8011062942446595,0.974025974025974,7.299339305512032,8.295214407154639,0.0733424470266575,,2.345267678906405,1.1280498399871723,0.324775904837664,14.168711100006476,548.474025737204,502,1,2026-08-31T10:09:18.712040+00:00,1806733
e2_uci,energy,mcd,epochs=1000,14,14,691,77,random,1.2130892764053316,1.0319825111910033,-1.7869119132088078,1.7869119132088078,0.7386306727147995,1.0,7.740999628619233,7.740999628619233,0.0738892686261107,,2.643854572239426,1.2629429305785,0.3232680807406973,14.11143489999813,535.7103897016738,502,1,2026-08-31T10:09:18.703344+00:00,1806733
e2_uci,energy,mcd,epochs=1000,15,15,691,77,random,1.0063378156814042,0.7751550934690437,-1.746988621238095,1.746988621238095,0.6564920891137102,1.0,7.920751714128984,7.920751714128984,0.1189336978810662,,2.646865467658475,1.4440561066729949,0.3529904155908878,14.12396749999607,552.4844156469327,502,1,2026-08-31T10:09:18.907058+00:00,1806733
e2_uci,energy,mcd,epochs=1000,16,16,691,77,random,1.231230954752681,0.9340391132851488,-1.809943772082253,1.809943772082253,0.7470961921830862,1.0,7.915069530772893,7.91506953077289,0.1005468215994531,,2.7261710917540447,1.3604899546574865,0.3329099084085095,14.18839970001136,552.3740259519259,502,1,2026-08-31T10:09:19.314227+00:00,1806733
e2_uci,energy,mcd,epochs=1000,17,17,691,77,random,1.0945377384133956,0.846090968304163,-1.7620943717217683,1.7620943717217683,0.689873666102972,1.0,7.869166347031733,7.869166347031731,0.1018455228981544,,2.6102729391301875,1.427067786491501,0.3534672655778277,14.202734400023472,404.6090905760209,502,1,2026-08-31T10:09:19.503777+00:00,1806733
e2_uci,energy,mcd,epochs=1000,18,18,691,77,random,1.5234053406574584,1.2497916163092535,-1.878367648346677,1.878367648346677,0.8777018537988472,1.0,7.332847729183007,7.332847729183007,0.0586466165413533,,2.3116200675175,1.1949824932343684,0.3407807051216396,14.066897000011522,561.237662150706,502,1,2026-08-31T10:09:19.438352+00:00,1806733
e2_uci,energy,mcd,epochs=1000,19,19,691,77,random,1.307049533407571,0.9521789741757268,-1.8365696674048109,1.8365696674048109,0.7756433500207452,1.0,8.017476159717239,8.017476159717239,0.098427887901572,,2.81056068161566,1.3800096431844096,0.3293130853854003,14.315493800007973,561.0428569844453,502,1,2026-08-31T10:09:19.689164+00:00,1806733
e2_uci,concrete,mcd,epochs=1000,0,0,927,103,random,5.889535143199403,4.248524721414015,-3.1966333768176884,3.1966333768176884,3.1715539444560887,0.970873786407767,24.851147844973944,32.1324016982764,0.0498722534491568,,32.3482105072766,7.894153459316444,0.1961652517697451,19.22927999999956,318.43786416078007,502,1,2026-08-31T10:09:37.854028+00:00,1806733
e2_uci,concrete,mcd,epochs=1000,1,1,927,103,random,5.709239490115036,4.385187710051816,-3.1703195967237905,3.1703195967237905,3.161579812445879,0.9611650485436892,24.59898786103653,29.887336574731748,0.0323454266734797,,31.99238719995896,7.429039015155672,0.1884518072638197,19.06626319998759,456.0980582451538,502,1,2026-08-31T10:09:37.859551+00:00,1806733
e2_uci,concrete,mcd,epochs=1000,2,2,927,103,random,5.157431948553547,3.956485728534095,-3.0962257935323865,3.0962257935323865,2.923910622399651,0.970873786407767,24.592178154179365,26.210215331009117,0.0454777721001532,,30.59944369382225,8.807169532841296,0.2234947084181833,19.236631500010844,465.74077665019166,502,1,2026-08-31T10:09:38.061562+00:00,1806733
e2_uci,concrete,mcd,epochs=1000,3,3,927,103,random,5.822098044270399,4.364518388191817,-3.194255302983532,3.194255302983532,3.2500776342328006,0.9320388349514565,24.372484337513765,28.796084507075296,0.0364844149207971,,30.130659227844298,8.580996479829803,0.2216644140624739,19.002207500016084,390.1485439041829,502,1,2026-08-31T10:09:38.010881+00:00,1806733
e2_uci,concrete,mcd,epochs=1000,4,4,927,103,random,5.9909516159001015,4.527319908832406,-3.218386255988198,3.218386255988198,3.323056262362271,0.941747572815534,25.41264137235436,30.58208324568122,0.0389371486969851,,33.8770074096164,8.204948060932876,0.1949754465824442,18.81555699999444,401.9417474498448,502,1,2026-08-31T10:09:38.235887+00:00,1806733
e2_uci,concrete,mcd,epochs=1000,5,5,927,103,random,5.920586365300405,4.515630767443519,-3.214026917319598,3.214026917319598,3.2876346350569725,0.9514563106796116,24.780651227998508,30.866805835887128,0.0354113438937148,,31.77052789057624,8.250184805945961,0.2061478731902469,18.96767159999581,437.4368932297074,502,1,2026-08-31T10:09:38.510992+00:00,1806733
e2_uci,concrete,mcd,epochs=1000,6,6,927,103,random,6.258617483407432,4.641382012433723,-3.255668305484823,3.255668305484823,3.4030785867215543,0.9320388349514565,24.998694603545573,34.906669114909405,0.0500766479305058,,32.97101968916998,7.737645883829967,0.1900736802574527,19.25048190000234,427.39708724802415,502,1,2026-08-31T10:09:38.862455+00:00,1806733
e2_uci,concrete,mcd,epochs=1000,7,7,927,103,random,5.675989563355483,4.2310462200689205,-3.170802983927146,3.170802983927146,3.1057231496896245,0.970873786407767,24.92688592836363,31.65196267018485,0.0408788962698006,,31.98521744829948,8.508290106103816,0.2101149201430098,18.930007999995723,427.685436697731,502,1,2026-08-31T10:09:38.722802+00:00,1806733
e2_uci,concrete,mcd,epochs=1000,8,8,927,103,random,5.804430466097329,4.181840554696626,-3.1839399761417058,3.1839399761417058,3.1055349675298527,0.970873786407767,24.96982969906436,31.81597984980569,0.0589678078691875,,33.08831765418033,7.527907325159257,0.1853423682035567,18.888127200014424,400.4912619881368,502,1,2026-08-31T10:09:56.845580+00:00,1806733
e2_uci,concrete,mcd,epochs=1000,9,9,927,103,random,5.343779487639018,4.129612101264757,-3.1223069708263824,3.1223069708263824,2.993735181454914,0.9805825242718448,24.830042663413582,29.203612809174132,0.0532958610117526,,32.29017630660809,7.872993824205855,0.196025209129733,18.853255800000625,406.0689322605223,502,1,2026-08-31T10:09:56.811720+00:00,1806733
e2_uci,concrete,mcd,epochs=1000,10,10,927,103,random,4.6000396213878165,3.533766003708599,-3.023054884758073,3.023054884758073,2.652291900125058,0.9902912621359224,24.60986023660085,25.137733750231803,0.0597853857945835,,32.095794355210394,7.359439037013841,0.1865263085343761,19.06105849999585,416.08737857370335,502,1,2026-08-31T10:09:57.177510+00:00,1806733
e2_uci,concrete,mcd,epochs=1000,11,11,927,103,random,5.03401075250714,3.790453972447337,-3.089948460315805,3.089948460315805,2.8136075384064947,0.970873786407767,25.456559628591226,30.44457922191444,0.0658661216147163,,33.94269272748251,8.274904908450642,0.1960060584169177,19.07994680001866,426.4349513461144,502,1,2026-08-31T10:09:57.244965+00:00,1806733
e2_uci,concrete,mcd,epochs=1000,12,12,927,103,random,5.836051589700855,4.155792627761997,-3.187853130879808,3.187853130879808,3.1167794899160186,0.9514563106796116,24.83868642640861,33.45010406064411,0.0470107307102707,,33.12388744236103,7.061181511024039,0.1757165458448025,18.805394800001523,352.8883494210692,502,1,2026-08-31T10:09:57.137056+00:00,1806733
e2_uci,concrete,mcd,epochs=1000,13,13,927,103,random,4.9617025801822905,3.70001330540712,-3.070675335898498,3.070675335898498,2.795322107352913,0.9611650485436892,24.57566063523964,26.490193564266647,0.0708226877874297,,31.7539020926261,7.592015028367965,0.1929555995612323,19.11139059998095,460.9203883288519,502,1,2026-08-31T10:09:57.747852+00:00,1806733
e2_uci,concrete,mcd,epochs=1000,14,14,927,103,random,5.934292940820469,4.333186676914625,-3.2048747966656697,3.2048747966656697,3.21060743410829,0.941747572815534,24.855419584354596,34.679391006898584,0.0409810935104751,,32.00755573984669,8.245824788164912,0.2048480072978415,18.772942699986743,282.018446562432,502,1,2026-08-31T10:09:57.586001+00:00,1806733
e2_uci,concrete,mcd,epochs=1000,15,15,927,103,random,5.4998100190919175,3.974033539169293,-3.151069966460464,3.151069966460464,2.978703179431579,0.970873786407767,25.275676028644387,32.50989419040217,0.0667347981604496,,33.75193710621232,7.868295292792208,0.1890497683280692,18.92276300000958,407.7126213815063,502,1,2026-08-31T10:09:57.891053+00:00,1806733
e2_uci,concrete,mcd,epochs=1000,16,16,927,103,random,6.03893220545737,4.7926489797581,-3.2201850969625823,3.2201850969625823,3.376862962005671,0.970873786407767,24.48564832602805,29.64523544189905,0.0174757281553398,,31.602993177356787,7.460076299336784,0.1909751691117804,18.835335299983853,400.6213592184545,502,1,2026-08-31T10:10:15.752502+00:00,1806733
e2_uci,concrete,mcd,epochs=1000,17,17,927,103,random,5.570671664351599,4.328690613028293,-3.1517391934778614,3.1517391934778614,3.078725930763096,0.9805825242718448,24.79726010202194,29.80030772556655,0.0357690342360755,,32.33455702989051,7.725751114852109,0.1928530126862245,19.009149999998044,452.7339803900352,502,1,2026-08-31T10:10:15.967020+00:00,1806733
e2_uci,concrete,mcd,epochs=1000,18,18,927,103,random,6.1825340593494,4.553837811572504,-3.2330973868454977,3.2330973868454977,3.3723419896259017,0.9611650485436892,24.314325205285563,31.803616098387884,0.0308124680633622,,30.45146865312745,8.061152043934715,0.2093119579512188,18.87161549998564,351.06213576865645,502,1,2026-08-31T10:10:16.108341+00:00,1806733
e2_uci,concrete,mcd,epochs=1000,19,19,927,103,random,5.978543330878686,4.5139143957633046,-3.198069800763439,3.198069800763439,3.270296489108367,0.9320388349514565,25.244966998656423,32.65525949390606,0.0666836995401123,,33.13622431550302,8.389035789617406,0.2020224742332911,18.85640649998095,464.7135922744038,502,1,2026-08-31T10:10:16.145186+00:00,1806733
e2_uci,wine_quality_red,mcd,epochs=20,0,0,1439,160,random,0.6342737660806679,0.4982329669934158,-0.9646913451462228,0.9646913451462228,0.355163958761144,0.925,2.454611633762372,3.230450759086465,0.0217105263157894,,0.382819889246166,0.0093036771640254,0.0237263912730331,0.570261799992295,350.80562502116663,652,1,2026-08-31T10:09:57.923167+00:00,1806733
e2_uci,wine_quality_red,mcd,epochs=20,1,1,1439,160,random,0.6287609937458993,0.4990649437951212,-0.954510344968918,0.954510344968918,0.3513008756696538,0.93125,2.476029526308648,3.1276131393270807,0.031907894736842,,0.3886220256307044,0.0103755930918297,0.0260041479070705,0.5994800000044052,338.698124869552,652,1,2026-08-31T10:09:58.283913+00:00,1806733
e2_uci,wine_quality_red,mcd,epochs=20,2,2,1439,160,random,0.708851247589667,0.5290905454392603,-1.0922654801328,1.0922654801328,0.3883772544568606,0.9,2.4464605914835693,3.80941580508334,0.0351973684210526,,0.3770053638102446,0.0125252782006204,0.0321547956688631,0.5801153999927919,357.1887500584125,652,1,2026-08-31T10:09:58.448589+00:00,1806733
e2_uci,wine_quality_red,mcd,epochs=20,3,3,1439,160,random,0.625244001741731,0.4807622411279816,-0.9499836527068748,0.9499836527068748,0.34583258002146,0.94375,2.470665677199351,3.324263565708005,0.0197368421052631,,0.3848084864351269,0.0124639244685799,0.0313737479031762,0.6057461999880616,286.8224999474478,652,1,2026-08-31T10:09:58.611096+00:00,1806733
e2_uci,wine_quality_red,mcd,epochs=20,4,4,1439,160,random,0.5677888134715796,0.4431883331240095,-0.8637194039890161,0.8637194039890161,0.317073464451589,0.9625,2.485537367675827,2.966605259409511,0.0421052631578947,,0.3923604721111685,0.0097060744430781,0.0241404676073159,0.5491482999932487,232.3887500097044,652,1,2026-08-31T10:09:58.575644+00:00,1806733
e2_uci,wine_quality_red,mcd,epochs=20,5,5,1439,160,random,0.6362612292901623,0.5015571331867372,-0.9659547322316688,0.9659547322316688,0.3545447366254255,0.93125,2.477808587307815,3.2341270817267564,0.0332236842105262,,0.3879974043852433,0.0115739052125248,0.0289658064393457,0.5669118000078015,319.6768750058254,652,1,2026-08-31T10:09:58.964950+00:00,1806733
e2_uci,wine_quality_red,mcd,epochs=20,6,6,1439,160,random,0.6979236215935234,0.549220529927306,-1.0745100101571938,1.0745100101571938,0.3906235352352373,0.91875,2.4315942157748425,3.574776358244084,0.0273026315789474,,0.3759364047967965,0.008865508937451,0.023039149809358,0.5767336999997497,211.1206249537645,652,1,2026-08-31T10:09:59.125784+00:00,1806733
e2_uci,wine_quality_red,mcd,epochs=20,7,7,1439,160,random,0.6742420515430458,0.5010501984652908,-1.02792175677824,1.02792175677824,0.370356776111776,0.9375,2.4685187275750406,3.592476605441977,0.0335526315789473,,0.3855594302758121,0.0110212598926785,0.0277907123717901,0.5475023000035435,371.00187510077376,652,1,2026-08-31T10:09:59.237474+00:00,1806733
e2_uci,wine_quality_red,mcd,epochs=20,8,8,1439,160,random,0.5966381506846279,0.4455524627492922,-0.9043924855806365,0.9043924855806365,0.3261491231958849,0.975,2.477271470843836,3.1104185253641683,0.0578947368421053,,0.3905765618013696,0.0088175081282178,0.0220772134392791,0.5711931000114419,364.9275000498165,652,1,2026-08-31T10:09:59.307814+00:00,1806733
e2_uci,wine_quality_red,mcd,epochs=20,9,9,1439,160,random,0.6562039436005096,0.5019123163789068,-0.9974442763442932,0.9974442763442932,0.3628303086466988,0.93125,2.4795019428165843,3.4133978777573497,0.0325657894736841,,0.3893497408708161,0.0107670914379723,0.0269098687396957,0.6097617000050377,341.5268751268741,652,1,2026-08-31T10:09:59.693195+00:00,1806733
e2_uci,wine_quality_red,mcd,epochs=20,10,10,1439,160,random,0.6622114596224179,0.5198404046261332,-1.0075081831027553,1.0075081831027553,0.3704693479879372,0.93125,2.474382407510082,3.2616172618081736,0.0223684210526316,,0.3883570635094467,0.0101098409865834,0.0253718461245109,0.5586283000011463,241.0375000181375,652,1,2026-08-31T10:09:59.784831+00:00,1806733
e2_uci,wine_quality_red,mcd,epochs=20,11,11,1439,160,random,0.6426802096409546,0.5059334191942815,-0.9774754858501704,0.9774754858501704,0.3604550023854529,0.95625,2.457454125345261,3.137340716618536,0.0391447368421053,,0.3835730244045257,0.0094555511689484,0.0240581773352018,0.5368009000085294,296.93687483813846,652,1,2026-08-31T10:09:59.884124+00:00,1806733
e2_uci,wine_quality_red,mcd,epochs=20,12,12,1439,160,random,0.6510609384778349,0.4905530638120409,-0.9911312191259553,0.9911312191259553,0.356704184767251,0.94375,2.458065401927896,3.528893978884865,0.0684210526315789,,0.3827283987218362,0.0105022015026475,0.0267074879133315,0.6259851999930106,364.28874991543125,652,1,2026-08-31T10:10:00.057297+00:00,1806733
e2_uci,wine_quality_red,mcd,epochs=20,13,13,1439,160,random,0.6375353499198531,0.4889257589560525,-0.9679935557160072,0.9679935557160072,0.3487878378387452,0.93125,2.4820535585429866,3.3996019067603838,0.0384868421052631,,0.3911602926490186,0.0097828279000796,0.0243995404801606,0.5782010999973863,361.0493749874877,652,1,2026-08-31T10:10:00.393925+00:00,1806733
e2_uci,wine_quality_red,mcd,epochs=20,14,14,1439,160,random,0.6061291206219332,0.4724378581178992,-0.9210687473726008,0.9210687473726008,0.3375584754769744,0.96875,2.5132160932500898,3.0619764207637146,0.0470394736842105,,0.4019194843015876,0.0091507495554618,0.0222607934162511,0.5185855000163428,307.84187492827186,652,1,2026-08-31T10:10:00.416982+00:00,1806733
e2_uci,wine_quality_red,mcd,epochs=20,15,15,1439,160,random,0.5720653399831671,0.4568661453416915,-0.8704428326671835,0.8704428326671835,0.322408845623594,0.95,2.48983160423633,2.8563059786927285,0.0338815789473684,,0.3936442582546506,0.0098122433685988,0.0243204492407995,0.5722343999950681,352.74874990136595,652,1,2026-08-31T10:10:00.580568+00:00,1806733
e2_uci,wine_quality_red,mcd,epochs=20,16,16,1439,160,random,0.5984896345008819,0.4738007784603299,-0.9091901891489116,0.9091901891489116,0.3364505189911274,0.95625,2.506177178777888,2.9225332582336314,0.0240131578947368,,0.400491448341162,0.0082763870029704,0.0202471581356265,0.595503299991833,372.0237500601797,652,1,2026-08-31T10:10:00.775204+00:00,1806733
e2_uci,wine_quality_red,mcd,epochs=20,17,17,1439,160,random,0.6187538714353656,0.4830677903305687,-0.938751913378738,0.938751913378738,0.3456955173401451,0.95,2.470192152230548,3.1152360388522227,0.025328947368421,,0.3870373839047198,0.0100825817841952,0.025389259305319,0.5901763000001665,282.9262499290053,652,1,2026-08-31T10:10:01.091002+00:00,1806733
e2_uci,wine_quality_red,mcd,epochs=20,18,18,1439,160,random,0.6457029395457403,0.5041250971720427,-0.9819773302002665,0.9819773302002665,0.3609878247954558,0.94375,2.4950461356569518,3.187953058519464,0.0338815789473684,,0.396325053627386,0.0088202459037582,0.0217705744432071,0.6362990000052378,380.8800000115298,652,1,2026-08-31T10:10:01.189463+00:00,1806733
e2_uci,wine_quality_red,mcd,epochs=20,19,19,1439,160,random,0.6050437200561127,0.4695131748562529,-0.9178709737528044,0.9178709737528044,0.3377610900972491,0.95625,2.449155297132312,2.9450247337409285,0.0187499999999999,,0.3805525589540197,0.0098318106003054,0.0251849494167242,0.5880060000054073,353.781874946435,652,1,2026-08-31T10:10:01.288683+00:00,1806733
e2_uci,kin8nm,mcd,epochs=1000,0,0,7373,819,random,0.0938907342037037,0.0718032249495055,0.8810995550570071,-0.8810995550570071,0.0534978020102595,0.9829059829059827,0.4886834119050161,0.5208218421011954,0.0620589936379409,,0.0116528829624941,0.0038965815276505,0.2505926509636543,126.6995263999852,122.22783884797724,502,1,2026-08-31T10:12:07.650191+00:00,1806733
e2_uci,kin8nm,mcd,epochs=1000,1,1,7373,819,random,0.0944672265154791,0.0724206780283476,0.8721998286171031,-0.8721998286171031,0.053838242528524,0.9804639804639804,0.4941866304905011,0.537341236563953,0.059379217273954,,0.0120308985606833,0.0038695766677155,0.2433623279890626,126.43088150001132,138.43064714662086,502,1,2026-08-31T10:12:07.694852+00:00,1806733
e2_uci,kin8nm,mcd,epochs=1000,2,2,7373,819,random,0.0884224663669492,0.0687496219760284,0.9020063840003336,-0.9020063840003336,0.0514450578909161,0.989010989010989,0.4988656476547278,0.5179553106014438,0.0663839084891716,,0.0123099452643468,0.0038923742960057,0.2402356206780697,126.71925069999998,127.36654459039414,502,1,2026-08-31T10:12:08.142980+00:00,1806733
e2_uci,kin8nm,mcd,epochs=1000,3,3,7373,819,random,0.0888559008567212,0.068011782019217,0.9125795853001722,-0.9125795853001722,0.0512742841294131,0.9926739926739928,0.4882988746749793,0.5041842107211227,0.0663839084891716,,0.0118224013201437,0.0037016307037844,0.2384451860237634,127.14512999998988,136.4034188056185,502,1,2026-08-31T10:12:08.676901+00:00,1806733
e2_uci,kin8nm,mcd,epochs=1000,4,4,7373,819,random,0.0921915711771021,0.0724522080800908,0.8953118126800691,-0.8953118126800691,0.0529682302844093,0.9865689865689866,0.4846214004596279,0.5051060434422352,0.0551956815114709,,0.0116739354624316,0.0036167105993775,0.2365309212415084,122.00975420000032,133.89499387954007,502,1,2026-08-31T10:12:17.989694+00:00,1806733
e2_uci,kin8nm,mcd,epochs=1000,5,5,7373,819,random,0.0994229997983523,0.0787408609324109,0.844008768226832,-0.844008768226832,0.0565806287923557,0.984126984126984,0.4916005058529469,0.5264906010648204,0.0602146391620075,,0.0121535730929907,0.0035809854248217,0.2275872831619556,121.9438863999967,127.81355312970832,502,1,2026-08-31T10:12:18.101499+00:00,1806733
e2_uci,kin8nm,mcd,epochs=1000,6,6,7373,819,random,0.0897812199717617,0.0697374441747581,0.8963010451877593,-0.8963010451877593,0.052132095379175,0.9902319902319904,0.4968266925537381,0.5048677550160225,0.0727909517383201,,0.012204134073119,0.0038670747143877,0.2406212728313181,122.09021799999756,121.43577533030384,502,1,2026-08-31T10:12:18.407461+00:00,1806733
e2_uci,kin8nm,mcd,epochs=1000,7,7,7373,819,random,0.0918312552953481,0.0699312297193777,0.8927858468174956,-0.8927858468174956,0.0524254729141643,0.9877899877899878,0.4900044353869334,0.5217929428773272,0.0656063235010603,,0.0118544044558303,0.0037780391166983,0.2416793701617841,121.5248755000066,116.20952380890476,502,1,2026-08-31T10:12:17.854027+00:00,1806733
e2_uci,kin8nm,mcd,epochs=1000,8,8,7373,819,random,0.0913235228524285,0.0714005322046857,0.8994834676918887,-0.8994834676918887,0.0525792185172439,0.989010989010989,0.4851423580317177,0.5009230895114899,0.0569307885097358,,0.0115349023311475,0.0037899549143837,0.2473076814786564,115.25436230000923,209.6719169643536,502,1,2026-08-31T10:14:03.161176+00:00,1806733
e2_uci,kin8nm,mcd,epochs=1000,9,9,7373,819,random,0.0913508460290295,0.0698411503188104,0.8915859435818404,-0.8915859435818404,0.0525650996614305,0.9853479853479854,0.4937054737425943,0.5134728410987366,0.0642632221579589,,0.0119918737058492,0.0038780389828003,0.2443642292735468,115.25254009998751,224.96910865551655,502,1,2026-08-31T10:14:03.208869+00:00,1806733
e2_uci,kin8nm,mcd,epochs=1000,10,10,7373,819,random,0.0902972908578022,0.0700856084533531,0.90419992301254,-0.90419992301254,0.0519396222695026,0.9853479853479854,0.4871742544473755,0.5113622756691905,0.0692564745196324,,0.0117236331768884,0.00372910096847,0.2413230521790979,115.54257229997891,212.54432235414592,502,1,2026-08-31T10:14:03.948622+00:00,1806733
e2_uci,kin8nm,mcd,epochs=1000,11,11,7373,819,random,0.0978069717298211,0.0753399685980765,0.8613229980683315,-0.8613229980683315,0.0551100806699768,0.9829059829059827,0.4833046048925506,0.5339380044761521,0.0478118372855214,,0.0114689820486761,0.0037393741643381,0.245876287480577,116.54098749998955,218.3113553119489,502,1,2026-08-31T10:14:05.483311+00:00,1806733
e2_uci,kin8nm,mcd,epochs=1000,12,12,7373,819,random,0.0912682165420475,0.0706525151872848,0.9013609262447791,-0.9013609262447791,0.0523439863993159,0.9853479853479854,0.4830021440169536,0.5052893292454602,0.0583510057194267,,0.011476660701476,0.0037126611747151,0.2444257357225806,123.38404180001815,234.37350430049372,502,1,2026-08-31T10:14:21.515162+00:00,1806733
e2_uci,kin8nm,mcd,epochs=1000,13,13,7373,819,random,0.0934869265607448,0.0709971486151145,0.8810242924340401,-0.8810242924340401,0.0534572724612652,0.9853479853479854,0.4915300030145578,0.5128735912797532,0.0630422209369577,,0.0118105787619627,0.0039207861098783,0.2492336896270505,121.8740056999959,234.86446886310884,502,1,2026-08-31T10:14:20.149570+00:00,1806733
e2_uci,kin8nm,mcd,epochs=1000,14,14,7373,819,random,0.0894001859941574,0.0691405037162177,0.9089096871491956,-0.9089096871491956,0.0514827253143099,0.9877899877899878,0.48843437527647,0.5134426904530496,0.0629136944926418,,0.0116113697230639,0.0039223522775523,0.2525056311292786,123.16801069999929,223.40512818711449,502,1,2026-08-31T10:14:21.544844+00:00,1806733
e2_uci,kin8nm,mcd,epochs=1000,15,15,7373,819,random,0.0961148258418453,0.076414352928663,0.8624793808870291,-0.8624793808870291,0.0551635006999426,0.9865689865689866,0.4941041083387362,0.5133053997018205,0.0889081678555362,,0.0121108109721231,0.0037845430785036,0.2380911470389294,123.77305969997542,224.6161172153958,502,1,2026-08-31T10:14:22.443229+00:00,1806733
e2_uci,kin8nm,mcd,epochs=1000,16,16,7373,819,random,0.0977558601482767,0.0753177125925822,0.8567101127820395,-0.8567101127820395,0.0555410779521143,0.9804639804639804,0.4903771539470368,0.5179224514361049,0.0887153781890623,,0.0117921745374658,0.0038642871444021,0.2468173986512849,149.3966178999981,214.86642246102735,502,1,2026-08-31T10:16:32.838006+00:00,1806733
e2_uci,kin8nm,mcd,epochs=1000,17,17,7373,819,random,0.0938597371071531,0.0717229583965851,0.8809671726465224,-0.8809671726465224,0.0535720165459549,0.984126984126984,0.4899237877753734,0.521827859639558,0.0586723218302165,,0.0120774245154736,0.0035494614774182,0.2271381181786806,148.9362984999898,221.38547007578975,502,1,2026-08-31T10:16:32.438051+00:00,1806733
e2_uci,kin8nm,mcd,epochs=1000,18,18,7373,819,random,0.0981668911152044,0.0762226438989603,0.8638745616823882,-0.8638745616823882,0.0555274473335997,0.9792429792429792,0.4773360659884999,0.5172631805380965,0.0478696741854636,,0.0111727350257531,0.0036620890717297,0.246857599905829,149.11648309999146,218.78070816606905,502,1,2026-08-31T10:16:33.336631+00:00,1806733
e2_uci,kin8nm,mcd,epochs=1000,19,19,7373,819,random,0.0910175683674301,0.069228800677675,0.8977764261742225,-0.8977764261742225,0.0520505053383321,0.9816849816849816,0.4895835278790331,0.5272563880434564,0.0651629072681703,,0.0119121307823466,0.0036933702000707,0.2366710433860475,149.30112630000804,146.39047619241936,502,1,2026-08-31T10:16:34.998385+00:00,1806733
e2_uci,power_plant,mcd,epochs=50,0,0,8611,957,random,4.428112073811079,3.349663047679359,-2.9058693263191056,2.9058693263191056,2.3754283111970547,0.9738766980146292,17.541246328471676,22.27811672418456,0.0330363526370785,,18.836950655430037,1.1919950703250295,0.0595136202697005,9.017871599993668,218.7446185899558,302,1,2026-08-31T10:14:29.436212+00:00,1806733
e2_uci,power_plant,mcd,epochs=50,1,1,8611,957,random,3.992996964850155,3.186920521956517,-2.821796404645774,2.821796404645774,2.25231845240669,0.974921630094044,18.02871118910791,19.934242174696497,0.0241104328218665,,19.939134705611927,1.2184975340965718,0.057591393984517,9.082632100005869,215.44503658847407,302,1,2026-08-31T10:14:30.862493+00:00,1806733
e2_uci,power_plant,mcd,epochs=50,2,2,8611,957,random,4.336639833538136,3.298555218489447,-2.8851024983843745,2.8851024983843745,2.358582653309364,0.960292580982236,17.500803445240084,21.97169228485368,0.0679480833745807,,18.71893493733196,1.217837594475723,0.0610849921938343,9.0559964000131,215.50386625633047,302,1,2026-08-31T10:14:30.896303+00:00,1806733
e2_uci,power_plant,mcd,epochs=50,3,3,8611,957,random,4.380595334907111,3.311949047681681,-2.8959187215360243,2.8959187215360243,2.350640854230153,0.9759665621734588,17.545257724187884,21.410009730667102,0.0383160094593851,,18.801200175805462,1.237592955512664,0.0617598548676297,9.193455799977528,213.5047022155472,302,1,2026-08-31T10:14:31.942771+00:00,1806733
e2_uci,power_plant,mcd,epochs=50,4,4,8611,957,random,4.39810934155001,3.4391728484243247,-2.900773953514157,2.900773953514157,2.4330179291499925,0.9592476489028212,17.567680193649373,21.514943435085414,0.0084254523455974,,18.82622358791707,1.263284161439776,0.0628827832518802,9.150993600022048,199.8213166334494,302,1,2026-08-31T10:14:38.907976+00:00,1806733
e2_uci,power_plant,mcd,epochs=50,5,5,8611,957,random,4.390839189239457,3.383971863849596,-2.900376883241833,2.900376883241833,2.3925130205139213,0.9717868338557992,17.86320843046003,22.263802221564205,0.0576472529285596,,19.55796414559444,1.2130194761069135,0.058399712704966,9.123607499990612,206.63908048014204,302,1,2026-08-31T10:14:40.277457+00:00,1806733
e2_uci,power_plant,mcd,epochs=50,6,6,8611,957,random,4.180130294239903,3.346314148597941,-2.8528999906616197,2.8528999906616197,2.3476811218729043,0.974921630094044,17.492938084887722,19.9108857287296,0.0337788043777154,,18.809523071621065,1.1086400424357172,0.0556597531653569,9.080558500019832,202.9529780788345,302,1,2026-08-31T10:14:40.253748+00:00,1806733
e2_uci,power_plant,mcd,epochs=50,7,7,8611,957,random,4.198932923115597,3.420539457104694,-2.8602815281830645,2.8602815281830645,2.3821964124393245,0.9738766980146292,17.969147675132277,19.81874045598656,0.0467249628774129,,19.879754729636893,1.13706727477466,0.0541027218356791,9.119793499994556,217.09550678503263,302,1,2026-08-31T10:14:41.358285+00:00,1806733
e2_uci,power_plant,mcd,epochs=50,8,8,8611,957,random,4.405706809453975,3.2563277722798216,-2.9010740535156354,2.9010740535156354,2.3386847103321595,0.962382445141066,17.77482673321051,22.883134483481644,0.0295880767750096,,19.241498397576773,1.3249522476108488,0.0644229901633939,8.687698100024136,213.99320794177964,302,1,2026-08-31T10:14:47.886887+00:00,1806733
e2_uci,power_plant,mcd,epochs=50,9,9,8611,957,random,4.212938324390819,3.3496014204224,-2.865907112951544,2.865907112951544,2.3662090471677497,0.9780564263322884,18.12908062254497,20.436101972733763,0.022746521476104,,20.10540916762867,1.2874563292843708,0.0601815745286739,8.874647599994205,229.83218390200688,302,1,2026-08-31T10:14:49.439441+00:00,1806733
e2_uci,power_plant,mcd,epochs=50,10,10,8611,957,random,4.316042325548771,3.465155528618589,-2.882650718360634,2.882650718360634,2.433394894662149,0.974921630094044,17.727701427321758,20.213740772711077,0.0188967717098388,,19.421717726650915,1.0341782511253077,0.0505564875891461,8.839276399987284,192.43688612364724,302,1,2026-08-31T10:14:49.385143+00:00,1806733
e2_uci,power_plant,mcd,epochs=50,11,11,8611,957,random,4.443061138971518,3.349109741657561,-2.911249892334676,2.911249892334676,2.3949427527045617,0.9613375130616508,17.448500147544667,23.666165955475435,0.0166034207776494,,18.68613550783004,1.131163558492146,0.0570796027605226,9.042086200002814,218.4140020867084,302,1,2026-08-31T10:14:50.690821+00:00,1806733
e2_uci,power_plant,mcd,epochs=50,12,12,8611,957,random,4.041578912625026,3.191520538283319,-2.826152088009339,2.826152088009339,2.256355504346629,0.974921630094044,17.630135414811054,20.328228675701883,0.0420557663751856,,19.025015895526614,1.2070519572747478,0.0596603355651368,8.834799700009171,231.3686520225673,302,1,2026-08-31T10:14:57.042905+00:00,1806733
e2_uci,power_plant,mcd,epochs=50,13,13,8611,957,random,4.326771843744536,3.380774386327998,-2.8865512612641626,2.8865512612641626,2.4007363985687005,0.9707419017763844,17.898989735751318,21.512589493480785,0.0148875323103997,,19.734507345823207,1.1190570295162727,0.0536626261762531,8.837999499985017,220.17607105800508,302,1,2026-08-31T10:14:58.517093+00:00,1806733
e2_uci,power_plant,mcd,epochs=50,14,14,8611,957,random,4.23095374802121,3.330273317440541,-2.865584490708477,2.865584490708477,2.3531484014306296,0.962382445141066,17.795068326858193,21.499273586588792,0.046026508276962,,19.325190190891917,1.288144075383463,0.0624908158352112,8.9397147000127,228.33573668071168,302,1,2026-08-31T10:14:58.685793+00:00,1806733
e2_uci,power_plant,mcd,epochs=50,15,15,8611,957,random,4.202082073965781,3.3686806651438768,-2.8640416059176013,2.8640416059176013,2.3682376589164287,0.974921630094044,18.23150598823916,20.50451208241545,0.0185447945883517,,20.58608283612836,1.0485807156983205,0.0484676229508448,8.89200720001827,210.59623822840388,302,1,2026-08-31T10:14:59.869988+00:00,1806733
e2_uci,power_plant,mcd,epochs=50,16,16,8611,957,random,4.1154181649179264,3.2281971437400165,-2.8448557737240168,2.8448557737240168,2.299708789301928,0.9822361546499476,18.005128792145385,20.35649983220812,0.0254358466699664,,19.9691199078728,1.1315601488788016,0.0536267146762758,8.913932299998123,223.0727272835641,302,1,2026-08-31T10:15:06.259947+00:00,1806733
e2_uci,power_plant,mcd,epochs=50,17,17,8611,957,random,4.175284385044263,3.310034930227972,-2.8553751747519835,2.8553751747519835,2.32978866729689,0.9707419017763844,17.816178427226756,20.398578553569003,0.0224110432821866,,19.564950299343813,1.0962358043025062,0.053057738253906,8.909637799981283,209.28390804252928,302,1,2026-08-31T10:15:07.711110+00:00,1806733
e2_uci,power_plant,mcd,epochs=50,18,18,8611,957,random,4.372459533276766,3.3152537349981426,-2.894656965773009,2.894656965773009,2.3515351115235767,0.9696969696969696,17.800312041502938,21.74075725928001,0.0230435021723587,,19.43338549358426,1.1909738093496565,0.0577459785226023,8.959600600006524,226.1831765982752,302,1,2026-08-31T10:15:07.974809+00:00,1806733
e2_uci,power_plant,mcd,epochs=50,19,19,8611,957,random,4.537332517229378,3.359695845161108,-2.9299431174127566,2.9299431174127566,2.384318713358971,0.96760710553814,17.70140089662457,23.79450558814198,0.0201286916350437,,19.183355863495656,1.2129515125725403,0.0594691720519835,8.985470699990401,166.4181818208553,302,1,2026-08-31T10:15:09.155198+00:00,1806733
e2_uci,yacht,map,epochs=2000,0,0,277,31,random,0.7144540613947936,0.4394770002168268,-1.2464021371312712,1.2464021371312712,0.3515894260774931,0.8709677419354839,1.9604881520330664,5.576573600465641,0.0719864176570458,,0.2501337365349873,0.0,0.0,14.12081359999138,21.845161456674816,402,1,2026-08-31T10:17:01.714674+00:00,1806733
e2_uci,yacht,map,epochs=2000,1,1,277,31,random,0.4567256467227556,0.3214517652767698,-0.6818773412660735,0.6818773412660735,0.2553021028912386,0.935483870967742,2.2592169196694964,2.323434546233526,0.1069609507640067,,0.3321694523070964,0.0,0.0,14.005845400010005,21.74838746507322,402,1,2026-08-31T10:17:01.600800+00:00,1806733
e2_uci,yacht,map,epochs=2000,2,2,277,31,random,0.630340897212978,0.5003963900347601,-0.9660666410193872,0.9660666410193872,0.3435669476047881,0.967741935483871,2.2580648816415363,3.549024617394481,0.2011884550084889,,0.3318307736526436,0.0,0.0,14.209581200004322,19.81935553973721,402,1,2026-08-31T10:17:01.800529+00:00,1806733
e2_uci,yacht,map,epochs=2000,3,3,277,31,random,1.2060738889349534,0.7492562008569303,-2.6576219267234262,2.6576219267234262,0.5903375707353926,0.8064516129032258,2.195592531213724,11.20024845638554,0.199490662139219,,0.3137236911894342,0.0,0.0,13.84069409998483,43.080645545776335,402,1,2026-08-31T10:17:01.434153+00:00,1806733
e2_uci,yacht,map,epochs=2000,4,4,277,31,random,0.5732531987869304,0.4267664766805071,-0.936619219424542,0.936619219424542,0.3085339653433766,0.935483870967742,1.75073308775596,3.685501516467085,0.0548387096774193,,0.1994728101764266,0.0,0.0,13.955839600006584,19.870967897135888,402,1,2026-08-31T10:17:01.548837+00:00,1806733
e2_uci,yacht,map,epochs=2000,5,5,277,31,random,0.4459744484378209,0.3218141930722671,-0.6115048103022469,0.6115048103022469,0.2421400522638502,0.935483870967742,1.7618051551754592,2.5099015640070395,0.0816638370118846,,0.2020038187108538,0.0,0.0,14.318053599999985,17.099999710016192,402,1,2026-08-31T10:17:01.911055+00:00,1806733
e2_uci,yacht,map,epochs=2000,6,6,277,31,random,0.4553136410728369,0.3254769973263046,-0.6592374109731707,0.6592374109731707,0.2501102367364359,0.967741935483871,2.1241388499618528,2.7261071239558974,0.1105263157894736,,0.2936362241872204,0.0,0.0,14.132331500004511,14.145161971570024,402,1,2026-08-31T10:17:01.821817+00:00,1806733
e2_uci,yacht,map,epochs=2000,7,7,277,31,random,0.6836384548504068,0.4564209915141528,-1.065347626832082,1.065347626832082,0.3447626843630588,0.9032258064516128,2.2948901940996325,4.926165200025419,0.0745331069609507,,0.3427422529302961,0.0,0.0,14.071648199984338,14.7096777049404,402,1,2026-08-31T10:17:01.765208+00:00,1806733
e2_uci,yacht,map,epochs=2000,8,8,277,31,random,0.5664262799506602,0.4094506167820894,-0.8583240504733305,0.8583240504733305,0.3056202676848138,0.935483870967742,2.0378705128761183,3.3845882789189754,0.2098471986417657,,0.2702694745078362,0.0,0.0,14.30789240001468,16.68709709549383,402,1,2026-08-31T10:17:15.819610+00:00,1806733
e2_uci,yacht,map,epochs=2000,9,9,277,31,random,0.391350305115326,0.2546492155736478,-0.4910035650544569,0.4910035650544569,0.2058208851179059,0.935483870967742,1.7032275729551525,2.6911305377906127,0.1118845500848895,,0.1887944333573849,0.0,0.0,14.381840100017143,11.50322608619688,402,1,2026-08-31T10:17:16.011921+00:00,1806733
e2_uci,yacht,map,epochs=2000,10,10,277,31,random,0.485522720632024,0.3719101779120273,-0.7137055185025082,0.7137055185025082,0.272500852113251,0.9032258064516128,1.6779125696908188,2.324547813344411,0.0567062818336163,,0.1832240512614505,0.0,0.0,14.23113589998684,15.503225562673425,402,1,2026-08-31T10:17:15.901270+00:00,1806733
e2_uci,yacht,map,epochs=2000,11,11,277,31,random,1.2429240911927757,0.555013072198265,-4.098028175907911,4.098028175907911,0.4585126335679259,0.9032258064516128,1.7222427022663007,11.033817028625592,0.133616298811545,,0.1930334323467752,0.0,0.0,14.30381439998746,20.496774419781666,402,1,2026-08-31T10:17:16.078231+00:00,1806733
e2_uci,yacht,map,epochs=2000,12,12,277,31,random,0.5556161318147341,0.3691838333214447,-0.9249322579496236,0.9249322579496236,0.2765955342765165,0.9032258064516128,1.6497521860683912,4.099212844414829,0.0404074702886248,,0.177125566254648,0.0,0.0,14.450663999974497,18.922581089540355,402,1,2026-08-31T10:17:16.277393+00:00,1806733
e2_uci,yacht,map,epochs=2000,13,13,277,31,random,0.8372755941002431,0.5856190053510952,-2.1384570726359846,2.1384570726359846,0.4461140919201922,0.8064516129032258,1.5942034457704035,7.656721470106188,0.1483870967741935,,0.1653984036490985,0.0,0.0,14.442531900014728,14.683871056824442,402,1,2026-08-31T10:17:16.300581+00:00,1806733
e2_uci,yacht,map,epochs=2000,14,14,277,31,random,0.5788411039718858,0.3616776823876854,-0.8782871666282326,0.8782871666282326,0.2914949666464592,0.9032258064516128,2.1030142685655244,4.210818649961344,0.0831918505942274,,0.287824835578417,0.0,0.0,14.246121000003768,15.338710058600672,402,1,2026-08-31T10:17:16.122500+00:00,1806733
e2_uci,yacht,map,epochs=2000,15,15,277,31,random,0.3403566847578299,0.2717590448829239,-0.3634834168080985,0.3634834168080985,0.1937053064136511,1.0,1.5612466594625969,1.561246659462597,0.0351443123938879,,0.1586305649400844,0.0,0.0,14.263917000003858,26.36451597115205,402,1,2026-08-31T10:17:16.239069+00:00,1806733
e2_uci,yacht,map,epochs=2000,16,16,277,31,random,0.4425748144739583,0.3575487921138157,-0.6175058296287774,0.6175058296287774,0.2519874912194716,0.967741935483871,1.959688161214288,1.9952934789435632,0.0468590831918505,,0.2499296405648772,0.0,0.0,14.427265999984227,11.812903047088652,402,1,2026-08-31T10:17:30.296597+00:00,1806733
e2_uci,yacht,map,epochs=2000,17,17,277,31,random,0.9250669062043856,0.6547899153304053,-2.2126664842428965,2.2126664842428965,0.4880337607320773,0.8387096774193549,1.7754335476634877,7.123852583828491,0.2113752122241086,,0.2051410954341157,0.0,0.0,14.22197720000986,15.677419498622898,402,1,2026-08-31T10:17:30.178111+00:00,1806733
e2_uci,yacht,map,epochs=2000,18,18,277,31,random,1.0532598522168577,0.6433611867310718,-2.3163010030429985,2.3163010030429985,0.5201129753790757,0.8387096774193549,2.0383859406738574,11.225021266165484,0.1185059422750424,,0.2704062074512923,0.0,0.0,14.251140200009104,19.62903244871526,402,1,2026-08-31T10:17:30.307327+00:00,1806733
e2_uci,yacht,map,epochs=2000,19,19,277,31,random,1.1203370698368171,0.7479112909834827,-3.4769212044154663,3.4769212044154663,0.5894545392485254,0.7096774193548387,1.683300761940094,11.139236454979295,0.1424448217317487,,0.1844026961765078,0.0,0.0,14.332735500007402,17.251612828864207,402,1,2026-08-31T10:17:30.461889+00:00,1806733
e2_uci,energy,map,epochs=1000,0,0,691,77,random,0.4699139545597021,0.3781066150027058,-0.6797562627866849,0.6797562627866849,0.2659691278866952,0.9090909090909092,1.6313489637087393,2.3623336793920986,0.0686944634313056,,0.1731958850539427,0.0,0.0,14.607936699991114,7.012987119302927,502,1,2026-08-31T10:17:30.784401+00:00,1806733
e2_uci,energy,map,epochs=1000,1,1,691,77,random,0.6230144851546793,0.4505917799086152,-1.2206213503246484,1.2206213503246484,0.3307748246879191,0.8701298701298701,1.5624999000184456,4.12937520663101,0.0644565960355433,,0.1588853383254871,0.0,0.0,14.451174599991646,6.86103866629109,502,1,2026-08-31T10:17:30.745308+00:00,1806733
e2_uci,energy,map,epochs=1000,2,2,691,77,random,0.5113556479461103,0.3841193856970003,-0.7920830965397317,0.7920830965397317,0.2808836579227818,0.9090909090909092,1.6481665644755326,2.8594990221613648,0.0539986329460014,,0.1767852495008808,0.0,0.0,14.623840700020082,4.163636695956448,502,1,2026-08-31T10:17:30.957463+00:00,1806733
e2_uci,energy,map,epochs=1000,3,3,691,77,random,0.5049703806349313,0.4044040265271165,-0.8454395884308223,0.8454395884308223,0.2869018705730398,0.9090909090909092,1.4687447295113147,2.772545931652614,0.0526315789473684,,0.140390095349081,0.0,0.0,14.531891399994493,8.497402667636415,502,1,2026-08-31T10:17:30.889185+00:00,1806733
e2_uci,energy,map,epochs=1000,4,4,691,77,random,0.574763049078123,0.4300310642688064,-1.0831601808666764,1.0831601808666764,0.3168139836214148,0.8831168831168831,1.5038463826568331,3.808686814419074,0.0816814764183185,,0.1471806706899304,0.0,0.0,14.600932100001955,8.554545581921355,502,1,2026-08-31T10:17:44.833617+00:00,1806733
e2_uci,energy,map,epochs=1000,5,5,691,77,random,0.448759255809194,0.3352071255074869,-0.6283454571851989,0.6283454571851989,0.2446098200085011,0.8961038961038961,1.5918882731261552,2.643662806493996,0.0905673274094327,,0.1649183547448958,0.0,0.0,14.699140300013823,7.307791913097555,502,1,2026-08-31T10:17:45.047936+00:00,1806733
e2_uci,energy,map,epochs=1000,6,6,691,77,random,0.4790748792031109,0.3858121305668766,-0.6990763586449885,0.6990763586449885,0.2728998606212375,0.935064935064935,1.6630746080184198,2.102529964817448,0.0324675324675325,,0.1799978394234001,0.0,0.0,14.738008899992565,5.320779292832141,502,1,2026-08-31T10:17:45.098414+00:00,1806733
e2_uci,energy,map,epochs=1000,7,7,691,77,random,0.481934011317148,0.3557488105478436,-0.731866504619023,0.731866504619023,0.2646658954498899,0.8701298701298701,1.5564667664892875,2.7369300633830864,0.0244702665755297,,0.1576607291828181,0.0,0.0,14.664048000006003,8.010389751984507,502,1,2026-08-31T10:17:45.167663+00:00,1806733
e2_uci,energy,map,epochs=1000,8,8,691,77,random,0.5587332005890165,0.3629527500619857,-1.046222584087845,1.046222584087845,0.2737706079783055,0.8961038961038961,1.4722341929492757,3.752251123429861,0.0296650717703349,,0.1410579691244326,0.0,0.0,14.6916139999812,6.977921917236277,502,1,2026-08-31T10:17:45.480919+00:00,1806733
e2_uci,energy,map,epochs=1000,9,9,691,77,random,0.4008756091090221,0.3256086464757246,-0.5100938263312995,0.5100938263312995,0.2270759984712205,0.961038961038961,1.692636206632448,1.906260994541213,0.0987696514012304,,0.1864537316246301,0.0,0.0,14.521783300006064,7.454545521358778,502,1,2026-08-31T10:17:45.352840+00:00,1806733
e2_uci,energy,map,epochs=1000,10,10,691,77,random,0.5637726453826843,0.4218307398496523,-0.9930130929067336,0.9930130929067336,0.3172211601293941,0.8311688311688312,1.5725882564913254,3.627268910646651,0.1041695146958305,,0.1609436635850469,0.0,0.0,14.53204910000204,5.364935095240544,502,1,2026-08-31T10:17:45.470446+00:00,1806733
e2_uci,energy,map,epochs=1000,11,11,691,77,random,0.5183942749391949,0.4255452166605239,-0.841724126912665,0.841724126912665,0.2995235764560772,0.922077922077922,1.569621714066033,2.654806137422082,0.0792891319207109,,0.160337025610912,0.0,0.0,14.63729680000688,5.650649666665243,502,1,2026-08-31T10:17:45.650847+00:00,1806733
e2_uci,energy,map,epochs=1000,12,12,691,77,random,0.6088050093631772,0.3936776952400749,-1.0927022807424995,1.0927022807424995,0.3048506959002587,0.8701298701298701,1.660585222524848,4.311656569340169,0.0545454545454545,,0.1794593805361704,0.0,0.0,14.180060600017896,6.8779219117305885,502,1,2026-08-31T10:17:59.064506+00:00,1806733
e2_uci,energy,map,epochs=1000,13,13,691,77,random,0.5071082205660031,0.3970431768341719,-0.7827354017949459,0.7827354017949459,0.2857516972668472,0.8701298701298701,1.6379374285444133,2.683674379901857,0.0645933014354066,,0.1745976688188155,0.0,0.0,14.303166900004726,7.061039055274291,502,1,2026-08-31T10:17:59.396495+00:00,1806733
e2_uci,energy,map,epochs=1000,14,14,691,77,random,0.4883544734911411,0.3554920595424766,-0.747299034988898,0.747299034988898,0.2701520144235881,0.8571428571428571,1.5699950308229544,2.834189213990008,0.0620642515379358,,0.1604133033738588,0.0,0.0,14.072265199996764,7.81038974097313,502,1,2026-08-31T10:17:59.225563+00:00,1806733
e2_uci,energy,map,epochs=1000,15,15,691,77,random,0.4510698510610345,0.3745706213112259,-0.6397663312434699,0.6397663312434699,0.2596066497163101,0.922077922077922,1.5606819518123147,2.0542806383348102,0.1041011619958988,,0.1585158313809918,0.0,0.0,14.08069840000826,7.751948115500537,502,1,2026-08-31T10:17:59.299211+00:00,1806733
e2_uci,energy,map,epochs=1000,16,16,691,77,random,0.5292981306026866,0.3801286355840405,-0.9006237022495135,0.9006237022495135,0.2736676987923597,0.8571428571428571,1.5245683891774182,3.0759516205348287,0.095352016404648,,0.151264720108274,0.0,0.0,14.044668099988485,6.5623377389335005,502,1,2026-08-31T10:17:59.447863+00:00,1806733
e2_uci,energy,map,epochs=1000,17,17,691,77,random,0.4238667344826117,0.3206173455829704,-0.5629145775340617,0.5629145775340617,0.2335993618613252,0.935064935064935,1.584723691373322,2.2447957632591238,0.0438140806561859,,0.1634372054485608,0.0,0.0,14.382353399996646,6.11688320331469,502,1,2026-08-31T10:17:59.894679+00:00,1806733
e2_uci,energy,map,epochs=1000,18,18,691,77,random,0.4853185919986805,0.3597511779509458,-0.7631648829783347,0.7631648829783347,0.261113154459441,0.8831168831168831,1.498592758365131,2.677731627815549,0.0757347915242652,,0.1461541279140026,0.0,0.0,14.27145840000594,11.890909298891565,502,1,2026-08-31T10:17:59.796181+00:00,1806733
e2_uci,energy,map,epochs=1000,19,19,691,77,random,0.4965373703475567,0.3768341960916498,-0.7864893481709485,0.7864893481709485,0.2788460290279655,0.8571428571428571,1.5320559733610506,2.852188790010638,0.0331510594668489,,0.1527541758919046,0.0,0.0,14.28139160000137,7.355844227040743,502,1,2026-08-31T10:17:59.983955+00:00,1806733
e2_uci,concrete,map,epochs=1000,0,0,927,103,random,5.482994820464825,3.797020294615341,-3.924802101067568,3.924802101067568,2.922065813675167,0.8058252427184466,10.75594708657725,47.94590155079357,0.0812468063362289,,7.529066633880079,0.0,0.0,19.24794679999468,5.794174514837491,502,1,2026-08-31T10:18:18.364609+00:00,1806733
e2_uci,concrete,map,epochs=1000,1,1,927,103,random,4.015001970606673,3.084481336914238,-2.897005894769338,2.897005894769338,2.2497636119439552,0.8543689320388349,12.014024532669206,24.152425105574853,0.0854368932038834,,9.393357589441546,0.0,0.0,19.206670600018697,3.8592233006091954,502,1,2026-08-31T10:18:18.494378+00:00,1806733
e2_uci,concrete,map,epochs=1000,2,2,927,103,random,4.642271201508489,3.122431335576048,-3.2047849578949013,3.2047849578949013,2.394723039197006,0.8349514563106796,11.845708865938857,34.41788393126007,0.0299948901379662,,9.13200069858014,0.0,0.0,19.3443694000016,5.453398329142517,502,1,2026-08-31T10:18:18.711556+00:00,1806733
e2_uci,concrete,map,epochs=1000,3,3,927,103,random,5.611499832120948,3.894662790656752,-3.806969967466292,3.806969967466292,3.0770869934534133,0.7475728155339806,11.5768989918885,50.288745727692586,0.0434849259070005,,8.722245670472363,0.0,0.0,19.380649300001096,7.183495309945305,502,1,2026-08-31T10:18:18.831027+00:00,1806733
e2_uci,concrete,map,epochs=1000,4,4,927,103,random,5.752010581650269,3.8462401622070272,-3.8284560471290714,3.8284560471290714,3.035100965874903,0.7961165048543689,11.88157113704592,50.2508626320345,0.0394481349003577,,9.187377717299984,0.0,0.0,19.275798199989367,5.784465985607754,502,1,2026-08-31T10:18:18.780427+00:00,1806733
e2_uci,concrete,map,epochs=1000,5,5,927,103,random,4.525316507989552,3.3665713454689192,-3.025185759839706,3.025185759839706,2.4743532325321658,0.8737864077669902,13.385032996153544,30.299442365641227,0.0840572304547778,,11.659574960362734,0.0,0.0,19.132263500010595,5.201941799119259,502,1,2026-08-31T10:18:18.987671+00:00,1806733
e2_uci,concrete,map,epochs=1000,6,6,927,103,random,5.525642222130537,3.6541275232862898,-3.627761166221553,3.627761166221553,2.81842381872784,0.8446601941747572,12.214759685501592,44.56939308305333,0.0420030659172202,,9.70987593117004,0.0,0.0,19.44863389999955,6.256310847922436,502,1,2026-08-31T10:18:19.406975+00:00,1806733
e2_uci,concrete,map,epochs=1000,7,7,927,103,random,5.420217848244594,3.8155752931952014,-3.6397743370938183,3.6397743370938183,2.903571973420513,0.7961165048543689,11.81179927089642,40.284861129242486,0.0556974961676035,,9.079792894326742,0.0,0.0,19.41259349999018,5.928155269871637,502,1,2026-08-31T10:18:19.457168+00:00,1806733
e2_uci,concrete,map,epochs=1000,8,8,927,103,random,4.37675328832996,3.2784873237854373,-3.095577041015967,3.095577041015967,2.435928475020704,0.8446601941747572,11.619948547844627,31.9001497399043,0.098364844149208,,8.787234912371051,0.0,0.0,19.53969080001116,5.373786355016156,502,1,2026-08-31T10:18:37.951937+00:00,1806733
e2_uci,concrete,map,epochs=1000,9,9,927,103,random,5.243183802202969,3.6602838841609455,-3.513461177273056,3.513461177273056,2.7965807667108247,0.8058252427184466,11.944984240312223,41.40552496742902,0.0625958099131323,,9.285707276924924,0.0,0.0,19.60282939998433,6.208737952707027,502,1,2026-08-31T10:18:38.153578+00:00,1806733
e2_uci,concrete,map,epochs=1000,10,10,927,103,random,4.359277690471604,3.162472841547557,-3.1121691201407278,3.1121691201407278,2.358410286812949,0.8640776699029126,11.379406881877207,29.31102837387011,0.0982115482881962,,8.427195697487408,0.0,0.0,19.617792800010648,5.467961264267853,502,1,2026-08-31T10:18:38.379050+00:00,1806733
e2_uci,concrete,map,epochs=1000,11,11,927,103,random,4.610768767629189,3.238790109138585,-3.0959821921075696,3.0959821921075696,2.3759405967408838,0.883495145631068,12.841961284146311,28.82669614482794,0.0678078691875319,,10.732639429524976,0.0,0.0,19.58151679998264,6.59902907853711,502,1,2026-08-31T10:18:38.418772+00:00,1806733
e2_uci,concrete,map,epochs=1000,12,12,927,103,random,5.638784318723312,3.4894182250952204,-3.709038354164345,3.709038354164345,2.6790988658220702,0.8543689320388349,12.128779532954908,38.88162665598824,0.0453244762391415,,9.573660673293675,0.0,0.0,19.68893369997386,4.352427266303052,502,1,2026-08-31T10:18:38.574347+00:00,1806733
e2_uci,concrete,map,epochs=1000,13,13,927,103,random,4.480853718006087,3.086633072988814,-3.1784621010563368,3.1784621010563368,2.365378224516257,0.8349514563106796,11.358697029341457,34.64583558664205,0.0401635155850792,,8.396549606970481,0.0,0.0,19.69938970002113,4.066990460133524,502,1,2026-08-31T10:18:38.738926+00:00,1806733
e2_uci,concrete,map,epochs=1000,14,14,927,103,random,5.740675423341392,3.682673579820644,-3.7583419891245664,3.7583419891245664,2.818836954408709,0.8349514563106796,12.185152384090072,46.13599734248073,0.0294839039345937,,9.662861529559944,0.0,0.0,19.468499600014184,4.9883493525202125,502,1,2026-08-31T10:18:38.929177+00:00,1806733
e2_uci,concrete,map,epochs=1000,15,15,927,103,random,5.419890278458173,3.790963943068764,-3.658274326945619,3.658274326945619,2.891745775506509,0.7864077669902912,11.714581489861327,40.33887019274381,0.0688298415942769,,8.930944329230428,0.0,0.0,19.65347300001304,4.593203820794532,502,1,2026-08-31T10:18:39.166815+00:00,1806733
e2_uci,concrete,map,epochs=1000,16,16,927,103,random,5.068125948117031,3.886971124680675,-3.4301908364981872,3.4301908364981872,2.933836151112815,0.7864077669902912,11.85230170747725,35.80527365629162,0.0772611139499234,,9.1421685303713,0.0,0.0,19.34957359998953,5.730097204699968,502,1,2026-08-31T10:18:57.352968+00:00,1806733
e2_uci,concrete,map,epochs=1000,17,17,927,103,random,5.0273534222343885,3.471858395080281,-3.4854617462869064,3.4854617462869064,2.604156455392755,0.8446601941747572,11.37244488219302,35.842886871997,0.0633622892181911,,8.41688721884753,0.0,0.0,19.221863500017207,6.51553386225573,502,1,2026-08-31T10:18:57.427915+00:00,1806733
e2_uci,concrete,map,epochs=1000,18,18,927,103,random,5.302261135923097,3.750224473622086,-3.540231849610098,3.540231849610098,2.83990181971242,0.8058252427184466,11.985165974069131,39.924660062733416,0.0710270822687787,,9.348284735747146,0.0,0.0,19.19019779999508,6.155339770416901,502,1,2026-08-31T10:18:57.625129+00:00,1806733
e2_uci,concrete,map,epochs=1000,19,19,927,103,random,5.820679890395574,3.774456659636304,-3.7752134697608297,3.7752134697608297,2.945149388621305,0.8155339805825242,12.339470440169311,47.97507604465965,0.0493101686254471,,9.909160676379402,0.0,0.0,19.275065599998925,5.639805820164749,502,1,2026-08-31T10:18:57.748933+00:00,1806733
e2_uci,wine_quality_red,map,epochs=20,0,0,1439,160,random,0.6342832961016645,0.501517552908586,-0.9660323813731548,0.9660323813731548,0.3551063587916352,0.925,2.3704349269110465,3.297042792110683,0.0207236842105263,,0.3656788999305526,0.0,0.0,0.6017124999780208,3.193750126229133,652,1,2026-08-31T10:18:39.233578+00:00,1806733
e2_uci,wine_quality_red,map,epochs=20,1,1,1439,160,random,0.6370025639900997,0.5048752574691683,-0.9702629869015456,0.9702629869015456,0.3554987223704914,0.93125,2.3817293605248597,3.232205477420566,0.0230263157894736,,0.369171909134324,0.0,0.0,0.5824053000251297,3.798750003625173,652,1,2026-08-31T10:18:39.372373+00:00,1806733
e2_uci,wine_quality_red,map,epochs=20,2,2,1439,160,random,0.7147469547543731,0.532042029115574,-1.1191318912092425,1.1191318912092425,0.3913586881098828,0.90625,2.34372513623224,3.9286569333537016,0.0388157894736842,,0.3574844720848961,0.0,0.0,0.5875247999792919,3.9268750697374335,652,1,2026-08-31T10:18:39.571442+00:00,1806733
e2_uci,wine_quality_red,map,epochs=20,3,3,1439,160,random,0.6376659593447292,0.4899278116831116,-0.9736122900671994,0.9736122900671994,0.3528949415469918,0.94375,2.338960672847328,3.330766542842521,0.0197368421052631,,0.3560325181448842,0.0,0.0,0.6120615999971051,2.7456249881652184,652,1,2026-08-31T10:18:39.832310+00:00,1806733
e2_uci,wine_quality_red,map,epochs=20,4,4,1439,160,random,0.570131904789476,0.4423618425800013,-0.8606028147643501,0.8606028147643501,0.3170069711285154,0.95,2.3749839554860714,2.947898046691653,0.0368421052631578,,0.3670837728645141,0.0,0.0,0.5980555000132881,4.12124991271412,652,1,2026-08-31T10:18:39.888514+00:00,1806733
e2_uci,wine_quality_red,map,epochs=20,5,5,1439,160,random,0.6527906628953354,0.5128388273628108,-0.9982999813247928,0.9982999813247928,0.3637329667988139,0.9125,2.3748326044055443,3.407135912718206,0.0299342105263157,,0.3670369879123515,0.0,0.0,0.6104322999890428,3.9099999412428583,652,1,2026-08-31T10:18:40.030384+00:00,1806733
e2_uci,wine_quality_red,map,epochs=20,6,6,1439,160,random,0.6764015777713389,0.5270004502595891,-1.0461728977673452,1.0461728977673452,0.3775209614074709,0.90625,2.33028813397774,3.582421516830261,0.0259868421052631,,0.3533971754496285,0.0,0.0,0.6036254999926314,3.93250011256896,652,1,2026-08-31T10:18:40.230938+00:00,1806733
e2_uci,wine_quality_red,map,epochs=20,7,7,1439,160,random,0.6749967125770487,0.5008373792973064,-1.0379105591841695,1.0379105591841695,0.3699505022218808,0.9125,2.3803718370561997,3.657917333119003,0.0365131578947368,,0.3687511923937833,0.0,0.0,0.5942248000064865,3.733750054379925,652,1,2026-08-31T10:18:40.488684+00:00,1806733
e2_uci,wine_quality_red,map,epochs=20,8,8,1439,160,random,0.5943138960720482,0.4462874152253839,-0.8993949093814869,0.8993949093814869,0.3241189261812948,0.9625,2.397320423616321,3.128083797414365,0.0585526315789474,,0.3740210087979977,0.0,0.0,0.5791955000022426,2.293750003445893,652,1,2026-08-31T10:18:40.523523+00:00,1806733
e2_uci,wine_quality_red,map,epochs=20,9,9,1439,160,random,0.664046246651692,0.5017034250111498,-1.018434908880967,1.018434908880967,0.3668494713376877,0.90625,2.375496288243826,3.548511197106592,0.0187499999999999,,0.3672421649466324,0.0,0.0,0.5961855000059586,2.286874951096252,652,1,2026-08-31T10:18:40.678458+00:00,1806733
e2_uci,wine_quality_red,map,epochs=20,10,10,1439,160,random,0.6677385955447539,0.5229772322520713,-1.0230322463911885,1.0230322463911885,0.3733928917067033,0.93125,2.4003471050781475,3.352073505147513,0.0177631578947368,,0.3749660281283419,0.0,0.0,0.5976021999958903,3.4374999813735485,652,1,2026-08-31T10:18:40.889566+00:00,1806733
e2_uci,wine_quality_red,map,epochs=20,11,11,1439,160,random,0.6486101237808614,0.5090487144834508,-0.9927362470693376,0.9927362470693376,0.3630223415707075,0.93125,2.347491782349321,3.1853738547543715,0.0361842105263158,,0.3586344358626915,0.0,0.0,0.5795985999866389,3.421250039536972,652,1,2026-08-31T10:18:41.124700+00:00,1806733
e2_uci,wine_quality_red,map,epochs=20,12,12,1439,160,random,0.664237274553098,0.5014493223551809,-1.019451274234378,1.019451274234378,0.3631652267540651,0.9375,2.3677480061988487,3.601461626224638,0.0703947368421052,,0.3648503656122505,0.0,0.0,0.6139629000099376,3.6987499697715975,652,1,2026-08-31T10:18:41.188729+00:00,1806733
e2_uci,wine_quality_red,map,epochs=20,13,13,1439,160,random,0.6354476376786133,0.4783151807344854,-0.9683136636613164,0.9683136636613164,0.3459694100647456,0.925,2.3646812116360825,3.489409259908328,0.0312499999999999,,0.3639058423938999,0.0,0.0,0.5896360000187997,3.189999915775843,652,1,2026-08-31T10:18:41.320537+00:00,1806733
e2_uci,wine_quality_red,map,epochs=20,14,14,1439,160,random,0.6083562408963845,0.4799862351801314,-0.922381064867483,0.922381064867483,0.3390185706516443,0.95,2.4354564073658485,2.999161442595026,0.0582236842105263,,0.3860153257550469,0.0,0.0,0.5919857999833766,3.4631249945960008,652,1,2026-08-31T10:18:41.539615+00:00,1806733
e2_uci,wine_quality_red,map,epochs=20,15,15,1439,160,random,0.5756548530276248,0.454791862729729,-0.8699084747865319,0.8699084747865319,0.3227636270568201,0.95625,2.390822276946529,2.8935751826773326,0.0322368421052631,,0.3719961235267735,0.0,0.0,0.5873241999943275,2.2343750970321707,652,1,2026-08-31T10:18:41.761756+00:00,1806733
e2_uci,wine_quality_red,map,epochs=20,16,16,1439,160,random,0.5841500840763897,0.4624401568225479,-0.8844051399394548,0.8844051399394548,0.328449031188198,0.95625,2.422667662018277,2.839543511567564,0.0226973684210526,,0.3819719847685729,0.0,0.0,0.5970087999885436,3.529374953359365,652,1,2026-08-31T10:18:41.838847+00:00,1806733
e2_uci,wine_quality_red,map,epochs=20,17,17,1439,160,random,0.6206561292881406,0.4900919412859943,-0.9423596382923742,0.9423596382923742,0.3474783334903031,0.94375,2.3851155451805,3.086129647939305,0.0180921052631579,,0.3702223835653241,0.0,0.0,0.6170592000125907,4.133125003136229,652,1,2026-08-31T10:18:41.987754+00:00,1806733
e2_uci,wine_quality_red,map,epochs=20,18,18,1439,160,random,0.6552537011189881,0.5030128360598649,-1.0014726437537325,1.0014726437537325,0.3644008574565672,0.925,2.3928402815519942,3.356004643709549,0.0345394736842105,,0.3726243648749588,0.0,0.0,0.598148899996886,2.3506250727223232,652,1,2026-08-31T10:18:42.193503+00:00,1806733
e2_uci,wine_quality_red,map,epochs=20,19,19,1439,160,random,0.6120296928126646,0.4715577313782511,-0.928226308997562,0.928226308997562,0.3398189717408605,0.94375,2.360778492156858,3.018894031238961,0.013157894736842,,0.3627056379601746,0.0,0.0,0.6138714000117034,3.328749880893156,652,1,2026-08-31T10:18:42.426003+00:00,1806733
e2_uci,kin8nm,map,epochs=1000,0,0,7373,819,random,0.0732588819875067,0.0571861402144711,1.1887409203135588,-1.1887409203135588,0.040864403467437,0.9230769230769232,0.2661595285076141,0.3721440913211148,0.0675085148769358,,0.0046102859565858,0.0,0.0,141.37871980000637,1.2377289454174092,502,1,2026-08-31T10:21:03.304026+00:00,1806733
e2_uci,kin8nm,map,epochs=1000,1,1,7373,819,random,0.0729850242312029,0.0554748113129791,1.191079921699529,-1.191079921699529,0.040114360844303,0.9328449328449328,0.2630251658568096,0.384637621003663,0.0180322601375233,,0.0045023414998824,0.0,0.0,140.3410233000177,1.4691086973817575,502,1,2026-08-31T10:21:02.411547+00:00,1806733
e2_uci,kin8nm,map,epochs=1000,2,2,7373,819,random,0.0723171449153841,0.0554673707672836,1.2046786165366647,-1.2046786165366647,0.0402600296049337,0.9328449328449328,0.2684518900216512,0.3629121268630655,0.0448235974551764,,0.0046900422873187,0.0,0.0,140.10914199997205,1.1221001377290567,502,1,2026-08-31T10:21:02.386700+00:00,1806733
e2_uci,kin8nm,map,epochs=1000,3,3,7373,819,random,0.0725711172972793,0.0576338724379798,1.1991241125182814,-1.1991241125182814,0.0407789613775404,0.9377289377289376,0.2652612962322908,0.3533719514958682,0.0492577597840755,,0.0045792209784849,0.0,0.0,141.0767354000127,2.857631233592446,502,1,2026-08-31T10:21:03.590124+00:00,1806733
e2_uci,kin8nm,map,epochs=1000,4,4,7373,819,random,0.073581685118353,0.0581895898373193,1.190023796486365,-1.190023796486365,0.0414306942140493,0.9365079365079364,0.2827833430956385,0.3447867550277647,0.0680868838763576,,0.0052041700083808,0.0,0.0,140.55631189999986,1.5608058765903572,502,1,2026-08-31T10:21:17.991203+00:00,1806733
e2_uci,kin8nm,map,epochs=1000,5,5,7373,819,random,0.0766827759312815,0.0593539346493727,1.1388554439494964,-1.1388554439494964,0.0424352003241131,0.9255189255189256,0.2725043860490009,0.4083922942478571,0.0573549257759783,,0.0048327109492823,0.0,0.0,139.98794039999484,1.57326007726965,502,1,2026-08-31T10:21:17.493301+00:00,1806733
e2_uci,kin8nm,map,epochs=1000,6,6,7373,819,random,0.0733045941984817,0.0565449034316783,1.1904720924750545,-1.1904720924750545,0.0405869463983064,0.927960927960928,0.2706723831670114,0.3789649605932532,0.0270933744617954,,0.0047679503041029,0.0,0.0,140.54246820000117,1.483150176199037,502,1,2026-08-31T10:21:18.248860+00:00,1806733
e2_uci,kin8nm,map,epochs=1000,7,7,7373,819,random,0.0732583945685801,0.0575951654478568,1.191476746956358,-1.191476746956358,0.0409102558487623,0.9328449328449328,0.2713219283119858,0.3659146863210528,0.0289570079043763,,0.0047908615072458,0.0,0.0,140.27090010000393,1.248595867958716,502,1,2026-08-31T10:21:18.096839+00:00,1806733
e2_uci,kin8nm,map,epochs=1000,8,8,7373,819,random,0.0728976088749227,0.0586182679708227,1.1956832318252235,-1.1956832318252235,0.0412587180108995,0.9267399267399268,0.2684335021441831,0.3388353018728153,0.0120172225435383,,0.0046893998111615,0.0,0.0,141.90622010000516,1.4345543129285467,502,1,2026-08-31T10:23:24.387936+00:00,1806733
e2_uci,kin8nm,map,epochs=1000,9,9,7373,819,random,0.0778511822779523,0.06055428874347,1.1155115497321173,-1.1155115497321173,0.0435414993332849,0.9084249084249084,0.2679322468294516,0.4005376263164552,0.0851166377482167,,0.0046719028005945,0.0,0.0,140.81617949999054,1.10903543179061,502,1,2026-08-31T10:23:23.326854+00:00,1806733
e2_uci,kin8nm,map,epochs=1000,10,10,7373,819,random,0.0681511849874486,0.0528270326206069,1.2670458647196925,-1.2670458647196925,0.0378548408719623,0.9511599511599512,0.2688954150395667,0.330991471776183,0.0110404215667373,,0.004705552473958,0.0,0.0,141.74944250000408,1.5903541179185094,502,1,2026-08-31T10:23:25.146755+00:00,1806733
e2_uci,kin8nm,map,epochs=1000,11,11,7373,819,random,0.0767144043310469,0.0604937177244557,1.138777656761652,-1.138777656761652,0.0429805982526961,0.9316239316239316,0.2730416252216426,0.3726390229013206,0.0902576955208534,,0.0048517849978022,0.0,0.0,141.38431729999138,1.687179505768185,502,1,2026-08-31T10:23:25.074801+00:00,1806733
e2_uci,kin8nm,map,epochs=1000,12,12,7373,819,random,0.0730550600811872,0.0562482047381892,1.1928775004801984,-1.1928775004801984,0.0405831559275642,0.934065934065934,0.2677575135721883,0.3730625648759972,0.0397468029046975,,0.004665811181428,0.0,0.0,140.79937270001392,1.1785103972450863,502,1,2026-08-31T10:23:38.375814+00:00,1806733
e2_uci,kin8nm,map,epochs=1000,13,13,7373,819,random,0.0688949149628521,0.0526538697469557,1.256027624851476,-1.256027624851476,0.0382942642995102,0.945054945054945,0.2739933017329875,0.3508509881600253,0.0207827260458839,,0.004885665374709,0.0,0.0,142.24767989999964,1.69987790855114,502,1,2026-08-31T10:23:40.324701+00:00,1806733
e2_uci,kin8nm,map,epochs=1000,14,14,7373,819,random,0.0753391947493106,0.0579145845346895,1.1468911563574635,-1.1468911563574635,0.041773914808463,0.9169719169719168,0.258077083102906,0.3878298999665969,0.0792686845318423,,0.0043345369514379,0.0,0.0,141.93964450000203,1.2766788611290874,502,1,2026-08-31T10:23:40.127855+00:00,1806733
e2_uci,kin8nm,map,epochs=1000,15,15,7373,819,random,0.0728409862828707,0.0566860028761952,1.19999947959999,-1.19999947959999,0.0405982432508797,0.934065934065934,0.2790316471488738,0.3653476479809059,0.0177045177045176,,0.0050669982254648,0.0,0.0,141.48432859999593,1.516605615649959,502,1,2026-08-31T10:23:39.849850+00:00,1806733
e2_uci,kin8nm,map,epochs=1000,16,16,7373,819,random,0.0744229436699366,0.057425161047247,1.1709489665202732,-1.1709489665202732,0.0411944711169739,0.9267399267399268,0.2673183146496417,0.3872483184423141,0.0366621682411155,,0.0046505172046991,0.0,0.0,134.2776237000071,1.403418793462408,502,1,2026-08-31T10:25:37.697975+00:00,1806733
e2_uci,kin8nm,map,epochs=1000,17,17,7373,819,random,0.0725280001659673,0.0569026880271692,1.2015737742730683,-1.2015737742730683,0.040672335967339,0.9365079365079364,0.2687896983220246,0.354085220875768,0.0589615063299274,,0.0047018532083984,0.0,0.0,134.10769089998212,1.616239327691741,502,1,2026-08-31T10:25:38.571481+00:00,1806733
e2_uci,kin8nm,map,epochs=1000,18,18,7373,819,random,0.0756248084979338,0.0596483490521738,1.1462864145377667,-1.1462864145377667,0.0425777567902868,0.9133089133089132,0.2618576139993035,0.3815405075446079,0.1121714542767175,,0.0044624590038569,0.0,0.0,133.92905450001126,0.9946275990847522,502,1,2026-08-31T10:25:39.088286+00:00,1806733
e2_uci,kin8nm,map,epochs=1000,19,19,7373,819,random,0.074609611426982,0.0585801976928011,1.1706051423546973,-1.1706051423546973,0.0416563421585556,0.9316239316239316,0.271289745983415,0.3748416127785079,0.0727138358717306,,0.0047897250570062,0.0,0.0,134.48567080000066,1.1247863253335195,502,1,2026-08-31T10:25:39.737235+00:00,1806733
e2_uci,power_plant,map,epochs=50,0,0,8611,957,random,4.362592909515425,3.258694392429341,-2.8964482689091984,2.8964482689091984,2.3262525875895275,0.9613375130616508,16.021500797908402,21.60265270289669,0.0227960182588131,,16.705143787731537,0.0,0.0,8.082924899994396,1.3038662324057135,302,1,2026-08-31T10:23:46.585949+00:00,1806733
e2_uci,power_plant,map,epochs=50,1,1,8611,957,random,3.896745590633041,3.064237587382639,-2.7844908824524373,2.7844908824524373,2.1823784792038103,0.9582027168234064,16.4713167469121,19.255467504345567,0.0164274322169058,,17.656331099761996,0.0,0.0,8.196299500006717,1.445768024896971,302,1,2026-08-31T10:23:48.119035+00:00,1806733
e2_uci,power_plant,map,epochs=50,2,2,8611,957,random,4.168422162376198,3.1374701645542387,-2.847099412291072,2.847099412291072,2.2534780452064203,0.9540229885057472,15.940309191321523,20.69276505887228,0.04858934169279,,16.536260635290155,0.0,0.0,8.057181200012565,1.519958189637045,302,1,2026-08-31T10:23:48.253871+00:00,1806733
e2_uci,power_plant,map,epochs=50,3,3,8611,957,random,4.264031833467414,3.1812613830460115,-2.87138092243839,2.87138092243839,2.266065207441108,0.9634273772204808,15.955852675582426,20.641186317800194,0.0385249958752681,,16.568525558142532,0.0,0.0,8.077829099987866,0.7016718817744385,302,1,2026-08-31T10:23:48.463691+00:00,1806733
e2_uci,power_plant,map,epochs=50,4,4,8611,957,random,4.3460925047443535,3.331196221575349,-2.893597076147147,2.893597076147147,2.38683215085654,0.9404388714733544,15.85909827813526,22.06047489618989,0.0359951603145796,,16.36819564748754,0.0,0.0,8.121624199993676,2.2664576948424773,302,1,2026-08-31T10:23:54.770622+00:00,1806733
e2_uci,power_plant,map,epochs=50,5,5,8611,957,random,4.261636880551044,3.2586019269801283,-2.869948933144435,2.869948933144435,2.3162844107969325,0.960292580982236,16.10830608699851,21.20892423451472,0.0490293130946488,,16.886652773330212,0.0,0.0,8.283622599992668,1.3735632158138535,302,1,2026-08-31T10:23:56.471781+00:00,1806733
e2_uci,power_plant,map,epochs=50,6,6,8611,957,random,4.054107900036956,3.1895470463290105,-2.8188808544031,2.8188808544031,2.266155809616964,0.9665621734587252,16.125845615311164,19.236371465924154,0.0238794478358907,,16.923446856177833,0.0,0.0,8.136079699994298,1.3212121153579268,302,1,2026-08-31T10:23:56.461382+00:00,1806733
e2_uci,power_plant,map,epochs=50,7,7,8611,957,random,4.035230897741335,3.271505973113325,-2.815237632125412,2.815237632125412,2.281492839939673,0.9592476489028212,16.390539031651063,18.947791732512403,0.0710278831875928,,17.483577352231897,0.0,0.0,8.138899299985496,1.7359456528647723,302,1,2026-08-31T10:23:56.668024+00:00,1806733
e2_uci,power_plant,map,epochs=50,8,8,8611,957,random,4.30967839081776,3.1112638146026037,-2.881528094774414,2.881528094774414,2.251319840609639,0.9540229885057472,16.215305580275803,22.54106252193805,0.0204641698289611,,17.11173718987132,0.0,0.0,8.156935200007865,0.7942528695027687,302,1,2026-08-31T10:24:02.993824+00:00,1806733
e2_uci,power_plant,map,epochs=50,9,9,8611,957,random,4.210267076220582,3.3150188149197715,-2.8574114447817696,2.8574114447817696,2.34677418828144,0.9498432601880876,16.008842103051045,20.692862252441863,0.0156079854809437,,16.6787565247225,0.0,0.0,8.108173299988266,0.9237199667996904,302,1,2026-08-31T10:24:04.622992+00:00,1806733
e2_uci,power_plant,map,epochs=50,10,10,8611,957,random,4.042434339950884,3.205587345117702,-2.815844389888095,2.815844389888095,2.266181757988898,0.962382445141066,15.968327801237642,18.893838679309976,0.0285541439806412,,16.59444397751636,0.0,0.0,8.135982399981003,1.517972833980089,302,1,2026-08-31T10:24:04.673414+00:00,1806733
e2_uci,power_plant,map,epochs=50,11,11,8611,957,random,4.34585543468115,3.210139978383008,-2.8929735475452656,2.8929735475452656,2.325281245214489,0.9467084639498432,15.918662638833158,23.389543642902265,0.0185832920860143,,16.491379449643194,0.0,0.0,8.10547590002534,1.3735632462253795,302,1,2026-08-31T10:24:04.836015+00:00,1806733
e2_uci,power_plant,map,epochs=50,12,12,8611,957,random,3.966620827457623,3.115500262063732,-2.7982395498939385,2.7982395498939385,2.20433138139851,0.9613375130616508,16.146301241796063,19.50103991232101,0.0214761040532365,,16.966408854001315,0.0,0.0,8.227423699980136,1.1789968712673822,302,1,2026-08-31T10:24:11.289455+00:00,1806733
e2_uci,power_plant,map,epochs=50,13,13,8611,957,random,4.193384854692142,3.222504645078601,-2.852447119286396,2.852447119286396,2.3053854555642146,0.9561128526645768,16.428227933155203,20.878095695948023,0.0094978826376285,,17.564074328339046,0.0,0.0,8.250002499989932,1.4803552663862676,302,1,2026-08-31T10:24:12.943715+00:00,1806733
e2_uci,power_plant,map,epochs=50,14,14,8611,957,random,4.070039192575472,3.1767264796051013,-2.8227512245195587,2.8227512245195587,2.2601009238775065,0.955067920585162,16.158254919021775,20.409387760101204,0.0241709288896222,,16.991539816956468,0.0,0.0,8.171882199996617,1.455799388419934,302,1,2026-08-31T10:24:12.911412+00:00,1806733
e2_uci,power_plant,map,epochs=50,15,15,8611,957,random,4.0550559685100565,3.184482618149565,-2.8200442918305955,2.8200442918305955,2.26332361493296,0.9540229885057472,16.448021296438153,19.9676465465594,0.0511191772534785,,17.60642357472927,0.0,0.0,8.12342869999702,1.7503657341275909,302,1,2026-08-31T10:24:13.025856+00:00,1806733
e2_uci,power_plant,map,epochs=50,16,16,8611,957,random,3.9802022213040367,3.0929181770040763,-2.803190636506282,2.803190636506282,2.2073777557497847,0.9728317659352144,16.484639712318597,19.63072864857781,0.0343837650552714,,17.68490560025379,0.0,0.0,8.151547900022706,1.7773249741768231,302,1,2026-08-31T10:24:19.514095+00:00,1806733
e2_uci,power_plant,map,epochs=50,17,17,8611,957,random,4.072610001394094,3.201378163172981,-2.8232521075892687,2.8232521075892687,2.2611303145167696,0.9561128526645768,16.051444099529867,19.516478548386363,0.027525710828796,,16.76764412339688,0.0,0.0,8.08656590001192,1.0068965550266835,302,1,2026-08-31T10:24:21.060093+00:00,1806733
e2_uci,power_plant,map,epochs=50,18,18,8611,957,random,4.286290218194506,3.240944165534087,-2.876684157475502,2.876684157475502,2.2940600090093626,0.9582027168234064,16.023384959614738,20.912909269698897,0.0122807017543859,,16.709073137846048,0.0,0.0,8.121361700003035,1.6816091967518894,302,1,2026-08-31T10:24:21.147958+00:00,1806733
e2_uci,power_plant,map,epochs=50,19,19,8611,957,random,4.428233287671419,3.2503909414265792,-2.911906868490552,2.911906868490552,2.316490167332168,0.9540229885057472,16.203223603742625,22.72431993525296,0.0118297310674805,,17.08624687960614,0.0,0.0,8.087761700007832,1.2271682419906622,302,1,2026-08-31T10:24:21.173566+00:00,1806733
e2_uci,yacht,laplace,epochs=2000,0,0,277,31,random,0.7144540613947936,0.4394770002168268,-1.0032537724650847,1.0032537724650847,0.3467494115532991,0.935483870967742,2.155936092885971,4.714212460801071,0.0738539898132427,,0.2501337365349873,0.0536957776067814,0.176729959097149,14.551125299971318,864.8032258685317,402,1,2026-08-31T10:26:07.262830+00:00,1806733
e2_uci,yacht,laplace,epochs=2000,1,1,277,31,random,0.4567256467227556,0.3214517652767698,-0.7084121109245088,0.7084121109245088,0.2575672041226872,1.0,2.647611289604532,2.6476112896045323,0.1193548387096773,,0.3321694523070964,0.1375096192804804,0.2927735715702212,14.461226900020849,855.5354837763814,402,1,2026-08-31T10:26:07.171576+00:00,1806733
e2_uci,yacht,laplace,epochs=2000,2,2,277,31,random,0.630340897212978,0.5003963900347601,-0.8972202835875659,0.8972202835875659,0.3406521658111375,0.967741935483871,2.4914324564829773,3.31288217140913,0.1996604414261459,,0.3318307736526436,0.0738374690720382,0.1820144179295547,14.574278399988543,846.1806451856729,402,1,2026-08-31T10:26:07.359569+00:00,1806733
e2_uci,yacht,laplace,epochs=2000,3,3,277,31,random,1.2060738889349534,0.7492562008569303,-1.7235632370589609,1.7235632370589609,0.576203537051334,0.8387096774193549,2.5102919795297427,9.24027362854904,0.1943972835314092,,0.3137236911894342,0.1012825501380653,0.244050667320299,14.7488258999947,901.4322582046472,402,1,2026-08-31T10:26:07.555115+00:00,1806733
e2_uci,yacht,laplace,epochs=2000,4,4,277,31,random,0.5732531987869304,0.4267664766805071,-0.7228524822210943,0.7228524822210943,0.299321220631588,0.967741935483871,2.1984737336761437,2.5731698641698406,0.0448217317487266,,0.1994728101764266,0.1357331302697371,0.4049245967690025,14.7354319000151,961.1451607798376,402,1,2026-08-31T10:26:07.572109+00:00,1806733
e2_uci,yacht,laplace,epochs=2000,5,5,277,31,random,0.4459744484378209,0.3218141930722671,-0.5870963228351904,0.5870963228351904,0.2422064208319757,0.967741935483871,2.08284943657933,2.096479455230945,0.0799660441426146,,0.2020038187108538,0.0833307332813465,0.2920457151071714,14.659898700017948,828.8161292101347,402,1,2026-08-31T10:26:07.495880+00:00,1806733
e2_uci,yacht,laplace,epochs=2000,6,6,277,31,random,0.4553136410728369,0.3254769973263046,-0.6876173688076609,0.6876173688076609,0.2535321026287925,0.967741935483871,2.3818549116115846,2.8008312314661303,0.1146010186757215,,0.2936362241872204,0.0771792200899493,0.2081337799734711,14.713005099998554,976.3870968468368,402,1,2026-08-31T10:26:07.575581+00:00,1806733
e2_uci,yacht,laplace,epochs=2000,7,7,277,31,random,0.6836384548504068,0.4564209915141528,-0.8623971784624743,0.8623971784624743,0.3347421909194856,0.967741935483871,2.662547251149848,3.1898354274901,0.0791171477079796,,0.3427422529302961,0.1326929047929965,0.2790977962766165,14.952938000002176,767.6419355125437,402,1,2026-08-31T10:26:07.830050+00:00,1806733
e2_uci,yacht,laplace,epochs=2000,8,8,277,31,random,0.5664262799506602,0.4094506167820894,-0.7816631013555616,0.7816631013555616,0.302428022608333,0.935483870967742,2.3212524431519146,2.806439021331657,0.1928692699490662,,0.2702694745078362,0.0829814710093336,0.2349079940546126,15.49336900000344,782.7193541978035,402,1,2026-08-31T10:26:22.753330+00:00,1806733
e2_uci,yacht,laplace,epochs=2000,9,9,277,31,random,0.391350305115326,0.2546492155736478,-0.4787016015926986,0.4787016015926986,0.2084154186059816,0.935483870967742,1.9315669977572507,2.240811714236647,0.1237691001697792,,0.1887944333573849,0.0550140478264977,0.2256445204832955,15.649395599990385,749.087096342156,402,1,2026-08-31T10:26:23.000796+00:00,1806733
e2_uci,yacht,laplace,epochs=2000,10,10,277,31,random,0.485522720632024,0.3719101779120273,-0.6968123586301097,0.6968123586301097,0.2729567575165276,0.935483870967742,2.038882716642115,2.27357180237969,0.0594227504244482,,0.1832240512614505,0.0977951853126615,0.3480017471575132,15.61075819999678,636.5322577391541,402,1,2026-08-31T10:26:23.057315+00:00,1806733
e2_uci,yacht,laplace,epochs=2000,11,11,277,31,random,1.2429240911927757,0.555013072198265,-1.3883550136281455,1.3883550136281455,0.4473500850083043,0.9032258064516128,2.017908786541702,9.103826400882731,0.1302207130730051,,0.1930334323467752,0.0798241940622879,0.2925488838732949,15.663635300006716,767.7032253629859,402,1,2026-08-31T10:26:23.252044+00:00,1806733
e2_uci,yacht,laplace,epochs=2000,12,12,277,31,random,0.5556161318147341,0.3691838333214447,-0.5852194406178854,0.5852194406178854,0.2648227105086335,0.967741935483871,2.0840112604412,2.690856112177707,0.0511035653650254,,0.177125566254648,0.1223551349140899,0.4085576614339189,15.599528199993074,814.1903221727379,402,1,2026-08-31T10:26:23.253483+00:00,1806733
e2_uci,yacht,laplace,epochs=2000,13,13,277,31,random,0.8372755941002431,0.5856190053510952,-0.9849348319929204,0.9849348319929204,0.4110352478021729,0.967741935483871,2.053071760565766,3.441128133107786,0.131409168081494,,0.1653984036490985,0.1387464906995367,0.4561854999955855,15.461281600000802,713.193547844346,402,1,2026-08-31T10:26:23.121123+00:00,1806733
e2_uci,yacht,laplace,epochs=2000,14,14,277,31,random,0.5788411039718858,0.3616776823876854,-0.7888956844956893,0.7888956844956893,0.2935773860022843,0.9032258064516128,2.491436325202295,3.2269663844222296,0.1001697792869269,,0.287824835578417,0.1257382668178084,0.304036472522013,15.766719399980502,579.1870972907711,402,1,2026-08-31T10:26:23.427659+00:00,1806733
e2_uci,yacht,laplace,epochs=2000,15,15,277,31,random,0.3403566847578299,0.2717590448829239,-0.4181675535672268,0.4181675535672268,0.1968252980735032,1.0,1.9060310705544008,1.9060310705544008,0.0578947368421052,,0.1586305649400844,0.0850878272259048,0.3491235374963169,15.468952899973374,669.703226453895,402,1,2026-08-31T10:26:23.385807+00:00,1806733
e2_uci,yacht,laplace,epochs=2000,16,16,277,31,random,0.4425748144739583,0.3575487921138157,-0.6519618563753221,0.6519618563753221,0.2540736336279177,1.0,2.262449166607407,2.262449166607407,0.0587436332767401,,0.2499296405648772,0.0848317968431451,0.2534097042358806,16.130711600009818,714.3645160531084,402,1,2026-08-31T10:26:38.964870+00:00,1806733
e2_uci,yacht,laplace,epochs=2000,17,17,277,31,random,0.9250669062043856,0.6547899153304053,-1.2430840079238303,1.2430840079238303,0.4693683123444551,0.9032258064516128,2.135412055687089,5.308885804250078,0.2062818336162987,,0.2051410954341157,0.1011502272745401,0.330241896440384,16.055364100000588,665.4387088342299,402,1,2026-08-31T10:26:39.140687+00:00,1806733
e2_uci,yacht,laplace,epochs=2000,18,18,277,31,random,1.0532598522168577,0.6433611867310718,-1.3691418960244828,1.3691418960244828,0.4988510305188847,0.8387096774193549,2.474300122797922,7.698164105603802,0.1140916808149405,,0.2704062074512923,0.1477280815969902,0.3533029590403476,16.163446299993666,764.2645167276985,402,1,2026-08-31T10:26:39.307022+00:00,1806733
e2_uci,yacht,laplace,epochs=2000,19,19,277,31,random,1.1203370698368171,0.7479112909834827,-1.3615428026798138,1.3615428026798138,0.5408369289969593,0.8709677419354839,2.267855169096384,5.923743276138902,0.1297113752122241,,0.1844026961765078,0.1911987198899968,0.5090468558194755,15.915915399993535,630.1709677978989,402,1,2026-08-31T10:26:39.113456+00:00,1806733
e2_uci,energy,laplace,epochs=1000,0,0,691,77,random,0.4699139545597021,0.3781066150027058,-0.657589515816207,0.657589515816207,0.2649556664197879,0.935064935064935,1.7995164997657376,2.218624595036081,0.069377990430622,,0.1731958850539427,0.0382243409528349,0.1807979381859594,16.762172099988675,489.5623378733826,502,1,2026-08-31T10:26:40.108976+00:00,1806733
e2_uci,energy,laplace,epochs=1000,1,1,691,77,random,0.6230144851546793,0.4505917799086152,-1.0522194899558572,1.0522194899558572,0.3272208169258006,0.9090909090909092,1.7664535673461317,3.8894099130644495,0.0548872180451127,,0.1588853383254871,0.0454080347911813,0.222268760354011,16.685303100006422,503.1558443102744,502,1,2026-08-31T10:26:40.032335+00:00,1806733
e2_uci,energy,laplace,epochs=1000,2,2,691,77,random,0.5113556479461103,0.3841193856970003,-0.7525186348141109,0.7525186348141109,0.2793347292711146,0.948051948051948,1.837126917339859,2.7586013297579144,0.0520164046479836,,0.1767852495008808,0.0436446399547568,0.197997830795721,16.6749377999804,497.1805194924985,502,1,2026-08-31T10:26:40.159348+00:00,1806733
e2_uci,energy,laplace,epochs=1000,3,3,691,77,random,0.5049703806349313,0.4044040265271165,-0.774621297095438,0.774621297095438,0.283224200988747,0.922077922077922,1.6805339740509904,2.680634147792885,0.0291866028708134,,0.140390095349081,0.044192640919049,0.2394191451082057,16.647107199998572,538.9246753229481,502,1,2026-08-31T10:26:40.171666+00:00,1806733
e2_uci,energy,laplace,epochs=1000,4,4,691,77,random,0.574763049078123,0.4300310642688064,-0.9497494238785722,0.9497494238785722,0.3131209861318306,0.8961038961038961,1.6834777877527225,3.606778880562572,0.0699248120300752,,0.1471806706899304,0.037968305657086,0.2050689472132094,15.53584579998278,493.4818183779475,502,1,2026-08-31T10:26:54.591508+00:00,1806733
e2_uci,energy,laplace,epochs=1000,5,5,691,77,random,0.448759255809194,0.3352071255074869,-0.624054655534223,0.624054655534223,0.245796416777719,0.922077922077922,1.781417004867854,2.555118474032739,0.08838004101162,,0.1649183547448958,0.0425692222496797,0.2051651615305751,15.700870500004385,513.7415583148695,502,1,2026-08-31T10:26:54.903763+00:00,1806733
e2_uci,energy,laplace,epochs=1000,6,6,691,77,random,0.4790748792031109,0.3858121305668766,-0.690743132384399,0.690743132384399,0.2724868499114082,0.961038961038961,1.8629371881194443,2.1590379182116526,0.031784005468216,,0.1799978394234001,0.0473654778986949,0.2083250651713286,15.852184099989245,486.505194793927,502,1,2026-08-31T10:26:55.079498+00:00,1806733
e2_uci,energy,laplace,epochs=1000,7,7,691,77,random,0.481934011317148,0.3557488105478436,-0.7010113055331294,0.7010113055331294,0.2648460365621899,0.922077922077922,1.7571558661622215,2.6044270004592103,0.0256322624743677,,0.1576607291828181,0.0446214118278536,0.2205899720306971,15.925565899990032,580.0883117881785,502,1,2026-08-31T10:26:55.328319+00:00,1806733
e2_uci,energy,laplace,epochs=1000,8,8,691,77,random,0.5587332005890165,0.3629527500619857,-0.8747006967119452,0.8747006967119452,0.2733700116655073,0.922077922077922,1.6912999536185775,3.50179960612567,0.031373889268626,,0.1410579691244326,0.046094522914063,0.2462939307513032,15.730354100000111,490.6649353563205,502,1,2026-08-31T10:26:55.859847+00:00,1806733
e2_uci,energy,laplace,epochs=1000,9,9,691,77,random,0.4008756091090221,0.3256086464757246,-0.5272599687123237,0.5272599687123237,0.2279355734926855,0.987012987012987,1.937522079309144,1.9956846701494733,0.1021872863978127,,0.1864537316246301,0.061737065254367,0.2487484065916684,15.82816800000728,531.0155842876569,502,1,2026-08-31T10:26:56.031916+00:00,1806733
e2_uci,energy,laplace,epochs=1000,10,10,691,77,random,0.5637726453826843,0.4218307398496523,-0.8575715168345842,0.8575715168345842,0.3119675510910398,0.8961038961038961,1.792944932359302,2.999793710854973,0.0870813397129187,,0.1609436635850469,0.0496205091337213,0.2356550427977842,15.790432000008876,508.7935064870912,502,1,2026-08-31T10:26:56.042794+00:00,1806733
e2_uci,energy,laplace,epochs=1000,11,11,691,77,random,0.5183942749391949,0.4255452166605239,-0.7401018878231891,0.7401018878231891,0.2937275816447688,0.935064935064935,1.786992652180176,2.304892104313406,0.0609706083390294,,0.160337025610912,0.0481978388995564,0.2311260470171256,15.813245500001358,447.5883116746055,502,1,2026-08-31T10:26:56.073266+00:00,1806733
e2_uci,energy,laplace,epochs=1000,12,12,691,77,random,0.6088050093631772,0.3936776952400749,-0.9480591781705128,0.9480591781705128,0.3047185603657796,0.8961038961038961,1.8387733014638896,4.0226795519547,0.0549555707450443,,0.1794593805361704,0.0411016156900499,0.1863503357043858,16.202413799997885,511.0168830316224,502,1,2026-08-31T10:27:10.886008+00:00,1806733
e2_uci,energy,laplace,epochs=1000,13,13,691,77,random,0.5071082205660031,0.3970431768341719,-0.7252341455864527,0.7252341455864527,0.28288434331739,0.935064935064935,1.839479391056212,2.391879570904835,0.0632262474367737,,0.1745976688188155,0.0467117403251379,0.2110698343365679,16.25676410002052,496.889610454295,502,1,2026-08-31T10:27:11.256438+00:00,1806733
e2_uci,energy,laplace,epochs=1000,14,14,691,77,random,0.4883544734911411,0.3554920595424766,-0.6788464127788638,0.6788464127788638,0.2685912388860991,0.8961038961038961,1.7709978286092862,2.3204774566279545,0.0608339029391661,,0.1604133033738588,0.0445946660119048,0.2175264998015323,16.29611880000448,522.2350652269149,502,1,2026-08-31T10:27:11.460848+00:00,1806733
e2_uci,energy,laplace,epochs=1000,15,15,691,77,random,0.4510698510610345,0.3745706213112259,-0.6136341193601408,0.6136341193601408,0.2568150747676768,0.948051948051948,1.780291742224293,2.023831535241234,0.0947368421052631,,0.1585158313809918,0.048772840089781,0.2352894624859318,16.259944099991117,487.2311686782481,502,1,2026-08-31T10:27:11.685849+00:00,1806733
e2_uci,energy,laplace,epochs=1000,16,16,691,77,random,0.5292981306026866,0.3801286355840405,-0.8139243169651488,0.8139243169651488,0.2727779919522663,0.8831168831168831,1.7083169702369738,2.8589098869613245,0.0960355434039645,,0.151264720108274,0.0393971656466144,0.2066336724334236,16.097724999999627,500.73116866557245,502,1,2026-08-31T10:27:12.055839+00:00,1806733
e2_uci,energy,laplace,epochs=1000,17,17,691,77,random,0.4238667344826117,0.3206173455829704,-0.5659905504661781,0.5659905504661781,0.2346702779665735,0.961038961038961,1.7611626889518817,2.2383285495041987,0.0453861927546138,,0.1634372054485608,0.0392457253100489,0.1936311319515583,16.2310690000013,459.4922077074018,502,1,2026-08-31T10:27:12.361466+00:00,1806733
e2_uci,energy,laplace,epochs=1000,18,18,691,77,random,0.4853185919986805,0.3597511779509458,-0.6875174110021076,0.6875174110021076,0.259535974104197,0.948051948051948,1.6788952957170524,2.5470796295143154,0.0716336295283664,,0.1461541279140026,0.0381054422508858,0.2068030562362998,16.240225899993675,487.30649354916017,502,1,2026-08-31T10:27:12.377795+00:00,1806733
e2_uci,energy,laplace,epochs=1000,19,19,691,77,random,0.4965373703475567,0.3768341960916498,-0.7439761094185159,0.7439761094185159,0.2781420998379087,0.8961038961038961,1.74394136856861,2.5306139016636138,0.0283663704716336,,0.1527541758919046,0.0467876179709003,0.2344752799158915,16.124050500016892,484.5272727740034,502,1,2026-08-31T10:27:12.304892+00:00,1806733
e2_uci,concrete,laplace,epochs=1000,0,0,927,103,random,5.482994820464825,3.797020294615341,-3.240567830116841,3.240567830116841,2.827308146481094,0.8543689320388349,13.369776124782936,37.63648047008369,0.062340316811446,,7.529066633880079,4.526225944318775,0.3754555034611219,21.033327999990437,402.915533925904,502,1,2026-08-31T10:27:32.019861+00:00,1806733
e2_uci,concrete,laplace,epochs=1000,1,1,927,103,random,4.015001970606673,3.084481336914238,-2.7883806879741084,2.7883806879741084,2.214621004116478,0.9320388349514565,14.879890114741666,20.39414485220908,0.0779253960143075,,9.393357589441546,5.322447238517517,0.3616823748848051,20.966017799975816,435.38640772028674,502,1,2026-08-31T10:27:32.323320+00:00,1806733
e2_uci,concrete,laplace,epochs=1000,2,2,927,103,random,4.642271201508489,3.122431335576048,-2.87977359353003,2.87977359353003,2.3621363128391035,0.9029126213592232,14.245359266934466,27.235322718201942,0.0294328053142564,,9.13200069858014,4.254947842059276,0.3178429967921606,21.20213610000792,410.4184466007265,502,1,2026-08-31T10:27:32.756006+00:00,1806733
e2_uci,concrete,laplace,epochs=1000,3,3,927,103,random,5.611499832120948,3.894662790656752,-3.325759913302733,3.325759913302733,2.9842450561285494,0.8640776699029126,14.429929866234904,39.162567345334274,0.0284108329075114,,8.722245670472363,5.152818426228973,0.3713725854033356,21.19061600000714,362.16699020955167,502,1,2026-08-31T10:27:32.980531+00:00,1806733
e2_uci,concrete,laplace,epochs=1000,4,4,927,103,random,5.752010581650269,3.8462401622070272,-3.245143603233549,3.245143603233549,2.9628792343539003,0.8446601941747572,15.081998585184849,38.750998336246326,0.0272866632600919,,9.187377717299984,6.400632306015368,0.4106125346623331,20.975073600013275,385.1854368971968,502,1,2026-08-31T10:27:33.127013+00:00,1806733
e2_uci,concrete,laplace,epochs=1000,5,5,927,103,random,4.525316507989552,3.3665713454689192,-2.9042988990633987,2.9042988990633987,2.4190802767624047,0.9223300970873788,15.777183255956764,25.47051056900241,0.0753704649974451,,11.659574960362734,5.089276246838618,0.3038582278795591,21.025586400006432,368.6407764636667,502,1,2026-08-31T10:27:33.427166+00:00,1806733
e2_uci,concrete,laplace,epochs=1000,6,6,927,103,random,5.525642222130537,3.6541275232862898,-3.025541541733701,3.025541541733701,2.740113641418509,0.8737864077669902,14.959937116924069,32.961531746143386,0.0289218191108839,,9.70987593117004,5.204893183699469,0.348975779887224,20.91991739999503,403.8067960668608,502,1,2026-08-31T10:27:33.370269+00:00,1806733
e2_uci,concrete,laplace,epochs=1000,7,7,927,103,random,5.420217848244594,3.8155752931952014,-3.354685121032668,3.354685121032668,2.8345596353662,0.8543689320388349,13.872063711818068,35.47032426782887,0.0298926928972917,,9.079792894326742,3.578352551735505,0.2826916918424787,21.167163200007053,355.31650488355274,502,1,2026-08-31T10:27:33.628939+00:00,1806733
e2_uci,concrete,laplace,epochs=1000,8,8,927,103,random,4.37675328832996,3.2784873237854373,-2.8702832446733333,2.8702832446733333,2.3744401626928795,0.8737864077669902,14.103390889699137,23.81556705486,0.0917220235053654,,8.787234912371051,4.474986742760341,0.3374236126591119,20.99550889999955,444.6844661323517,502,1,2026-08-31T10:27:53.108246+00:00,1806733
e2_uci,concrete,laplace,epochs=1000,9,9,927,103,random,5.243183802202969,3.6602838841609455,-3.0222491544138075,3.0222491544138075,2.706830814757564,0.883495145631068,15.020085313635034,30.3293512830084,0.0476239141543177,,9.285707276924924,5.876961677513118,0.3875941429027214,21.06769239998539,344.0291261937903,502,1,2026-08-31T10:27:53.485633+00:00,1806733
e2_uci,concrete,laplace,epochs=1000,10,10,927,103,random,4.359277690471604,3.162472841547557,-2.8663861891785465,2.8663861891785465,2.308214513650717,0.912621359223301,13.596038892236322,24.22508709201036,0.0881451200817578,,8.427195697487408,3.785199078752944,0.3099473238547105,21.166742900008103,443.8932039051597,502,1,2026-08-31T10:27:54.025152+00:00,1806733
e2_uci,concrete,laplace,epochs=1000,11,11,927,103,random,4.610768767629189,3.238790109138585,-2.8496206811310185,2.8496206811310185,2.3390084930011428,0.9514563106796116,15.328651689829766,24.481303296947345,0.059887583035258,,10.732639429524976,4.813721280063319,0.3096365361633758,21.289778499980457,391.7000001608349,502,1,2026-08-31T10:27:54.360905+00:00,1806733
e2_uci,concrete,laplace,epochs=1000,12,12,927,103,random,5.638784318723312,3.4894182250952204,-2.970716012308867,2.970716012308867,2.612349537832217,0.912621359223301,14.76050192675766,31.943459126694524,0.0386816555952989,,9.573660673293675,5.008999407403853,0.3434901026071409,21.183209599985275,407.7737866132294,502,1,2026-08-31T10:27:54.409166+00:00,1806733
e2_uci,concrete,laplace,epochs=1000,13,13,927,103,random,4.480853718006087,3.086633072988814,-2.9393238844790464,2.9393238844790464,2.340780613760805,0.883495145631068,14.071718184901744,28.248943784828807,0.0396014307613694,,8.396549606970481,4.922009439947216,0.3695602071221293,21.17774249997456,378.4427185343958,502,1,2026-08-31T10:27:54.644105+00:00,1806733
e2_uci,concrete,laplace,epochs=1000,14,14,927,103,random,5.740675423341392,3.682673579820644,-3.0658502464929693,3.0658502464929693,2.7477567283618947,0.8932038834951457,14.88775338680461,37.228984403138895,0.0106796116504854,,9.662861529559944,5.133570571715536,0.3469465163343677,21.321162900014315,445.9339806027891,502,1,2026-08-31T10:27:54.845419+00:00,1806733
e2_uci,concrete,laplace,epochs=1000,15,15,927,103,random,5.419890278458173,3.790963943068764,-3.3745251996769245,3.3745251996769245,2.8342935066531507,0.883495145631068,13.940676347006097,34.35090006591398,0.0586101175268267,,8.930944329230428,3.845590178758068,0.3009885173756329,21.37115439999616,401.8504854666919,502,1,2026-08-31T10:27:55.099773+00:00,1806733
e2_uci,concrete,laplace,epochs=1000,16,16,927,103,random,5.068125948117031,3.886971124680675,-3.13857045183208,3.13857045183208,2.8454202860883964,0.8737864077669902,14.51807312767801,29.515819902965436,0.0537557485947879,,9.1421685303713,4.783975800426242,0.343524789546129,23.081117199995788,436.7689320645793,502,1,2026-08-31T10:28:16.297504+00:00,1806733
e2_uci,concrete,laplace,epochs=1000,17,17,927,103,random,5.0273534222343885,3.471858395080281,-2.9539996123548367,2.9539996123548367,2.52675744972944,0.9029126213592232,14.137856202686365,28.784055568463387,0.0411343893714869,,8.41688721884753,5.049366919790844,0.3749644754811826,23.054739799990784,386.1087378345032,502,1,2026-08-31T10:28:16.641521+00:00,1806733
e2_uci,concrete,laplace,epochs=1000,18,18,927,103,random,5.302261135923097,3.750224473622086,-3.238672836416784,3.238672836416784,2.768953779427832,0.883495145631068,14.591950337056232,31.90514305022525,0.0495656617271333,,9.348284735747146,4.7736425811273495,0.3380305303953275,23.412535399984336,340.2669904459702,502,1,2026-08-31T10:28:17.531161+00:00,1806733
e2_uci,concrete,laplace,epochs=1000,19,19,927,103,random,5.820679890395574,3.774456659636304,-3.138237662615312,3.138237662615312,2.872054295065157,0.8640776699029126,15.08074392035699,37.4870249435643,0.0425140521205926,,9.909160676379402,5.206953928370103,0.3444637768712121,22.872029799997108,417.0524271191505,502,1,2026-08-31T10:28:17.333353+00:00,1806733
e2_uci,wine_quality_red,laplace,epochs=20,0,0,1439,160,random,0.6342832961016645,0.501517552908586,-0.9627161656434,0.9627161656434,0.3552679244083712,0.93125,2.4840514646413,3.204543751945056,0.0226973684210526,,0.3656788999305526,0.036849160015572,0.091544326178165,3.1931564999977127,545.7487501189462,652,1,2026-08-31T10:27:57.754546+00:00,1806733
e2_uci,wine_quality_red,laplace,epochs=20,1,1,1439,160,random,0.6370025639900997,0.5048752574691683,-0.948667160592765,0.948667160592765,0.3541671210074975,0.95625,2.562054698478236,3.0423447375692687,0.0282894736842104,,0.369171909134324,0.0620639115160898,0.1439210486329304,3.20826469999156,508.8343748866464,652,1,2026-08-31T10:27:57.986814+00:00,1806733
e2_uci,wine_quality_red,laplace,epochs=20,2,2,1439,160,random,0.7147469547543731,0.532042029115574,-1.0714871515305753,1.0714871515305753,0.3892231026909277,0.925,2.4831540196282327,3.694433726967728,0.0332236842105263,,0.3574844720848961,0.0451039111271444,0.1120348052948873,3.1432128000014927,522.2681249506422,652,1,2026-08-31T10:27:58.125965+00:00,1806733
e2_uci,wine_quality_red,laplace,epochs=20,3,3,1439,160,random,0.6376659593447292,0.4899278116831116,-0.9689319418251672,0.9689319418251672,0.3532632573356989,0.95,2.494922937421534,3.3211158373722967,0.0249999999999999,,0.3560325181448842,0.0508718522426919,0.1250216413115359,3.218057399993995,549.3574999491102,652,1,2026-08-31T10:27:58.581039+00:00,1806733
e2_uci,wine_quality_red,laplace,epochs=20,4,4,1439,160,random,0.570131904789476,0.4423618425800013,-0.8641353892564478,0.8641353892564478,0.3177512379200778,0.96875,2.5486506931526933,2.891265974734889,0.0430921052631578,,0.3670837728645141,0.0583078542852166,0.1370686458403029,3.214470300008543,563.0112498693052,652,1,2026-08-31T10:28:01.122470+00:00,1806733
e2_uci,wine_quality_red,laplace,epochs=20,5,5,1439,160,random,0.6527906628953354,0.5128388273628108,-0.9811718236975188,0.9811718236975188,0.3629704027983913,0.925,2.5450014903726883,3.2516868665226184,0.0325657894736841,,0.3670369879123515,0.0562333980001199,0.1328545531927399,3.2518466000037733,532.7437500454835,652,1,2026-08-31T10:28:01.382009+00:00,1806733
e2_uci,wine_quality_red,laplace,epochs=20,6,6,1439,160,random,0.6764015777713389,0.5270004502595891,-1.0372276342873454,1.0372276342873454,0.3776074134728197,0.91875,2.4991624343597154,3.4939861661647766,0.0230263157894737,,0.3533971754496285,0.0551649535270415,0.1350221902975045,3.238551000016741,508.9637499622768,652,1,2026-08-31T10:28:01.507063+00:00,1806733
e2_uci,wine_quality_red,laplace,epochs=20,7,7,1439,160,random,0.6749967125770487,0.5008373792973064,-0.9846374369718316,0.9846374369718316,0.366121156484596,0.94375,2.5417000533684724,3.3258896761633587,0.0351973684210526,,0.3687511923937833,0.0547796396316316,0.129340382067732,3.292284199997084,525.8818750007777,652,1,2026-08-31T10:28:02.019391+00:00,1806733
e2_uci,wine_quality_red,laplace,epochs=20,8,8,1439,160,random,0.5943138960720482,0.4462874152253839,-0.8796769340934301,0.8796769340934301,0.3236779811890194,0.98125,2.5242368946830767,3.0114743736603278,0.0598684210526316,,0.3740210087979977,0.0419997778756713,0.1009559599448966,3.159721999982139,535.5575000066892,652,1,2026-08-31T10:28:04.429534+00:00,1806733
e2_uci,wine_quality_red,laplace,epochs=20,9,9,1439,160,random,0.664046246651692,0.5017034250111498,-1.0013592285356634,1.0013592285356634,0.367234320146698,0.93125,2.590194089986162,3.3328361465123857,0.025328947368421,,0.3672421649466324,0.0777347315749688,0.1746938597995171,3.208641900011571,564.8324999128818,652,1,2026-08-31T10:28:04.740327+00:00,1806733
e2_uci,wine_quality_red,laplace,epochs=20,10,10,1439,160,random,0.6677385955447539,0.5229772322520713,-0.9682738483811372,0.9682738483811372,0.3674259019340389,0.95625,2.5919614166899807,2.969247911786393,0.019078947368421,,0.3749660281283419,0.072174636611826,0.16141371676353,3.1615644000121392,561.706875123491,652,1,2026-08-31T10:28:04.822762+00:00,1806733
e2_uci,wine_quality_red,laplace,epochs=20,11,11,1439,160,random,0.6486101237808614,0.5090487144834508,-0.981542365380602,0.981542365380602,0.3626053891659015,0.95,2.4844618135461785,3.161425509444186,0.0342105263157895,,0.3586344358626915,0.0440423170722205,0.1093738755744349,3.17796920001274,526.9743749522604,652,1,2026-08-31T10:28:05.344379+00:00,1806733
e2_uci,wine_quality_red,laplace,epochs=20,12,12,1439,160,random,0.664237274553098,0.5014493223551809,-0.9940473523355132,0.9940473523355132,0.3618881214454937,0.94375,2.533313266008291,3.518612507095887,0.0664473684210525,,0.3648503656122505,0.0552418634342047,0.1314993699350146,3.226152999995975,581.0599999676924,652,1,2026-08-31T10:28:07.806110+00:00,1806733
e2_uci,wine_quality_red,laplace,epochs=20,13,13,1439,160,random,0.6354476376786133,0.4783151807344854,-0.961409316493221,0.961409316493221,0.3466074650584942,0.94375,2.5217819272976696,3.4422546231157725,0.0358552631578946,,0.3639058423938999,0.0511104760677891,0.123152931087714,3.258862599992426,529.1174999001669,652,1,2026-08-31T10:28:08.144823+00:00,1806733
e2_uci,wine_quality_red,laplace,epochs=20,14,14,1439,160,random,0.6083562408963845,0.4799862351801314,-0.921420870044735,0.921420870044735,0.3398620310207244,0.96875,2.6038417462261068,3.001252668625446,0.0624999999999999,,0.3860153257550469,0.0575225908039386,0.1296903571406138,3.2762205000035465,483.75562491855817,652,1,2026-08-31T10:28:08.234501+00:00,1806733
e2_uci,wine_quality_red,laplace,epochs=20,15,15,1439,160,random,0.5756548530276248,0.454791862729729,-0.8693767901620294,0.8693767901620294,0.3225185579799538,0.95625,2.5351240507370645,2.8754499841626444,0.0351973684210526,,0.3719961235267735,0.0479664985251729,0.1142161135455521,3.201801399991382,484.45249994983897,652,1,2026-08-31T10:28:08.691825+00:00,1806733
e2_uci,wine_quality_red,laplace,epochs=20,16,16,1439,160,random,0.5841500840763897,0.4624401568225479,-0.8866595269075688,0.8866595269075688,0.3288114852567749,0.95625,2.529758371270551,2.8342744942722127,0.0240131578947368,,0.3819719847685729,0.0352693367533856,0.0845298270668273,3.149199300009059,576.8893748609116,652,1,2026-08-31T10:28:11.111043+00:00,1806733
e2_uci,wine_quality_red,laplace,epochs=20,17,17,1439,160,random,0.6206561292881406,0.4900919412859943,-0.9323946105732028,0.9323946105732028,0.3471975712805042,0.9625,2.5443836860399287,2.937506649414438,0.0194078947368421,,0.3702223835653241,0.0535229580387739,0.1263092541292878,3.143906000012066,507.9312499219668,652,1,2026-08-31T10:28:11.433663+00:00,1806733
e2_uci,wine_quality_red,laplace,epochs=20,18,18,1439,160,random,0.6552537011189881,0.5030128360598649,-0.973520154677443,0.973520154677443,0.3618633538648136,0.95,2.544042094789671,3.197664203475761,0.031578947368421,,0.3726243648749588,0.0514614097314889,0.1213467010989585,3.153009200002998,529.568125057267,652,1,2026-08-31T10:28:11.531520+00:00,1806733
e2_uci,wine_quality_red,laplace,epochs=20,19,19,1439,160,random,0.6120296928126646,0.4715577313782511,-0.90181457299934,0.90181457299934,0.3387538622395031,0.95625,2.5021538898064284,2.801460168668501,0.0184210526315789,,0.3627056379601746,0.0467460934737947,0.1141675315673523,3.212553099991055,481.4424999494804,652,1,2026-08-31T10:28:12.042776+00:00,1806733
e2_uci,kin8nm,laplace,epochs=1000,0,0,7373,819,random,0.0732588819875067,0.0571861402144711,1.1935867055329574,-1.1935867055329574,0.0408345124562556,0.9267399267399268,0.273568249846438,0.3680440029537668,0.0669944090996722,,0.0046102859565858,0.0002610233136023,0.0535838106604639,149.31649569998262,1066.4222222341791,502,1,2026-08-31T10:30:41.392107+00:00,1806733
e2_uci,kin8nm,laplace,epochs=1000,1,1,7373,819,random,0.0729850242312029,0.0554748113129791,1.2035238539273303,-1.2035238539273303,0.0400648525019818,0.938949938949939,0.2712503386922228,0.3785676007811442,0.0173832015937279,,0.0045023414998824,0.0002868617439958,0.0598975924361826,151.32998829998542,875.0013431127072,502,1,2026-08-31T10:30:43.564393+00:00,1806733
e2_uci,kin8nm,laplace,epochs=1000,2,2,7373,819,random,0.0723171449153841,0.0554673707672836,1.2109475981295366,-1.2109475981295366,0.0402342173761476,0.9401709401709402,0.2757939717050637,0.3582264571245362,0.0436025962341752,,0.0046900422873187,0.0002609290513376,0.052702597831727,150.7979212999926,830.7095237959845,502,1,2026-08-31T10:30:43.112624+00:00,1806733
e2_uci,kin8nm,laplace,epochs=1000,3,3,7373,819,random,0.0725711172972793,0.0576338724379798,1.2060115804464129,-1.2060115804464129,0.0407344494935922,0.9426129426129426,0.2730858986437469,0.3498004733611272,0.049964655227813,,0.0045792209784849,0.0002750738315013,0.0566660745316719,152.50487770000473,795.2726495486908,502,1,2026-08-31T10:30:45.276776+00:00,1806733
e2_uci,kin8nm,laplace,epochs=1000,4,4,7373,819,random,0.073581685118353,0.0581895898373193,1.1928764075768847,-1.1928764075768847,0.0414067796139289,0.945054945054945,0.2902499279523211,0.3415482696457536,0.0676370413212518,,0.0052041700083808,0.0002791897597755,0.0509158201504361,151.26904809998814,638.3327228245718,502,1,2026-08-31T10:30:48.179681+00:00,1806733
e2_uci,kin8nm,laplace,epochs=1000,5,5,7373,819,random,0.0766827759312815,0.0593539346493727,1.149268067080678,-1.149268067080678,0.0423847496911669,0.9316239316239316,0.2804949560919364,0.4008708901750712,0.0570336096651885,,0.0048327109492823,0.0002884762165493,0.0563299499135762,151.89470350000192,565.8207570261781,502,1,2026-08-31T10:30:49.093674+00:00,1806733
e2_uci,kin8nm,laplace,epochs=1000,6,6,7373,819,random,0.0733045941984817,0.0565449034316783,1.1970028825364387,-1.1970028825364387,0.0405640039115523,0.9328449328449328,0.2778057296765875,0.3746906703704767,0.0258723732407942,,0.0047679503041029,0.0002553614142668,0.0508352713475908,151.96619459998328,458.6286935429356,502,1,2026-08-31T10:30:49.772252+00:00,1806733
e2_uci,kin8nm,laplace,epochs=1000,7,7,7373,819,random,0.0732583945685801,0.0575951654478568,1.1977513889756215,-1.1977513889756215,0.0408772814064115,0.9426129426129426,0.2794804717853997,0.3616683814933622,0.0276653171390014,,0.0047908615072458,0.0002933001768185,0.0576889947732802,152.7694652999926,444.3700854741583,502,1,2026-08-31T10:30:50.754319+00:00,1806733
e2_uci,kin8nm,laplace,epochs=1000,8,8,7373,819,random,0.0728976088749227,0.0586182679708227,1.1993957777797557,-1.1993957777797557,0.0412220623550198,0.9401709401709402,0.2757901738747165,0.3351910370276742,0.0080136238030975,,0.0046893998111615,0.0002612905109616,0.0527786013586922,150.72211970001808,1331.655189239446,502,1,2026-08-31T10:33:13.321616+00:00,1806733
e2_uci,kin8nm,laplace,epochs=1000,9,9,7373,819,random,0.0778511822779523,0.06055428874347,1.1268977103580176,-1.1268977103580176,0.0434629060347134,0.9194139194139194,0.2758060181213171,0.392155082940556,0.0840241629715314,,0.0046719028005945,0.0002795165251973,0.0564517983240426,151.49594359999173,992.9616605778826,502,1,2026-08-31T10:33:15.518143+00:00,1806733
e2_uci,kin8nm,laplace,epochs=1000,10,10,7373,819,random,0.0681511849874486,0.0528270326206069,1.2687672358924629,-1.2687672358924629,0.0378638944178242,0.956043956043956,0.2764389762413837,0.3304140266345149,0.0156095366621682,,0.004705552473958,0.0002683967529843,0.0539604931088785,149.41402849997394,952.5647130766396,502,1,2026-08-31T10:33:13.878516+00:00,1806733
e2_uci,kin8nm,laplace,epochs=1000,11,11,7373,819,random,0.0767144043310469,0.0604937177244557,1.1480677283030705,-1.1480677283030705,0.0429177121903559,0.9413919413919414,0.2803182820257074,0.3687842767104624,0.089358010410642,,0.0048517849978022,0.0002628998457165,0.0514009863285437,151.13524830000824,934.2379731501956,502,1,2026-08-31T10:33:17.280688+00:00,1806733
e2_uci,kin8nm,laplace,epochs=1000,12,12,7373,819,random,0.0730550600811872,0.0562482047381892,1.1997471860016151,-1.1997471860016151,0.0405522937344805,0.9365079365079364,0.2753108331139127,0.3685137463757292,0.039104170683118,,0.004665811181428,0.0002678093737748,0.0542825235095139,149.3798775000032,936.5263736155224,502,1,2026-08-31T10:33:18.429349+00:00,1806733
e2_uci,kin8nm,laplace,epochs=1000,13,13,7373,819,random,0.0688949149628521,0.0526538697469557,1.257440726311978,-1.257440726311978,0.0383115351824846,0.94993894993895,0.2816738537821717,0.348166743383689,0.0236874236874236,,0.004885665374709,0.0002784934508027,0.0539281343220722,151.21348999999464,776.2448107485429,502,1,2026-08-31T10:33:21.032813+00:00,1806733
e2_uci,kin8nm,laplace,epochs=1000,14,14,7373,819,random,0.0753391947493106,0.0579145845346895,1.161057364693317,-1.161057364693317,0.0416879984808046,0.9218559218559218,0.2655246532777273,0.3801747262991204,0.0786903155324207,,0.0043345369514379,0.0002546592784568,0.0554910415026369,151.19318740000017,586.1903540861153,502,1,2026-08-31T10:33:21.532559+00:00,1806733
e2_uci,kin8nm,laplace,epochs=1000,15,15,7373,819,random,0.0728409862828707,0.0566860028761952,1.2039548658331916,-1.2039548658331916,0.0405879951314065,0.9377289377289376,0.286648711785722,0.3605794943805147,0.0178523231154809,,0.0050669982254648,0.0002811960884778,0.0525777621326839,152.34288160002325,512.3960927782082,502,1,2026-08-31T10:33:23.598265+00:00,1806733
e2_uci,kin8nm,laplace,epochs=1000,16,16,7373,819,random,0.0744229436699366,0.057425161047247,1.1797887127476296,-1.1797887127476296,0.041153325131108,0.9316239316239316,0.2752509978764882,0.3823877973494816,0.0356982199087461,,0.0046505172046991,0.0002809047095703,0.0569622138307734,159.54283950000536,575.3026861994231,502,1,2026-08-31T10:35:53.597727+00:00,1806733
e2_uci,kin8nm,laplace,epochs=1000,17,17,7373,819,random,0.0725280001659673,0.0569026880271692,1.2060758282338413,-1.2060758282338413,0.0406434365150124,0.9413919413919414,0.2764815063148069,0.350890554863481,0.0583188741083478,,0.0047018532083984,0.000273739077611,0.0550163803374145,157.4540462999721,882.8725274700572,502,1,2026-08-31T10:35:52.361636+00:00,1806733
e2_uci,kin8nm,laplace,epochs=1000,18,18,7373,819,random,0.0756248084979338,0.0596483490521738,1.1568804895882292,-1.1568804895882292,0.0424961354250452,0.9169719169719168,0.2700165379508323,0.3744073882026752,0.1108219266114003,,0.0044624590038569,0.0002832002677882,0.0596756428512208,156.94179419998545,610.3738705682772,502,1,2026-08-31T10:35:53.075436+00:00,1806733
e2_uci,kin8nm,laplace,epochs=1000,19,19,7373,819,random,0.074609611426982,0.0585801976928011,1.178115202033733,-1.178115202033733,0.0416062661467458,0.9365079365079364,0.279064674080472,0.3702124375730081,0.0725853094274147,,0.0047897250570062,0.0002792611662009,0.0550921138673567,157.11513590000686,410.0571428448353,502,1,2026-08-31T10:35:54.824329+00:00,1806733
e2_uci,power_plant,laplace,epochs=50,0,0,8611,957,random,4.362592909515425,3.258694392429341,-2.895367143773393,2.895367143773393,2.326406559488575,0.962382445141066,16.099309631531806,21.599043134259624,0.0228510146840454,,16.705143787731537,0.1632885403113181,0.0096801254044135,14.1310247000074,685.96718912407,302,1,2026-08-31T10:33:33.332181+00:00,1806733
e2_uci,power_plant,laplace,epochs=50,1,1,8611,957,random,3.896745590633041,3.064237587382639,-2.7851627822741545,2.7851627822741545,2.1829200570178693,0.9592476489028212,16.537009617257826,19.27266112172763,0.0171423857449265,,17.656331099761996,0.1413591305568202,0.0079425548330991,14.710690800013252,786.8002089703418,302,1,2026-08-31T10:33:36.576884+00:00,1806733
e2_uci,power_plant,laplace,epochs=50,2,2,8611,957,random,4.168422162376198,3.1374701645542387,-2.8469351568714685,2.8469351568714685,2.2540463548379086,0.955067920585162,16.018357384584803,20.69767641889496,0.0484243524170929,,16.536260635290155,0.1630382782658217,0.0097631810239334,14.90326950000599,737.4709508979796,302,1,2026-08-31T10:33:37.227474+00:00,1806733
e2_uci,power_plant,laplace,epochs=50,3,3,8611,957,random,4.264031833467414,3.1812613830460115,-2.8716254143803304,2.8716254143803304,2.2668258142651103,0.9644723092998956,16.032349412582793,20.66937782420911,0.0381400208986416,,16.568525558142532,0.1600561775591172,0.0095678270930481,14.904989600006957,521.4945663459105,302,1,2026-08-31T10:33:39.073212+00:00,1806733
e2_uci,power_plant,laplace,epochs=50,4,4,8611,957,random,4.3460925047443535,3.331196221575349,-2.893104612650703,2.893104612650703,2.386843897997195,0.9404388714733544,15.92666208662351,22.04316283992972,0.036215146015509,,16.36819564748754,0.1400889145311318,0.0084859764807689,13.99370579997776,605.3834900738284,302,1,2026-08-31T10:33:47.995976+00:00,1806733
e2_uci,power_plant,laplace,epochs=50,5,5,8611,957,random,4.261636880551044,3.2586019269801283,-2.8695263100814983,2.8695263100814983,2.3163448188054026,0.960292580982236,16.178258309082,21.210575692267856,0.0486443381180222,,16.886652773330212,0.1474518677913257,0.0086562734524576,14.08277989999624,607.5374085783118,302,1,2026-08-31T10:33:51.332309+00:00,1806733
e2_uci,power_plant,laplace,epochs=50,6,6,8611,957,random,4.054107900036956,3.1895470463290105,-2.8194993855685038,2.8194993855685038,2.2667378732128727,0.9686520376175548,16.2003728171623,19.255035556668272,0.0237694549854259,,16.923446856177833,0.1573734158715161,0.0092134577476374,14.125267000024904,677.0223615493512,302,1,2026-08-31T10:33:52.086787+00:00,1806733
e2_uci,power_plant,laplace,epochs=50,7,7,8611,957,random,4.035230897741335,3.271505973113325,-2.8160867841470223,2.8160867841470223,2.282091831204509,0.9613375130616508,16.46631096328288,18.972016425783718,0.0709178903371281,,17.483577352231897,0.1625034676650729,0.0092090402012576,14.020039900002304,548.0931034650315,302,1,2026-08-31T10:33:53.686511+00:00,1806733
e2_uci,power_plant,laplace,epochs=50,8,8,8611,957,random,4.30967839081776,3.1112638146026037,-2.880751398628544,2.880751398628544,2.2517739428937507,0.955067920585162,16.289820867383828,22.536219825607947,0.0209591376560523,,17.11173718987132,0.1582413931805408,0.0091628019351357,13.315460799989523,538.2478578734361,302,1,2026-08-31T10:34:01.907898+00:00,1806733
e2_uci,power_plant,laplace,epochs=50,9,9,8611,957,random,4.210267076220582,3.3150188149197715,-2.857156710056149,2.857156710056149,2.3468973524818604,0.9519331243469176,16.082622094902483,20.694943454242942,0.0151130176538525,,16.6787565247225,0.1547498303496414,0.0091929647386275,13.923833000008017,602.4824451305295,302,1,2026-08-31T10:34:05.912417+00:00,1806733
e2_uci,power_plant,laplace,epochs=50,10,10,8611,957,random,4.042434339950884,3.205587345117702,-2.815966116248601,2.815966116248601,2.266353973893965,0.962382445141066,16.037297182497422,18.9078645081794,0.0286091404058736,,16.59444397751636,0.1446139524344011,0.0086393125013115,13.966641000006348,551.7226750361505,302,1,2026-08-31T10:34:06.663105+00:00,1806733
e2_uci,power_plant,laplace,epochs=50,11,11,8611,957,random,4.34585543468115,3.210139978383008,-2.8924443678207203,2.8924443678207203,2.32561780883898,0.9467084639498432,15.993018630566308,23.374035855363605,0.0187482813617114,,16.491379449643194,0.1547796619241571,0.0092982207419008,14.023618799983524,510.4914315501297,302,1,2026-08-31T10:34:08.268671+00:00,1806733
e2_uci,power_plant,laplace,epochs=50,12,12,8611,957,random,3.966620827457623,3.115500262063732,-2.798531461768464,2.798531461768464,2.204719486939222,0.962382445141066,16.223484699708706,19.507078333344943,0.0220260683055601,,16.966408854001315,0.1634142735489648,0.00953975253172,13.341803500021342,384.58620687818217,302,1,2026-08-31T10:34:15.700295+00:00,1806733
e2_uci,power_plant,laplace,epochs=50,13,13,8611,957,random,4.193384854692142,3.222504645078601,-2.8524055985395145,2.8524055985395145,2.3058376610335696,0.9582027168234064,16.50266229189114,20.88474103591568,0.0101028433151844,,17.564074328339046,0.1600400519212635,0.0090295090907054,13.729689600004347,450.5698014473565,302,1,2026-08-31T10:34:20.159530+00:00,1806733
e2_uci,power_plant,laplace,epochs=50,14,14,8611,957,random,4.070039192575472,3.1767264796051013,-2.8229840519478837,2.8229840519478837,2.260589237389707,0.9571577847439916,16.22791395073832,20.40773937340889,0.0243359181653192,,16.991539816956468,0.1471183140966852,0.0085840042418563,13.92690260001109,392.6611285330193,302,1,2026-08-31T10:34:21.052588+00:00,1806733
e2_uci,power_plant,laplace,epochs=50,15,15,8611,957,random,4.0550559685100565,3.184482618149565,-2.820631799134357,2.820631799134357,2.26398454451794,0.955067920585162,16.525660843031226,19.974053430656777,0.0509541879777814,,17.60642357472927,0.1670623271599718,0.0093995251174792,13.959758099983446,350.8396029215434,302,1,2026-08-31T10:34:22.643392+00:00,1806733
e2_uci,power_plant,laplace,epochs=50,16,16,8611,957,random,3.9802022213040367,3.0929181770040763,-2.803611577221821,2.803611577221821,2.2079855914507616,0.9738766980146292,16.550306948187682,19.655740964134733,0.0340757850739702,,17.68490560025379,0.1415552543236484,0.0079407379556946,13.753959399997257,331.1394984116671,302,1,2026-08-31T10:34:29.875289+00:00,1806733
e2_uci,power_plant,laplace,epochs=50,17,17,8611,957,random,4.072610001394094,3.201378163172981,-2.823244664002957,2.823244664002957,2.2613765769784906,0.9571577847439916,16.13026801885567,19.51610084523335,0.0275807072540284,,16.76764412339688,0.1660786314791548,0.0098075676496671,14.24536200001603,443.953396025033,302,1,2026-08-31T10:34:34.917404+00:00,1806733
e2_uci,power_plant,laplace,epochs=50,18,18,8611,957,random,4.286290218194506,3.240944165534087,-2.8758779913937422,2.8758779913937422,2.2941139989823527,0.9592476489028212,16.091383423923368,20.909624768033748,0.011840730352527,,16.709073137846048,0.1424841089667951,0.0084552487867994,14.374910599988652,364.95214212241086,302,1,2026-08-31T10:34:35.853253+00:00,1806733
e2_uci,power_plant,laplace,epochs=50,19,19,8611,957,random,4.428233287671419,3.2503909414265792,-2.9117013679249664,2.9117013679249664,2.3169723614048943,0.955067920585162,16.271481609805644,22.744905137111147,0.0122477038992465,,17.08624687960614,0.1446666515855633,0.0083957621471249,14.27748000001884,336.41630092605584,302,1,2026-08-31T10:34:37.325306+00:00,1806733
e2_uci,yacht,ensemble,epochs=2000,0,0,277,31,random,0.5411465638902783,0.3575903418778851,-0.7467981224120083,0.7467981224120083,0.2761825698104246,0.967741935483871,2.622334992775804,3.2983925377965417,0.1612903225806451,,0.2607972779481146,0.1968427581512766,0.4301257377501953,71.85154520001379,40.241934907352245,2010,1,2026-08-31T10:37:19.656882+00:00,1806733
e2_uci,yacht,ensemble,epochs=2000,1,1,277,31,random,0.5186558323008877,0.3280434309392015,-0.6695190488028457,0.6695190488028457,0.2622029821222356,0.935483870967742,2.292187895991093,2.8039424085402778,0.1001697792869269,,0.2393933814434235,0.1080762477845078,0.3110379690583331,71.246015599987,75.84516143035744,2010,1,2026-08-31T10:37:19.064167+00:00,1806733
e2_uci,yacht,ensemble,epochs=2000,2,2,277,31,random,0.2730770449213783,0.1613560751231694,-0.507471101709142,0.507471101709142,0.1804349804944408,1.0,2.468185202243818,2.468185202243818,0.1714770797962648,,0.2724820199888847,0.1306391032087662,0.324069108987657,72.19006340001943,62.01612902054143,2010,1,2026-08-31T10:37:20.005155+00:00,1806733
e2_uci,yacht,ensemble,epochs=2000,3,3,277,31,random,0.8966726341201207,0.6835176085054743,-1.1501895897473433,1.1501895897473433,0.4701556894032255,0.8709677419354839,2.671046346467156,4.004067930159719,0.1687606112054329,,0.2356885879185902,0.2693069900194865,0.5332858381039315,71.78784589999123,41.1064519862374,2010,1,2026-08-31T10:37:19.605749+00:00,1806733
e2_uci,yacht,ensemble,epochs=2000,4,4,277,31,random,0.5042617601719679,0.341905625026964,-0.6766738351628793,0.6766738351628793,0.2586991582683654,0.967741935483871,2.4356901547285967,2.967598647632523,0.0899830220713072,,0.2569482938297102,0.1460044644003425,0.3623364313019196,71.79775460000383,50.36451564651103,2010,1,2026-08-31T10:37:19.616644+00:00,1806733
e2_uci,yacht,ensemble,epochs=2000,5,5,277,31,random,0.5541800279921489,0.311051884193867,-0.6970473905272518,0.6970473905272518,0.258567291635555,0.967741935483871,2.21809091990346,3.7021739516475,0.096774193548387,,0.2201907914775092,0.1114720460898086,0.3361005016643838,72.74901500000851,74.77096721319663,2010,1,2026-08-31T10:37:20.588197+00:00,1806733
e2_uci,yacht,ensemble,epochs=2000,6,6,277,31,random,0.3594893111309251,0.2792905913197921,-0.607622793758719,0.607622793758719,0.219615410094946,1.0,2.5044602794157185,2.5044602794157185,0.1127334465195246,,0.2651885733841219,0.1473958165664874,0.3572501048431141,72.19548260001466,44.1258072838067,2010,1,2026-08-31T10:37:20.053624+00:00,1806733
e2_uci,yacht,ensemble,epochs=2000,7,7,277,31,random,0.6182310429466666,0.3879498375921381,-0.6936370148958516,0.6936370148958516,0.2899213576176676,0.935483870967742,2.347530138436221,2.6541020145463845,0.1011884550084889,,0.2285274208538066,0.1496381019852231,0.3956947234687975,72.08880890000728,68.19677430265132,2010,1,2026-08-31T10:37:19.953793+00:00,1806733
e2_uci,yacht,ensemble,epochs=2000,8,8,277,31,random,0.2520407823049214,0.1993567992244373,-0.4705280773399125,0.4705280773399125,0.1786045562756365,1.0,2.2958745231349718,2.2958745231349718,0.1410865874363327,,0.2301225207747019,0.1213643797210508,0.3452884860001131,72.18487500000629,61.63225794631627,2010,1,2026-08-31T10:38:31.302998+00:00,1806733
e2_uci,yacht,ensemble,epochs=2000,9,9,277,31,random,0.3097578030454646,0.247199909055837,-0.6599432592262853,0.6599432592262853,0.2148411231020059,1.0,2.812040629481348,2.812040629481348,0.1495755517826824,,0.2636141418336676,0.2578653809350947,0.4944880281510862,72.57472760000383,27.69354896079148,2010,1,2026-08-31T10:38:32.231999+00:00,1806733
e2_uci,yacht,ensemble,epochs=2000,10,10,277,31,random,0.4609865603170057,0.3448513338017503,-0.7467964640765729,0.7467964640765729,0.2712523500390713,1.0,2.709690626782227,2.709690626782228,0.0833616298811544,,0.2553811369845216,0.2765154661686093,0.5198669525795063,72.9927333999949,59.07419366732,2010,1,2026-08-31T10:38:32.664227+00:00,1806733
e2_uci,yacht,ensemble,epochs=2000,11,11,277,31,random,1.1984697066582355,0.6162732224960483,-1.8031236857803836,1.8031236857803836,0.4746726192291015,0.935483870967742,2.333200516598557,8.8366825185899,0.1777589134125636,,0.2360796216247749,0.1401257908429821,0.3724714908374471,72.68333259999054,64.03871004529778,2010,1,2026-08-31T10:38:32.402322+00:00,1806733
e2_uci,yacht,ensemble,epochs=2000,12,12,277,31,random,0.5306749512176278,0.303021305062251,-0.6552696900806388,0.6552696900806388,0.2584208625803647,0.967741935483871,2.530050049329819,2.9931690405622886,0.1290322580645161,,0.2303515939050375,0.2349466775634749,0.5049377828590842,72.64654469999368,59.80967750562535,2010,1,2026-08-31T10:38:32.659761+00:00,1806733
e2_uci,yacht,ensemble,epochs=2000,13,13,277,31,random,0.7294234948799607,0.4952086656154782,-0.99183738478202,0.99183738478202,0.3763430269970734,0.935483870967742,2.732679592345232,4.038437149027264,0.0957555178268251,,0.2421979427892353,0.2573697054608486,0.5151848931018228,72.65641579998191,64.77096805258864,2010,1,2026-08-31T10:38:32.718968+00:00,1806733
e2_uci,yacht,ensemble,epochs=2000,14,14,277,31,random,0.637294063905101,0.3423534403184658,-0.9843888204969976,0.9843888204969976,0.3147985719896794,0.967741935483871,2.7838949763647287,4.606653950848205,0.1237691001697792,,0.2909900717726575,0.247633577080575,0.4597525147805973,72.90865450000274,66.85161309677267,2010,1,2026-08-31T10:38:33.019244+00:00,1806733
e2_uci,yacht,ensemble,epochs=2000,15,15,277,31,random,0.4314252860784825,0.2671824892523104,-0.5915622769447934,0.5915622769447934,0.2314911527821491,1.0,2.3681212254822266,2.368121225482226,0.1224108658743633,,0.2573424819858222,0.1159972116344403,0.3107015236167879,73.44871229998535,62.62903221912923,2010,1,2026-08-31T10:38:34.093339+00:00,1806733
e2_uci,yacht,ensemble,epochs=2000,16,16,277,31,random,0.2966881842220086,0.2068912658715384,-0.6012544923448232,0.6012544923448232,0.2040705839339145,1.0,2.581997014957961,2.581997014957961,0.1443123938879456,,0.2415128016479429,0.1994301692394751,0.4522810939430844,65.97261399999843,59.14193517979114,2010,1,2026-08-31T10:39:37.329634+00:00,1806733
e2_uci,yacht,ensemble,epochs=2000,17,17,277,31,random,0.6331366442448229,0.3545457961118844,-0.8308120349035316,0.8308120349035316,0.2974095220162144,0.935483870967742,2.3538098117462014,4.206288622441828,0.1091680814940576,,0.2584400058642037,0.1060208670732119,0.290897802605597,66.58960669999942,38.98387113886495,2010,1,2026-08-31T10:39:38.871283+00:00,1806733
e2_uci,yacht,ensemble,epochs=2000,18,18,277,31,random,0.8006749761621343,0.4122164332646841,-1.039022727357131,1.039022727357131,0.3655065004128123,0.935483870967742,2.6291971175126694,5.673799180798925,0.1086587436332767,,0.2430439212920519,0.2129829439027684,0.467040343800314,66.03239499998745,57.40000051446259,2010,1,2026-08-31T10:39:38.487269+00:00,1806733
e2_uci,yacht,ensemble,epochs=2000,19,19,277,31,random,0.5752271340554895,0.3656551370103914,-0.6447257104923877,0.6447257104923877,0.2717464466516659,1.0,2.408726333376068,2.408726333376068,0.062818336162988,,0.1997815754764002,0.2192013290349613,0.5231748758117106,66.31151080000564,65.55806424829268,2010,1,2026-08-31T10:39:39.022623+00:00,1806733
e2_uci,energy,ensemble,epochs=1000,0,0,691,77,random,0.3420037978493397,0.2665024921718106,-0.4585676885695871,0.4585676885695871,0.199357741875843,0.987012987012987,1.919801530576358,2.080239711194832,0.0793574846206425,,0.1764288186568819,0.0661430739987906,0.27267410611616,67.19480309999199,16.46103881686539,2510,1,2026-08-31T10:39:39.907180+00:00,1806733
e2_uci,energy,ensemble,epochs=1000,1,1,691,77,random,0.5414911325899983,0.3572364102021911,-0.8032544591214894,0.8032544591214894,0.2691805283890408,0.961038961038961,2.073216014426557,3.3118603734930976,0.0457963089542036,,0.1922397885944834,0.0909083128542323,0.3210627667609411,65.82522050000262,16.154545244410055,2510,1,2026-08-31T10:39:38.587922+00:00,1806733
e2_uci,energy,ensemble,epochs=1000,2,2,691,77,random,0.4145621415003445,0.3061344898866344,-0.5411307143654895,0.5411307143654895,0.2272625561290331,0.974025974025974,1.9329305618674275,2.294005838059745,0.0526315789473683,,0.1747018651061,0.0711634824599955,0.2894408795890393,67.13293940000585,26.705194802882225,2510,1,2026-08-31T10:39:40.208253+00:00,1806733
e2_uci,energy,ensemble,epochs=1000,3,3,691,77,random,0.398791135487225,0.2940283619890649,-0.5211982785952166,0.5211982785952166,0.2188041064169634,0.974025974025974,1.7641099013026562,2.2080871536172277,0.0444292549555707,,0.1661177211820313,0.0373583461876961,0.1836006891160025,67.19694359999266,27.642857098903555,2510,1,2026-08-31T10:39:41.340376+00:00,1806733
e2_uci,energy,ensemble,epochs=1000,4,4,691,77,random,0.520232765031402,0.3810948793172407,-0.7981476649273331,0.7981476649273331,0.2811828695916127,0.935064935064935,1.9720004956367967,3.090233320476239,0.0507177033492822,,0.1741732787581041,0.083019286466871,0.3227903823512597,63.75842460000422,26.403896075177503,2510,1,2026-08-31T10:40:41.134890+00:00,1806733
e2_uci,energy,ensemble,epochs=1000,5,5,691,77,random,0.4154996612132531,0.3033465076342584,-0.5730389160385736,0.5730389160385736,0.2316137989611849,0.948051948051948,1.8435540367114167,2.205810213315333,0.0568694463431305,,0.1802590581826,0.0423165759513051,0.1901222302071338,63.96942619999754,28.019480319548546,2510,1,2026-08-31T10:40:42.503041+00:00,1806733
e2_uci,energy,ensemble,epochs=1000,6,6,691,77,random,0.410184099623802,0.3035513095646544,-0.5679386537154357,0.5679386537154357,0.2312228620808379,0.961038961038961,1.9534408041189024,2.2180915021131464,0.0684210526315788,,0.1609216992785026,0.0940715703359618,0.3689178560602513,63.67296070000157,27.464935178082293,2510,1,2026-08-31T10:40:42.306871+00:00,1806733
e2_uci,energy,ensemble,epochs=1000,7,7,691,77,random,0.4283377096115182,0.3286690908103356,-0.5655464586963822,0.5655464586963822,0.2398731042179895,0.974025974025974,1.8357158756330756,2.0268117280564373,0.0390293916609706,,0.1581314808934753,0.0636917726236609,0.2871284755488479,63.176541499997256,27.31038968066697,2510,1,2026-08-31T10:40:42.096490+00:00,1806733
e2_uci,energy,ensemble,epochs=1000,8,8,691,77,random,0.5398900682025077,0.3513759372434074,-0.7202844992009128,0.7202844992009128,0.2635832447305801,0.948051948051948,1.88197434570615,3.2271979700027797,0.059876965140123,,0.1618216918793762,0.0709864889403994,0.3049140656932171,64.05453870000201,26.462337700650096,2510,1,2026-08-31T10:40:43.129322+00:00,1806733
e2_uci,energy,ensemble,epochs=1000,9,9,691,77,random,0.3763543573237312,0.2845560399245569,-0.4972991204937595,0.4972991204937595,0.2137443196320105,0.987012987012987,1.960423152830828,2.070375592423776,0.0674641148325358,,0.1692881673571739,0.0842881831712571,0.3323976506310933,63.79256380000152,26.41038963111577,2510,1,2026-08-31T10:40:43.747162+00:00,1806733
e2_uci,energy,ensemble,epochs=1000,10,10,691,77,random,0.4250073564074461,0.3384558770712331,-0.5552076229441307,0.5552076229441307,0.2390711616003595,1.0,1.9540655018512767,1.9540655018512776,0.0438824333561175,,0.1803225917535879,0.0718539332649898,0.2849350599136713,63.35199179998017,16.093506574533976,2510,1,2026-08-31T10:40:43.603975+00:00,1806733
e2_uci,energy,ensemble,epochs=1000,11,11,691,77,random,0.3933725605856395,0.2817262831155726,-0.5285145437186708,0.5285145437186708,0.2187229617765475,0.974025974025974,1.968190269230624,2.297906321889452,0.0676691729323308,,0.1799609549008668,0.0761199633962137,0.2972496502371434,64.36531370002194,16.335064587606627,2510,1,2026-08-31T10:40:45.746326+00:00,1806733
e2_uci,energy,ensemble,epochs=1000,12,12,691,77,random,0.5023912132712148,0.3264877899772447,-0.742389625194863,0.742389625194863,0.2482776209527913,0.948051948051948,1.7387968598201993,2.9724604427336585,0.0745727956254271,,0.154413377677189,0.0441874897493798,0.2224939413505724,64.03580310000689,17.23246759275434,2510,1,2026-08-31T10:41:45.213999+00:00,1806733
e2_uci,energy,ensemble,epochs=1000,13,13,691,77,random,0.4258286913515942,0.3269809734175884,-0.5787960334924135,0.5787960334924135,0.2360256567166416,0.948051948051948,1.8682901686676,2.342167904478066,0.0423786739576212,,0.1701836918978874,0.0586577601946841,0.2563248906974937,63.82447000002139,25.99350636365352,2510,1,2026-08-31T10:41:45.969504+00:00,1806733
e2_uci,energy,ensemble,epochs=1000,14,14,691,77,random,0.3989813200956657,0.2971198862451031,-0.5362441447284225,0.5362441447284225,0.2251236210221163,0.948051948051948,1.928427803026716,2.007329212079808,0.0987696514012303,,0.1759511843942108,0.0688744215055559,0.2813203351521719,63.323685599985765,16.102597552847552,2510,1,2026-08-31T10:41:45.673968+00:00,1806733
e2_uci,energy,ensemble,epochs=1000,15,15,691,77,random,0.3620496133533146,0.284205559385007,-0.4664948018884489,0.4664948018884489,0.2081637922237719,0.987012987012987,1.8876756964263568,1.9055763962422891,0.0533834586466165,,0.1618899274232404,0.0733056421268207,0.3116795195889847,63.97087600000668,17.445454715642256,2510,1,2026-08-31T10:41:46.522660+00:00,1806733
e2_uci,energy,ensemble,epochs=1000,16,16,691,77,random,0.5512113275275217,0.3739711001380505,-0.9099117316122166,0.9099117316122166,0.2815988381130999,0.948051948051948,2.0260898792555686,3.234802820267352,0.084688995215311,,0.1912708192081439,0.0791173811011845,0.2926066337609146,63.39572900001076,28.07532452264583,2510,1,2026-08-31T10:41:46.572723+00:00,1806733
e2_uci,energy,ensemble,epochs=1000,17,17,691,77,random,0.4035016083377462,0.2939702362606443,-0.5748195725410575,0.5748195725410575,0.2239289038757841,0.961038961038961,1.9150130146771815,2.438129863030221,0.1110731373889268,,0.1676303999900678,0.07655539188034,0.3135128841606348,63.53098549999413,25.980519251776983,2510,1,2026-08-31T10:41:47.177770+00:00,1806733
e2_uci,energy,ensemble,epochs=1000,18,18,691,77,random,0.4825574951953618,0.3535360444238728,-0.6806136346369174,0.6806136346369174,0.2594737459129194,0.948051948051948,1.8296121759992157,2.525679756997199,0.0570745044429254,,0.1662765996377086,0.052839175540476,0.241147290730242,63.99151880000136,26.72337675950937,2510,1,2026-08-31T10:41:47.783834+00:00,1806733
e2_uci,energy,ensemble,epochs=1000,19,19,691,77,random,0.5084277865033949,0.3678551045566512,-0.7513061082646012,0.7513061082646012,0.2784155472888341,0.948051948051948,1.9873263004124235,2.8356612287626977,0.0401913875598085,,0.1754107674776863,0.0848306470807895,0.3259690515620382,64.10630479999236,27.08051969031138,2510,1,2026-08-31T10:41:49.897444+00:00,1806733
e2_uci,concrete,ensemble,epochs=1000,0,0,927,103,random,4.98203963791167,3.437449880023581,-2.9935032276886613,2.9935032276886613,2.5614726914023955,0.8932038834951457,15.549214736182265,27.726458221772862,0.0151251916198262,,9.768747323634177,6.790815534215513,0.4100842270118549,90.02874900001916,25.683495179903737,2510,1,2026-08-31T10:43:15.292064+00:00,1806733
e2_uci,concrete,ensemble,epochs=1000,1,1,927,103,random,4.022352185777111,2.866576075487349,-2.7801002946521014,2.7801002946521014,2.1437749095458125,0.9029126213592232,15.070226220102333,22.871733851065034,0.0721512519161982,,10.195872708047196,4.952820075061392,0.3269470274414692,90.50290799999492,22.907767080909853,2510,1,2026-08-31T10:43:16.227059+00:00,1806733
e2_uci,concrete,ensemble,epochs=1000,2,2,927,103,random,4.24605674036089,3.018177658493776,-2.77076868206992,2.77076868206992,2.223563863237134,0.9029126213592232,14.557693169249143,21.48872012827928,0.0256515074092999,,9.295002245510204,4.894390981278958,0.3449330709954877,90.86620270001004,21.096116363622464,2510,1,2026-08-31T10:43:16.880009+00:00,1806733
e2_uci,concrete,ensemble,epochs=1000,3,3,927,103,random,5.172794038054736,3.389241635230789,-3.075329136765807,3.075329136765807,2.631364045780073,0.8640776699029126,14.968029251958942,34.65136625987305,0.0382217680122636,,8.975318205306458,6.078779724373936,0.4037956809347654,90.49414180000896,20.56019419117026,2510,1,2026-08-31T10:43:17.059921+00:00,1806733
e2_uci,concrete,ensemble,epochs=1000,4,4,927,103,random,5.666849927448335,3.692228129705041,-3.4722031489115937,3.4722031489115937,2.8502305209692733,0.8543689320388349,14.399393924577565,42.00990102357039,0.0176801226366888,,8.650591771731094,5.718930229252841,0.3979902900640149,89.88521610002499,21.922330030701257,2510,1,2026-08-31T10:43:16.503174+00:00,1806733
e2_uci,concrete,ensemble,epochs=1000,5,5,927,103,random,3.989203915999541,2.850133479944382,-2.753304859578925,2.753304859578925,2.084373522161285,0.9611650485436892,16.04849672460199,21.4463860888705,0.0482370975983648,,10.238132909717311,7.740885454306537,0.430551062220177,90.70625909999944,22.00873789052,2510,1,2026-08-31T10:43:17.937830+00:00,1806733
e2_uci,concrete,ensemble,epochs=1000,6,6,927,103,random,4.936695856104548,2.9828558040933824,-2.8882492743459145,2.8882492743459145,2.305568819526146,0.9029126213592232,14.793446925595893,30.91760306337131,0.0408788962698006,,10.023964184572014,4.647903312643746,0.3167901641373032,90.5250081999984,21.827184522831903,2510,1,2026-08-31T10:43:18.354976+00:00,1806733
e2_uci,concrete,ensemble,epochs=1000,7,7,927,103,random,4.959473889541932,3.447548281414839,-3.228196862693333,3.228196862693333,2.5458977407906014,0.883495145631068,13.705341478109132,32.178246653712904,0.0330097087378641,,8.314876227996177,4.121909151787578,0.3314288239216401,91.38053019999644,13.40097091070295,2510,1,2026-08-31T10:43:21.324930+00:00,1806733
e2_uci,concrete,ensemble,epochs=1000,8,8,927,103,random,4.5808304581431365,3.248369563086635,-2.8711158628787614,2.8711158628787614,2.36556547766294,0.9223300970873788,14.992261685035562,24.62731857178993,0.0168625447112928,,9.561717045069289,5.714868131133698,0.37409329802553,88.22640789998695,10.257281670437274,2510,1,2026-08-31T10:44:43.584637+00:00,1806733
e2_uci,concrete,ensemble,epochs=1000,9,9,927,103,random,4.241647379935197,3.008116178742725,-2.803881964405475,2.803881964405475,2.2272615680812224,0.941747572815534,16.01678194657146,22.04339209586404,0.0391926417986713,,9.305500794077334,8.59230482666333,0.480075882414671,88.78290190000553,22.062135790248664,2510,1,2026-08-31T10:44:45.065646+00:00,1806733
e2_uci,concrete,ensemble,epochs=1000,10,10,927,103,random,3.679982651976335,2.5855209959837824,-2.660436314252095,2.660436314252095,1.9009369414057649,0.970873786407767,14.865028483808157,20.572632966150756,0.0669391926417986,,10.04194911717948,4.7343785070406685,0.3204029192801912,88.41901830001734,13.789320556736254,2510,1,2026-08-31T10:44:44.976789+00:00,1806733
e2_uci,concrete,ensemble,epochs=1000,11,11,927,103,random,3.794827019734423,2.615396504579956,-2.668517400181745,2.668517400181745,1.9340354247373688,0.970873786407767,15.18973244146404,20.98111602818064,0.0400102197240674,,9.85577528187173,5.893162837613517,0.3741942976029759,88.01145719998749,17.262135973670386,2510,1,2026-08-31T10:44:44.947143+00:00,1806733
e2_uci,concrete,ensemble,epochs=1000,12,12,927,103,random,4.349817728710343,2.954556838726797,-2.75573080770454,2.75573080770454,2.1670867225721864,0.9320388349514565,15.123075701797276,22.64272201783985,0.0318855390904445,,9.64293173862841,6.134112769278776,0.388799864651739,88.55975349998334,21.64951467986029,2510,1,2026-08-31T10:44:45.669287+00:00,1806733
e2_uci,concrete,ensemble,epochs=1000,13,13,927,103,random,3.9313542440249982,2.7905805457131283,-2.771858157271,2.771858157271,2.0647800068585807,0.9029126213592232,14.41530305618293,22.388334554163844,0.0389882473173224,,9.534361447734668,4.2279264207647,0.307211014706504,88.28547750000143,22.326213493039017,2510,1,2026-08-31T10:44:46.275427+00:00,1806733
e2_uci,concrete,ensemble,epochs=1000,14,14,927,103,random,6.018567155770311,3.661321650979508,-3.136532267430216,3.136532267430216,2.780925530975113,0.9029126213592232,15.258289251037962,38.26070171109195,0.0271844660194175,,9.21030416434822,7.07415225194117,0.4344113227423958,88.04521049998584,23.141747467147496,2510,1,2026-08-31T10:44:46.446301+00:00,1806733
e2_uci,concrete,ensemble,epochs=1000,15,15,927,103,random,4.539873991109925,3.0789981913953923,-2.8895766659875384,2.8895766659875384,2.245317127665236,0.9320388349514565,14.94479026178272,27.129973813724416,0.0202861522738886,,9.242892486497,5.621472150180498,0.3781844893867605,88.93322130001616,21.933009723671574,2510,1,2026-08-31T10:44:50.313756+00:00,1806733
e2_uci,concrete,ensemble,epochs=1000,16,16,927,103,random,4.267516786148658,3.197055204312176,-2.9213397656498383,2.9213397656498383,2.354001139874448,0.912621359223301,15.17207960768301,25.415146934845087,0.0350025549310168,,9.846189567767968,5.572891116879244,0.3614282349808426,84.94157359999372,12.199999934098528,2510,1,2026-08-31T10:46:08.569191+00:00,1806733
e2_uci,concrete,ensemble,epochs=1000,17,17,927,103,random,4.54338346850001,2.927749382635564,-2.915489312175239,2.915489312175239,2.2300834833039014,0.9223300970873788,14.783845831320232,27.886544775962925,0.0353602452733775,,9.088044789407023,5.523537719120746,0.37802460588352,85.29766119999113,19.45728164853401,2510,1,2026-08-31T10:46:10.295534+00:00,1806733
e2_uci,concrete,ensemble,epochs=1000,18,18,927,103,random,4.892425370932628,3.4617576594803454,-3.169562259610102,3.169562259610102,2.5594543578258,0.8932038834951457,14.840242424283236,28.205329922392853,0.027899846704139,,8.634231150905535,6.8678590112760265,0.4430279361960266,85.39108820000547,19.59223300218582,2510,1,2026-08-31T10:46:10.410771+00:00,1806733
e2_uci,concrete,ensemble,epochs=1000,19,19,927,103,random,5.130488710255499,3.296320342021106,-2.8133987398495286,2.8133987398495286,2.414551078668595,0.9223300970873788,15.569133871374325,25.44596459220899,0.0651507409299948,,9.652558189485946,7.523355804429112,0.4380177850852318,85.41159310002695,17.934951544694098,2510,1,2026-08-31T10:46:10.520108+00:00,1806733
e2_uci,wine_quality_red,ensemble,epochs=20,0,0,1439,160,random,0.6295371297644625,0.4919015338450478,-0.955943612113575,0.955943612113575,0.3513130686576063,0.925,2.412790668359296,3.2491396579864045,0.0203947368421052,,0.3696433189568037,0.009252272236273,0.0244190548830068,2.672510299977148,14.97312496212544,3260,1,2026-08-31T10:44:48.393436+00:00,1806733
e2_uci,wine_quality_red,ensemble,epochs=20,1,1,1439,160,random,0.6308274212023272,0.4940627255303692,-0.9566626475704044,0.9566626475704044,0.3515052173270599,0.9375,2.413263353421825,3.1489272280052525,0.0296052631578947,,0.3687839772768936,0.010271156245496,0.0270967343194926,2.613769899995532,9.508750008535571,3260,1,2026-08-31T10:44:48.936066+00:00,1806733
e2_uci,wine_quality_red,ensemble,epochs=20,2,2,1439,160,random,0.7136988394175809,0.5248014355256394,-1.1176282050455462,1.1176282050455462,0.3890447771032678,0.89375,2.335154695156618,4.116838540089733,0.031578947368421,,0.3450154467270087,0.0098913926978458,0.0278703918861507,2.6761697999900207,15.000624989625068,3260,1,2026-08-31T10:44:49.172705+00:00,1806733
e2_uci,wine_quality_red,ensemble,epochs=20,3,3,1439,160,random,0.6240572363376667,0.4859254070944176,-0.9462927943492664,0.9462927943492664,0.3453273031209943,0.95,2.423796448087568,3.319559445942525,0.0269736842105262,,0.3642482537121556,0.0181943473059953,0.0475740601532303,2.6142419000098016,9.44500006880844,3260,1,2026-08-31T10:44:51.051242+00:00,1806733
e2_uci,wine_quality_red,ensemble,epochs=20,4,4,1439,160,random,0.5643276892013355,0.4375432326856265,-0.8563239138566076,0.8563239138566076,0.3139742140896703,0.95625,2.4351442957277376,2.9670294974536287,0.0374999999999999,,0.3762215570313872,0.0097380141699668,0.0252306585885559,2.617137499997625,15.181875096459407,3260,1,2026-08-31T10:44:51.603056+00:00,1806733
e2_uci,wine_quality_red,ensemble,epochs=20,5,5,1439,160,random,0.6311223860753513,0.496096007203195,-0.957778244520533,0.957778244520533,0.3492295821772224,0.91875,2.393113977214236,3.348846096783169,0.0332236842105262,,0.3630473097470748,0.0096905849548931,0.0259983894651803,2.596605600003386,14.899999951012433,3260,1,2026-08-31T10:44:51.809042+00:00,1806733
e2_uci,wine_quality_red,ensemble,epochs=20,6,6,1439,160,random,0.6825644803860644,0.5302557208759995,-1.0533318435360108,1.0533318435360108,0.3803315329122363,0.9,2.358561912115441,3.5347678808671787,0.0236842105263158,,0.3548245022314443,0.0072190756567448,0.0199397975758993,2.641513299982762,15.049374997033738,3260,1,2026-08-31T10:44:53.010086+00:00,1806733
e2_uci,wine_quality_red,ensemble,epochs=20,7,7,1439,160,random,0.6771850436072799,0.5031781419519253,-1.0381896910258672,1.0381896910258672,0.3694302864436468,0.9125,2.386044819542676,3.7749890789863456,0.0220394736842105,,0.3605550283396424,0.0099945134996527,0.0269721383274231,2.555208999983733,14.87062490923563,3260,1,2026-08-31T10:44:53.650067+00:00,1806733
e2_uci,wine_quality_red,ensemble,epochs=20,8,8,1439,160,random,0.5890624352818817,0.4495031894288269,-0.8858349322652821,0.8858349322652821,0.3214158092281285,0.9625,2.4199962097388745,3.097638868308826,0.0552631578947368,,0.3731110675781267,0.0080491680069631,0.0211175438975356,2.4686166000028607,10.006874981627334,3260,1,2026-08-31T10:44:54.120850+00:00,1806733
e2_uci,wine_quality_red,ensemble,epochs=20,9,9,1439,160,random,0.6621302183260066,0.5111696957247671,-1.0132036672393423,1.0132036672393423,0.3671825704049457,0.91875,2.4020304278211078,3.525376969829304,0.044407894736842,,0.3645106521861486,0.0110540528954767,0.0294331515872192,2.709145000000717,10.176875002798624,3260,1,2026-08-31T10:44:54.559777+00:00,1806733
e2_uci,wine_quality_red,ensemble,epochs=20,10,10,1439,160,random,0.6432765738491754,0.5100755865725828,-0.9746499043699548,0.9746499043699548,0.3617777016009175,0.93125,2.3967277844757517,3.0260479669763485,0.0302631578947368,,0.3635214094171304,0.0103647337164793,0.0277216310548728,2.6278035000141244,14.969999938330147,3260,1,2026-08-31T10:44:55.685406+00:00,1806733
e2_uci,wine_quality_red,ensemble,epochs=20,11,11,1439,160,random,0.634638970763051,0.4995162903343503,-0.9657909944363752,0.9657909944363752,0.3549740335702517,0.9375,2.376687086900877,3.176594437346305,0.0398026315789474,,0.3597323991758934,0.0079164134875213,0.021532541966262,2.596279700024752,15.133125089050736,3260,1,2026-08-31T10:44:56.293964+00:00,1806733
e2_uci,wine_quality_red,ensemble,epochs=20,12,12,1439,160,random,0.6485390048863836,0.4969470943436812,-0.9878290437289982,0.9878290437289982,0.3572607622919838,0.9375,2.391470991046851,3.3740704126806875,0.0674342105263157,,0.3639519668385484,0.0082825687372547,0.0222509411289379,2.67324400000507,14.959374857426155,3260,1,2026-08-31T10:44:56.845661+00:00,1806733
e2_uci,wine_quality_red,ensemble,epochs=20,13,13,1439,160,random,0.6145882910832964,0.4615467418775769,-0.9309354087645524,0.9309354087645524,0.3351704528926139,0.9375,2.4264197099892995,3.326377630036752,0.0276315789473683,,0.3665945310880674,0.0167210733055715,0.0436222087332508,2.5162354000203777,10.754375034593975,3260,1,2026-08-31T10:44:57.118366+00:00,1806733
e2_uci,wine_quality_red,ensemble,epochs=20,14,14,1439,160,random,0.596769056370472,0.4540481163928275,-0.9010383311868456,0.9010383311868456,0.3297482466581415,0.95625,2.400287443957306,3.021202590132265,0.0398026315789473,,0.3665407910712951,0.0084375857601726,0.0225015261719074,2.6905203000060283,14.903124974807724,3260,1,2026-08-31T10:44:58.420014+00:00,1806733
e2_uci,wine_quality_red,ensemble,epochs=20,15,15,1439,160,random,0.5746988406937399,0.4472878767741698,-0.8706079215582487,0.8706079215582487,0.3210731816967529,0.95,2.4362840110679147,2.9609582969194976,0.0371710526315789,,0.376134524860827,0.010171594008617,0.0263303983855732,2.4942224000114948,16.211249931075145,3260,1,2026-08-31T10:44:58.832989+00:00,1806733
e2_uci,wine_quality_red,ensemble,epochs=20,16,16,1439,160,random,0.5932828718117368,0.4778067542159482,-0.8946634128256565,0.8946634128256565,0.3344990181096072,0.95,2.4181782485271244,2.799695269142563,0.025328947368421,,0.3666843551826745,0.014018730366798,0.0368232643729816,2.5126422999892384,15.996250112948474,3260,1,2026-08-31T10:44:59.407392+00:00,1806733
e2_uci,wine_quality_red,ensemble,epochs=20,17,17,1439,160,random,0.6050785939596977,0.4762721773819719,-0.9145331763280324,0.9145331763280324,0.3382660725103231,0.95625,2.393948138806892,2.9927851758164303,0.0226973684210526,,0.3655721374257325,0.0074164407119437,0.0198838279417936,2.61784799999441,9.52062509895768,3260,1,2026-08-31T10:44:59.777584+00:00,1806733
e2_uci,wine_quality_red,ensemble,epochs=20,18,18,1439,160,random,0.6349098982305371,0.4924834261246692,-0.9634014070733474,0.9634014070733474,0.3525792555769304,0.93125,2.3910585888720446,3.261726666149299,0.0391447368421053,,0.3626448455403082,0.0094704590203003,0.0254503346254007,2.5759420999966096,9.601874990039503,3260,1,2026-08-31T10:45:01.044928+00:00,1806733
e2_uci,wine_quality_red,ensemble,epochs=20,19,19,1439,160,random,0.6030301198268443,0.47265916772912,-0.9134390263337272,0.9134390263337272,0.3373131433366616,0.94375,2.4132633145008624,2.9121982358585945,0.0164473684210526,,0.3696083868209604,0.0094577841296877,0.0249502193930123,2.655569100024877,14.748750072612893,3260,1,2026-08-31T10:45:01.540224+00:00,1806733
e2_uci,kin8nm,ensemble,epochs=1000,0,0,7373,819,random,0.0685153009037889,0.0532689669172442,1.251763826211135,-1.251763826211135,0.0383813149940847,0.9743589743589745,0.3047455513242879,0.3457543229594579,0.0289827131932394,,0.0050001666610994,0.0010736654651717,0.1767690385329972,631.9769078000099,7.268620250685202,2510,1,2026-08-31T10:55:31.458186+00:00,1806733
e2_uci,kin8nm,ensemble,epochs=1000,1,1,7373,819,random,0.0702668159076621,0.0533205526968904,1.2436595610804393,-1.2436595610804393,0.0385809294356704,0.9584859584859584,0.2919510656526033,0.3615749680672332,0.0248634406529143,,0.0045456432194725,0.0010272142955008,0.1843245216194602,634.6598866999848,6.494871819714796,2510,1,2026-08-31T10:55:34.522131+00:00,1806733
e2_uci,kin8nm,ensemble,epochs=1000,2,2,7373,819,random,0.0667516710482559,0.0523905647321988,1.2692797019481743,-1.2692797019481743,0.0376847346054177,0.9731379731379732,0.3014344070550533,0.3301986730590263,0.0286549707602338,,0.0048391417254411,0.0010995815411471,0.1851545343648925,641.9412242000108,4.695238062534231,2510,1,2026-08-31T10:55:43.061190+00:00,1806733
e2_uci,kin8nm,ensemble,epochs=1000,3,3,7373,819,random,0.065531799047658,0.0507580807746939,1.2917598318074777,-1.2917598318074777,0.03686487569748,0.9706959706959708,0.2962163220166777,0.3255320988521565,0.0341816078658183,,0.0047823919220089,0.0009668001086187,0.1681627789554294,634.1228769000154,7.093772894824526,2510,1,2026-08-31T10:55:35.741485+00:00,1806733
e2_uci,kin8nm,ensemble,epochs=1000,4,4,7373,819,random,0.0660482135095284,0.0521417879204877,1.290846199344445,-1.290846199344445,0.0370876273423174,0.9645909645909646,0.2915269048028417,0.330843440618446,0.0242079557869031,,0.0046547604483477,0.0008976892347755,0.1616744474973086,633.2206807999755,4.005006111371393,2510,1,2026-08-31T10:56:41.866373+00:00,1806733
e2_uci,kin8nm,ensemble,epochs=1000,5,5,7373,819,random,0.0709599677055673,0.0542055375846767,1.2314849825707763,-1.2314849825707763,0.0391838426204707,0.9706959706959708,0.3048528841581258,0.3610351583539758,0.02846218109376,,0.0048670286770827,0.0012162799175235,0.199937237871173,638.4535887000093,4.279242977170189,2510,1,2026-08-31T10:56:48.824816+00:00,1806733
e2_uci,kin8nm,ensemble,epochs=1000,6,6,7373,819,random,0.0691773976705993,0.0527139603768229,1.258604664612585,-1.258604664612585,0.0383387983654045,0.9597069597069596,0.292395892145031,0.3436883786261754,0.0301972880920249,,0.0047066821042662,0.0008780660889719,0.1572257259575376,639.1784318000136,5.947619027563886,2510,1,2026-08-31T10:56:49.672801+00:00,1806733
e2_uci,kin8nm,ensemble,epochs=1000,7,7,7373,819,random,0.0647773529740746,0.0509396087031066,1.2952630483916794,-1.2952630483916794,0.0366738867044019,0.9768009768009768,0.2999562162333692,0.3239423600314443,0.0399974294711136,,0.0047855777402101,0.0011027638538887,0.1872791916477639,639.0898804999888,3.547985356878739,2510,1,2026-08-31T10:56:49.681386+00:00,1806733
e2_uci,kin8nm,ensemble,epochs=1000,8,8,7373,819,random,0.0657125400083426,0.0510329697426144,1.289105667631883,-1.289105667631883,0.0369950006271988,0.9621489621489622,0.2902450102842644,0.322809234219648,0.0302486986697512,,0.0046748547044181,0.0008238002083082,0.1498184958655274,705.1225593999843,4.193772916069142,2510,1,2026-08-31T11:07:16.697588+00:00,1806733
e2_uci,kin8nm,ensemble,epochs=1000,9,9,7373,819,random,0.0673843457312165,0.0524683872463434,1.271635902226847,-1.271635902226847,0.037629035705473,0.967032967032967,0.2904960123839099,0.3435012433509322,0.0242143821091189,,0.0047188204894398,0.0007941189562287,0.1440463774461795,707.1308195999882,6.079120865382791,2510,1,2026-08-31T11:07:21.743011+00:00,1806733
e2_uci,kin8nm,ensemble,epochs=1000,10,10,7373,819,random,0.0663713337200863,0.051036090417634,1.2960162028808886,-1.2960162028808886,0.0368270149895249,0.9694749694749696,0.2875254495506897,0.331747958058248,0.0269262900841847,,0.00465350679678,0.0007426477821899,0.1376253721648836,704.7890069000132,6.16422469439997,2510,1,2026-08-31T11:07:20.621595+00:00,1806733
e2_uci,kin8nm,ensemble,epochs=1000,11,11,7373,819,random,0.0697520647864105,0.0534300427782853,1.2530319926430695,-1.2530319926430695,0.0384190672122185,0.9658119658119658,0.2951360092812434,0.3575687908927138,0.0253775464301779,,0.0047058608730941,0.0009888568015946,0.1736445699476491,711.6103659000073,6.67338217159458,2510,1,2026-08-31T11:07:34.766719+00:00,1806733
e2_uci,kin8nm,ensemble,epochs=1000,12,12,7373,819,random,0.0683743094108219,0.0534896628680173,1.2701389072606148,-1.2701389072606148,0.0381776719024756,0.9597069597069596,0.2863159175602936,0.3300646567864136,0.0248120300751879,,0.0045226658605122,0.0008327883268936,0.1555028383684187,703.727481000009,6.22893771883305,2510,1,2026-08-31T11:08:25.673760+00:00,1806733
e2_uci,kin8nm,ensemble,epochs=1000,13,13,7373,819,random,0.0651827220236501,0.0499739159012419,1.3011050581573584,-1.3011050581573584,0.0363806272251792,0.9706959706959708,0.2971312027033976,0.3344745359321045,0.0378510378510378,,0.0047421167342813,0.0010343973524307,0.1790694763144803,708.6239478000207,5.552380943332,2510,1,2026-08-31T11:08:37.526570+00:00,1806733
e2_uci,kin8nm,ensemble,epochs=1000,14,14,7373,819,random,0.0693976340247081,0.0531543919935691,1.2509793101396396,-1.2509793101396396,0.0384114481631325,0.9572649572649572,0.2913911941286112,0.3516926462306079,0.0313218944797892,,0.0045753185424439,0.0009722965178077,0.175263875962517,706.7291960000002,6.478021981169598,2510,1,2026-08-31T11:08:36.485483+00:00,1806733
e2_uci,kin8nm,ensemble,epochs=1000,15,15,7373,819,random,0.0646727741948475,0.0509348088917913,1.297501283901331,-1.297501283901331,0.036614432377397,0.9731379731379732,0.2984268731025355,0.3222557066240233,0.0409999357367778,,0.0046476482136228,0.0011819157193486,0.2027451337592978,709.8783769000147,5.948351669410682,2510,1,2026-08-31T11:08:39.627259+00:00,1806733
e2_uci,kin8nm,ensemble,epochs=1000,16,16,7373,819,random,0.0664433750052408,0.05039194904829704,1.291565862937633,-1.291565862937633,0.03667070807631166,0.9658119658119658,0.2875117507228507,0.34656756503769137,0.04295353769037979,,0.004579508142928922,0.0008184260455458605,0.15161838158258673,633.1519332999887,6.286446887815556,2510,1,2026-08-31T11:17:49.925384+00:00,unknown
e2_uci,kin8nm,ensemble,epochs=1000,17,17,7373,819,random,0.0686016947287264,0.05342181663816721,1.2553029434633642,-1.2553029434633642,0.03835472499163401,0.9633699633699634,0.2981570754214322,0.34441408216597297,0.03688708951866847,,0.004804797745193684,0.0010043226604172998,0.17288721704704765,637.9521210000094,7.005494509531374,2510,1,2026-08-31T11:17:58.636624+00:00,unknown
e2_uci,kin8nm,ensemble,epochs=1000,18,18,7373,819,random,0.06791571421919748,0.051758520125823215,1.2592728662030765,-1.2592728662030765,0.037935174510927316,0.9621489621489622,0.2957924174934992,0.3445578061237605,0.03283850652271702,,0.004781001316727105,0.0009388772317309437,0.16414286138716078,639.3132446999953,6.53296702806366,2510,1,2026-08-31T11:18:01.134558+00:00,unknown
e2_uci,kin8nm,ensemble,epochs=1000,19,19,7373,819,random,0.06685684989353179,0.05118463861772847,1.278861538168804,-1.278861538168804,0.037259044513717865,0.9694749694749695,0.30042453103943384,0.3387893489294247,0.036115930852772926,,0.004755223793020832,0.0011524351430476272,0.19507475897289556,638.2235357000027,6.092674011064373,2510,1,2026-08-31T11:18:13.080656+00:00,unknown
e2_uci,power_plant,ensemble,epochs=50,0,0,8611,957,random,4.30336022361053,3.212936347061544,-2.8806032149879996,2.8806032149879996,2.2978175760225796,0.9665621734587252,16.211607937608452,21.4100894275285,0.027382720123192025,,16.645715209640294,0.4597400087864277,0.02687680642904938,39.778023799997754,5.880459750658963,1510,1,2026-08-31T11:09:05.526143+00:00,1806733
e2_uci,power_plant,ensemble,epochs=50,1,1,8611,957,random,3.858297884244503,3.030894102522494,-2.777182237501771,2.777182237501771,2.1645804135015134,0.9707419017763845,16.69028564327397,19.031800997077678,0.028268162569432997,,17.30104773416831,0.8307494623248186,0.045817270804545174,40.16338660000474,5.265935198836955,1510,1,2026-08-31T11:09:16.714933+00:00,1806733
e2_uci,power_plant,ensemble,epochs=50,2,2,8611,957,random,4.119661959970222,3.1010925241101974,-2.8333227298049652,2.8333227298049652,2.2220880731032757,0.955067920585162,16.13324316343507,20.584990575480266,0.02044217125886817,,16.686899382203393,0.2532628803830562,0.014950440052301353,40.41936159998295,4.708359453217939,1510,1,2026-08-31T11:09:18.011262+00:00,1806733
e2_uci,power_plant,ensemble,epochs=50,3,3,8611,957,random,4.233465289702921,3.1401773735907033,-2.8619593330781523,2.8619593330781523,2.2471585492251696,0.9655172413793104,16.137646426886906,20.745608875407456,0.022796018258813184,,16.60666907481041,0.3426141473379834,0.020214078840235215,40.59788639997714,3.9021943585388557,1510,1,2026-08-31T11:09:20.291153+00:00,1806733
e2_uci,power_plant,ensemble,epochs=50,4,4,8611,957,random,4.307194815875911,3.30771441920302,-2.879759823130715,2.879759823130715,2.364970820964547,0.9467084639498433,16.435030728953052,21.68297773574067,0.017312874663146904,,16.759241266920956,0.8232330990434751,0.04682123129592398,40.29035080000176,3.058829672280368,1510,1,2026-08-31T11:09:45.877180+00:00,1806733
e2_uci,power_plant,ensemble,epochs=50,5,5,8611,957,random,4.1835930895766165,3.232703361646689,-2.84956638370559,2.84956638370559,2.2851876234146578,0.9644723092998955,16.27946874245602,20.59536465647066,0.011824231424957378,,16.684728030196595,0.5646116509762794,0.032732363175184936,39.68309060001047,3.5834900804677567,1510,1,2026-08-31T11:09:56.462809+00:00,1806733
e2_uci,power_plant,ensemble,epochs=50,6,6,8611,957,random,4.007513966721631,3.1515948258491546,-2.8093698616884692,2.8093698616884692,2.2372311302946972,0.9728317659352143,16.47324885858706,19.443746856001486,0.014035087719298242,,17.21275984827968,0.4497406298116287,0.025463021522320144,39.42530309999711,5.345977027778871,1510,1,2026-08-31T11:09:57.509345+00:00,1806733
e2_uci,power_plant,ensemble,epochs=50,7,7,8611,957,random,3.887859844284793,3.1129766220367627,-2.780870889277471,2.780870889277471,2.193326628394039,0.9655172413793104,16.385763471055338,18.42286046781849,0.016064455810372302,,16.900203326916884,0.5754372645006697,0.032927964013134504,39.48724190000212,3.751724148986622,1510,1,2026-08-31T11:09:59.855211+00:00,1806733
e2_uci,power_plant,ensemble,epochs=50,8,8,8611,957,random,4.225801409490575,3.1018295196479904,-2.8613119635240793,2.8613119635240793,2.2313369370386447,0.9582027168234065,16.472722874169403,21.527731383696082,0.019617224880382738,,16.849913829559007,0.8127886796009657,0.04601723202774031,38.03937419998692,5.2490073223106855,1510,1,2026-08-31T11:10:23.979532+00:00,1806733
e2_uci,power_plant,ensemble,epochs=50,9,9,8611,957,random,4.104789488415049,3.242432862279927,-2.8309650474442276,2.8309650474442276,2.291829013241891,0.9561128526645768,16.32468082172116,19.79014671998457,0.022631028983116114,,16.98181237868317,0.3624612223546608,0.02089803416921261,38.52113599999575,4.419540247296994,1510,1,2026-08-31T11:10:35.048996+00:00,1806733
e2_uci,power_plant,ensemble,epochs=50,10,10,8611,957,random,3.999939649388483,3.159743401117343,-2.8079888810673457,2.8079888810673457,2.239633137181595,0.9696969696969697,16.35122290982293,19.042030980316103,0.009910355826871208,,17.048506709938863,0.35407047359102856,0.020345864285327073,38.894592599972384,4.970219449501177,1510,1,2026-08-31T11:10:36.467215+00:00,1806733
e2_uci,power_plant,ensemble,epochs=50,11,11,8611,957,random,4.295466912949229,3.2297769926825555,-2.8778114924079334,2.8778114924079334,2.315354483497197,0.9592476489028213,16.376501500193303,22.562531205637946,0.015327503712258717,,16.724951690420827,0.7335218596652561,0.04201523446828711,38.106698600022355,5.330825518902349,1510,1,2026-08-31T11:10:38.026949+00:00,1806733
e2_uci,power_plant,ensemble,epochs=50,12,12,8611,957,random,3.9498021226072475,3.0774010476043197,-2.796036538036243,2.796036538036243,2.190494140291666,0.9644723092998955,16.45750006738068,19.780798614306484,0.031375460595061334,,17.17793244756325,0.4500221341224748,0.025528891173228794,37.59417019999819,8.243364680951604,1510,1,2026-08-31T11:11:01.655292+00:00,unknown
e2_uci,power_plant,ensemble,epochs=50,13,13,8611,957,random,4.141905604407192,3.21670329139248,-2.8398134313959265,2.8398134313959265,2.2867548755018943,0.9571577847439916,16.470166082318126,20.257808478022195,0.01026783259088155,,16.896696325085177,0.7595802168237173,0.04302040778647636,38.23988010000903,5.0807732233802945,1510,1,2026-08-31T11:11:13.343789+00:00,unknown
e2_uci,power_plant,ensemble,epochs=50,14,14,8611,957,random,4.0370159754543495,3.14547256625809,-2.814802104099027,2.814802104099027,2.2330541719382757,0.9498432601880877,16.337613144392886,20.68256318876683,0.016729912555683877,,16.880631288939725,0.49257762779096037,0.028352714236723423,38.30505400002585,3.7665621758523313,1510,1,2026-08-31T11:11:14.834090+00:00,unknown
e2_uci,power_plant,ensemble,epochs=50,15,15,8611,957,random,3.9401241940682814,3.0924009536537125,-2.796146981852414,2.796146981852414,2.203257646522573,0.9644723092998955,16.61125200742032,19.60481806265588,0.023384480008799415,,17.244654251180496,0.7216800330518874,0.040168462950466666,38.211610800004564,5.46008356736901,1510,1,2026-08-31T11:11:16.295191+00:00,unknown
e2_uci,power_plant,ensemble,epochs=50,16,16,8611,957,random,3.934412133857759,3.050874795109744,-2.792907592833266,2.792907592833266,2.178639078109609,0.9728317659352143,16.70922354670176,19.734762066453563,0.03722708023978443,,17.235640877511234,0.9376238962214902,0.05159358584687068,37.31633889998193,5.675862073001054,1510,1,2026-08-31T11:11:39.067695+00:00,unknown
e2_uci,power_plant,ensemble,epochs=50,17,17,8611,957,random,4.047618354727453,3.1734689193851446,-2.8179520494320935,2.8179520494320935,2.243947641589408,0.9571577847439916,16.32341578448035,19.661069045038452,0.01148875323103994,,16.735486526375634,0.6077120843028958,0.03504036930815727,37.098059299984016,4.72236155846634,1510,1,2026-08-31T11:11:50.487660+00:00,unknown
e2_uci,power_plant,ensemble,epochs=50,18,18,8611,957,random,4.23546526982979,3.1902456131332664,-2.8624112934386057,2.8624112934386057,2.26788612339583,0.9634273772204807,16.436456297934946,20.797100686550245,0.01124676896001757,,16.94574287684551,0.6387489837349174,0.0363245630751956,37.437438199995086,5.115987459302742,1510,1,2026-08-31T11:11:52.324669+00:00,unknown
e2_uci,power_plant,ensemble,epochs=50,19,19,8611,957,random,4.36412817754284,3.201963105153089,-2.8888929969663124,2.8888929969663124,2.2837916907819316,0.9561128526645768,16.170300832886195,22.40571794768706,0.014585051971621832,,16.52177581091018,0.4973450443646177,0.029222722406984595,36.85702820000006,3.5402298975023543,1510,1,2026-08-31T11:11:53.192728+00:00,unknown
e2_uci,yacht,bbb,"epochs=2000,K=32",0,0,277,31,random,1.0093937131576474,0.4734746405639168,-1.5751238777714458,1.5751238777714458,0.5640852451905773,0.967741935483871,6.621143388706845,7.0980892234210335,0.18166383701188452,,1.6795884050088001,1.1860564508436793,0.4138881510112489,298.06744719998096,1428.0387099021143,803,1,2026-08-31T12:12:45.973146+00:00,1806733
e2_uci,yacht,bbb,"epochs=2000,K=32",1,1,277,31,random,0.665205761615187,0.38827345009568,-1.571394209909284,1.571394209909284,0.5063317788459333,1.0,7.060740050817883,7.060740050817883,0.18336162988115448,,1.8295335249133136,1.422801694462021,0.4374708012832989,295.0209535000031,1484.9935485530766,803,1,2026-08-31T12:12:42.946247+00:00,1806733
e2_uci,yacht,bbb,"epochs=2000,K=32",2,2,277,31,random,0.44512499592086896,0.33345553600943423,-1.4856041523372812,1.4856041523372812,0.44397711332881207,1.0,6.676242429936424,6.676242429936424,0.1954159592529711,,1.6629082987491604,1.2421439366183407,0.42758058581387387,293.66692930000136,1066.9064518409753,803,1,2026-08-31T12:12:41.651770+00:00,1806733
e2_uci,yacht,bbb,"epochs=2000,K=32",3,3,277,31,random,0.9039972610978209,0.5517829552838631,-1.3878879689797774,1.3878879689797774,0.49106041956362473,0.967741935483871,5.353435721205676,5.773550579913556,0.14278438030560273,,1.1267565438349911,0.7565493598808092,0.40171347543068925,292.2253723999893,1067.9387093161145,803,1,2026-08-31T12:12:40.285091+00:00,1806733
e2_uci,yacht,bbb,"epochs=2000,K=32",4,4,277,31,random,0.7964154520899922,0.5873182653310633,-1.7493237302830689,1.7493237302830689,0.6118628022946503,1.0,8.532538272410761,8.532538272410761,0.19711375212224103,,2.8766159060853593,1.906028084402628,0.39853020383567184,296.9867705000215,1439.7935489297756,803,1,2026-08-31T12:12:45.094427+00:00,1806733
e2_uci,yacht,bbb,"epochs=2000,K=32",5,5,277,31,random,0.827139550860594,0.4299675467856989,-1.5463659352341368,1.5463659352341368,0.5191321015402068,0.967741935483871,6.591845114082848,6.970065462252988,0.17504244482173173,,1.6524493076191271,1.1865076106463108,0.4179378711288266,292.0398653000011,1397.425806405203,803,1,2026-08-31T12:12:40.156341+00:00,1806733
e2_uci,yacht,bbb,"epochs=2000,K=32",6,6,277,31,random,0.7125241925913182,0.6279504250971432,-1.3649920391823762,1.3649920391823762,0.4587488758272831,1.0,5.38973616308145,5.38973616308145,0.2251273344651952,,1.1751250067817822,0.7183709430706081,0.3793886874311032,292.8463804000057,823.5290325472071,803,1,2026-08-31T12:12:40.943082+00:00,1806733
e2_uci,yacht,bbb,"epochs=2000,K=32",7,7,277,31,random,1.0995726332054443,0.6732330353320521,-1.6037486318208505,1.6037486318208505,0.5986235946855594,0.967741935483871,6.61577584672352,7.456470470430156,0.15466893039049234,,1.7032559918787478,1.1574732917949944,0.40460776851578556,294.55611479998333,1053.764515804247,803,1,2026-08-31T12:12:42.710588+00:00,1806733
e2_uci,yacht,bbb,"epochs=2000,K=32",8,8,277,31,random,0.7240625316286232,0.5071162322316485,-1.4879930921791797,1.4879930921791797,0.4910116229855691,1.0,6.3528332724090495,6.35283327240905,0.166553480475382,,1.7179014610147187,0.9167662952340474,0.34796277179910423,300.0491653000063,962.0225802439475,803,1,2026-08-31T12:17:40.280995+00:00,1806733
e2_uci,yacht,bbb,"epochs=2000,K=32",9,9,277,31,random,0.48488537060475995,0.35916863485864803,-1.5718189026169276,1.5718189026169276,0.48296040840531335,1.0,7.29218364099673,7.292183640996731,0.2157894736842105,,2.1017232888820274,1.36844259935051,0.39434500926625726,303.83564170001773,1455.1064523402601,803,1,2026-08-31T12:17:44.218248+00:00,1806733
e2_uci,yacht,bbb,"epochs=2000,K=32",10,10,277,31,random,0.7033885574565852,0.5132924962519713,-1.5547165893658228,1.5547165893658228,0.513804501833036,1.0,6.871695073938871,6.871695073938871,0.14770797962648552,,1.762978908257723,1.3225379977400504,0.4286276944939885,302.98262799999793,1421.596774185497,803,1,2026-08-31T12:17:44.018986+00:00,1806733
e2_uci,yacht,bbb,"epochs=2000,K=32",11,11,277,31,random,1.550723816715198,0.7025162766587776,-1.7842176083770271,1.7842176083770271,0.6870811677255387,0.9354838709677419,6.139066188036503,11.784688165571204,0.16129032258064513,,1.502553056259314,0.9583234150809345,0.38942361643980067,301.8190966999973,1131.0774190802006,803,1,2026-08-31T12:17:43.548992+00:00,1806733
e2_uci,yacht,bbb,"epochs=2000,K=32",12,12,277,31,random,1.1210874220644718,0.854969481425513,-1.6645526165352722,1.6645526165352722,0.6476451597452485,0.967741935483871,6.706598097680618,7.167341815845573,0.20135823429541594,,1.8235684865413215,1.1069766659215643,0.3777374544088632,298.85441739999806,1397.9645164292906,803,1,2026-08-31T12:17:41.655429+00:00,1806733
e2_uci,yacht,bbb,"epochs=2000,K=32",13,13,277,31,random,1.2904216170215095,0.6191224122733736,-1.8367213012355113,1.8367213012355113,0.7117233670007728,0.967741935483871,8.331169077528934,10.603147547215137,0.164685908319185,,2.50490138566669,2.0204998314440172,0.44647971185503577,302.7768608999904,1433.47741968389,803,1,2026-08-31T12:17:45.810573+00:00,1806733
e2_uci,yacht,bbb,"epochs=2000,K=32",14,14,277,31,random,0.7908907076083049,0.5569521018435779,-1.51752718906582,1.51752718906582,0.5147667571007549,1.0,6.387891846896402,6.387891846896401,0.13769100169779283,,1.5319445733431936,1.1369340272390838,0.4259969063377539,300.70208380001714,1394.32258044009,803,1,2026-08-31T12:17:45.881599+00:00,1806733
e2_uci,yacht,bbb,"epochs=2000,K=32",15,15,277,31,random,0.7845136411186725,0.3448773590790043,-1.5302878274060046,1.5302878274060046,0.5035366740914607,0.967741935483871,6.413012517340501,6.9670279630668075,0.2054329371816638,,1.6977908789017004,0.9908310107160799,0.36852746551763665,304.5210851999873,1354.4096774797165,803,1,2026-08-31T12:17:50.581317+00:00,1806733
e2_uci,yacht,bbb,"epochs=2000,K=32",16,16,277,31,random,0.40560559286665876,0.30973873204734054,-1.5328074594881638,1.5328074594881638,0.4575603190995548,1.0,7.081884130109772,7.0818841301097715,0.19694397283531406,,1.8156104060027136,1.4638957421838046,0.4463768860422174,297.0831576999917,790.8935480255393,803,1,2026-08-31T12:22:37.425995+00:00,1806733
e2_uci,yacht,bbb,"epochs=2000,K=32",17,17,277,31,random,0.8958365302551616,0.6038849337139459,-1.554142200253367,1.554142200253367,0.5470256270524773,0.967741935483871,6.44153691093295,6.611192841812151,0.14617996604414257,,1.7553228676165054,0.9561537385015876,0.35263211799214916,296.20137460000115,1427.738709495433,803,1,2026-08-31T12:22:37.943394+00:00,1806733
e2_uci,yacht,bbb,"epochs=2000,K=32",18,18,277,31,random,1.013503113068297,0.6638507051485915,-1.5210598748280129,1.5210598748280129,0.5621908740085557,0.967741935483871,5.877090574784962,6.456080874138041,0.14991511035653646,,1.3346933342015745,0.9169407128576499,0.4072334552123299,297.87542760002543,1427.3774192383094,803,1,2026-08-31T12:22:41.515813+00:00,1806733
e2_uci,yacht,bbb,"epochs=2000,K=32",19,19,277,31,random,0.9046915495244011,0.6416157707372635,-1.5728419650559462,1.5728419650559462,0.5596078738657755,1.0,6.868119086245671,6.868119086245671,0.16689303904923594,,1.5847948650670727,1.5308676359733626,0.4913457845521296,297.53776070001186,1446.5645156545384,803,1,2026-08-31T12:22:41.647847+00:00,1806733
e2_uci,energy,bbb,"epochs=1000,K=32",0,0,691,77,random,0.49353273621420574,0.3868277889108253,-0.8723567023011015,0.8723567023011015,0.29409411052051504,0.987012987012987,3.0986373162555787,3.182270097086887,0.09788106630211889,,0.4259356034480303,0.2010580479606816,0.3206699900532486,304.4821220000158,629.7311689644182,1003,1,2026-08-31T12:22:48.793469+00:00,1806733
e2_uci,energy,bbb,"epochs=1000,K=32",1,1,691,77,random,0.677020642129131,0.4862880658032456,-1.0641845808363346,1.0641845808363346,0.3655195766440049,0.987012987012987,3.180963406453051,4.094395459211551,0.06404647983595349,,0.43290939942276574,0.22772554232045453,0.34470708091757024,306.6949418000004,604.2662338964496,1003,1,2026-08-31T12:22:52.601817+00:00,1806733
e2_uci,energy,bbb,"epochs=1000,K=32",2,2,691,77,random,0.5020319061480779,0.3851001634649127,-0.8822215421168262,0.8822215421168262,0.298108528685274,0.987012987012987,3.0831223742372442,3.1257266214434383,0.08386876281613119,,0.4215387011740669,0.19949635403297267,0.3212320341022697,305.69529790000524,361.6818183029143,1003,1,2026-08-31T12:22:51.649227+00:00,1806733
e2_uci,energy,bbb,"epochs=1000,K=32",3,3,691,77,random,0.4519130342371786,0.33792279708247597,-0.8767552473547664,0.8767552473547664,0.2835193536829765,1.0,3.2361205627000724,3.2361205627000724,0.10868079289131914,,0.4435139965049687,0.23880769440440808,0.34999282242681257,303.89157439998235,375.5675324891972,1003,1,2026-08-31T12:22:54.541834+00:00,1806733
e2_uci,energy,bbb,"epochs=1000,K=32",4,4,691,77,random,0.604921414107301,0.4590793193595346,-0.9695231792278368,0.9695231792278368,0.3431894097764333,0.974025974025974,3.0316902479685064,3.2345825651622135,0.05755297334244703,,0.4007524762519175,0.19877985201052922,0.33155818734017095,266.9382420000038,575.7766235287169,1003,1,2026-08-31T12:27:04.449345+00:00,1806733
e2_uci,energy,bbb,"epochs=1000,K=32",5,5,691,77,random,0.48109110242870395,0.39072867518447574,-0.8711605104392326,0.8711605104392326,0.29238701365501707,1.0,3.1125629687044163,3.1125629687044163,0.0811346548188653,,0.44621089371376843,0.1851291019430288,0.2932320195403347,265.70867350001936,592.7415585066736,1003,1,2026-08-31T12:27:03.742208+00:00,1806733
e2_uci,energy,bbb,"epochs=1000,K=32",6,6,691,77,random,0.516856233870085,0.4131255455918797,-0.9722126525826168,0.9722126525826168,0.32039487993667465,1.0,3.48134398889785,3.4813439888978506,0.11633629528366364,,0.5286285631786225,0.26280520098138554,0.3320621546394536,264.4631650999945,556.5974026065707,1003,1,2026-08-31T12:27:06.068433+00:00,1806733
e2_uci,energy,bbb,"epochs=1000,K=32",7,7,691,77,random,0.5385273788734666,0.411783221117185,-0.9030668072551733,0.9030668072551733,0.31269037709289793,0.987012987012987,3.031855250943547,3.1864760139855974,0.09207108680792887,,0.42199391484852494,0.17824695552162567,0.2969590448109708,267.4412044000055,559.8311688956599,1003,1,2026-08-31T12:27:09.180321+00:00,1806733
e2_uci,energy,bbb,"epochs=1000,K=32",8,8,691,77,random,0.5513196133192307,0.35512574081663145,-0.9411558394080317,0.9411558394080317,0.30154972159371757,0.987012987012987,3.1465455310681123,3.9991290245606392,0.10389610389610388,,0.413206176381942,0.23319875350886207,0.36076264694988613,268.18266609997954,628.7181817974847,1003,1,2026-08-31T12:27:17.068620+00:00,1806733
e2_uci,energy,bbb,"epochs=1000,K=32",9,9,691,77,random,0.4721263648855658,0.36856518349854456,-0.855331716768933,0.855331716768933,0.2877977175273218,1.0,3.0945523081512065,3.094552308151207,0.10874914559125083,,0.4329728161809954,0.19314639905444453,0.3084818263911858,266.924199400004,389.41428571782234,1003,1,2026-08-31T12:27:18.645708+00:00,1806733
e2_uci,energy,bbb,"epochs=1000,K=32",10,10,691,77,random,0.5414027703391743,0.4557642594063822,-0.9891474815831997,0.9891474815831997,0.3318226348702718,1.0,3.4849595813635066,3.4849595813635066,0.10403280929596716,,0.5051754414296863,0.2865110738352657,0.36189965132774765,266.2631102000014,630.8805196721396,1003,1,2026-08-31T12:27:18.959818+00:00,1806733
e2_uci,energy,bbb,"epochs=1000,K=32",11,11,691,77,random,0.4507272259161868,0.35743244569842025,-0.870196090410637,0.870196090410637,0.2850184413661859,1.0,3.2018249438728748,3.2018249438728748,0.12590567327409433,,0.43994280900256405,0.2436072673316272,0.35638539993743834,264.88437399998656,609.8220780243879,1003,1,2026-08-31T12:27:19.513096+00:00,1806733
e2_uci,energy,bbb,"epochs=1000,K=32",12,12,691,77,random,0.657282999204956,0.46899503252981994,-1.0260140813550567,1.0260140813550567,0.3410220799101945,0.987012987012987,2.913893348597024,4.087323535214767,0.10457963089542037,,0.3855720780320543,0.16865247179369514,0.30430350269889744,312.6625075000047,615.1935062975949,1003,1,2026-08-31T12:32:16.497611+00:00,1806733
e2_uci,energy,bbb,"epochs=1000,K=32",13,13,691,77,random,0.5382647334866412,0.45652601916956914,-0.9796973298068372,0.9796973298068372,0.3285032659471047,1.0,3.4532240497071913,3.453224049707191,0.1298701298701298,,0.508429969550934,0.2694788526034927,0.3464144446352571,312.80675980000524,609.8519480037321,1003,1,2026-08-31T12:32:17.347592+00:00,1806733
e2_uci,energy,bbb,"epochs=1000,K=32",14,14,691,77,random,0.5561574288571342,0.4539007641492218,-0.9410853864598845,0.9410853864598845,0.3258954320219927,0.987012987012987,3.14006954970277,3.151435455899295,0.12303485987696516,,0.44947638090768993,0.19290060730811665,0.30029190155751917,311.11374860000797,576.8207793861822,1003,1,2026-08-31T12:32:17.268409+00:00,1806733
e2_uci,energy,bbb,"epochs=1000,K=32",15,15,691,77,random,0.4516320289369527,0.34028866568831656,-0.8673154139325757,0.8673154139325757,0.28131172698299284,1.0,3.2246012861419246,3.224601286141925,0.10936431989063562,,0.4595928615254788,0.2196609067383385,0.3233856284666555,313.2486485999834,655.9155843607695,1003,1,2026-08-31T12:32:22.524505+00:00,1806733
e2_uci,energy,bbb,"epochs=1000,K=32",16,16,691,77,random,0.6051196251225235,0.4202185450079427,-0.9662587125538151,0.9662587125538151,0.3284134838299119,0.987012987012987,3.0129301727580087,3.745280970652995,0.0958304853041695,,0.427584988311025,0.16458589018573952,0.27793648111089736,312.85043690001476,630.9662338545812,1003,1,2026-08-31T12:32:30.016168+00:00,1806733
e2_uci,energy,bbb,"epochs=1000,K=32",17,17,691,77,random,0.5118852969054304,0.37325264240649053,-0.8574499084324404,0.8574499084324404,0.29742859748227835,0.974025974025974,2.831887580883988,2.8951203117506332,0.11216678058783325,,0.373922982573244,0.14902552158926025,0.284971694924193,315.427214299998,604.1597403350056,1003,1,2026-08-31T12:32:34.163251+00:00,1806733
e2_uci,energy,bbb,"epochs=1000,K=32",18,18,691,77,random,0.5820013267241234,0.42714013062068157,-0.9088997789375911,0.9088997789375911,0.32582892602394775,0.987012987012987,2.9067901864107526,3.1130226257602187,0.08127136021872858,,0.3784127694528301,0.17539718354744468,0.3167100601880257,315.6976951000106,602.9155844665289,1003,1,2026-08-31T12:32:34.763156+00:00,1806733
e2_uci,energy,bbb,"epochs=1000,K=32",19,19,691,77,random,0.61738646982536,0.4758975420625403,-1.0203891142411758,1.0203891142411758,0.35628668778099104,0.974025974025974,3.322604574873534,3.4575499288461797,0.06267942583732056,,0.475157703267077,0.2446050555996038,0.33984122210595114,315.0787707999989,689.5285714326983,1003,1,2026-08-31T12:32:34.702106+00:00,1806733
e2_uci,concrete,bbb,"epochs=1000,K=32",0,0,927,103,random,5.497952848423596,4.112661313184891,-3.1539267943653972,3.1539267943653972,3.014132198516754,0.9223300970873787,18.318941123462142,31.03036246722766,0.08390393459376604,,18.428945603326788,3.4229262963814002,0.15664224612387148,413.128828099987,492.61747575726685,1003,1,2026-08-31T12:39:09.839732+00:00,1806733
e2_uci,concrete,bbb,"epochs=1000,K=32",1,1,927,103,random,4.0527456869713765,3.1838018464015,-2.8175129762856175,2.8175129762856175,2.269071674552827,0.9514563106796117,16.811376416059474,20.024023175946553,0.04287174246295345,,14.25598200648217,4.201679323982757,0.22763877008880629,413.6598719000176,396.76796092235855,1003,1,2026-08-31T12:39:11.014061+00:00,1806733
e2_uci,concrete,bbb,"epochs=1000,K=32",2,2,927,103,random,5.2451000567425465,4.2317293519383385,-3.082144155278843,3.082144155278843,2.9618937396696228,0.941747572815534,19.28749898112095,25.853989913786165,0.019570771589167115,,19.773956835627256,4.447394127699088,0.1836146189546945,415.1426559999818,489.4883494521265,1003,1,2026-08-31T12:39:12.601681+00:00,1806733
e2_uci,concrete,bbb,"epochs=1000,K=32",3,3,927,103,random,5.375556645122341,3.956505692869132,-3.12585778081903,3.12585778081903,2.948723634304375,0.8737864077669902,18.262939793082445,31.806655672764503,0.05125191619826269,,17.979934833284567,3.7475969801535576,0.17248148626967966,415.10374600000796,355.82718442790934,1003,1,2026-08-31T12:39:17.726784+00:00,1806733
e2_uci,concrete,bbb,"epochs=1000,K=32",4,4,927,103,random,5.988306918216809,4.406204128495994,-3.2855029096218775,3.2855029096218775,3.2540462683058404,0.8932038834951457,18.33578344838767,34.92511910148364,0.042054164537557455,,19.00571954863372,2.8896082916145267,0.13197373945243318,414.34057219998795,472.9252428413161,1003,1,2026-08-31T12:39:24.449912+00:00,1806733
e2_uci,concrete,bbb,"epochs=1000,K=32",5,5,927,103,random,5.187567808278684,3.7667842568092347,-3.05349058779369,3.05349058779369,2.8020182867612085,0.912621359223301,19.386666612802983,30.08043090081174,0.026928972917731185,,20.53439993575188,3.955204118825115,0.1615054334896814,416.2785285000282,501.3834952390346,1003,1,2026-08-31T12:39:30.548145+00:00,1806733
e2_uci,concrete,bbb,"epochs=1000,K=32",6,6,927,103,random,5.41484256428822,3.895451195514867,-3.124054915986542,3.124054915986542,2.9059921928962678,0.8932038834951457,18.513346734503237,31.288670680544936,0.026213592233009682,,18.338682932669187,3.984550398257354,0.1784934260726993,413.54780289999326,386.2067959859099,1003,1,2026-08-31T12:39:28.337341+00:00,1806733
e2_uci,concrete,bbb,"epochs=1000,K=32",7,7,927,103,random,5.759755115035841,4.362109871981612,-3.2021828243512,3.2021828243512,3.1727035897475044,0.912621359223301,19.082014890554394,29.326517656724505,0.027286663260091985,,20.17042309243937,3.536925980473568,0.14919112084592867,414.918743599992,473.14951441576255,1003,1,2026-08-31T12:39:29.781381+00:00,1806733
e2_uci,concrete,bbb,"epochs=1000,K=32",8,8,927,103,random,5.820195676561885,4.211612532297289,-3.1938203053380247,3.1938203053380247,3.1238706027927896,0.941747572815534,20.69033950644062,34.318100005267816,0.02892181911088401,,24.51001517171389,3.3586829884314437,0.12051811566981097,420.82936910001445,481.740776698096,1003,1,2026-08-31T12:46:10.765997+00:00,1806733
e2_uci,concrete,bbb,"epochs=1000,K=32",9,9,927,103,random,5.683005351405418,4.10372672146914,-3.194417419078449,3.194417419078449,3.0707542623837543,0.883495145631068,18.891374496402978,36.040346388086725,0.06412876852324984,,19.028051016858704,4.21368737626929,0.18129828780428794,419.5065289000049,448.98737874108105,1003,1,2026-08-31T12:46:10.608293+00:00,1806733
e2_uci,concrete,bbb,"epochs=1000,K=32",10,10,927,103,random,4.995634903932165,3.624311678653778,-3.0280819367991176,3.0280819367991176,2.696062015989117,0.9320388349514563,19.12701786334493,29.160610585367998,0.03515585079202862,,20.03461208441139,3.7888031104339728,0.15903694241343494,422.6063269999868,508.6048543498426,1003,1,2026-08-31T12:46:15.305311+00:00,1806733
e2_uci,concrete,bbb,"epochs=1000,K=32",11,11,927,103,random,4.862171480099069,3.574654369068585,-2.998059111668638,2.998059111668638,2.6003533360947833,0.941747572815534,18.570545014610815,26.615099977020776,0.028870720490546772,,19.456317640704857,2.9926703941666872,0.13330981287521596,422.72797059998265,498.10970876845124,1003,1,2026-08-31T12:46:20.554068+00:00,1806733
e2_uci,concrete,bbb,"epochs=1000,K=32",12,12,927,103,random,5.0515674683554375,3.86623540141012,-3.0330351566705,3.0330351566705,2.753836063780578,0.941747572815534,20.116010471133283,28.059107696225077,0.027899846704138954,,22.783945463317647,3.5663439740914304,0.13534363569564248,422.05090529998415,490.8048544413618,1003,1,2026-08-31T12:46:26.595414+00:00,1806733
e2_uci,concrete,bbb,"epochs=1000,K=32",13,13,927,103,random,4.7867504944805646,3.5702985201661868,-2.982812521794113,2.982812521794113,2.628779672935714,0.9320388349514563,19.0968884024338,26.440775831874053,0.05135411343893719,,20.156528723715983,3.61904016346829,0.15221676421879682,422.2575938999944,419.30970890691634,1003,1,2026-08-31T12:46:30.688137+00:00,1806733
e2_uci,concrete,bbb,"epochs=1000,K=32",14,14,927,103,random,6.3944345148564805,4.938833037345138,-3.3272960985809323,3.3272960985809323,3.529931914861842,0.883495145631068,19.970991195505782,36.45631402031445,0.029586101175268303,,22.077597489948452,3.897948240078288,0.15006222701116956,421.1458260999934,510.3174757519827,1003,1,2026-08-31T12:46:31.028073+00:00,1806733
e2_uci,concrete,bbb,"epochs=1000,K=32",15,15,927,103,random,5.101079501381843,3.680192334970425,-3.050547982491825,3.050547982491825,2.6926102145349833,0.9514563106796117,18.099209451223672,28.66737046711834,0.017322432294328,,18.407879186334103,2.919049433223807,0.13687153388542253,422.22414900001604,464.8417477423633,1003,1,2026-08-31T12:46:32.873444+00:00,1806733
e2_uci,concrete,bbb,"epochs=1000,K=32",16,16,927,103,random,6.095332279903479,4.593262596917248,-3.301820318577291,3.301820318577291,3.385376895214959,0.883495145631068,18.608526434089587,36.22756453634697,0.03280531425651508,,19.216289673751163,3.327549513428383,0.14760349760304914,417.98932019999484,357.71844655420017,1003,1,2026-08-31T12:53:08.720365+00:00,1806733
e2_uci,concrete,bbb,"epochs=1000,K=32",17,17,927,103,random,5.242873551572796,3.9000668983969193,-3.0882536071287494,3.0882536071287494,2.886518574778627,0.912621359223301,19.1260045558929,27.607489740404702,0.03944813490035764,,20.33976968840223,3.488340983573032,0.14639603750354163,419.2469666999823,384.6766991151985,1003,1,2026-08-31T12:53:10.097177+00:00,1806733
e2_uci,concrete,bbb,"epochs=1000,K=32",18,18,927,103,random,5.913041866590783,4.552625078594493,-3.227977384196727,3.227977384196727,3.2450650899214177,0.9223300970873787,19.16480907878804,30.74524705422354,0.025958099131323468,,20.637758905763345,3.2777146394262036,0.13705413916361678,421.91243399999803,455.29611632499154,1003,1,2026-08-31T12:53:17.329378+00:00,1806733
e2_uci,concrete,bbb,"epochs=1000,K=32",19,19,927,103,random,5.503684774948279,3.8171758425484885,-3.1261958068867597,3.1261958068867597,2.8657084468753213,0.912621359223301,19.50589949600063,33.74194430144954,0.055442003065917185,,20.49391136104467,4.2811742733043445,0.17280159336235681,420.33901899997727,346.42621374110354,1003,1,2026-08-31T12:53:20.994819+00:00,1806733
e2_uci,wine_quality_red,bbb,"epochs=20,K=32",0,0,1439,160,random,0.6409017652271294,0.49645990024807274,-0.9731759062443148,0.9731759062443148,0.35668636290842437,0.93125,2.5150702157497746,3.2792562721177143,0.02203947368421056,,0.39498075603278376,0.016703610999552577,0.04057382873185603,13.23322230001213,366.71312500402564,1303,1,2026-08-31T12:46:39.965963+00:00,1806733
e2_uci,wine_quality_red,bbb,"epochs=20,K=32",1,1,1439,160,random,0.6197448494183728,0.49497666405596713,-0.9398534059187449,0.9398534059187449,0.34772312896299934,0.9625,2.5216357364700945,2.9597797494129794,0.03289473684210522,,0.39541387059161004,0.018443286114995718,0.044564376418578265,13.620075400016503,300.1324999786448,1303,1,2026-08-31T12:46:44.427915+00:00,1806733
e2_uci,wine_quality_red,bbb,"epochs=20,K=32",2,2,1439,160,random,0.7102694507342956,0.5336952699624307,-1.0889919792603149,1.0889919792603149,0.38939209765917876,0.9125,2.4762090029112307,3.813149300096886,0.03355263157894736,,0.37931363075835023,0.019760432741333205,0.04951570284484018,13.868706100009149,446.30062493524747,1303,1,2026-08-31T12:46:45.038228+00:00,1806733
e2_uci,wine_quality_red,bbb,"epochs=20,K=32",3,3,1439,160,random,0.628149839042157,0.48751905905066667,-0.954689394859469,0.954689394859469,0.3485843153478441,0.94375,2.5250433443141245,3.326296916698047,0.03026315789473681,,0.40148019820480896,0.013475022516748389,0.03247343772013987,14.007507799979066,341.6187500988599,1303,1,2026-08-31T12:46:47.003436+00:00,1806733
e2_uci,wine_quality_red,bbb,"epochs=20,K=32",4,4,1439,160,random,0.576693663894006,0.45418406355097235,-0.8820528471299116,0.8820528471299116,0.3226580372498447,0.9625,2.569918728401178,3.019439511219288,0.042434210526315776,,0.41517527136068366,0.014663829254897448,0.0341146936932845,13.532727899990277,359.74562488263473,1303,1,2026-08-31T12:46:53.667568+00:00,1806733
e2_uci,wine_quality_red,bbb,"epochs=20,K=32",5,5,1439,160,random,0.6330516851320633,0.5007713577747228,-0.9605376797870868,0.9605376797870868,0.3523122885086316,0.94375,2.530411634139241,3.225592551103554,0.034868421052631556,,0.4003081985427852,0.016418247034523565,0.03939814045585389,12.92819109998527,343.3956249864423,1303,1,2026-08-31T12:46:57.491885+00:00,1806733
e2_uci,wine_quality_red,bbb,"epochs=20,K=32",6,6,1439,160,random,0.6893629125336774,0.5318156222467583,-1.053386618968698,1.053386618968698,0.3830208494571675,0.90625,2.5007458833441647,3.5597109360797274,0.029605263157894777,,0.3908177056129581,0.016200578928271526,0.03980307407204568,12.890778999979375,216.6800000850344,1303,1,2026-08-31T12:46:58.095686+00:00,1806733
e2_uci,wine_quality_red,bbb,"epochs=20,K=32",7,7,1439,160,random,0.6728228030073474,0.4963790743761673,-1.0206167393879535,1.0206167393879535,0.3693168638570795,0.93125,2.530999738182367,3.6040092587644508,0.03552631578947368,,0.3991525411593693,0.017779513937528153,0.04264367232065207,12.766655799990986,273.80624997022096,1303,1,2026-08-31T12:46:59.903563+00:00,1806733
e2_uci,wine_quality_red,bbb,"epochs=20,K=32",8,8,1439,160,random,0.5960885290607747,0.45269435058186713,-0.9068954652980278,0.9068954652980278,0.32908358591243125,0.96875,2.550163865172634,3.0909665590421365,0.06019736842105268,,0.4053175640723846,0.017953968514438864,0.042417141556185464,12.543722199974582,338.7493750778958,1303,1,2026-08-31T12:47:06.346666+00:00,1806733
e2_uci,wine_quality_red,bbb,"epochs=20,K=32",9,9,1439,160,random,0.6622593373270345,0.5028169244269134,-1.0050933863227987,1.0050933863227987,0.3666548965940678,0.93125,2.5195582500358027,3.431576215277841,0.03322368421052629,,0.3979274080114554,0.015249906717129355,0.036908867388198666,12.702488000009907,351.0062499117339,1303,1,2026-08-31T12:47:10.310391+00:00,1806733
e2_uci,wine_quality_red,bbb,"epochs=20,K=32",10,10,1439,160,random,0.6568922308401983,0.5157994795706371,-0.993109847545257,0.993109847545257,0.3678406674812737,0.94375,2.5318452913195513,3.137636999820458,0.021710526315789472,,0.3995617702073327,0.01765951253478932,0.042326490198977676,12.81714849997661,327.80937508505303,1303,1,2026-08-31T12:47:11.023374+00:00,1806733
e2_uci,wine_quality_red,bbb,"epochs=20,K=32",11,11,1439,160,random,0.6393831569778112,0.49886659686068074,-0.9709774954883776,0.9709774954883776,0.35859765122380466,0.9625,2.5083914848373086,3.087196709263486,0.04901315789473689,,0.3952504036747842,0.014259585407855269,0.034821092984321976,12.798149900016142,315.0956248646253,1303,1,2026-08-31T12:47:12.825350+00:00,1806733
e2_uci,wine_quality_red,bbb,"epochs=20,K=32",12,12,1439,160,random,0.6461221964248568,0.4880757192731823,-0.9793823848132565,0.9793823848132565,0.3547824222542797,0.93125,2.527850490591166,3.4632181950848606,0.05921052631578945,,0.3980114114004661,0.01787808174910625,0.042987577333858,13.456253999989713,304.3124999749125,1303,1,2026-08-31T12:47:19.913449+00:00,1806733
e2_uci,wine_quality_red,bbb,"epochs=20,K=32",13,13,1439,160,random,0.619911173639054,0.4674298387881922,-0.9429594765084719,0.9429594765084719,0.33848977773627464,0.9625,2.5078526961038903,3.3408465747107243,0.03519736842105258,,0.3921825203731482,0.017147092005519875,0.041890670713696655,13.34604269999545,339.0356248928583,1303,1,2026-08-31T12:47:23.771036+00:00,1806733
e2_uci,wine_quality_red,bbb,"epochs=20,K=32",14,14,1439,160,random,0.6067575443931453,0.4695948737693268,-0.9223178618327138,0.9223178618327138,0.33681497787604836,0.9625,2.5286027890736125,3.1238804968044054,0.04736842105263156,,0.4019879161362243,0.014145215425111634,0.033992043296429277,13.16353479999816,353.35187494638376,1303,1,2026-08-31T12:47:24.336767+00:00,1806733
e2_uci,wine_quality_red,bbb,"epochs=20,K=32",15,15,1439,160,random,0.5719632054637834,0.4519546307616672,-0.8740639157775455,0.8740639157775455,0.321660109288909,0.95625,2.5416857584623824,2.914284934220029,0.03322368421052633,,0.4060650219961538,0.014382614703724076,0.034207861926907716,12.88600139998016,337.96750012697885,1303,1,2026-08-31T12:47:25.851143+00:00,1806733
e2_uci,wine_quality_red,bbb,"epochs=20,K=32",16,16,1439,160,random,0.6099082337015772,0.4764037505705033,-0.927059658123677,0.927059658123677,0.34171700928316745,0.9625,2.5504616524038872,3.0070475069691502,0.0348684210526316,,0.4109599962085496,0.012388986172424685,0.029264239877812574,12.655512600002112,269.4799999517272,1303,1,2026-08-31T12:47:32.687649+00:00,1806733
e2_uci,wine_quality_red,bbb,"epochs=20,K=32",17,17,1439,160,random,0.6115088311389264,0.47329694393759,-0.9288898590890928,0.9288898590890928,0.3404218764495073,0.95625,2.551789614925499,3.116988946800885,0.029276315789473685,,0.40481315903839843,0.0190155310248366,0.0448660779004826,12.748200699978042,313.79437514260644,1303,1,2026-08-31T12:47:36.632962+00:00,1806733
e2_uci,wine_quality_red,bbb,"epochs=20,K=32",18,18,1439,160,random,0.6489235394468743,0.504840877927408,-0.985087798465662,0.985087798465662,0.3636394114279379,0.95,2.563327502678848,3.116508099706773,0.03585526315789477,,0.4072763556156168,0.020369263474291556,0.04763117535879426,12.666367600002559,300.969374984561,1303,1,2026-08-31T12:47:37.106112+00:00,1806733
e2_uci,wine_quality_red,bbb,"epochs=20,K=32",19,19,1439,160,random,0.6137626703224506,0.4739568141215479,-0.9296034256898912,0.9296034256898912,0.3417519541399868,0.9625,2.5248638109810293,2.969055957186911,0.020723684210526283,,0.39921076900658775,0.015705926846629924,0.037853205242399095,12.850746199983405,335.6643750521471,1303,1,2026-08-31T12:47:38.827991+00:00,1806733
e2_uci,kin8nm,bbb,"epochs=1000,K=32",0,0,7373,819,random,0.08441678455550126,0.06659679093367168,1.0537411013534526,-1.0537411013534526,0.04744953050084861,0.960927960927961,0.3350540699867154,0.391036746509093,0.03865432812801237,,0.006876531426361602,0.0004302275116785321,0.05888075894206665,2911.405933300004,77.9487179695732,1003,1,2026-08-31T13:36:04.246205+00:00,1806733
e2_uci,kin8nm,bbb,"epochs=1000,K=32",1,1,7373,819,random,0.08219650891067523,0.061695341570460575,1.0806044690665035,-1.0806044690665035,0.045012743833934304,0.9401709401709402,0.32140878489205954,0.4343515423271929,0.01979307242465133,,0.006437576657140724,0.0002855835188231424,0.04247757175920618,2902.138966600003,78.12442003279669,1003,1,2026-08-31T13:35:58.946829+00:00,1806733
e2_uci,kin8nm,bbb,"epochs=1000,K=32",2,2,7373,819,random,0.08116605027522929,0.06372490086999183,1.0915092422288244,-1.0915092422288244,0.04545209525617501,0.9645909645909646,0.335245339705288,0.39746959276221094,0.015821605295289465,,0.00690943685138876,0.0004055039628864147,0.055435029917818325,2902.7245185000065,78.6600732605595,1003,1,2026-08-31T13:36:00.014642+00:00,1806733
e2_uci,kin8nm,bbb,"epochs=1000,K=32",3,3,7373,819,random,0.07625041180331936,0.05975636695762641,1.1433084714852348,-1.1433084714852348,0.042878678788253556,0.9645909645909646,0.33476304431753895,0.3782031469282512,0.026148705096073487,,0.006875962790150373,0.00041845638165903277,0.057366648639583635,2902.269118200027,82.38791211642398,1003,1,2026-08-31T13:36:01.277510+00:00,1806733
e2_uci,kin8nm,bbb,"epochs=1000,K=32",4,4,7373,819,random,0.08374176626249924,0.06603267180946756,1.0555844443433042,-1.0555844443433042,0.04694448629264773,0.9621489621489622,0.35406688694079563,0.4149004030248593,0.020185078079814872,,0.0076480091816645826,0.00051102980025895,0.06263357748273343,2761.638767700002,78.87411476977132,1003,1,2026-08-31T13:39:10.521786+00:00,1806733
e2_uci,kin8nm,bbb,"epochs=1000,K=32",5,5,7373,819,random,0.08308749021839273,0.06470795118469731,1.0710285546043554,-1.0710285546043554,0.04616379331495592,0.9401709401709402,0.3238181061688645,0.4235228274363871,0.0314504209241051,,0.006465893275970341,0.00035889195939930215,0.05258655723543277,2760.384285899985,65.90720392042664,1003,1,2026-08-31T13:39:10.638904+00:00,1806733
e2_uci,kin8nm,bbb,"epochs=1000,K=32",6,6,7373,819,random,0.07827092462817509,0.06147227750402316,1.1222720745126273,-1.1222720745126273,0.04395755798532385,0.9597069597069597,0.3343394359827729,0.38087200460531034,0.052342394447657654,,0.006517542451088114,0.000757580418608862,0.10413300671036183,2760.3365615000075,66.04407813345448,1003,1,2026-08-31T13:39:17.828578+00:00,1806733
e2_uci,kin8nm,bbb,"epochs=1000,K=32",7,7,7373,819,random,0.08107912810144327,0.06308840785585887,1.0914701561640714,-1.0914701561640714,0.04528032151620164,0.9560439560439561,0.3348673872134475,0.404929175735656,0.0585116637748216,,0.006927405542176661,0.0003706729274722735,0.050790482592619264,2758.1680359000165,70.13357753304808,1003,1,2026-08-31T13:39:19.333454+00:00,1806733
e2_uci,kin8nm,bbb,"epochs=1000,K=32",8,8,7373,819,random,0.07962776630592143,0.06345250944192729,1.11199610211347,-1.11199610211347,0.04482726178319824,0.9597069597069597,0.32135219804064574,0.3770754153014956,0.007499518025833792,,0.006406951310228444,0.0003140952187530748,0.046733082028026326,2103.4718872999947,122.07643468085318,1003,1,2026-08-31T14:11:02.607393+00:00,1806733
e2_uci,kin8nm,bbb,"epochs=1000,K=32",9,9,7373,819,random,0.08104432512622076,0.06280606494672382,1.0933031165804936,-1.0933031165804936,0.04538547705497446,0.9584859584859585,0.3315176396130138,0.38898105438848996,0.018610629136944924,,0.006752301726670835,0.0004009070344222615,0.05604576181291234,2104.4553743000142,120.03150182947863,1003,1,2026-08-31T14:11:04.661000+00:00,1806733
e2_uci,kin8nm,bbb,"epochs=1000,K=32",10,10,7373,819,random,0.07887695544482698,0.061970793641515136,1.1204337075507966,-1.1204337075507966,0.04408878883845242,0.9658119658119658,0.32236158393208664,0.38606915904311306,0.03819805925069086,,0.006425012466913922,0.0003382141571851736,0.050007810765948686,2109.895733499987,114.53369962988519,1003,1,2026-08-31T14:11:11.375521+00:00,1806733
e2_uci,kin8nm,bbb,"epochs=1000,K=32",11,11,7373,819,random,0.08935566391623105,0.06832369214487262,0.9975140908025592,-0.9975140908025592,0.04930768512694838,0.9413919413919414,0.3433633682261699,0.4581165428135024,0.010886189833558216,,0.007239174548132917,0.0004347595472219414,0.05665406319883663,2119.2701644999906,116.11062270317395,1003,1,2026-08-31T14:11:23.694082+00:00,1806733
e2_uci,kin8nm,bbb,"epochs=1000,K=32",12,12,7373,819,random,0.08248720826229833,0.06463790320553062,1.0744501802693274,-1.0744501802693274,0.04594636363263843,0.9536019536019537,0.3386583414534391,0.41999745515593695,0.01578947368421051,,0.007001528158302723,0.00046380330797569377,0.06212762421477675,2258.0904289000027,116.20830279838644,1003,1,2026-08-31T14:16:48.796571+00:00,1806733
e2_uci,kin8nm,bbb,"epochs=1000,K=32",13,13,7373,819,random,0.08672004285507606,0.06830121224456055,1.0253171664826564,-1.0253171664826564,0.0487320718419832,0.945054945054945,0.35366012434639643,0.4167978914727219,0.030300109247477718,,0.007688649217270633,0.00045196027516402823,0.055519218258049334,2267.5463586999977,117.73321125002508,1003,1,2026-08-31T14:16:58.377043+00:00,1806733
e2_uci,kin8nm,bbb,"epochs=1000,K=32",14,14,7373,819,random,0.0865327525194996,0.06558510001049235,1.0278556647549602,-1.0278556647549602,0.047612367309430095,0.9413919413919414,0.3314156010725315,0.45764227505861427,0.018360002570528843,,0.006781144611896707,0.0003675793614387485,0.051418877384244985,2277.8612933999975,116.64871795197337,1003,1,2026-08-31T14:17:15.873402+00:00,1806733
e2_uci,kin8nm,bbb,"epochs=1000,K=32",15,15,7373,819,random,0.08010060836116284,0.06291830368991305,1.1030665974032685,-1.1030665974032685,0.044842656333842164,0.9572649572649573,0.33392229377852967,0.3945755488274787,0.05265728423623164,,0.006873760987197815,0.0003834460071226237,0.05283658126641728,2278.677511099988,114.84810742191397,1003,1,2026-08-31T14:17:18.188776+00:00,1806733
e2_uci,kin8nm,bbb,"epochs=1000,K=32",16,16,7373,819,random,0.08272127154256903,0.06362128600725654,1.0748808164144816,-1.0748808164144816,0.045841434168380636,0.9474969474969475,0.33497597204847246,0.4175099912411808,0.029406850459482,,0.006869062043152945,0.00043439002715411245,0.0594773571418604,2906.109644399985,91.4625152723775,1003,1,2026-08-31T14:59:28.921133+00:00,1806733
e2_uci,kin8nm,bbb,"epochs=1000,K=32",17,17,7373,819,random,0.08143934528073364,0.06370755525284395,1.0888616098763977,-1.0888616098763977,0.04551740790660799,0.9584859584859585,0.3327509975603812,0.40110502091454125,0.013810166441745354,,0.006783743281043351,0.0004231412609459156,0.05871347854687828,2902.1147453000012,119.06703297698118,1003,1,2026-08-31T14:59:27.002080+00:00,1806733
e2_uci,kin8nm,bbb,"epochs=1000,K=32",18,18,7373,819,random,0.08015354023199149,0.06116426991203134,1.1058013130681352,-1.1058013130681352,0.04459417588585358,0.9499389499389499,0.3249198012133133,0.3992031735960448,0.0239251976094081,,0.0065164443300578636,0.00035508651642495923,0.051675023274720414,2899.197429199994,105.04151403935802,1003,1,2026-08-31T14:59:30.789566+00:00,1806733
e2_uci,kin8nm,bbb,"epochs=1000,K=32",19,19,7373,819,random,0.07829141669074383,0.06094984848449898,1.1220172159300095,-1.1220172159300095,0.043596752156994954,0.9706959706959707,0.33479933583771104,0.4020232724693055,0.022427864533127662,,0.00684876728111139,0.0004472809988919707,0.061304555798767944,2904.403131400002,109.99768013072055,1003,1,2026-08-31T14:59:48.314129+00:00,1806733
e2_uci,power_plant,bbb,"epochs=50,K=32",0,0,8611,957,random,4.4224557040737436,3.3178183377755737,-2.9049158244124964,2.9049158244124964,2.362054902876845,0.9728317659352143,17.76907452921245,22.595355541387327,0.01963922345047568,,19.083057531091647,1.4671015644341983,0.07139125091998012,183.26646700000856,99.15590386126334,603,1,2026-08-31T14:19:52.348192+00:00,1806733
e2_uci,power_plant,bbb,"epochs=50,K=32",1,1,8611,957,random,4.051847160631812,3.225603060135805,-2.8301119802263788,2.8301119802263788,2.2803983094327123,0.9728317659352143,17.808030782685762,20.111202169579148,0.023164494307869942,,19.563875982377052,1.0759973098915723,0.052131972646102635,183.1079078000039,107.30846392213635,603,1,2026-08-31T14:20:01.693548+00:00,1806733
e2_uci,power_plant,bbb,"epochs=50,K=32",2,2,8611,957,random,4.194898249295677,3.225553541256682,-2.8539896002913303,2.8539896002913303,2.3008748620870834,0.9717868338557993,17.491512513369514,20.56249053906035,0.036996095253808516,,18.621683112204316,1.2932173210938318,0.06493717231603852,183.58316750000813,107.54075235869179,603,1,2026-08-31T14:20:19.807064+00:00,1806733
e2_uci,power_plant,bbb,"epochs=50,K=32",3,3,8611,957,random,4.385412659170288,3.326439037514923,-2.8975440735410998,2.8975440735410998,2.3580007187494103,0.9832810867293625,17.900745734678868,21.616015457493262,0.017499862508936904,,19.169764097436648,1.6882747644389262,0.08094120332303932,183.54617960000178,105.7045976862471,603,1,2026-08-31T14:20:21.949757+00:00,1806733
e2_uci,power_plant,bbb,"epochs=50,K=32",4,4,8611,957,random,4.443251968960628,3.428639204017629,-2.9102188390100965,2.9102188390100965,2.4483393112174974,0.9571577847439916,17.555575463915396,22.173346062125113,0.019798713083649593,,18.69525582168667,1.364273837008154,0.06801125750307949,184.1595911999757,110.18369905942566,603,1,2026-08-31T14:22:56.718577+00:00,1806733
e2_uci,power_plant,bbb,"epochs=50,K=32",5,5,8611,957,random,4.294828823814767,3.3235593953182434,-2.878311518898528,2.878311518898528,2.348040207186905,0.9717868338557993,17.533103431626593,21.65623098035444,0.029786063905846073,,18.701331313456443,1.306396143528294,0.06529457912383889,184.93838520001736,110.53103448160365,603,1,2026-08-31T14:23:06.854493+00:00,1806733
e2_uci,power_plant,bbb,"epochs=50,K=32",6,6,8611,957,random,4.25047948312032,3.4040243211061414,-2.8674415015258874,2.8674415015258874,2.3918276915273604,0.9686520376175548,17.458089608559145,19.90905502122362,0.014827036242644184,,18.766501326193982,1.070494203956138,0.053964533204088325,185.33621270000003,95.2362591561802,603,1,2026-08-31T14:23:25.338526+00:00,1806733
e2_uci,power_plant,bbb,"epochs=50,K=32",7,7,8611,957,random,4.136422308494246,3.367994013614352,-2.8519801966503464,2.8519801966503464,2.353006827913549,0.9811912225705329,18.266196539768767,19.6555465053903,0.03886047406918553,,19.95256035357568,1.7661736920783409,0.08132028728588611,185.78160889999708,112.64252872473892,603,1,2026-08-31T14:23:27.921543+00:00,1806733
e2_uci,power_plant,bbb,"epochs=50,K=32",8,8,8611,957,random,4.395780016166077,3.281501892655994,-2.9001093794158335,2.9001093794158335,2.343564160341856,0.9707419017763845,17.934080950445537,22.609405729145596,0.0335478193917395,,19.58977895249908,1.3433614185620595,0.06417390772476637,183.72203730000183,103.62810869102708,603,1,2026-08-31T14:26:00.631963+00:00,1806733
e2_uci,power_plant,bbb,"epochs=50,K=32",9,9,8611,957,random,4.294351458114076,3.3816661422269823,-2.877028366155489,2.877028366155489,2.3971332445915943,0.9634273772204807,17.54319337850573,20.729145815529105,0.04851784633998785,,18.896197913722432,1.1341187675781061,0.05662011168484779,183.9335697000206,103.16708461403879,603,1,2026-08-31T14:26:10.992162+00:00,1806733
e2_uci,power_plant,bbb,"epochs=50,K=32",10,10,8611,957,random,4.206212438364795,3.366419014341373,-2.8623581595732266,2.8623581595732266,2.368416562500835,0.9759665621734587,18.08503670449944,20.280475290250077,0.0539074960127592,,19.58991177379321,1.7009526012605987,0.07989119517634893,183.46358979999786,97.96196446912666,603,1,2026-08-31T14:26:28.989923+00:00,1806733
e2_uci,power_plant,bbb,"epochs=50,K=32",11,11,8611,957,random,4.450326918325209,3.399582382975294,-2.9128292357940286,2.9128292357940286,2.414151904060244,0.9665621734587252,17.731718099507933,23.2030598741111,0.028306660067095597,,19.053354314316092,1.411877487581749,0.06898907870913139,183.8710129999963,115.57648900546944,603,1,2026-08-31T14:26:31.999361+00:00,1806733
e2_uci,power_plant,bbb,"epochs=50,K=32",12,12,8611,957,random,4.062500103169672,3.2280038833895377,-2.832623763311982,2.832623763311982,2.2751554168283783,0.9780564263322884,17.959940615672103,20.49927362950839,0.03209041412308201,,19.550595295908632,1.4475576962681473,0.06893738210248586,185.62516879997565,106.25820272055219,603,1,2026-08-31T14:29:06.468278+00:00,1806733
e2_uci,power_plant,bbb,"epochs=50,K=32",13,13,8611,957,random,4.2515015804202525,3.330067809170403,-2.870208855681783,2.870208855681783,2.361888841349707,0.9696969696969697,17.87296392424448,21.262160528237096,0.01611395259308141,,19.47367392309041,1.3177089509657722,0.06337764827610533,186.9471857000026,108.8044931978287,603,1,2026-08-31T14:29:18.157636+00:00,1806733
e2_uci,power_plant,bbb,"epochs=50,K=32",14,14,8611,957,random,4.183790878078018,3.3317317523507195,-2.856611197749406,2.856611197749406,2.3457584190021064,0.9665621734587252,17.912734660570948,20.56618570096487,0.03960842545234563,,19.364552688794415,1.5192348433001654,0.07274709345540782,186.656324999989,108.64670846884722,603,1,2026-08-31T14:29:35.841597+00:00,1806733
e2_uci,power_plant,bbb,"epochs=50,K=32",15,15,8611,957,random,4.10599618626896,3.2681392291019113,-2.843887157329549,2.843887157329549,2.307612733696146,0.9686520376175548,18.075840191024007,20.59315715147491,0.0230435021723588,,19.891360599317405,1.3747216475404331,0.06464386018931882,186.06252989999484,107.63197492437327,603,1,2026-08-31T14:29:38.257338+00:00,1806733
e2_uci,power_plant,bbb,"epochs=50,K=32",16,16,8611,957,random,4.114531639432083,3.2254355215935595,-2.8477922971921967,2.8477922971921967,2.297933159307763,0.9843260188087775,18.293475935031143,20.683348828640085,0.028823626464279804,,20.074942495305628,1.7060891569434533,0.07832912527663881,180.96085200001835,92.5177638686594,603,1,2026-08-31T14:32:07.611182+00:00,1806733
e2_uci,power_plant,bbb,"epochs=50,K=32",17,17,8611,957,random,4.1639139811985455,3.302221475205106,-2.855745906414193,2.855745906414193,2.3288197387893224,0.9749216300940439,18.11776671804885,20.30117240859288,0.01780234284771486,,19.66704055240692,1.6985845616278175,0.07950081275703204,180.35730559998774,107.68338557879676,603,1,2026-08-31T14:32:18.715318+00:00,1806733
e2_uci,power_plant,bbb,"epochs=50,K=32",18,18,8611,957,random,4.340570922650778,3.30353182032864,-2.8871702060060755,2.8871702060060755,2.338917420295313,0.9738766980146291,17.686421942996102,21.22921978576967,0.021833580817246834,,18.972838523954547,1.3870834962696847,0.06812813403174363,178.31435620001866,113.53061651001327,603,1,2026-08-31T14:32:34.355318+00:00,1806733
e2_uci,power_plant,bbb,"epochs=50,K=32",19,19,8611,957,random,4.543198027618813,3.338657579501106,-2.9318295775941245,2.9318295775941245,2.3848430912374754,0.9707419017763845,17.92856926719089,23.60806814677997,0.020222185557938702,,19.38262922387947,1.5393250102467402,0.07357462849889601,178.03001620000578,109.06468129005427,603,1,2026-08-31T14:32:36.509979+00:00,1806733
