experiment_id,dataset,method,config_id,split_index,init_seed,n_train,n_test,split_type,rmse,mae,ll,nll,crps,picp95,mpiw95,interval_score95,ece_reg,qice,mean_var_aleatoric,mean_var_epistemic,epi_ratio,train_time_s,predict_time_ms_per_1k,n_parameters,timestamp,git_commit
e2_uci,kin8nm,laplace,epochs=1000,0,0,7373,819,random,0.07320181068400226,0.05711356519869074,1.1944638159986134,-1.1944638159986134,0.040793854880585505,0.9267399267399268,0.273634163657452,0.36802192177108245,0.06596619754514486,,0.004613153845200337,0.0002604976136897209,0.05345019353293012,67.33452360006049,217.6210014729491,502,2026-08-28T17:37:02.813920+00:00,1806733
e2_uci,kin8nm,gp,epochs=1000,0,0,7373,819,random,0.070872174179343,0.05444051333204711,1.224193553059817,-1.224193553059817,0.03924785492596706,0.9340659340659341,0.26792740658253134,0.36941683054338464,0.01008932587879953,,0.0033422610883870585,0.001385065246703538,0.29299124886350675,1868.1797605000902,417.23919416048875,3,2026-08-28T18:08:11.421593+00:00,1806733
e2_uci,wine_quality_red,mcd,epochs=20,0,0,1439,160,random,0.6342737660806679,0.4982329669934158,-0.9646913451462227,0.9646913451462227,0.35516395876114404,0.925,2.4546116337623713,3.230450759086465,0.021710526315789486,,0.38281988924616606,0.009303677164025418,0.02372639127303319,0.3103361001703888,172.02187445946038,652,2026-08-28T18:08:11.853774+00:00,1806733
e2_uci,yacht,map,epochs=2000,0,0,277,31,random,0.7144540613947936,0.43947700021682684,-1.2464021371312712,1.2464021371312712,0.35158942607749316,0.8709677419354839,1.9604881520330664,5.576573600465641,0.07198641765704586,,0.2501337365349873,0.0,0.0,6.452946500154212,8.735490301924369,402,2026-08-28T18:09:24.042879+00:00,1806733
e2_uci,yacht,map,epochs=2000,1,1,277,31,random,0.4567256467227556,0.32145176527676983,-0.6818773412660735,0.6818773412660735,0.2553021028912386,0.9354838709677419,2.2592169196694964,2.3234345462335266,0.10696095076400675,,0.33216945230709644,0.0,0.0,6.7388342001941055,8.151611132967856,402,2026-08-28T18:09:30.850287+00:00,1806733
e2_uci,yacht,ensemble,epochs=2000,0,0,277,31,random,0.5411465638902783,0.35759034187788513,-0.7467981224120083,0.7467981224120083,0.2761825698104246,0.967741935483871,2.6223349927758037,3.2983925377965417,0.16129032258064516,,0.2607972779481146,0.19684275815127664,0.4301257377501953,33.41637260001153,26.84193332829783,2010,2026-08-28T18:10:04.333843+00:00,1806733
e2_uci,yacht,ensemble,epochs=2000,1,1,277,31,random,0.5186558323008877,0.3280434309392015,-0.6695190488028457,0.6695190488028457,0.2622029821222356,0.9354838709677419,2.2921878959910935,2.8039424085402778,0.10016977928692695,,0.23939338144342354,0.1080762477845078,0.3110379690583331,33.61422059987672,25.077422540034014,2010,2026-08-28T18:10:38.007039+00:00,1806733
e2_uci,yacht,bbb,"epochs=2000,K=32",0,0,277,31,random,1.0093937131576474,0.4734746405639168,-1.5751238777714458,1.5751238777714458,0.5640852451905773,0.967741935483871,6.621143388706845,7.0980892234210335,0.18166383701188452,,1.6795884050088001,1.1860564508436793,0.4138881510112489,164.62872590008192,654.6322631859972,803,2026-08-28T18:13:22.718507+00:00,1806733
e2_uci,yacht,bbb,"epochs=2000,K=32",1,1,277,31,random,0.665205761615187,0.38827345009568,-1.571394209909284,1.571394209909284,0.5063317788459333,1.0,7.060740050817883,7.060740050817883,0.18336162988115448,,1.8295335249133136,1.422801694462021,0.4374708012832989,165.92000170005485,734.7580601250933,803,2026-08-28T18:16:08.720987+00:00,1806733
e2_uci,yacht,gp,epochs=2000,0,0,277,31,random,0.5785596426665482,0.2829367706768369,-0.33736004209494624,0.33736004209494624,0.22148373948115807,0.9032258064516129,0.9098953680580989,3.9280008922448055,0.03480475382003394,,0.017096089812271783,0.056954976488004884,0.7691310785053758,0.9744851998984814,22.612910176957804,3,2026-08-28T18:16:09.753836+00:00,1806733
e2_uci,yacht,gp,epochs=2000,1,1,277,31,random,0.3398037718143567,0.2324975551923156,0.07483801417219625,-0.07483801417219625,0.15727142101294964,1.0,1.0891876589766498,1.08918765897665,0.0641765704584041,,0.02593103466133008,0.07210675613129044,0.7354996022280629,0.7266277000308037,25.35161442093311,3,2026-08-28T18:16:10.535951+00:00,1806733
e2_uci,yacht,mcd,epochs=2000,0,0,277,31,random,1.3889381212903749,0.6883971072673077,-2.316863078406825,2.316863078406825,1.0722731419097553,1.0,14.456731883794589,14.456731883794589,0.19015280135823426,,7.946488643835237,5.790537739774823,0.4215277439288927,7.328976700082421,495.35806230720016,402,2026-08-28T18:16:34.726118+00:00,1806733
e2_uci,yacht,mcd,epochs=2000,1,1,277,31,random,1.6754166917095905,1.1702960797162891,-2.363802775591316,2.363802775591316,1.1746106704139099,1.0,14.686002078985343,14.686002078985343,0.17334465195246176,,8.241269109541355,5.903257319102937,0.41735277238749835,7.511045600054786,509.5709610970751,402,2026-08-28T18:16:42.316118+00:00,1806733
e2_uci,yacht,mcd,epochs=2000,2,2,277,31,random,1.3646466780082764,1.096091148703456,-2.3025795685778863,2.3025795685778863,1.0701193123360098,1.0,14.381070738151559,14.381070738151557,0.19405772495755516,,7.913857258586742,5.64435457790857,0.4163052359689041,7.696251600049436,380.21612882373796,402,2026-08-28T18:16:50.179456+00:00,1806733
e2_uci,yacht,mcd,epochs=2000,3,3,277,31,random,2.3666037511668123,1.3849156079632525,-2.46513708930334,2.46513708930334,1.3921062436240863,0.9354838709677419,14.32086694773698,15.915338423877888,0.15110356536502545,,8.596601242784194,4.890849502562059,0.36262223268912475,7.554573399946094,423.15161666802817,402,2026-08-28T18:16:57.899181+00:00,1806733
e2_uci,yacht,mcd,epochs=2000,4,4,277,31,random,2.29395407764269,1.2526178495896272,-2.4815786053778637,2.4815786053778637,1.3637398948375046,0.9354838709677419,14.359678914197893,17.494436358461964,0.14940577249575548,,7.837178846803479,5.695554656905446,0.4208724464532212,7.5862062999513,518.2677414268255,402,2026-08-28T18:17:05.598983+00:00,1806733
e2_uci,yacht,mcd,epochs=2000,5,5,277,31,random,0.8521375792260927,0.5903336489477302,-2.2443258960979664,2.2443258960979664,0.9374431220132019,1.0,14.282899792421523,14.282899792421523,0.1952461799660441,,7.946046315737135,5.418068559784849,0.40541918490305007,7.652159600052983,462.22903315098057,402,2026-08-28T18:17:13.398432+00:00,1806733
e2_uci,yacht,mcd,epochs=2000,6,6,277,31,random,0.5689674210483798,0.4168022275547196,-2.2601658916616425,2.2601658916616425,0.9206969122498924,1.0,14.830942708960542,14.830942708960542,0.21731748726655342,,8.184683239008736,6.2119462249055415,0.4314861503156715,7.545858899829909,495.6548387605336,402,2026-08-28T18:17:21.106021+00:00,1806733
e2_uci,yacht,mcd,epochs=2000,7,7,277,31,random,2.617223228079371,1.2144954323817092,-2.5347905529784067,2.5347905529784067,1.365987470406551,0.967741935483871,14.216240611266858,22.387681770913584,0.1528013582342954,,7.819624356568237,5.432751963347378,0.4099454944682683,7.498372300062329,483.509678874285,402,2026-08-28T18:17:28.699084+00:00,1806733
e2_uci,yacht,mcd,epochs=2000,8,8,277,31,random,1.3978871129206596,1.1949067972205059,-2.259590460635881,2.259590460635881,1.0461343651988713,1.0,13.791968539679033,13.79196853967903,0.20254668930390488,,7.621713205978572,4.897331950982096,0.39119053326995545,7.625246800016612,382.37419099577016,402,2026-08-28T18:17:36.479666+00:00,1806733
e2_uci,yacht,mcd,epochs=2000,9,9,277,31,random,0.9762871273447301,0.6921244957342718,-2.266346120339864,2.266346120339864,0.9750263104068383,1.0,14.4771194872826,14.4771194872826,0.18845500848896432,,8.164979725839263,5.5933723096600145,0.4065437703024319,7.648001400055364,500.05806429732235,402,2026-08-28T18:17:44.291170+00:00,1806733
e2_uci,yacht,mcd,epochs=2000,10,10,277,31,random,2.1871627549803496,1.712442107195462,-2.3980885348495296,2.3980885348495296,1.3247312444423218,0.967741935483871,13.830886144298,14.585788863340122,0.17181663837011882,,8.058397312319382,4.55894506921436,0.3613237186847412,7.567887400044128,580.358063621867,402,2026-08-28T18:17:51.962723+00:00,1806733
e2_uci,yacht,mcd,epochs=2000,11,11,277,31,random,1.6917719297578069,1.0829826616531257,-2.3604504030092057,2.3604504030092057,1.1373201318637787,0.967741935483871,14.274361134607231,16.670973297314458,0.19711375212224103,,7.8288217165487115,5.5613238337707624,0.4153296028688855,7.597904100082815,420.2935454105177,402,2026-08-28T18:17:59.712731+00:00,1806733
e2_uci,yacht,mcd,epochs=2000,12,12,277,31,random,1.8533267275564254,1.1910038826115137,-2.3769030456328846,2.3769030456328846,1.2115907350153396,1.0,14.380534328997816,14.380534328997816,0.16638370118845497,,8.279173242743038,5.316805944983673,0.39105722887419775,7.985817400040105,503.42903142013864,402,2026-08-28T18:18:07.858548+00:00,1806733
e2_uci,yacht,mcd,epochs=2000,13,13,277,31,random,1.4163609779856896,0.89786182088893,-2.2989694460372636,2.2989694460372636,1.071205636061672,1.0,14.178630200551323,14.178630200551323,0.17487266553480468,,8.110903243105586,5.123146963238552,0.38711859811311716,7.814884199993685,526.9290338600835,402,2026-08-28T18:18:15.837581+00:00,1806733
e2_uci,yacht,mcd,epochs=2000,14,14,277,31,random,1.9689923340714304,1.0383778632429783,-2.3701752810856114,2.3701752810856114,1.1769717103209512,0.967741935483871,14.046108259861207,17.82462718421382,0.1614601018675721,,8.075249519501849,4.89683937007794,0.37749042669692706,7.887910200050101,513.5999977468483,402,2026-08-28T18:18:23.896602+00:00,1806733
e2_uci,yacht,mcd,epochs=2000,15,15,277,31,random,1.433375882990595,0.8868419612278541,-2.3122463131720017,2.3122463131720017,1.0894523334734585,1.0,14.101013836179707,14.101013836179707,0.166383701188455,,7.642848584955916,5.461612267133942,0.4167750454428609,7.886615199968219,607.4935513278169,402,2026-08-28T18:18:31.959475+00:00,1806733
e2_uci,yacht,mcd,epochs=2000,16,16,277,31,random,1.6348189955457573,0.9337141921822333,-2.353671089605652,2.353671089605652,1.1378890946475386,0.967741935483871,14.398288126208778,15.606898692734502,0.17317487266553475,,8.140419209060974,5.479496766836879,0.40231501989685803,7.866517100017518,381.63548695944974,402,2026-08-28T18:18:39.937053+00:00,1806733
e2_uci,yacht,mcd,epochs=2000,17,17,277,31,random,1.6758456991281678,0.8982087096594791,-2.35480506048684,2.35480506048684,1.1425769204234586,0.967741935483871,14.23840162371626,14.496151290574456,0.17300509337860778,,7.646640670177155,5.641972494148129,0.42457195678587534,7.784813999896869,500.3774253230903,402,2026-08-28T18:18:47.883636+00:00,1806733
e2_uci,yacht,mcd,epochs=2000,18,18,277,31,random,1.7052270720929126,1.053408589534695,-2.3368679735370916,2.3368679735370916,1.1526814076008223,0.967741935483871,14.016912290625653,14.21664358680349,0.1612903225806451,,7.751891507694143,5.226486510274819,0.40270721834720724,7.659805299947038,432.84516000459274,402,2026-08-28T18:18:55.693937+00:00,1806733
e2_uci,yacht,mcd,epochs=2000,19,19,277,31,random,2.8669494148189156,1.5942049361840416,-2.5936626623351757,2.5936626623351757,1.4716717269966246,0.967741935483871,13.391441588820532,22.38123704603448,0.1256366723259762,,7.091064459646542,4.731860014190301,0.4002275430805225,7.755561899859458,520.0871026083347,402,2026-08-28T18:19:03.608351+00:00,1806733
e2_uci,energy,mcd,epochs=1000,0,0,691,77,random,1.0766257910134027,0.8148532736667856,-1.7731628168745268,1.7731628168745268,0.6888641244026051,1.0,7.988570895980327,7.988570895980326,0.11278195488721802,,2.749836064980928,1.4089435549748364,0.3387877415321716,7.85292820003815,261.88181809984246,502,2026-08-28T18:19:11.539376+00:00,1806733
e2_uci,energy,mcd,epochs=1000,1,1,691,77,random,1.2461044113103792,0.9886395178804842,-1.783204128797359,1.783204128797359,0.7385322977584211,0.987012987012987,7.516376050451547,7.696241686877409,0.12385509227614487,,2.4125510057000104,1.2708462462915824,0.3450201429141109,7.8249987999442965,236.20779166457714,502,2026-08-28T18:19:19.446184+00:00,1806733
e2_uci,energy,mcd,epochs=1000,2,2,691,77,random,0.9769974077598161,0.7461914930070482,-1.7073002272520588,1.7073002272520588,0.6358832405906202,1.0,7.564069272829431,7.564069272829431,0.13472317156527683,,2.464544439507028,1.2656137494946207,0.33929224589623985,8.429820799967274,280.8623384781085,502,2026-08-28T18:19:28.043858+00:00,1806733
e2_uci,energy,mcd,epochs=1000,3,3,691,77,random,1.1819113046342438,0.9157081621459996,-1.7524229737421821,1.7524229737421821,0.7117983164418349,1.0,7.386607615682813,7.386607615682813,0.08523581681476415,,2.377598788143555,1.1790984679632752,0.33151499356285374,9.091982200043276,423.9259741281147,502,2026-08-28T18:19:37.263490+00:00,1806733
e2_uci,energy,mcd,epochs=1000,4,4,691,77,random,1.1828392594059582,0.9353719248626214,-1.7843154052359675,1.7843154052359675,0.7210777757007453,1.0,7.783867641826289,7.783867641826289,0.13342447026657553,,2.4855106634342183,1.4669550368945568,0.3711493402137638,12.47748600016348,338.6441551681076,502,2026-08-28T18:19:49.946375+00:00,1806733
e2_uci,energy,mcd,epochs=1000,5,5,691,77,random,1.0236567677612831,0.79427785686447,-1.7304814751802575,1.7304814751802575,0.6587682929435108,1.0,7.65674050333902,7.656740503339019,0.10663021189336976,,2.4376573781993787,1.3860393437341492,0.3624867358814146,12.268345599994063,380.224675278772,502,2026-08-28T18:20:02.417686+00:00,1806733
e2_uci,energy,mcd,epochs=1000,6,6,691,77,random,1.048165178806661,0.7282022236607407,-1.7422446639582154,1.7422446639582154,0.6633363763737451,1.0,7.801191157994925,7.801191157994925,0.12235133287764861,,2.544673956153389,1.4239368300727753,0.35879981856997045,12.444635599851608,363.24805265606994,502,2026-08-28T18:20:15.069257+00:00,1806733
e2_uci,energy,mcd,epochs=1000,7,7,691,77,random,1.1622444658733884,0.8687306628094909,-1.774454945123224,1.774454945123224,0.7103890726912448,1.0,7.7153769406193655,7.7153769406193655,0.10574162679425833,,2.5424995764898237,1.3374356615958538,0.3447056663388361,12.439254299970344,400.3662343874767,502,2026-08-28T18:20:27.720185+00:00,1806733
e2_uci,energy,mcd,epochs=1000,8,8,691,77,random,1.5443860465672277,1.2057193128179036,-1.9302338207173573,1.9302338207173573,0.8835192785086211,0.961038961038961,8.10951924820054,8.52825827427373,0.05837320574162675,,2.745091652543234,1.5445326761815552,0.36006245718041957,12.390632099937648,370.6324670173518,502,2026-08-28T18:20:40.327017+00:00,1806733
e2_uci,energy,mcd,epochs=1000,9,9,691,77,random,1.1046570618348992,0.8344495600787141,-1.7311506644472692,1.7311506644472692,0.6816101790711143,1.0,7.411935912234399,7.411935912234399,0.11257689678742305,,2.272274242027801,1.3111328094781554,0.36589000094955487,12.3391293999739,350.4857160876711,502,2026-08-28T18:20:52.870754+00:00,1806733
e2_uci,energy,mcd,epochs=1000,10,10,691,77,random,1.2398735964872658,0.8542340339390345,-1.8047773235134643,1.8047773235134643,0.7337121395814771,0.987012987012987,7.916849625507742,8.015371685018094,0.1262474367737525,,2.6655192582134877,1.4184866359837256,0.347327274429058,12.352843400090933,409.680518454739,502,2026-08-28T18:21:05.433589+00:00,1806733
e2_uci,energy,mcd,epochs=1000,11,11,691,77,random,1.0630455889251813,0.7425346325938534,-1.705095680538627,1.705095680538627,0.6498445920799303,0.987012987012987,7.280033183640211,7.283388866288609,0.11756664388243332,,2.225373229232576,1.2311483881057672,0.35618130722231667,12.335877100005746,379.15324610839417,502,2026-08-28T18:21:17.975790+00:00,1806733
e2_uci,energy,mcd,epochs=1000,12,12,691,77,random,1.1672131458980433,0.8566541258931325,-1.755419984223195,1.755419984223195,0.6990071541044711,0.987012987012987,7.527283453331974,7.532845633162167,0.10642515379357481,,2.4200590065205714,1.2730318884980496,0.344706351586191,12.447841699933633,323.5077926913252,502,2026-08-28T18:21:30.621981+00:00,1806733
e2_uci,energy,mcd,epochs=1000,13,13,691,77,random,1.414715349631655,1.0483061253979,-1.8349949511262815,1.8349949511262815,0.8011062942439697,0.974025974025974,7.299339305517697,8.29521440717678,0.07334244702665753,,2.345267678905938,1.1280498399930714,0.3247759048388547,12.337826000060886,434.5337654669563,502,2026-08-28T18:21:43.158920+00:00,1806733
e2_uci,energy,mcd,epochs=1000,14,14,691,77,random,1.2130892764022254,1.0319825111878014,-1.7869119132079048,1.7869119132079048,0.7386306727134189,1.0,7.740999628620185,7.740999628620183,0.07388926862611073,,2.643854572239945,1.2629429305789424,0.32326808074073105,12.405773499980569,421.62597324554025,502,2026-08-28T18:21:55.767463+00:00,1806733
e2_uci,energy,mcd,epochs=1000,15,15,691,77,random,1.0063378168121353,0.7751550945984574,-1.746988621505063,1.746988621505063,0.6564920895968966,1.0,7.9207517140295085,7.920751714029509,0.11893369788106627,,2.6468654693656775,1.4440561048348715,0.35299041515286694,12.369302799925208,422.3168815498228,502,2026-08-28T18:22:08.300182+00:00,1806733
e2_uci,energy,mcd,epochs=1000,16,16,691,77,random,1.231230954792467,0.9340391133174786,-1.809943772131848,1.809943772131848,0.7470961921944396,1.0,7.915069531478016,7.915069531478014,0.10054682159945318,,2.726171092214499,1.3604899549283274,0.33290990841521073,12.411218299996108,421.615583556039,502,2026-08-28T18:22:20.911602+00:00,1806733
e2_uci,energy,mcd,epochs=1000,17,17,691,77,random,1.094537781130548,0.8460909713759629,-1.7620943839675909,1.7620943839675909,0.6898736815798137,1.0,7.869166352585079,7.869166352585081,0.10184552289815445,,2.610272935093348,1.4270677962579343,0.3534672674952308,12.468333299970254,383.93506441604006,502,2026-08-28T18:22:33.579347+00:00,1806733
e2_uci,energy,mcd,epochs=1000,18,18,691,77,random,1.52340535627967,1.249791640846519,-1.878367654998366,1.878367654998366,0.877701863201335,1.0,7.3328477234084435,7.3328477234084435,0.058646616541353336,,2.311620069633391,1.194982485543831,0.34078070347023887,12.438057800056413,400.34934963014996,502,2026-08-28T18:22:46.222556+00:00,1806733
e2_uci,energy,mcd,epochs=1000,19,19,691,77,random,1.3070495334005974,0.9521789741963136,-1.836569667405086,1.836569667405086,0.7756433500219704,1.0,8.017476159737285,8.017476159737287,0.09842788790157207,,2.8105606816473463,1.3800096431736086,0.32931308538118154,12.50389609998092,312.30519465231276,502,2026-08-28T18:22:58.935881+00:00,1806733
e2_uci,concrete,mcd,epochs=1000,0,0,927,103,random,5.889527485309342,4.248522482435296,-3.1966324072987504,3.1966324072987504,3.1715503383907784,0.970873786407767,24.851152079655787,32.13239859700807,0.049872253449156835,,32.34822867632194,7.894148859837886,0.1961650713292123,16.44876900012605,351.9737866969363,502,2026-08-28T18:23:15.502517+00:00,1806733
e2_uci,concrete,mcd,epochs=1000,1,1,927,103,random,5.709283237161011,4.385217862867504,-3.170325930018269,3.170325930018269,3.1615999041481464,0.9611650485436893,24.598996800477074,29.8875287583373,0.03234542667347979,,31.992399397210104,7.429055478281926,0.18845208787310655,16.47859140019864,351.83203804478484,502,2026-08-28T18:23:32.099375+00:00,1806733
e2_uci,concrete,mcd,epochs=1000,2,2,927,103,random,5.157431950073457,3.9564857350714786,-3.096225793726425,3.096225793726425,2.9239106237633585,0.970873786407767,24.592178153885907,26.210215316244174,0.04547777210015326,,30.599443695981893,8.807169529745854,0.22349470834493937,16.50021789991297,360.5689333516707,502,2026-08-28T18:23:48.814806+00:00,1806733
e2_uci,concrete,mcd,epochs=1000,3,3,927,103,random,5.82209803449583,4.364518386623433,-3.194255302306452,3.194255302306452,3.2500776300562038,0.9320388349514563,24.372484447081057,28.796084363949582,0.036484414920797105,,30.13065955203799,8.58099650400624,0.22166441269221948,16.50782259996049,304.49028940672434,502,2026-08-28T18:24:05.529209+00:00,1806733
e2_uci,concrete,mcd,epochs=1000,4,4,927,103,random,5.990951604771453,4.527319899419528,-3.2183862544258446,3.2183862544258446,3.3230562568822846,0.941747572815534,25.412641371935212,30.582083153779926,0.03893714869698514,,33.87700740889416,8.204948060308388,0.1949754465738442,16.565002900082618,290.5145622066502,502,2026-08-28T18:24:22.304492+00:00,1806733
e2_uci,concrete,mcd,epochs=1000,5,5,927,103,random,5.920586365562736,4.515630767611488,-3.2140269173608744,3.2140269173608744,3.2876346351817873,0.9514563106796117,24.780651228291422,30.86680583826575,0.035411343893714885,,31.77052789133773,8.25018480612686,0.2061478731899127,16.488934600027278,352.12330239852076,502,2026-08-28T18:24:39.016747+00:00,1806733
e2_uci,concrete,mcd,epochs=1000,6,6,927,103,random,6.258616950861987,4.641382151071422,-3.2556681753375307,3.2556681753375307,3.403077958704715,0.9320388349514563,24.998693719225955,34.90667455627378,0.050076647930505834,,32.97101003852722,7.737652735266807,0.19007386163143336,16.728149500209838,334.67572896732287,502,2026-08-28T18:24:55.956727+00:00,1806733
e2_uci,concrete,mcd,epochs=1000,7,7,927,103,random,5.675989542138376,4.231046190675869,-3.170802980412109,3.170802980412109,3.1057231390673814,0.970873786407767,24.926885875828464,31.651962554163177,0.04087889626980068,,31.985217323132783,8.508290060333804,0.21011491989967074,16.479426299920306,363.2611653866988,502,2026-08-28T18:25:12.646601+00:00,1806733
e2_uci,concrete,mcd,epochs=1000,8,8,927,103,random,5.8044304723228715,4.181840564402055,-3.18393997763114,3.18393997763114,3.105534975991882,0.970873786407767,24.969829792864882,31.815979943428534,0.05896780786918754,,33.0883180926279,7.52790718959765,0.18534236348378766,16.201894300058484,322.5805816575161,502,2026-08-28T18:25:29.045367+00:00,1806733
e2_uci,concrete,mcd,epochs=1000,9,9,927,103,random,5.343779724154998,4.129612402164852,-3.1223070012249075,3.1223070012249075,2.9937353578712242,0.9805825242718447,24.830042568109818,29.203610918755434,0.05329586101175264,,32.29017595249236,7.8729938653314635,0.19602521168131365,16.489902999950573,331.09417429320445,502,2026-08-28T18:25:45.705669+00:00,1806733
e2_uci,concrete,mcd,epochs=1000,10,10,927,103,random,4.600039622130509,3.5337660046717927,-3.0230548848467547,3.0230548848467547,2.652291900467888,0.9902912621359223,24.6098602371187,25.137733750756627,0.05978538579458352,,32.09579435917571,7.359439034634965,0.18652630846658325,16.543460099957883,256.7165042951848,502,2026-08-28T18:26:02.450173+00:00,1806733
e2_uci,concrete,mcd,epochs=1000,11,11,927,103,random,5.034010755072507,3.7904539768074104,-3.0899484604838223,3.0899484604838223,2.813607538852096,0.970873786407767,25.456559618609774,30.444579261737,0.06586612161471639,,33.942692656786924,8.274904945792164,0.19600605945627397,16.310383500065655,289.71941843267206,502,2026-08-28T18:26:18.904368+00:00,1806733
e2_uci,concrete,mcd,epochs=1000,12,12,927,103,random,5.836052913705652,4.155794120171398,-3.187853316090494,3.187853316090494,3.116780199493276,0.9514563106796117,24.838685650929133,33.450111674097364,0.04701073071027079,,33.12388809859512,7.061178348853506,0.17571647811227706,16.427836899878457,344.88155506551266,502,2026-08-28T18:26:35.481032+00:00,1806733
e2_uci,concrete,mcd,epochs=1000,13,13,927,103,random,4.9617025829366,3.700013303968992,-3.0706753361968158,3.0706753361968158,2.7953221083934814,0.9611650485436893,24.57566063056968,26.49019358361255,0.07082268778742973,,31.753902082229907,7.592015023800818,0.19295559951853705,16.267228599870577,355.2174747207211,502,2026-08-28T18:26:51.966957+00:00,1806733
e2_uci,concrete,mcd,epochs=1000,14,14,927,103,random,5.934252566466659,4.333072153793972,-3.2048691075573,3.2048691075573,3.2105681453667967,0.941747572815534,24.855055659917895,34.67941223478009,0.04098109351047519,,32.006255589186765,8.245955243410732,0.20485720095485793,16.395863499958068,341.8970866653236,502,2026-08-28T18:27:08.512730+00:00,1806733
e2_uci,concrete,mcd,epochs=1000,15,15,927,103,random,5.499810032555378,3.974033542926484,-3.151069971090013,3.151069971090013,2.9787032117624372,0.970873786407767,25.275676146961835,32.509894994048715,0.06673479816044962,,33.75193759568521,7.868295209166492,0.1890497644753511,16.264172399882227,328.172814299904,502,2026-08-28T18:27:24.982885+00:00,1806733
e2_uci,concrete,mcd,epochs=1000,16,16,927,103,random,6.038931701523904,4.792648240396183,-3.220185033341003,3.220185033341003,3.3768626326660334,0.970873786407767,24.485648939669133,29.645232306356725,0.017475728155339806,,31.602995364439664,7.460076064787264,0.19097515356167433,16.42705259984359,334.3310695394729,502,2026-08-28T18:27:41.621864+00:00,1806733
e2_uci,concrete,mcd,epochs=1000,17,17,927,103,random,5.570629378368134,4.328707165570157,-3.1517332265599505,3.1517332265599505,3.078707159174139,0.9805825242718447,24.797265023244314,29.800255310139804,0.03576903423607558,,32.334427885742585,7.7258977434203056,0.19285658870920527,16.865322900004685,326.41747469100557,502,2026-08-28T18:27:58.691740+00:00,1806733
e2_uci,concrete,mcd,epochs=1000,18,18,927,103,random,6.1825340291274795,4.553837776890763,-3.2330973819765236,3.2330973819765236,3.372341964269338,0.9611650485436893,24.314325196985084,31.80361616026241,0.030812468063362252,,30.45146855687856,8.061152113656629,0.20931195990575532,16.216113899834454,292.1330109600303,502,2026-08-28T18:28:15.117300+00:00,1806733
e2_uci,concrete,mcd,epochs=1000,19,19,927,103,random,5.9785434170741185,4.513914458787866,-3.1980698119410356,3.1980698119410356,3.2702965126471595,0.9320388349514563,25.24496721697267,32.65526088763904,0.06668369954011237,,33.136224851663876,8.389035975790124,0.20202247520246278,16.36449950002134,306.27087418677155,502,2026-08-28T18:28:31.685675+00:00,1806733
e2_uci,wine_quality_red,mcd,epochs=20,1,1,1439,160,random,0.6287609937458993,0.49906494379512123,-0.954510344968918,0.954510344968918,0.35130087566965384,0.93125,2.476029526308648,3.1276131393270807,0.03190789473684207,,0.3886220256307044,0.010375593091829715,0.026004147907070545,0.5100783999077976,251.6968743293546,652,2026-08-28T18:28:32.318080+00:00,1806733
e2_uci,wine_quality_red,mcd,epochs=20,2,2,1439,160,random,0.708851247589667,0.5290905454392603,-1.0922654801328,1.0922654801328,0.3883772544568606,0.9,2.4464605914835693,3.80941580508334,0.035197368421052616,,0.3770053638102446,0.012525278200620427,0.03215479566886311,0.5035430998541415,242.96437622979283,652,2026-08-28T18:28:33.029500+00:00,1806733
e2_uci,wine_quality_red,mcd,epochs=20,3,3,1439,160,random,0.625244001741731,0.48076224112798177,-0.9499836527068748,0.9499836527068748,0.34583258002146,0.94375,2.470665677199351,3.324263565708005,0.019736842105263133,,0.38480848643512694,0.012463924468579949,0.03137374790317625,0.5275227001402527,223.51812513079494,652,2026-08-28T18:28:33.761601+00:00,1806733
e2_uci,wine_quality_red,mcd,epochs=20,4,4,1439,160,random,0.5677888134715796,0.44318833312400957,-0.8637194039890161,0.8637194039890161,0.31707346445158896,0.9625,2.485537367675827,2.966605259409511,0.04210526315789472,,0.39236047211116853,0.009706074443078175,0.024140467607315926,0.52197299990803,294.6156251709908,652,2026-08-28T18:28:34.500375+00:00,1806733
e2_uci,wine_quality_red,mcd,epochs=20,5,5,1439,160,random,0.6362612292901623,0.5015571331867372,-0.9659547322316688,0.9659547322316688,0.35454473662542557,0.93125,2.477808587307815,3.2341270817267564,0.03322368421052627,,0.3879974043852433,0.011573905212524856,0.028965806439345775,0.5078321998007596,286.0474996850826,652,2026-08-28T18:28:35.170116+00:00,1806733
e2_uci,wine_quality_red,mcd,epochs=20,6,6,1439,160,random,0.6979236215935234,0.549220529927306,-1.0745100101571938,1.0745100101571938,0.39062353523523735,0.91875,2.4315942157748425,3.574776358244084,0.027302631578947405,,0.3759364047967965,0.00886550893745102,0.023039149809358096,0.5091197001747787,278.21937546832487,652,2026-08-28T18:28:35.893021+00:00,1806733
e2_uci,wine_quality_red,mcd,epochs=20,7,7,1439,160,random,0.6742420515430458,0.5010501984652906,-1.0279217567782397,1.0279217567782397,0.37035677611177603,0.9375,2.4685187275750406,3.592476605441977,0.033552631578947355,,0.3855594302758121,0.011021259892678558,0.027790712371790174,0.5112519999966025,248.9768754458055,652,2026-08-28T18:28:36.558537+00:00,1806733
e2_uci,wine_quality_red,mcd,epochs=20,8,8,1439,160,random,0.596638150684628,0.4455524627492922,-0.9043924855806367,0.9043924855806367,0.32614912319588496,0.975,2.477271470843836,3.1104185253641683,0.05789473684210531,,0.3905765618013696,0.008817508128217877,0.02207721343927913,0.5187688998412341,276.2737494776957,652,2026-08-28T18:28:37.292042+00:00,1806733
e2_uci,wine_quality_red,mcd,epochs=20,9,9,1439,160,random,0.6562039436005096,0.5019123163789069,-0.9974442763442933,0.9974442763442933,0.3628303086466988,0.93125,2.4795019428165843,3.4133978777573497,0.03256578947368419,,0.3893497408708161,0.010767091437972342,0.026909868739695718,0.5170760999899358,270.65437607234344,652,2026-08-28T18:28:38.032501+00:00,1806733
e2_uci,wine_quality_red,mcd,epochs=20,10,10,1439,160,random,0.6622114596224179,0.5198404046261332,-1.0075081831027553,1.0075081831027553,0.37046934798793724,0.93125,2.474382407510082,3.2616172618081736,0.022368421052631603,,0.3883570635094467,0.010109840986583461,0.025371846124510905,0.5034400001168251,273.26812414685264,652,2026-08-28T18:28:38.741955+00:00,1806733
e2_uci,wine_quality_red,mcd,epochs=20,11,11,1439,160,random,0.6426802096409546,0.5059334191942815,-0.9774754858501703,0.9774754858501703,0.36045500238545297,0.95625,2.457454125345261,3.1373407166185356,0.03914473684210531,,0.38357302440452573,0.009455551168948435,0.024058177335201873,0.5150123999919742,258.09062499320135,652,2026-08-28T18:28:39.478596+00:00,1806733
e2_uci,wine_quality_red,mcd,epochs=20,12,12,1439,160,random,0.6510609384778349,0.49055306381204095,-0.9911312191259553,0.9911312191259553,0.356704184767251,0.94375,2.4580654019278954,3.5288939788848652,0.0684210526315789,,0.3827283987218362,0.010502201502647504,0.026707487913331534,0.5142487999983132,274.08187452238053,652,2026-08-28T18:28:40.198200+00:00,1806733
e2_uci,wine_quality_red,mcd,epochs=20,13,13,1439,160,random,0.6375353499198531,0.48892575895605256,-0.9679935557160073,0.9679935557160073,0.3487878378387451,0.93125,2.4820535585429866,3.3996019067603833,0.03848684210526312,,0.3911602926490186,0.009782827900079658,0.02439954048016065,0.5100601001176983,238.60749934101477,652,2026-08-28T18:28:40.861476+00:00,1806733
e2_uci,wine_quality_red,mcd,epochs=20,14,14,1439,160,random,0.6061291206219332,0.4724378581178992,-0.9210687473726006,0.9210687473726006,0.3375584754769744,0.96875,2.5132160932500898,3.0619764207637146,0.047039473684210506,,0.40191948430158764,0.009150749555461843,0.022260793416251187,0.5184980998747051,274.4706245721318,652,2026-08-28T18:28:41.584311+00:00,1806733
e2_uci,wine_quality_red,mcd,epochs=20,15,15,1439,160,random,0.5720653399831671,0.4568661453416916,-0.8704428326671835,0.8704428326671835,0.32240884562359406,0.95,2.48983160423633,2.856305978692728,0.03388157894736843,,0.3936442582546506,0.009812243368598806,0.024320449240799576,0.5029166000895202,263.9143756823614,652,2026-08-28T18:28:42.306295+00:00,1806733
e2_uci,wine_quality_red,mcd,epochs=20,16,16,1439,160,random,0.5984896345008819,0.4738007784603299,-0.9091901891489114,0.9091901891489114,0.33645051899112743,0.95625,2.5061771787778877,2.9225332582336314,0.024013157894736896,,0.400491448341162,0.008276387002970422,0.02024715813562659,0.503357200184837,249.50125080067664,652,2026-08-28T18:28:43.011351+00:00,1806733
e2_uci,wine_quality_red,mcd,epochs=20,17,17,1439,160,random,0.6187538714353656,0.4830677903305687,-0.9387519133787376,0.9387519133787376,0.34569551734014514,0.95,2.4701921522305477,3.1152360388522222,0.02532894736842109,,0.3870373839047198,0.010082581784195261,0.025389259305319035,0.5158555000089109,214.99062568182126,652,2026-08-28T18:28:43.726971+00:00,1806733
e2_uci,wine_quality_red,mcd,epochs=20,18,18,1439,160,random,0.6457029395457403,0.5041250971720427,-0.9819773302002665,0.9819773302002665,0.3609878247954558,0.94375,2.4950461356569513,3.1879530585194633,0.03388157894736845,,0.39632505362738607,0.008820245903758229,0.021770574443207135,0.492178900167346,244.55937527818605,652,2026-08-28T18:28:44.432496+00:00,1806733
e2_uci,wine_quality_red,mcd,epochs=20,19,19,1439,160,random,0.6050437200561127,0.4695131748562528,-0.9178709737528046,0.9178709737528046,0.3377610900972491,0.95625,2.449155297132312,2.945024733740928,0.01874999999999996,,0.38055255895401974,0.00983181060030545,0.02518494941672421,0.4988452000543475,269.3375005037524,652,2026-08-28T18:28:45.158243+00:00,1806733
e2_uci,kin8nm,mcd,epochs=1000,0,0,7373,819,random,0.09389073420369978,0.07180322494949908,0.8810995550570331,-0.8810995550570331,0.05349780201025737,0.9829059829059829,0.4886834119050127,0.52082184210112,0.06205899363794095,,0.011652882962494756,0.003896581527649713,0.2505926509636031,104.18427309999242,101.6378511307404,502,2026-08-28T18:30:29.532618+00:00,1806733
e2_uci,kin8nm,mcd,epochs=1000,1,1,7373,819,random,0.09446722651547912,0.07242067802834762,0.8721998286171034,-0.8721998286171034,0.053838242528524025,0.9804639804639804,0.49418663049050116,0.5373412365639529,0.059379217273954066,,0.01203089856068338,0.0038695766677155972,0.2433623279890626,75.60722790006548,109.25958470938333,502,2026-08-28T18:36:07.138366+00:00,1806733
e2_uci,kin8nm,mcd,epochs=1000,2,2,7373,819,random,0.08842246636694921,0.0687496219760284,0.9020063840003335,-0.9020063840003335,0.05144505789091619,0.989010989010989,0.4988656476547278,0.5179553106014438,0.0663839084891716,,0.012309945264346865,0.003892374296005737,0.24023562067806972,75.71581949992105,81.93113567064242,502,2026-08-28T18:37:23.098292+00:00,1806733
e2_uci,kin8nm,mcd,epochs=1000,3,3,7373,819,random,0.08885590085672128,0.06801178201921705,0.9125795853001722,-0.9125795853001722,0.05127428412941313,0.9926739926739927,0.48829887467497934,0.5041842107211227,0.0663839084891716,,0.01182240132014373,0.003701630703784405,0.23844518602376344,76.89506799983792,102.20525031215688,502,2026-08-28T18:38:40.252847+00:00,1806733
e2_uci,kin8nm,mcd,epochs=1000,4,4,7373,819,random,0.09219157117712383,0.07245220808008976,0.8953118126799126,-0.8953118126799126,0.05296823028441624,0.9865689865689866,0.4846214004596754,0.5051060434422784,0.05519568151147095,,0.011673935462435751,0.0036167105993764495,0.2365309212413886,75.97746540000662,96.81404169116702,502,2026-08-28T18:39:56.494494+00:00,1806733
e2_uci,kin8nm,mcd,epochs=1000,5,5,7373,819,random,0.09942299979835234,0.078740860932411,0.8440087682268319,-0.8440087682268319,0.05658062879235572,0.9841269841269841,0.49160050585294696,0.5264906010648204,0.06021463916200758,,0.012153573092990796,0.003580985424821769,0.2275872831619556,75.71434139995836,77.63650792540577,502,2026-08-28T18:41:12.439029+00:00,1806733
e2_uci,kin8nm,mcd,epochs=1000,6,6,7373,819,random,0.08978121997176171,0.06973744417475812,0.8963010451877597,-0.8963010451877597,0.052132095379175056,0.9902319902319903,0.4968266925537381,0.5048677550160225,0.07279095173832013,,0.012204134073119077,0.00386707471438776,0.24062127283131812,75.1205353999976,101.71697204375369,502,2026-08-28T18:42:27.818346+00:00,1806733
e2_uci,kin8nm,mcd,epochs=1000,7,7,7373,819,random,0.09183125529534812,0.06993122971937786,0.8927858468174953,-0.8927858468174953,0.05242547291416441,0.9877899877899878,0.4900044353869334,0.521792942877327,0.0656063235010603,,0.01185440445583039,0.0037780391166983857,0.24167937016178415,75.79927810002118,85.61123322845597,502,2026-08-28T18:43:43.848210+00:00,1806733
e2_uci,kin8nm,mcd,epochs=1000,8,8,7373,819,random,0.09132352285242855,0.07140053220468576,0.8994834676918887,-0.8994834676918887,0.052579218517243925,0.989010989010989,0.4851423580317177,0.5009230895114899,0.056930788509735854,,0.011534902331147547,0.0037899549143837283,0.2473076814786564,82.67205960000865,160.581196609416,502,2026-08-28T18:45:06.777314+00:00,1806733
e2_uci,kin8nm,mcd,epochs=1000,9,9,7373,819,random,0.09135084602902953,0.06984115031881043,0.8915859435818404,-0.8915859435818404,0.0525650996614305,0.9853479853479854,0.4937054737425943,0.5134728410987366,0.06426322215795896,,0.011991873705849252,0.0038780389828003375,0.24436422927354684,121.10299350018613,83.51831516121334,502,2026-08-28T18:47:08.125880+00:00,1806733
e2_uci,kin8nm,mcd,epochs=1000,10,10,7373,819,random,0.09029729085780226,0.07008560845335311,0.9041999230125399,-0.9041999230125399,0.05193962226950267,0.9853479853479854,0.48717425444737555,0.5113622756691903,0.0692564745196324,,0.011723633176888421,0.0037291009684700784,0.24132305217909794,75.28674399992451,80.08901088956803,502,2026-08-28T18:48:23.629835+00:00,1806733
e2_uci,kin8nm,mcd,epochs=1000,11,11,7373,819,random,0.09780697172982117,0.07533996859807655,0.8613229980683315,-0.8613229980683315,0.05511008066997684,0.9829059829059829,0.48330460489255056,0.5339380044761521,0.04781183728552145,,0.01146898204867616,0.0037393741643381166,0.2458762874805769,97.66878700000234,148.8695971858807,502,2026-08-28T18:50:01.588675+00:00,1806733
e2_uci,kin8nm,mcd,epochs=1000,12,12,7373,819,random,0.09126821654204757,0.07065251518728484,0.9013609262447793,-0.9013609262447793,0.05234398639931592,0.9853479853479854,0.4830021440169536,0.5052893292454601,0.05835100571942673,,0.011476660701476045,0.0037126611747151134,0.24442573572258067,124.57443340006284,160.2404149901918,502,2026-08-28T18:52:06.441086+00:00,1806733
e2_uci,kin8nm,mcd,epochs=1000,13,13,7373,819,random,0.0934869265607448,0.07099714861511452,0.8810242924340401,-0.8810242924340401,0.053457272461265276,0.9853479853479854,0.4915300030145578,0.5128735912797532,0.06304222093695774,,0.011810578761962728,0.003920786109878315,0.24923368962705048,127.68417120003141,155.73662999103138,502,2026-08-28T18:54:14.486009+00:00,1806733
e2_uci,kin8nm,mcd,epochs=1000,14,14,7373,819,random,0.08940018599415742,0.06914050371621779,0.9089096871491956,-0.9089096871491956,0.05148272531430994,0.9877899877899878,0.48843437527647,0.5134426904530496,0.06291369449264182,,0.011611369723063916,0.003922352277552377,0.2525056311292786,127.03432950004935,159.61648344820745,502,2026-08-28T18:56:21.891163+00:00,1806733
e2_uci,kin8nm,mcd,epochs=1000,15,15,7373,819,random,0.09611482584184555,0.07641435292866322,0.8624793808870279,-0.8624793808870279,0.05516350069994273,0.9865689865689866,0.4941041083387362,0.5133053997018208,0.08890816785553629,,0.012110810972123177,0.0037845430785036272,0.23809114703892936,125.7803257999476,158.26886451560938,502,2026-08-28T18:58:27.967196+00:00,1806733
e2_uci,kin8nm,mcd,epochs=1000,16,16,7373,819,random,0.0977558601482768,0.07531771259258231,0.8567101127820395,-0.8567101127820395,0.05554107795211434,0.9804639804639804,0.4903771539470368,0.517922451436105,0.08871537818906235,,0.011792174537465882,0.0038642871444021973,0.24681739865128471,119.91081340005621,158.72173376326813,502,2026-08-28T19:00:28.236391+00:00,1806733
e2_uci,kin8nm,mcd,epochs=1000,17,17,7373,819,random,0.09385973710715315,0.07172295839658513,0.8809671726465224,-0.8809671726465224,0.053572016545954976,0.9841269841269841,0.48992378777537343,0.521827859639558,0.05867232183021652,,0.012077424515473634,0.0035494614774182476,0.2271381181786807,121.31055499985814,164.9374846751109,502,2026-08-28T19:02:29.872518+00:00,1806733
e2_uci,kin8nm,mcd,epochs=1000,18,18,7373,819,random,0.09816689111520444,0.07622264389896036,0.8638745616823881,-0.8638745616823881,0.05552744733359975,0.9792429792429792,0.47733606598850004,0.5172631805380965,0.047869674185463625,,0.01117273502575315,0.0036620890717297956,0.24685759990582898,121.39512900006957,132.74835167914375,502,2026-08-28T19:04:31.614608+00:00,1806733
e2_uci,kin8nm,mcd,epochs=1000,19,19,7373,819,random,0.09101756837064721,0.06922880068034466,0.8977764261581013,-0.8977764261581013,0.05205050533972672,0.9816849816849816,0.48958352787634624,0.5272563880530945,0.06516290726817038,,0.011912130781982297,0.003693370200264008,0.2366710434010285,120.95541570009664,95.77924309478065,502,2026-08-28T19:06:32.808849+00:00,1806733
e2_uci,power_plant,mcd,epochs=50,0,0,8611,957,random,4.428112073811079,3.349663047679359,-2.9058693263191056,2.9058693263191056,2.3754283111970547,0.9738766980146291,17.541246328471676,22.278116724184557,0.03303635263707855,,18.836950655430034,1.1919950703250297,0.05951362026970057,6.006949200062081,157.02466052239652,302,2026-08-28T19:06:39.133565+00:00,1806733
e2_uci,power_plant,mcd,epochs=50,1,1,8611,957,random,3.992996964850155,3.186920521956517,-2.8217964046457746,2.8217964046457746,2.25231845240669,0.9749216300940439,18.02871118910791,19.934242174696497,0.02411043282186655,,19.939134705611927,1.2184975340965718,0.05759139398451705,6.607585099991411,154.4443050607681,302,2026-08-28T19:06:46.041080+00:00,1806733
e2_uci,power_plant,mcd,epochs=50,2,2,8611,957,random,4.336639833538136,3.298555218489447,-2.8851024983843745,2.8851024983843745,2.3585826533093637,0.9602925809822361,17.500803445240084,21.97169228485368,0.0679480833745807,,18.71893493733196,1.217837594475723,0.061084992193834335,7.214914999902248,148.28077333520946,302,2026-08-28T19:06:53.610529+00:00,1806733
e2_uci,power_plant,mcd,epochs=50,3,3,8611,957,random,4.3805953349071105,3.311949047681681,-2.8959187215360243,2.8959187215360243,2.350640854230153,0.9759665621734587,17.545257724187884,21.410009730667106,0.03831600945938516,,18.801200175805462,1.2375929555126641,0.061759854867629776,7.127858699997887,147.04221527723746,302,2026-08-28T19:07:01.072220+00:00,1806733
e2_uci,power_plant,mcd,epochs=50,4,4,8611,957,random,4.39810934155001,3.4391728484243247,-2.900773953514157,2.900773953514157,2.4330179291499925,0.9592476489028213,17.567680193649373,21.514943435085414,0.008425452345597493,,18.82622358791707,1.263284161439776,0.06288278325188026,7.14356300001964,151.37868333907647,302,2026-08-28T19:07:08.505857+00:00,1806733
e2_uci,power_plant,mcd,epochs=50,5,5,8611,957,random,4.390839189239457,3.3839718638495957,-2.9003768832418335,2.9003768832418335,2.3925130205139213,0.9717868338557993,17.86320843046003,22.263802221564205,0.05764725292855961,,19.557964145594436,1.2130194761069137,0.05839971270496604,6.990153500111774,153.23385576811955,302,2026-08-28T19:07:15.845683+00:00,1806733
e2_uci,power_plant,mcd,epochs=50,6,6,8611,957,random,4.180130294239903,3.346314148597941,-2.8528999906616193,2.8528999906616193,2.3476811218729043,0.9749216300940439,17.492938084887722,19.910885728729596,0.033778804377715486,,18.809523071621065,1.1086400424357172,0.055659753165356915,7.142389100044966,137.73793100633407,302,2026-08-28T19:07:23.249085+00:00,1806733
e2_uci,power_plant,mcd,epochs=50,7,7,8611,957,random,4.198932923115597,3.420539457104694,-2.8602815281830645,2.8602815281830645,2.3821964124393245,0.9738766980146291,17.969147675132277,19.81874045598656,0.04672496287741299,,19.879754729636893,1.13706727477466,0.05410272183567919,7.12875029980205,147.55997929406763,302,2026-08-28T19:07:30.716537+00:00,1806733
e2_uci,power_plant,mcd,epochs=50,8,8,8611,957,random,4.405706809453975,3.2563277722798216,-2.9010740535156354,2.9010740535156354,2.3386847103321595,0.9623824451410659,17.77482673321051,22.883134483481644,0.02958807677500962,,19.241498397576773,1.3249522476108488,0.06442299016339396,7.154696700163186,130.7367816734806,302,2026-08-28T19:07:38.216226+00:00,1806733
e2_uci,power_plant,mcd,epochs=50,9,9,8611,957,random,4.212938324390819,3.3496014204224,-2.865907112951544,2.865907112951544,2.3662090471677497,0.9780564263322884,18.12908062254497,20.436101972733763,0.02274652147610402,,20.10540916762867,1.2874563292843708,0.06018157452867399,7.1841210999991745,150.54785772036982,302,2026-08-28T19:07:45.752804+00:00,1806733
e2_uci,power_plant,mcd,epochs=50,10,10,8611,957,random,4.316042325548771,3.465155528618589,-2.882650718360634,2.882650718360634,2.4333948946621495,0.9749216300940439,17.727701427321758,20.213740772711073,0.01889677170983888,,19.421717726650915,1.0341782511253077,0.050556487589146125,7.139908300014213,150.3234065469654,302,2026-08-28T19:07:53.171938+00:00,1806733
e2_uci,power_plant,mcd,epochs=50,11,11,8611,957,random,4.443061138971518,3.349109741657561,-2.911249892334676,2.911249892334676,2.3949427527045617,0.9613375130616509,17.448500147544667,23.666165955475435,0.016603420777649414,,18.68613550783004,1.131163558492146,0.05707960276052261,7.160713599994779,125.66844296282548,302,2026-08-28T19:08:00.651132+00:00,1806733
e2_uci,power_plant,mcd,epochs=50,12,12,8611,957,random,4.041578912625026,3.191520538283319,-2.826152088009339,2.826152088009339,2.2563555043466295,0.9749216300940439,17.630135414811054,20.328228675701883,0.04205576637518563,,19.025015895526618,1.2070519572747478,0.05966033556513687,7.159887399990112,154.6687567207569,302,2026-08-28T19:08:08.170679+00:00,1806733
e2_uci,power_plant,mcd,epochs=50,13,13,8611,957,random,4.3267718437445355,3.380774386327998,-2.8865512612641626,2.8865512612641626,2.4007363985687005,0.9707419017763845,17.898989735751318,21.512589493480785,0.014887532310399784,,19.734507345823207,1.1190570295162727,0.053662626176253156,7.133487900020555,144.91379309675287,302,2026-08-28T19:08:15.580933+00:00,1806733
e2_uci,power_plant,mcd,epochs=50,14,14,8611,957,random,4.23095374802121,3.3302733174405406,-2.865584490708477,2.865584490708477,2.3531484014306296,0.9623824451410659,17.795068326858193,21.499273586588792,0.04602650827696203,,19.325190190891913,1.288144075383463,0.06249081583521121,7.311676000012085,149.32267489485918,302,2026-08-28T19:08:23.242279+00:00,1806733
e2_uci,power_plant,mcd,epochs=50,15,15,8611,957,random,4.202082073965781,3.3686806651438768,-2.8640416059176013,2.8640416059176013,2.3682376589164287,0.9749216300940439,18.23150598823916,20.50451208241545,0.018544794588351746,,20.58608283612836,1.0485807156983205,0.04846762295084481,7.138434300199151,153.69843270205345,302,2026-08-28T19:08:30.725370+00:00,1806733
e2_uci,power_plant,mcd,epochs=50,16,16,8611,957,random,4.1154181649179264,3.2281971437400165,-2.8448557737240168,2.8448557737240168,2.2997087893019277,0.9822361546499477,18.005128792145385,20.35649983220812,0.025435846669966455,,19.9691199078728,1.1315601488788016,0.05362671467627582,7.10559569997713,153.5518284665193,302,2026-08-28T19:08:38.183709+00:00,1806733
e2_uci,power_plant,mcd,epochs=50,17,17,8611,957,random,4.175284385044263,3.310034930227972,-2.8553751747519835,2.8553751747519835,2.32978866729689,0.9707419017763845,17.816178427226756,20.398578553569003,0.022411043282186655,,19.564950299343813,1.0962358043025062,0.053057738253906,7.064043800113723,155.2261233567226,302,2026-08-28T19:08:45.533422+00:00,1806733
e2_uci,power_plant,mcd,epochs=50,18,18,8611,957,random,4.372459533276766,3.3152537349981426,-2.8946569657730095,2.8946569657730095,2.3515351115235767,0.9696969696969697,17.800312041502938,21.740757259280006,0.023043502172358756,,19.43338549358426,1.1909738093496565,0.05774597852260236,7.124095499981195,154.98923703195098,302,2026-08-28T19:08:53.014758+00:00,1806733
e2_uci,power_plant,mcd,epochs=50,19,19,8611,957,random,4.537332517229378,3.359695845161108,-2.9299431174127566,2.9299431174127566,2.384318713358971,0.96760710553814,17.70140089662457,23.79450558814198,0.02012869163504372,,19.183355863495656,1.2129515125725403,0.059469172051983515,7.020037400070578,153.0653082784129,302,2026-08-28T19:09:00.393835+00:00,1806733
e2_uci,yacht,map,epochs=2000,2,2,277,31,random,0.630340897212978,0.5003963900347601,-0.9660666410193873,0.9660666410193873,0.3435669476047881,0.967741935483871,2.2580648816415363,3.5490246173944815,0.2011884550084889,,0.33183077365264363,0.0,0.0,11.303876500111073,14.058066411845147,402,2026-08-28T19:09:11.822379+00:00,1806733
e2_uci,yacht,map,epochs=2000,3,3,277,31,random,1.2060738889349534,0.7492562008569303,-2.6576219267234262,2.6576219267234262,0.5903375707353926,0.8064516129032258,2.195592531213724,11.200248456385541,0.19949066213921904,,0.3137236911894342,0.0,0.0,11.261957499897107,14.4387069608896,402,2026-08-28T19:09:23.206553+00:00,1806733
e2_uci,yacht,map,epochs=2000,4,4,277,31,random,0.5732531987869304,0.42676647668050716,-0.9366192194245421,0.9366192194245421,0.3085339653433766,0.9354838709677419,1.7507330877559601,3.685501516467085,0.05483870967741939,,0.19947281017642665,0.0,0.0,11.260376800084487,14.338709954773226,402,2026-08-28T19:09:34.586892+00:00,1806733
e2_uci,yacht,map,epochs=2000,5,5,277,31,random,0.44597444843782097,0.32181419307226716,-0.6115048103022469,0.6115048103022469,0.24214005226385021,0.9354838709677419,1.7618051551754592,2.5099015640070395,0.0816638370118846,,0.20200381871085385,0.0,0.0,11.204206199850887,10.448387793956263,402,2026-08-28T19:09:45.918419+00:00,1806733
e2_uci,yacht,map,epochs=2000,6,6,277,31,random,0.4553136410728369,0.32547699732630464,-0.6592374109731707,0.6592374109731707,0.2501102367364359,0.967741935483871,2.1241388499618528,2.7261071239558974,0.11052631578947363,,0.29363622418722046,0.0,0.0,11.21468050009571,12.641937862480841,402,2026-08-28T19:09:57.250508+00:00,1806733
e2_uci,yacht,map,epochs=2000,7,7,277,31,random,0.6836384548504068,0.45642099151415283,-1.065347626832082,1.065347626832082,0.34476268436305885,0.9032258064516129,2.2948901940996325,4.926165200025419,0.07453310696095078,,0.34274225293029614,0.0,0.0,11.322739399969578,12.625804952075404,402,2026-08-28T19:10:08.695667+00:00,1806733
e2_uci,yacht,map,epochs=2000,8,8,277,31,random,0.5664262799506602,0.40945061678208944,-0.8583240504733305,0.8583240504733305,0.3056202676848138,0.9354838709677419,2.0378705128761183,3.3845882789189754,0.20984719864176576,,0.2702694745078362,0.0,0.0,11.153343200217932,10.322576629058007,402,2026-08-28T19:10:19.963583+00:00,1806733
e2_uci,yacht,map,epochs=2000,9,9,277,31,random,0.39135030511532604,0.25464921557364784,-0.4910035650544569,0.4910035650544569,0.20582088511790594,0.9354838709677419,1.7032275729551523,2.6911305377906127,0.11188455008488958,,0.1887944333573849,0.0,0.0,11.233010600088164,12.932255143119443,402,2026-08-28T19:10:31.317578+00:00,1806733
e2_uci,yacht,map,epochs=2000,10,10,277,31,random,0.48552272063202406,0.3719101779120273,-0.7137055185025082,0.7137055185025082,0.272500852113251,0.9032258064516129,1.6779125696908188,2.324547813344411,0.056706281833616354,,0.1832240512614505,0.0,0.0,11.185489000054076,12.761289854684183,402,2026-08-28T19:10:42.617952+00:00,1806733
e2_uci,yacht,map,epochs=2000,11,11,277,31,random,1.2429240911927757,0.555013072198265,-4.098028175907911,4.098028175907911,0.4585126335679259,0.9032258064516129,1.7222427022663007,11.033817028625593,0.13361629881154502,,0.1930334323467752,0.0,0.0,11.286700600059703,12.49032756013255,402,2026-08-28T19:10:54.026056+00:00,1806733
e2_uci,yacht,map,epochs=2000,12,12,277,31,random,0.5556161318147341,0.3691838333214447,-0.9249322579496237,0.9249322579496237,0.27659553427651656,0.9032258064516129,1.6497521860683912,4.099212844414829,0.04040747028862481,,0.177125566254648,0.0,0.0,11.301767899887636,12.770963592394706,402,2026-08-28T19:11:05.453824+00:00,1806733
e2_uci,yacht,map,epochs=2000,13,13,277,31,random,0.8372755941002431,0.5856190053510952,-2.1384570726359846,2.1384570726359846,0.44611409192019225,0.8064516129032258,1.5942034457704035,7.656721470106188,0.1483870967741935,,0.16539840364909858,0.0,0.0,11.19041769998148,13.358064837032748,402,2026-08-28T19:11:16.771136+00:00,1806733
e2_uci,yacht,map,epochs=2000,14,14,277,31,random,0.5788411039718858,0.3616776823876854,-0.8782871666282326,0.8782871666282326,0.29149496664645924,0.9032258064516129,2.1030142685655244,4.210818649961344,0.08319185059422747,,0.28782483557841704,0.0,0.0,11.25504370010458,12.52580794595903,402,2026-08-28T19:11:28.144883+00:00,1806733
e2_uci,yacht,map,epochs=2000,15,15,277,31,random,0.34035668475782993,0.27175904488292396,-0.3634834168080985,0.3634834168080985,0.19370530641365116,1.0,1.5612466594625967,1.561246659462597,0.035144312393887905,,0.1586305649400844,0.0,0.0,11.330839999951422,13.067740045728224,402,2026-08-28T19:11:39.598344+00:00,1806733
e2_uci,yacht,map,epochs=2000,16,16,277,31,random,0.4425748144739583,0.35754879211381574,-0.6175058296287774,0.6175058296287774,0.25198749121947167,0.967741935483871,1.9596881612142882,1.9952934789435632,0.04685908319185055,,0.2499296405648772,0.0,0.0,11.415709399851039,12.54838500772753,402,2026-08-28T19:11:51.127908+00:00,1806733
e2_uci,yacht,map,epochs=2000,17,17,277,31,random,0.9250669062043855,0.6547899153304053,-2.2126664842428965,2.2126664842428965,0.4880337607320773,0.8387096774193549,1.7754335476634877,7.123852583828491,0.2113752122241086,,0.20514109543411574,0.0,0.0,11.178941000020131,13.296770292424386,402,2026-08-28T19:12:02.425932+00:00,1806733
e2_uci,yacht,map,epochs=2000,18,18,277,31,random,1.0532598522168577,0.6433611867310718,-2.3163010030429985,2.3163010030429985,0.5201129753790757,0.8387096774193549,2.0383859406738574,11.225021266165484,0.11850594227504244,,0.27040620745129235,0.0,0.0,11.124731800053269,13.154833727786619,402,2026-08-28T19:12:13.670496+00:00,1806733
e2_uci,yacht,map,epochs=2000,19,19,277,31,random,1.1203370698368171,0.7479112909834827,-3.4769212044154663,3.4769212044154663,0.5894545392485254,0.7096774193548387,1.683300761940094,11.139236454979295,0.14244482173174874,,0.18440269617650784,0.0,0.0,9.83751290012151,11.787096398972695,402,2026-08-28T19:12:23.625277+00:00,1806733
e2_uci,energy,map,epochs=1000,0,0,691,77,random,0.4949518732545009,0.3958081862126707,-0.754876170278049,0.754876170278049,0.28071716327899987,0.8831168831168831,1.6111775110199764,2.549351709258906,0.09125085440874921,,0.16893926846438687,0.0,0.0,12.082876099972054,6.416882085916284,502,2026-08-28T19:12:35.862186+00:00,1806733
e2_uci,energy,map,epochs=1000,1,1,691,77,random,0.6252936823665358,0.4527611869440956,-1.2321718257282095,1.2321718257282095,0.33336151020681715,0.8701298701298701,1.5597328774588413,4.156286898176696,0.06240601503759397,,0.15832309824073892,0.0,0.0,10.694178199861199,5.531167103485627,502,2026-08-28T19:12:46.691259+00:00,1806733
e2_uci,energy,map,epochs=1000,2,2,691,77,random,0.5190999672592742,0.3803408217166582,-0.8037959947887408,0.8037959947887408,0.28408070846430766,0.9090909090909091,1.6850151293173865,2.899265718112339,0.03513328776486674,,0.1847784994292514,0.0,0.0,10.419188800035045,4.662336878381766,502,2026-08-28T19:12:57.223172+00:00,1806733
e2_uci,energy,map,epochs=1000,3,3,691,77,random,0.48669217887614713,0.3713923029487264,-0.7669836680739045,0.7669836680739045,0.2684746281739222,0.8961038961038961,1.500407496054128,2.7470131808794465,0.02768284347231719,,0.14650831619539778,0.0,0.0,10.543815100099891,6.358441594359163,502,2026-08-28T19:13:07.879847+00:00,1806733
e2_uci,energy,map,epochs=1000,4,4,691,77,random,0.5732529331002597,0.42685179461129147,-1.0635534830260893,1.0635534830260893,0.31488761129693693,0.8961038961038961,1.521026245023917,3.788077945721791,0.07963089542036916,,0.150562647293556,0.0,0.0,10.576460599899292,6.061038244273755,502,2026-08-28T19:13:18.576360+00:00,1806733
e2_uci,energy,map,epochs=1000,5,5,691,77,random,0.45129342315848475,0.3387831301907142,-0.6344680432800246,0.6344680432800246,0.24622386482713177,0.8961038961038961,1.5973664752872165,2.6528731478254857,0.09535201640464802,,0.16605538256885782,0.0,0.0,9.30238309991546,4.929868359263842,502,2026-08-28T19:13:27.997742+00:00,1806733
e2_uci,energy,map,epochs=1000,6,6,691,77,random,0.48372652330915483,0.3889848300514388,-0.7105315680799712,0.7105315680799712,0.27509686531594074,0.935064935064935,1.6686276800495217,2.154177645955561,0.034107997265892046,,0.18120188609260834,0.0,0.0,7.151696899905801,4.461038156182735,502,2026-08-28T19:13:35.248175+00:00,1806733
e2_uci,energy,map,epochs=1000,7,7,691,77,random,0.4818157349788963,0.35567102562068903,-0.7296226728556686,0.7296226728556686,0.26463144846435566,0.8701298701298701,1.5627595725734063,2.725315035335472,0.02378673957621326,,0.15893815316420093,0.0,0.0,6.961168100126088,4.127273916617617,502,2026-08-28T19:13:42.303194+00:00,1806733
e2_uci,energy,map,epochs=1000,8,8,691,77,random,0.5621745199835227,0.36518057364043677,-1.0648593275087903,1.0648593275087903,0.27561554845976327,0.8831168831168831,1.4663969887070363,3.7944838402756154,0.024606971975393008,,0.13994163603324253,0.0,0.0,6.992470799945295,4.136366406818489,502,2026-08-28T19:13:49.376355+00:00,1806733
e2_uci,energy,map,epochs=1000,9,9,691,77,random,0.40217765059094734,0.3301642752492407,-0.511938876121699,0.511938876121699,0.22790872692890948,0.961038961038961,1.6797902682722392,1.9320982700721436,0.09425837320574165,,0.18363436113004206,0.0,0.0,7.03579629980959,3.5766233968270287,502,2026-08-28T19:13:56.499410+00:00,1806733
e2_uci,energy,map,epochs=1000,10,10,691,77,random,0.5619836981106148,0.4226672023318397,-0.9897030018999438,0.9897030018999438,0.3164290682199403,0.8311688311688312,1.5678102960856692,3.60068062792116,0.1028024606971976,,0.1599671660718261,0.0,0.0,6.944370100041851,3.563636284950492,502,2026-08-28T19:14:03.536972+00:00,1806733
e2_uci,energy,map,epochs=1000,11,11,691,77,random,0.5048694464451079,0.4185509462834999,-0.8054351918640822,0.8054351918640822,0.29258295829739256,0.935064935064935,1.5519849009278097,2.463315240252531,0.08339029391660975,,0.15675406435000375,0.0,0.0,6.918610699940473,3.409091165506995,502,2026-08-28T19:14:10.555639+00:00,1806733
e2_uci,energy,map,epochs=1000,12,12,691,77,random,0.6191816350583789,0.3991297321627568,-1.1320315007027997,1.1320315007027997,0.3100691383489856,0.8701298701298701,1.655036758535612,4.458775944153993,0.054203691045796275,,0.1782621394604147,0.0,0.0,6.8315524000208825,3.3064944935696468,502,2026-08-28T19:14:17.462939+00:00,1806733
e2_uci,energy,map,epochs=1000,13,13,691,77,random,0.4959308611702095,0.38093692933711887,-0.7568192794705384,0.7568192794705384,0.27644445276603713,0.8701298701298701,1.6144823074686074,2.7145044412501185,0.08304853041695143,,0.16963302502993996,0.0,0.0,6.923274000175297,3.3675324075020754,502,2026-08-28T19:14:24.473824+00:00,1806733
e2_uci,energy,map,epochs=1000,14,14,691,77,random,0.4789186688107264,0.35818704700729925,-0.7202714053291954,0.7202714053291954,0.2658139678018035,0.8571428571428571,1.564869861729274,2.662468861294647,0.07095010252904994,,0.15936769066459178,0.0,0.0,6.90620610001497,4.033766711106548,502,2026-08-28T19:14:31.476630+00:00,1806733
e2_uci,energy,map,epochs=1000,15,15,691,77,random,0.45342228812813007,0.37905659886990356,-0.658786607809909,0.658786607809909,0.26255297309321124,0.935064935064935,1.5058964494082017,1.981616541890581,0.10136705399863292,,0.1475822221576273,0.0,0.0,7.845596499973908,5.392209542068568,502,2026-08-28T19:14:39.399770+00:00,1806733
e2_uci,energy,map,epochs=1000,16,16,691,77,random,0.5393648110280377,0.3843164694887513,-0.9326366798665707,0.9326366798665707,0.2801398648388762,0.8441558441558441,1.530484484547586,3.1647131344120325,0.10082023239917982,,0.1524409649286334,0.0,0.0,10.546561500057578,4.824677288725779,502,2026-08-28T19:14:50.045502+00:00,1806733
e2_uci,energy,map,epochs=1000,17,17,691,77,random,0.4030658045497401,0.3006410528265858,-0.5103045266204157,0.5103045266204157,0.22026648350718223,0.935064935064935,1.5873326175321334,2.1643094111550507,0.04497607655502397,,0.16397578083539993,0.0,0.0,10.1104059999343,5.8207781864451125,502,2026-08-28T19:15:00.247215+00:00,1806733
e2_uci,energy,map,epochs=1000,18,18,691,77,random,0.4818986560869039,0.3554810662430673,-0.7506343906059935,0.7506343906059935,0.257791072571777,0.9090909090909091,1.5017032976295341,2.6904522053394366,0.05864661654135343,,0.14676148433265868,0.0,0.0,10.250322299776599,6.7857130394353495,502,2026-08-28T19:15:10.602868+00:00,1806733
e2_uci,energy,map,epochs=1000,19,19,691,77,random,0.49789792076881645,0.37958613631685345,-0.7926870801251125,0.7926870801251125,0.28004507005632234,0.8571428571428571,1.527742503220373,2.8675228961363652,0.03998632946001365,,0.15189523466792723,0.0,0.0,10.249484499916434,4.854543110379925,502,2026-08-28T19:15:20.952879+00:00,1806733
e2_uci,concrete,map,epochs=1000,0,0,927,103,random,5.482994884373936,3.79702009177352,-3.9248022323703533,3.9248022323703533,2.9220656999219776,0.8058252427184466,10.755946781965752,47.94590779783424,0.08124680633622894,,7.529066207429424,0.0,0.0,13.653325899969786,4.145630987957843,502,2026-08-28T19:15:34.678411+00:00,1806733
e2_uci,concrete,map,epochs=1000,1,1,927,103,random,4.0137329562944535,3.0821932935109695,-2.896410854400148,2.896410854400148,2.2482294823578832,0.8543689320388349,12.01491036450214,24.17014016007279,0.08696985181400099,,9.394742844134951,0.0,0.0,13.773036600090563,3.4815527824232877,502,2026-08-28T19:15:48.557880+00:00,1806733
e2_uci,concrete,map,epochs=1000,2,2,927,103,random,4.642269936529264,3.122428016298866,-3.2047855733292567,3.2047855733292567,2.3947213475841007,0.8349514563106796,11.845697903669679,34.417907510449666,0.02999489013796626,,9.131983796695323,0.0,0.0,13.71043450012803,4.417475457619695,502,2026-08-28T19:16:02.372951+00:00,1806733
e2_uci,concrete,map,epochs=1000,3,3,927,103,random,5.611500374441647,3.8946600157876463,-3.806969807485528,3.806969807485528,3.077086059322924,0.7475728155339806,11.576901248936874,50.28874909114167,0.04348492590700053,,8.722249071475076,0.0,0.0,9.84133190009743,2.8116492898140137,502,2026-08-28T19:16:12.304051+00:00,1806733
e2_uci,concrete,map,epochs=1000,4,4,927,103,random,5.752015634839734,3.846259921894828,-3.828447621383406,3.828447621383406,3.0351081242239766,0.7961165048543689,11.881624074645798,50.25063415843226,0.039448134900357736,,9.187459585060298,0.0,0.0,11.916135600069538,2.865048884911445,502,2026-08-28T19:16:24.309115+00:00,1806733
e2_uci,concrete,map,epochs=1000,5,5,927,103,random,4.525488908567151,3.3667134257557607,-3.0252302085957923,3.0252302085957923,2.4744620088576212,0.8737864077669902,13.385430504749966,30.3006655097433,0.0845682166581503,,11.660267502562723,0.0,0.0,9.899477300001308,2.510678384778569,502,2026-08-28T19:16:34.306269+00:00,1806733
e2_uci,concrete,map,epochs=1000,6,6,927,103,random,5.525623071090919,3.6541538363138484,-3.627736543105839,3.627736543105839,2.818437583358434,0.8446601941747572,12.214837861492217,44.568652082510354,0.04200306591722024,,9.710000220410013,0.0,0.0,9.186939799925312,2.6737864228706916,502,2026-08-28T19:16:43.575979+00:00,1806733
e2_uci,concrete,map,epochs=1000,7,7,927,103,random,5.417926645434714,3.8111204189551042,-3.6382185223372296,3.6382185223372296,2.9006755956658723,0.7961165048543689,11.812795852456903,40.30702781029072,0.05518650996423101,,9.08132511404929,0.0,0.0,9.66459559998475,2.709710156743966,502,2026-08-28T19:16:53.325411+00:00,1806733
e2_uci,concrete,map,epochs=1000,8,8,927,103,random,4.376058311782038,3.2777591539907047,-3.0952573706247297,3.0952573706247297,2.4353421805056863,0.8446601941747572,11.619687874210648,31.89952075843163,0.09785385794583552,,8.786840663677939,0.0,0.0,9.254282800015062,2.747573392483795,502,2026-08-28T19:17:02.667278+00:00,1806733
e2_uci,concrete,map,epochs=1000,9,9,927,103,random,5.242390228071777,3.660058094907979,-3.5129151492734647,3.5129151492734647,2.7958354791511035,0.8058252427184466,11.945581463303649,41.392056168915694,0.061573837506387334,,9.286635830098486,0.0,0.0,9.114638099912554,3.0990278583417816,502,2026-08-28T19:17:11.872010+00:00,1806733
e2_uci,concrete,map,epochs=1000,10,10,927,103,random,4.359337894079773,3.1625382231884127,-3.1122031378244324,3.1122031378244324,2.3584562498720967,0.8640776699029126,11.379380815496953,29.3121710289095,0.09821154828819627,,8.427157089809837,0.0,0.0,9.188879800029099,2.450486012164829,502,2026-08-28T19:17:21.150694+00:00,1806733
e2_uci,concrete,map,epochs=1000,11,11,927,103,random,4.614273109680589,3.2395443158629638,-3.0967238168847073,3.0967238168847073,2.3783448008838985,0.883495145631068,12.851959067688686,28.82900768114978,0.06862544711292791,,10.749357183510012,0.0,0.0,9.35805240017362,2.8291274115298557,502,2026-08-28T19:17:30.598372+00:00,1806733
e2_uci,concrete,map,epochs=1000,12,12,927,103,random,5.640123670797788,3.491016505959733,-3.7096048325995246,3.7096048325995246,2.6802217694715846,0.8543689320388349,12.129941469706184,38.892060890908425,0.04532447623914159,,9.575495074024479,0.0,0.0,9.379081799881533,2.9009703582930335,502,2026-08-28T19:17:40.056808+00:00,1806733
e2_uci,concrete,map,epochs=1000,13,13,927,103,random,4.480848706058007,3.086648625577281,-3.178459355038341,3.178459355038341,2.3653803540757843,0.8349514563106796,11.35869761206603,34.64558138846779,0.04016351558507925,,8.396550468491128,0.0,0.0,9.868449199944735,2.4825239608299388,502,2026-08-28T19:17:50.018546+00:00,1806733
e2_uci,concrete,map,epochs=1000,14,14,927,103,random,5.727699522832767,3.67754952202512,-3.751550403743518,3.751550403743518,2.8154180252937753,0.8349514563106796,12.180533020934783,46.051737145531845,0.02897291773122129,,9.655536581235184,0.0,0.0,9.445143700111657,2.4999998220540944,502,2026-08-28T19:17:59.557606+00:00,1806733
e2_uci,concrete,map,epochs=1000,15,15,927,103,random,5.419943102069066,3.7909124250150468,-3.6583303583969498,3.6583303583969498,2.8917800578764674,0.7864077669902912,11.714458808171056,40.34041732920057,0.06882984159427694,,8.930757270459324,0.0,0.0,9.868082700064406,2.718446957110201,502,2026-08-28T19:18:09.521527+00:00,1806733
e2_uci,concrete,map,epochs=1000,16,16,927,103,random,5.0683487633511515,3.888825198813631,-3.4295269927399548,3.4295269927399548,2.9341640714007493,0.7766990291262136,11.857462602801336,35.7698048624655,0.0772611139499234,,9.150131886056938,0.0,0.0,9.197283999994397,3.1281565542070613,502,2026-08-28T19:18:18.797400+00:00,1806733
e2_uci,concrete,map,epochs=1000,17,17,927,103,random,5.027343825770217,3.4718512806178383,-3.4854565639977046,3.4854565639977046,2.604149500731235,0.8446601941747572,11.372441761336487,35.84266379882096,0.06336228921819113,,8.416882599279099,0.0,0.0,9.691023400053382,4.410678159120014,502,2026-08-28T19:18:28.573663+00:00,1806733
e2_uci,concrete,map,epochs=1000,18,18,927,103,random,5.301557642969938,3.750143773072129,-3.5392570056843784,3.5392570056843784,2.8392302242605227,0.8058252427184466,11.98860746775075,39.880522484571955,0.07102708226877875,,9.353654153569604,0.0,0.0,9.244613300077617,3.0184458507206835,502,2026-08-28T19:18:37.927665+00:00,1806733
e2_uci,concrete,map,epochs=1000,19,19,927,103,random,5.819139301169379,3.7712483846442177,-3.7723665401605126,3.7723665401605126,2.9449066551639205,0.8155339805825242,12.34939953901158,47.85523260883299,0.04828819621870208,,9.925114135844266,0.0,0.0,9.337149299914017,3.23689298577679,502,2026-08-28T19:18:47.355624+00:00,1806733
e2_uci,wine_quality_red,map,epochs=20,0,0,1439,160,random,0.6342832961016645,0.501517552908586,-0.9660323813731548,0.9660323813731548,0.3551063587916352,0.925,2.3704349269110465,3.297042792110683,0.020723684210526335,,0.36567889993055264,0.0,0.0,0.2823592000640929,1.7293757991865277,652,2026-08-28T19:18:47.765224+00:00,1806733
e2_uci,wine_quality_red,map,epochs=20,1,1,1439,160,random,0.6370025639900997,0.5048752574691683,-0.9702629869015453,0.9702629869015453,0.3554987223704914,0.93125,2.3817293605248593,3.2322054774205653,0.023026315789473655,,0.369171909134324,0.0,0.0,0.2826461000367999,2.0049992599524558,652,2026-08-28T19:18:48.140743+00:00,1806733
e2_uci,wine_quality_red,map,epochs=20,2,2,1439,160,random,0.7147469547543731,0.532042029115574,-1.1191318912092427,1.1191318912092427,0.39135868810988284,0.90625,2.3437251362322398,3.9286569333537016,0.03881578947368421,,0.35748447208489614,0.0,0.0,0.2697240000125021,1.4150005881674588,652,2026-08-28T19:18:48.496288+00:00,1806733
e2_uci,wine_quality_red,map,epochs=20,3,3,1439,160,random,0.6376659593447292,0.4899278116831116,-0.9736122900671994,0.9736122900671994,0.35289494154699186,0.94375,2.3389606728473282,3.330766542842521,0.019736842105263157,,0.3560325181448842,0.0,0.0,0.3052445000503212,1.3912504073232412,652,2026-08-28T19:18:48.887249+00:00,1806733
e2_uci,wine_quality_red,map,epochs=20,4,4,1439,160,random,0.5701319047894761,0.44236184258000144,-0.8606028147643501,0.8606028147643501,0.31700697112851545,0.95,2.374983955486072,2.947898046691653,0.03684210526315788,,0.36708377286451416,0.0,0.0,0.28652269998565316,1.6481251805089414,652,2026-08-28T19:18:49.263956+00:00,1806733
e2_uci,wine_quality_red,map,epochs=20,5,5,1439,160,random,0.6527906628953355,0.5128388273628108,-0.998299981324793,0.998299981324793,0.36373296679881395,0.9125,2.3748326044055443,3.407135912718208,0.02993421052631577,,0.36703698791235156,0.0,0.0,0.2851964000146836,1.4762495993636549,652,2026-08-28T19:18:49.634430+00:00,1806733
e2_uci,wine_quality_red,map,epochs=20,6,6,1439,160,random,0.6764015777713389,0.5270004502595891,-1.0461728977673452,1.0461728977673452,0.37752096140747093,0.90625,2.33028813397774,3.582421516830261,0.025986842105263194,,0.3533971754496285,0.0,0.0,0.27671299991197884,1.501249789725989,652,2026-08-28T19:18:49.998860+00:00,1806733
e2_uci,wine_quality_red,map,epochs=20,7,7,1439,160,random,0.6749967125770486,0.5008373792973064,-1.0379105591841695,1.0379105591841695,0.36995050222188075,0.9125,2.3803718370561993,3.657917333119003,0.03651315789473683,,0.36875119239378334,0.0,0.0,0.27917569992132485,1.6562495147809386,652,2026-08-28T19:18:50.370282+00:00,1806733
e2_uci,wine_quality_red,map,epochs=20,8,8,1439,160,random,0.5943138960720483,0.4462874152253839,-0.8993949093814869,0.8993949093814869,0.32411892618129484,0.9625,2.397320423616321,3.128083797414365,0.058552631578947405,,0.3740210087979977,0.0,0.0,0.2772212999407202,2.1031242795288563,652,2026-08-28T19:18:50.741283+00:00,1806733
e2_uci,wine_quality_red,map,epochs=20,9,9,1439,160,random,0.6640462466516921,0.5017034250111498,-1.018434908880967,1.018434908880967,0.36684947133768775,0.90625,2.375496288243826,3.548511197106592,0.018749999999999996,,0.36724216494663237,0.0,0.0,0.28015999984927475,1.9799990695901215,652,2026-08-28T19:18:51.101946+00:00,1806733
e2_uci,wine_quality_red,map,epochs=20,10,10,1439,160,random,0.6677385955447539,0.5229772322520713,-1.0230322463911885,1.0230322463911885,0.37339289170670326,0.93125,2.4003471050781475,3.352073505147513,0.01776315789473686,,0.37496602812834195,0.0,0.0,0.2702419999986887,1.501249789725989,652,2026-08-28T19:18:51.472248+00:00,1806733
e2_uci,wine_quality_red,map,epochs=20,11,11,1439,160,random,0.6486101237808614,0.5090487144834508,-0.9927362470693375,0.9927362470693375,0.36302234157070756,0.93125,2.3474917823493215,3.1853738547543715,0.03618421052631584,,0.35863443586269156,0.0,0.0,0.293448599986732,1.4862511307001114,652,2026-08-28T19:18:51.847629+00:00,1806733
e2_uci,wine_quality_red,map,epochs=20,12,12,1439,160,random,0.664237274553098,0.5014493223551809,-1.019451274234378,1.019451274234378,0.3631652267540652,0.9375,2.3677480061988487,3.6014616262246384,0.07039473684210522,,0.3648503656122505,0.0,0.0,0.2700346000492573,1.3987504644319415,652,2026-08-28T19:18:52.207842+00:00,1806733
e2_uci,wine_quality_red,map,epochs=20,13,13,1439,160,random,0.6354476376786135,0.4783151807344854,-0.9683136636613163,0.9683136636613163,0.3459694100647456,0.925,2.3646812116360825,3.489409259908328,0.031249999999999965,,0.36390584239389995,0.0,0.0,0.29965710011310875,1.68937403941527,652,2026-08-28T19:18:52.606851+00:00,1806733
e2_uci,wine_quality_red,map,epochs=20,14,14,1439,160,random,0.6083562408963845,0.47998623518013145,-0.922381064867483,0.922381064867483,0.3390185706516443,0.95,2.4354564073658485,2.999161442595026,0.0582236842105263,,0.38601532575504693,0.0,0.0,0.30619850009679794,1.4331249985843897,652,2026-08-28T19:18:53.007552+00:00,1806733
e2_uci,wine_quality_red,map,epochs=20,15,15,1439,160,random,0.5756548530276248,0.45479186272972927,-0.8699084747865319,0.8699084747865319,0.3227636270568201,0.95625,2.3908222769465293,2.8935751826773335,0.032236842105263196,,0.3719961235267735,0.0,0.0,0.26908869994804263,1.4450008166022599,652,2026-08-28T19:18:53.358252+00:00,1806733
e2_uci,wine_quality_red,map,epochs=20,16,16,1439,160,random,0.5841500840763897,0.4624401568225479,-0.884405139939455,0.884405139939455,0.32844903118819807,0.95625,2.422667662018277,2.8395435115675642,0.022697368421052654,,0.3819719847685729,0.0,0.0,0.30812479997985065,1.6943755326792598,652,2026-08-28T19:18:53.752212+00:00,1806733
e2_uci,wine_quality_red,map,epochs=20,17,17,1439,160,random,0.6206561292881406,0.49009194128599437,-0.9423596382923745,0.9423596382923745,0.3474783334903031,0.94375,2.3851155451804997,3.0861296479393054,0.01809210526315794,,0.3702223835653241,0.0,0.0,0.28869120008312166,1.7037513316608965,652,2026-08-28T19:18:54.144777+00:00,1806733
e2_uci,wine_quality_red,map,epochs=20,18,18,1439,160,random,0.6552537011189882,0.503012836059865,-1.0014726437537325,1.0014726437537325,0.3644008574565672,0.925,2.3928402815519942,3.356004643709549,0.03453947368421057,,0.3726243648749588,0.0,0.0,0.2636808999814093,1.6781254089437425,652,2026-08-28T19:18:54.493175+00:00,1806733
e2_uci,wine_quality_red,map,epochs=20,19,19,1439,160,random,0.6120296928126646,0.4715577313782511,-0.9282263089975619,0.9282263089975619,0.33981897174086056,0.94375,2.360778492156858,3.0188940312389603,0.013157894736842096,,0.3627056379601746,0.0,0.0,0.32291699992492795,1.5249999705702066,652,2026-08-28T19:18:54.904034+00:00,1806733
e2_uci,kin8nm,map,epochs=1000,0,0,7373,819,random,0.07320181068400226,0.05711356519869074,1.1896977982160297,-1.1896977982160297,0.040822624775187624,0.9218559218559218,0.26624229964349283,0.37211831870669904,0.0669944090996722,,0.004613153845200337,0.0,0.0,67.41125890007243,0.5794873276909629,502,2026-08-28T19:20:02.427815+00:00,1806733
e2_uci,kin8nm,map,epochs=1000,1,1,7373,819,random,0.07287810173200637,0.05523691486803849,1.1923904737241562,-1.1923904737241562,0.04000815936132956,0.9316239316239316,0.26241809530272525,0.38645770667926976,0.0184178394704711,,0.004481582385534144,0.0,0.0,90.45899780001491,0.7294262821930523,502,2026-08-28T19:21:32.977406+00:00,1806733
e2_uci,kin8nm,map,epochs=1000,2,2,7373,819,random,0.07231198035461406,0.055457555967545216,1.2047920613859864,-1.2047920613859864,0.040256689358871334,0.9328449328449329,0.26853111705422267,0.36299535220486673,0.04501638712165033,,0.0046928109991661365,0.0,0.0,99.06743820011616,0.7798533058828778,502,2026-08-28T19:23:12.142395+00:00,1806733
e2_uci,kin8nm,map,epochs=1000,3,3,7373,819,random,0.07252995271645636,0.05760547189254884,1.199752356785096,-1.199752356785096,0.040754963999919645,0.9377289377289377,0.2652186680830319,0.35316255470073765,0.04970760233918124,,0.00457774931237108,0.0,0.0,99.71603270014748,0.6658120606190119,502,2026-08-28T19:24:51.963997+00:00,1806733
e2_uci,kin8nm,map,epochs=1000,4,4,7373,819,random,0.07356054930577473,0.058114630228351144,1.1902992158150936,-1.1902992158150936,0.04141631266682768,0.9377289377289377,0.2826196620825114,0.344579910839596,0.06705867232183026,,0.0051981471833921844,0.0,0.0,1430.5240653001238,0.6094016589597322,502,2026-08-28T19:48:42.583801+00:00,1806733
e2_uci,kin8nm,map,epochs=1000,5,5,7373,819,random,0.07663018953218585,0.0593648871664494,1.1393142988205531,-1.1393142988205531,0.04241198799505664,0.9242979242979243,0.2720339543228376,0.40885578857166316,0.05767624188676816,,0.004816039671300445,0.0,0.0,66.65520590008236,0.6052502231974887,502,2026-08-28T19:49:49.324697+00:00,1806733
e2_uci,kin8nm,map,epochs=1000,6,6,7373,819,random,0.07302504721150456,0.056398714642645786,1.194807613254552,-1.194807613254552,0.040446147547190975,0.9304029304029304,0.27077753969659485,0.37644217868518853,0.023815950131739566,,0.004771655732007335,0.0,0.0,66.47691609989852,0.5991451706059541,502,2026-08-28T19:50:55.881280+00:00,1806733
e2_uci,kin8nm,map,epochs=1000,7,7,7373,819,random,0.07089516504831565,0.05569398605625824,1.2271385851057166,-1.2271385851057166,0.03961366549783142,0.9438339438339438,0.2719497592984262,0.3495012768803888,0.015069725596041417,,0.004813058985824849,0.0,0.0,65.76272530015558,0.5051282135558216,502,2026-08-28T19:52:01.727602+00:00,1806733
e2_uci,kin8nm,map,epochs=1000,8,8,7373,819,random,0.0730242569943841,0.0587642998155203,1.1936748568247386,-1.1936748568247386,0.041341830393856666,0.9267399267399268,0.26835950993782287,0.3390469766870102,0.01278838120943388,,0.0046868149533525055,0.0,0.0,66.23170199990273,0.5515263289649844,502,2026-08-28T19:53:08.033358+00:00,1806733
e2_uci,kin8nm,map,epochs=1000,9,9,7373,819,random,0.0776585582770636,0.060417908635990274,1.1187375543470632,-1.1187375543470632,0.04342723063929458,0.9133089133089133,0.2679508111524443,0.39894925425792394,0.0858235331919543,,0.004672550230818271,0.0,0.0,72.11416800017469,0.6511599343993288,502,2026-08-28T19:54:20.228157+00:00,1806733
e2_uci,kin8nm,map,epochs=1000,10,10,7373,819,random,0.06815587789222509,0.05283284633460109,1.2669787823017211,-1.2669787823017211,0.03785789638249534,0.9511599511599511,0.2688766923914727,0.33099025096464135,0.01104042156673734,,0.0047048972204207775,0.0,0.0,70.17379859997891,0.5720390213860406,502,2026-08-28T19:55:30.490181+00:00,1806733
e2_uci,kin8nm,map,epochs=1000,11,11,7373,819,random,0.07708639493622034,0.060827727153749865,1.1340259317226753,-1.1340259317226753,0.04322582852775474,0.9328449328449329,0.2744761472755584,0.3728452728885655,0.08974358974358981,,0.0049029001051234195,0.0,0.0,69.93653870001435,0.4995115651716097,502,2026-08-28T19:56:40.501913+00:00,1806733
e2_uci,kin8nm,map,epochs=1000,12,12,7373,819,random,0.07306866844039964,0.05621514629255461,1.1927408078386563,-1.1927408078386563,0.040579275132824735,0.9328449328449329,0.2678999294399721,0.37363215606808553,0.036533641796799646,,0.0046707758395919535,0.0,0.0,69.61402109987102,0.6161170746671703,502,2026-08-28T19:57:50.190081+00:00,1806733
e2_uci,kin8nm,map,epochs=1000,13,13,7373,819,random,0.0688184452564105,0.05258539104229212,1.2571109623674046,-1.2571109623674046,0.03824771380497555,0.945054945054945,0.2739429056109078,0.35058210688829494,0.020268620268620238,,0.004883868280083936,0.0,0.0,104.56728449999355,0.846764397999597,502,2026-08-28T19:59:34.849669+00:00,1806733
e2_uci,kin8nm,map,epochs=1000,14,14,7373,819,random,0.07542683834561666,0.05799227308838527,1.1454050823600546,-1.1454050823600546,0.04181530227506234,0.9157509157509157,0.2581086106382394,0.38895184092242524,0.07856178908810484,,0.004335596058372196,0.0,0.0,108.40747340000235,0.9368741213911473,502,2026-08-28T20:01:23.375675+00:00,1806733
e2_uci,kin8nm,map,epochs=1000,15,15,7373,819,random,0.07285988394196255,0.056686110100451666,1.19974139808449,-1.19974139808449,0.04060698357222752,0.9340659340659341,0.2791118721183544,0.365351329497239,0.018732729259045,,0.005069912290725535,0.0,0.0,83.0771143999882,0.5527473394832914,502,2026-08-28T20:02:46.572259+00:00,1806733
e2_uci,kin8nm,map,epochs=1000,16,16,7373,819,random,0.07412760707610011,0.05719019212322292,1.1755510721976403,-1.1755510721976403,0.04101827213325361,0.927960927960928,0.2671499913993732,0.38577888935053434,0.03467000835421883,,0.00464466243398317,0.0,0.0,62.69752310006879,0.5074479913973546,502,2026-08-28T20:03:49.348971+00:00,1806733
e2_uci,kin8nm,map,epochs=1000,17,17,7373,819,random,0.07259512916047683,0.05697059337056501,1.2005598519002336,-1.2005598519002336,0.040711289938134713,0.9365079365079365,0.2688388280344989,0.3544247598224911,0.05941134888503314,,0.004703572186536116,0.0,0.0,62.88320449995808,0.5802196497154469,502,2026-08-28T20:04:52.300151+00:00,1806733
e2_uci,kin8nm,map,epochs=1000,18,18,7373,819,random,0.07566630203042746,0.05968859523678703,1.145899489771305,-1.145899489771305,0.04260198381707443,0.9133089133089133,0.2621520780071331,0.38148373096716,0.11268556005398117,,0.004472500891669069,0.0,0.0,62.5229437998496,0.6488401565577957,502,2026-08-28T20:05:54.913088+00:00,1806733
e2_uci,kin8nm,map,epochs=1000,19,19,7373,819,random,0.07446044716760786,0.058462121570293256,1.172968845489747,-1.172968845489747,0.041575913439966146,0.9328449328449329,0.2713630686760395,0.37345236365332013,0.07219973009446698,,0.0047923144877009905,0.0,0.0,62.83924559992738,0.6877899656620363,502,2026-08-28T20:06:57.827130+00:00,1806733
e2_uci,power_plant,map,epochs=50,0,0,8611,957,random,4.362592909515425,3.258694392429341,-2.8964482689091984,2.8964482689091984,2.3262525875895275,0.9613375130616509,16.021500797908402,21.60265270289669,0.022796018258813132,,16.705143787731537,0.0,0.0,3.6517218998633325,0.4678161263995285,302,2026-08-28T20:07:01.545114+00:00,1806733
e2_uci,power_plant,map,epochs=50,1,1,8611,957,random,3.8967455906330413,3.064237587382639,-2.7844908824524373,2.7844908824524373,2.1823784792038103,0.9582027168234065,16.4713167469121,19.255467504345567,0.016427432216905864,,17.656331099761996,0.0,0.0,3.675794299924746,0.41034491100156817,302,2026-08-28T20:07:05.284164+00:00,1806733
e2_uci,power_plant,map,epochs=50,2,2,8611,957,random,4.168422162376198,3.1374701645542387,-2.8470994122910716,2.8470994122910716,2.2534780452064203,0.9540229885057471,15.940309191321525,20.692765058872276,0.04858934169279002,,16.536260635290155,0.0,0.0,3.612954500131309,0.553813839843156,302,2026-08-28T20:07:08.968129+00:00,1806733
e2_uci,power_plant,map,epochs=50,3,3,8611,957,random,4.264031833467414,3.1812613830460115,-2.87138092243839,2.87138092243839,2.266065207441108,0.9634273772204807,15.955852675582426,20.641186317800194,0.038524995875268156,,16.568525558142532,0.0,0.0,3.662396499887109,0.679728262663635,302,2026-08-28T20:07:12.702954+00:00,1806733
e2_uci,power_plant,map,epochs=50,4,4,8611,957,random,4.3460925047443535,3.3311962215753494,-2.893597076147147,2.893597076147147,2.38683215085654,0.9404388714733543,15.85909827813526,22.06047489618989,0.0359951603145796,,16.36819564748754,0.0,0.0,3.9022206000518054,0.43458727654556245,302,2026-08-28T20:07:16.674684+00:00,1806733
e2_uci,power_plant,map,epochs=50,5,5,8611,957,random,4.261636880551044,3.2586019269801283,-2.869948933144435,2.869948933144435,2.3162844107969325,0.9602925809822361,16.10830608699851,21.20892423451472,0.04902931309464881,,16.886652773330212,0.0,0.0,3.6067048001568764,0.47607103103816567,302,2026-08-28T20:07:20.347055+00:00,1806733
e2_uci,power_plant,map,epochs=50,6,6,8611,957,random,4.054107900036956,3.1895470463290105,-2.8188808544031,2.8188808544031,2.266155809616964,0.9665621734587252,16.125845615311164,19.236371465924154,0.023879447835890702,,16.923446856177833,0.0,0.0,3.6535020999144763,0.42957156437255495,302,2026-08-28T20:07:24.063882+00:00,1806733
e2_uci,power_plant,map,epochs=50,7,7,8611,957,random,4.035230897741335,3.271505973113325,-2.8152376321254113,2.8152376321254113,2.2814928399396726,0.9592476489028213,16.390539031651063,18.947791732512403,0.07102788318759283,,17.483577352231897,0.0,0.0,3.711961300112307,0.4118078270520287,302,2026-08-28T20:07:27.843111+00:00,1806733
e2_uci,power_plant,map,epochs=50,8,8,8611,957,random,4.30967839081776,3.1112638146026033,-2.881528094774414,2.881528094774414,2.251319840609639,0.9540229885057471,16.215305580275803,22.541062521938052,0.020464169828961102,,17.11173718987132,0.0,0.0,3.7257289001718163,0.4997910482102427,302,2026-08-28T20:07:31.634658+00:00,1806733
e2_uci,power_plant,map,epochs=50,9,9,8611,957,random,4.210267076220582,3.3150188149197715,-2.8574114447817696,2.8574114447817696,2.34677418828144,0.9498432601880877,16.008842103051045,20.692862252441863,0.015607985480943753,,16.6787565247225,0.0,0.0,3.704585999948904,0.4300941560366809,302,2026-08-28T20:07:35.404003+00:00,1806733
e2_uci,power_plant,map,epochs=50,10,10,8611,957,random,4.0424343399508835,3.205587345117702,-2.815844389888095,2.815844389888095,2.266181757988898,0.9623824451410659,15.968327801237642,18.893838679309976,0.028554143980641294,,16.59444397751636,0.0,0.0,3.6322489001322538,0.4550678579598011,302,2026-08-28T20:07:39.101287+00:00,1806733
e2_uci,power_plant,map,epochs=50,11,11,8611,957,random,4.34585543468115,3.2101399783830082,-2.8929735475452656,2.8929735475452656,2.3252812452144895,0.9467084639498433,15.918662638833158,23.389543642902265,0.018583292086014364,,16.491379449643194,0.0,0.0,3.6331750999670476,0.4703239824860323,302,2026-08-28T20:07:42.802019+00:00,1806733
e2_uci,power_plant,map,epochs=50,12,12,8611,957,random,3.9666208274576227,3.115500262063732,-2.7982395498939385,2.7982395498939385,2.20433138139851,0.9613375130616509,16.146301241796063,19.501039912321012,0.02147610405323655,,16.966408854001315,0.0,0.0,3.6853881999850273,0.40198539071322237,302,2026-08-28T20:07:46.548289+00:00,1806733
e2_uci,power_plant,map,epochs=50,13,13,8611,957,random,4.193384854692142,3.222504645078601,-2.852447119286396,2.852447119286396,2.3053854555642146,0.9561128526645768,16.428227933155203,20.878095695948026,0.009497882637628513,,17.564074328339046,0.0,0.0,3.613261300139129,0.4062695232148953,302,2026-08-28T20:07:50.228864+00:00,1806733
e2_uci,power_plant,map,epochs=50,14,14,8611,957,random,4.070039192575472,3.1767264796051013,-2.8227512245195587,2.8227512245195587,2.2601009238775065,0.955067920585162,16.158254919021775,20.409387760101204,0.02417092888962221,,16.991539816956468,0.0,0.0,3.6166833001188934,0.4910135519074796,302,2026-08-28T20:07:53.916161+00:00,1806733
e2_uci,power_plant,map,epochs=50,15,15,8611,957,random,4.0550559685100565,3.184482618149565,-2.8200442918305955,2.8200442918305955,2.26332361493296,0.9540229885057471,16.448021296438153,19.967646546559397,0.051119177253478566,,17.60642357472927,0.0,0.0,3.7316342999693006,0.4726228505653274,302,2026-08-28T20:07:57.718394+00:00,1806733
e2_uci,power_plant,map,epochs=50,16,16,8611,957,random,3.9802022213040367,3.0929181770040763,-2.803190636506282,2.803190636506282,2.2073777557497847,0.9728317659352143,16.484639712318597,19.63072864857781,0.03438376505527146,,17.68490560025379,0.0,0.0,3.726693500066176,0.43981173343357,302,2026-08-28T20:08:01.516132+00:00,1806733
e2_uci,power_plant,map,epochs=50,17,17,8611,957,random,4.072610001394094,3.201378163172981,-2.8232521075892687,2.8232521075892687,2.2611303145167696,0.9561128526645768,16.051444099529867,19.516478548386363,0.02752571082879608,,16.76764412339688,0.0,0.0,3.707583900075406,0.4708463308579496,302,2026-08-28T20:08:05.287885+00:00,1806733
e2_uci,power_plant,map,epochs=50,18,18,8611,957,random,4.286290218194506,3.240944165534087,-2.876684157475502,2.876684157475502,2.2940600090093626,0.9582027168234065,16.023384959614738,20.912909269698897,0.012280701754385932,,16.709073137846048,0.0,0.0,3.736451899865642,0.4292582040078463,302,2026-08-28T20:08:09.101582+00:00,1806733
e2_uci,power_plant,map,epochs=50,19,19,8611,957,random,4.428233287671419,3.2503909414265792,-2.9119068684905516,2.9119068684905516,2.3164901673321676,0.9540229885057471,16.203223603742625,22.724319935252957,0.01182973106748058,,17.08624687960614,0.0,0.0,3.7494368001352996,0.45172429313667145,302,2026-08-28T20:08:12.920202+00:00,1806733
e2_uci,yacht,laplace,epochs=2000,0,0,277,31,random,0.7144540613947936,0.43947700021682684,-1.0032537724649975,1.0032537724649975,0.3467494115532882,0.9354838709677419,2.1559360928856446,4.714212460800938,0.07385398981324279,,0.2501337365349873,0.05369577760669146,0.17672995909690525,7.989528100006282,1020.9258105004988,402,2026-08-28T20:08:20.998628+00:00,1806733
e2_uci,yacht,laplace,epochs=2000,1,1,277,31,random,0.4567256467227556,0.32145176527676983,-0.7084121109243674,0.7084121109243674,0.2575672041226697,1.0,2.6476112896039714,2.6476112896039714,0.11935483870967736,,0.33216945230709644,0.13750961928029645,0.29277357156994416,7.550653399899602,155.58710231656028,402,2026-08-28T20:08:28.633649+00:00,1806733
e2_uci,yacht,laplace,epochs=2000,2,2,277,31,random,0.630340897212978,0.5003963900347601,-0.8972202835876033,0.8972202835876033,0.3406521658111398,0.967741935483871,2.491432456483514,3.312882171409329,0.19966044142614597,,0.33183077365264363,0.0738374690722137,0.18201441792990847,7.672770300181583,184.79355100181797,402,2026-08-28T20:08:36.374485+00:00,1806733
e2_uci,yacht,laplace,epochs=2000,3,3,277,31,random,1.2060738889349534,0.7492562008569303,-1.723563237058986,1.723563237058986,0.5762035370513302,0.8387096774193549,2.5102919795301744,9.24027362854863,0.1943972835314092,,0.3137236911894342,0.10128255013820266,0.24405066732054917,7.536662800004706,163.83871045564453,402,2026-08-28T20:08:43.983047+00:00,1806733
e2_uci,yacht,laplace,epochs=2000,4,4,277,31,random,0.5732531987869304,0.42676647668050716,-0.7228524822211442,0.7228524822211442,0.29932122063158845,0.967741935483871,2.1984737336766975,2.5731698641700005,0.044821731748726695,,0.19947281017642665,0.13573313026988582,0.4049245967692663,7.465491200098768,167.87096167043333,402,2026-08-28T20:08:51.512630+00:00,1806733
e2_uci,yacht,laplace,epochs=2000,5,5,277,31,random,0.44597444843782097,0.32181419307226716,-0.5870963228350286,0.5870963228350286,0.24220642083196212,0.967741935483871,2.0828494365785515,2.09647945523023,0.07996604414261466,,0.20200381871085385,0.08333073328113194,0.29204571510663907,7.556878300150856,157.48386842108542,402,2026-08-28T20:08:59.140358+00:00,1806733
e2_uci,yacht,laplace,epochs=2000,6,6,277,31,random,0.4553136410728369,0.32547699732630464,-0.68761736880741,0.68761736880741,0.2535321026287612,0.967741935483871,2.3818549116105334,2.800831231465538,0.11460101867572153,,0.29363622418722046,0.07717922008962376,0.20813377997277568,7.611887899925932,161.28064523781498,402,2026-08-28T20:09:06.816536+00:00,1806733
e2_uci,yacht,laplace,epochs=2000,7,7,277,31,random,0.6836384548504068,0.45642099151415283,-0.8623971784624337,0.8623971784624337,0.33474219091947643,0.967741935483871,2.6625472511494315,3.18983542749037,0.07911714770797962,,0.34274225293029614,0.13269290479285734,0.27909779627640546,7.527316899970174,163.4774173820211,402,2026-08-28T20:09:14.411456+00:00,1806733
e2_uci,yacht,laplace,epochs=2000,8,8,277,31,random,0.5664262799506602,0.40945061678208944,-0.7816631013556423,0.7816631013556423,0.3024280226083419,0.9354838709677419,2.321252443152546,2.806439021331348,0.19286926994906625,,0.2702694745078362,0.08298147100952342,0.23490799405502372,7.578585000010207,161.36450933352594,402,2026-08-28T20:09:22.059895+00:00,1806733
e2_uci,yacht,laplace,epochs=2000,9,9,277,31,random,0.39135030511532604,0.25464921557364784,-0.4787016015924699,0.4787016015924699,0.20841541860595905,0.9354838709677419,1.9315669977565166,2.2408117142365223,0.12376910016977924,,0.1887944333573849,0.05501404782631452,0.2256445204827135,7.5061727000866085,151.0903239250183,402,2026-08-28T20:09:29.628453+00:00,1806733
e2_uci,yacht,laplace,epochs=2000,10,10,277,31,random,0.48552272063202406,0.3719101779120273,-0.6968123586301099,0.6968123586301099,0.27295675751653214,0.9354838709677419,2.0388827166418926,2.2735718023791742,0.05942275042444826,,0.1832240512614505,0.09779518531261157,0.3480017471573973,7.404894300037995,263.83225415502824,402,2026-08-28T20:09:37.104486+00:00,1806733
e2_uci,yacht,laplace,epochs=2000,11,11,277,31,random,1.2429240911927757,0.555013072198265,-1.3883550136279346,1.3883550136279346,0.4473500850082845,0.9032258064516129,2.0179087865410232,9.10382640088191,0.13022071307300512,,0.1930334323467752,0.07982419406211774,0.2925488838728537,8.498046200023964,167.4935431970704,402,2026-08-28T20:09:45.740103+00:00,1806733
e2_uci,yacht,laplace,epochs=2000,12,12,277,31,random,0.5556161318147341,0.3691838333214447,-0.5852194406182585,0.5852194406182585,0.26482271050866546,0.967741935483871,2.084011260442218,2.6908561121789907,0.05110356536502545,,0.177125566254648,0.12235513491434384,0.40855766143442046,7.32398679992184,145.1258036878801,402,2026-08-28T20:09:53.136844+00:00,1806733
e2_uci,yacht,laplace,epochs=2000,13,13,277,31,random,0.8372755941002431,0.5856190053510952,-0.984934831992816,0.984934831992816,0.4110352478021597,0.967741935483871,2.053071760566164,3.441128133107909,0.131409168081494,,0.16539840364909858,0.13874649069966008,0.45618549999580604,7.464863599976525,164.95807006234122,402,2026-08-28T20:10:00.665002+00:00,1806733
e2_uci,yacht,laplace,epochs=2000,14,14,277,31,random,0.5788411039718858,0.3616776823876854,-0.7888956844957692,0.7888956844957692,0.2935773860022969,0.9032258064516129,2.4914363252027254,3.2269663844217846,0.10016977928692698,,0.28782483557841704,0.1257382668179445,0.304036472522242,7.544619899941608,158.02258595583902,402,2026-08-28T20:10:08.274054+00:00,1806733
e2_uci,yacht,laplace,epochs=2000,15,15,277,31,random,0.34035668475782993,0.27175904488292396,-0.418167553567118,0.418167553567118,0.19682529807349503,1.0,1.9060310705540635,1.9060310705540637,0.05789473684210522,,0.1586305649400844,0.08508782722582568,0.34912353749610564,7.532462199917063,162.4516106300777,402,2026-08-28T20:10:15.878815+00:00,1806733
e2_uci,yacht,laplace,epochs=2000,16,16,277,31,random,0.4425748144739583,0.35754879211381574,-0.6519618563754519,0.6519618563754519,0.25407363362792823,1.0,2.262449166608357,2.2624491666083566,0.05874363327674017,,0.2499296405648772,0.0848317968434223,0.25340970423649856,7.478070700075477,169.5516083629862,402,2026-08-28T20:10:23.425489+00:00,1806733
e2_uci,yacht,laplace,epochs=2000,17,17,277,31,random,0.9250669062043855,0.6547899153304053,-1.243084007923886,1.243084007923886,0.46936831234445375,0.9032258064516129,2.1354120556870946,5.308885804250845,0.20628183361629873,,0.20514109543411574,0.10115022727452953,0.33024189644036084,7.594396600034088,160.2096768516687,402,2026-08-28T20:10:31.082553+00:00,1806733
e2_uci,yacht,laplace,epochs=2000,18,18,277,31,random,1.0532598522168577,0.6433611867310718,-1.3691418960242814,1.3691418960242814,0.49885103051888496,0.8387096774193549,2.474300122798625,7.69816410560202,0.11409168081494056,,0.27040620745129235,0.1477280815972163,0.3533029590406971,7.33842879999429,162.5870955326865,402,2026-08-28T20:10:38.488179+00:00,1806733
e2_uci,yacht,laplace,epochs=2000,19,19,277,31,random,1.1203370698368171,0.7479112909834827,-1.3615428026795389,1.3615428026795389,0.5408369289969435,0.8709677419354839,2.2678551690971993,5.923743276138458,0.12971137521222414,,0.18440269617650784,0.19119871989021317,0.5090468558197585,7.884528100024909,177.89355479180813,402,2026-08-28T20:10:46.447656+00:00,1806733
e2_uci,energy,laplace,epochs=1000,0,0,691,77,random,0.4949518732545009,0.3958081862126707,-0.7172959146533373,0.7172959146533373,0.27918225865153606,0.935064935064935,1.776860533360997,2.373654645217742,0.09125085440874921,,0.16893926846438687,0.03719546925491082,0.18044250894558808,8.252457999857143,135.92987103605424,502,2026-08-28T20:10:54.782065+00:00,1806733
e2_uci,energy,laplace,epochs=1000,1,1,691,77,random,0.6252936823665358,0.4527611869440956,-1.0628860261479804,1.0628860261479804,0.329822558415863,0.9090909090909091,1.7634091485178511,3.8949929368198,0.054887218045112776,,0.15832309824073892,0.04526447380602925,0.22233416976764717,12.191387800034136,137.9051971454899,502,2026-08-28T20:11:07.084410+00:00,1806733
e2_uci,energy,laplace,epochs=1000,2,2,691,77,random,0.5190999672592742,0.3803408217166582,-0.765845571146821,0.765845571146821,0.28277105530951224,0.948051948051948,1.8779239027611805,2.813446401860654,0.038687628161312354,,0.1847784994292514,0.045547936624429006,0.19775383757430914,12.732174000004306,130.56753336318903,502,2026-08-28T20:11:19.918450+00:00,1806733
e2_uci,energy,laplace,epochs=1000,3,3,691,77,random,0.48669217887614713,0.3713923029487264,-0.7257459435695552,0.7257459435695552,0.2670871404920464,0.935064935064935,1.716498196194657,2.6888839175672166,0.01845522898154481,,0.14650831619539778,0.04606151195041122,0.2391938155313438,11.936735399998724,124.52857169721808,502,2026-08-28T20:11:31.952888+00:00,1806733
e2_uci,energy,laplace,epochs=1000,4,4,691,77,random,0.5732529331002597,0.42685179461129147,-0.9355845577316054,0.9355845577316054,0.3112699094497042,0.8961038961038961,1.7019708652833665,3.5924673724406344,0.06514012303485994,,0.150562647293556,0.038664304117399156,0.20432768075108734,11.637476400006562,137.31168764461947,502,2026-08-28T20:11:43.697589+00:00,1806733
e2_uci,energy,laplace,epochs=1000,5,5,691,77,random,0.45129342315848475,0.3387831301907142,-0.6302734516402797,0.6302734516402797,0.2473715072407977,0.935064935064935,1.787089328448563,2.5792420331991637,0.08851674641148331,,0.16605538256885782,0.04274829874356969,0.2047296219821265,11.702332899905741,133.45454565503383,502,2026-08-28T20:11:55.501962+00:00,1806733
e2_uci,energy,laplace,epochs=1000,6,6,691,77,random,0.48372652330915483,0.3889848300514388,-0.7011311161530477,0.7011311161530477,0.27469026831639676,0.961038961038961,1.865618879375915,2.2089094519099715,0.033151059466848994,,0.18120188609260834,0.046815712929081585,0.20531622615949174,11.660669599892572,132.02337802133775,502,2026-08-28T20:12:07.313782+00:00,1806733
e2_uci,energy,laplace,epochs=1000,7,7,691,77,random,0.4818157349788963,0.35567102562068903,-0.700204717867615,0.700204717867615,0.2648836216677886,0.922077922077922,1.7645305257548243,2.5940152665355236,0.023376623376623377,,0.15893815316420093,0.045044785884607516,0.220826242109539,11.948983199894428,131.16234006335984,502,2026-08-28T20:12:19.423764+00:00,1806733
e2_uci,energy,laplace,epochs=1000,8,8,691,77,random,0.5621745199835227,0.36518057364043677,-0.8854379326843662,0.8854379326843662,0.2749539640320977,0.935064935064935,1.6846394900126083,3.516849462801034,0.02611073137388922,,0.13994163603324253,0.04574081369837139,0.24633891767630883,11.560954500222579,135.3558437148859,502,2026-08-28T20:12:31.082486+00:00,1806733
e2_uci,energy,laplace,epochs=1000,9,9,691,77,random,0.40217765059094734,0.3301642752492407,-0.528536208984576,0.528536208984576,0.22906886482343614,0.987012987012987,1.9246094263049351,1.94848683585769,0.09685577580314425,,0.18363436113004206,0.06143710781721297,0.2506905764311375,11.675597600173205,137.4233768067577,502,2026-08-28T20:12:42.860073+00:00,1806733
e2_uci,energy,laplace,epochs=1000,10,10,691,77,random,0.5619836981106148,0.4226672023318397,-0.8548288061977264,0.8548288061977264,0.3111370595520139,0.8961038961038961,1.7881352360557226,2.970070251266557,0.09118250170881755,,0.1599671660718261,0.04947560728016636,0.23622494339786537,11.631696499884129,130.86363649019947,502,2026-08-28T20:12:54.602425+00:00,1806733
e2_uci,energy,laplace,epochs=1000,11,11,691,77,random,0.5048694464451079,0.4185509462834999,-0.715234825451343,0.715234825451343,0.28700465135139475,0.948051948051948,1.767716033019911,2.1677028447568234,0.06937799043062207,,0.15675406435000375,0.04730727021236188,0.23182868187066438,11.846075699897483,372.902596030723,502,2026-08-28T20:13:06.562654+00:00,1806733
e2_uci,energy,laplace,epochs=1000,12,12,691,77,random,0.6191816350583789,0.3991297321627568,-0.9799325028988414,0.9799325028988414,0.30995136096419906,0.8961038961038961,1.8325821357214316,4.142554477176721,0.057074504442925444,,0.1782621394604147,0.04081699294962508,0.1863116422847152,11.609314300119877,135.20519321711808,502,2026-08-28T20:13:18.279002+00:00,1806733
e2_uci,energy,laplace,epochs=1000,13,13,691,77,random,0.4959308611702095,0.38093692933711887,-0.6969148448744007,0.6969148448744007,0.2739498641758821,0.935064935064935,1.8134723025061097,2.4083528106178784,0.08031442241968552,,0.16963302502993996,0.0454660021303503,0.21137242102201306,11.835126999998465,130.9467509824347,502,2026-08-28T20:13:30.214100+00:00,1806733
e2_uci,energy,laplace,epochs=1000,14,14,691,77,random,0.4789186688107264,0.35818704700729925,-0.6572043606540569,0.6572043606540569,0.26424796822910296,0.9090909090909091,1.7661572365284477,2.189358057567336,0.06937799043062207,,0.15936769066459178,0.04452754118149913,0.21838441624329147,11.833745799958706,136.17792336100882,502,2026-08-28T20:13:42.152170+00:00,1806733
e2_uci,energy,laplace,epochs=1000,15,15,691,77,random,0.45342228812813007,0.37905659886990356,-0.6156509339402096,0.6156509339402096,0.2585859793326854,0.961038961038961,1.7205574452738481,1.9979995918754134,0.0868762816131237,,0.1475822221576273,0.04605580537944471,0.23784483846091298,11.768750600051135,135.1766245947643,502,2026-08-28T20:13:54.021429+00:00,1806733
e2_uci,energy,laplace,epochs=1000,16,16,691,77,random,0.5393648110280377,0.3843164694887513,-0.8428360812320458,0.8428360812320458,0.27918209485064954,0.9090909090909091,1.7150601608218472,2.971205213793955,0.1008202323991798,,0.1524409649286334,0.039729622542712735,0.20674143252352115,11.711311400169507,131.562337061608,502,2026-08-28T20:14:05.838860+00:00,1806733
e2_uci,energy,laplace,epochs=1000,17,17,691,77,random,0.4030658045497401,0.3006410528265858,-0.5235384595614836,0.5235384595614836,0.2223203187116945,0.961038961038961,1.7637727942706596,2.199128532315399,0.05064935064935067,,0.16397578083539993,0.03931573198539965,0.19339583556572906,11.79956700000912,135.5350658587821,502,2026-08-28T20:14:17.740188+00:00,1806733
e2_uci,energy,laplace,epochs=1000,18,18,691,77,random,0.4818986560869039,0.3554810662430673,-0.6775121170537601,0.6775121170537601,0.25647651891206513,0.948051948051948,1.6821264583487143,2.5682483444652786,0.05249487354750518,,0.14676148433265868,0.03820530247105024,0.20655223097752465,11.579426900018007,140.07792130789971,502,2026-08-28T20:14:29.425230+00:00,1806733
e2_uci,energy,laplace,epochs=1000,19,19,691,77,random,0.49789792076881645,0.37958613631685345,-0.7480711723813983,0.7480711723813983,0.27919515495293157,0.8831168831168831,1.7389000357833742,2.5497934994828215,0.03417634996582363,,0.15189523466792723,0.04649830666877401,0.23437409481924595,11.678704099962488,131.63376768881625,502,2026-08-28T20:14:41.213535+00:00,1806733
e2_uci,concrete,laplace,epochs=1000,0,0,927,103,random,5.482994884373936,3.79702009177352,-3.2405681102378328,3.2405681102378328,2.827308082470381,0.8543689320388349,13.369782955986686,37.636494744716146,0.06234031681144604,,7.529066207429424,4.526240058705114,0.37545624796112487,15.407879000063986,99.00582637818692,502,2026-08-28T20:14:56.783443+00:00,1806733
e2_uci,concrete,laplace,epochs=1000,1,1,927,103,random,4.0137329562944535,3.0821932935109695,-2.787996439638284,2.787996439638284,2.21329526238142,0.9320388349514563,14.881021202402465,20.423279992411324,0.07741440981093506,,9.394742844134951,5.323365629620127,0.36168816387734914,16.03881029994227,100.69805758019675,502,2026-08-28T20:15:12.919269+00:00,1806733
e2_uci,concrete,laplace,epochs=1000,2,2,927,103,random,4.642269936529264,3.122428016298866,-2.8797733401569214,2.8797733401569214,2.3621349905628692,0.9029126213592233,14.245351878783385,27.235338325710288,0.029432805314256474,,9.131983796695323,4.25495176144898,0.3178435978098337,15.292541099945083,98.05242558127468,502,2026-08-28T20:15:28.318332+00:00,1806733
e2_uci,concrete,laplace,epochs=1000,3,3,927,103,random,5.611500374441647,3.8946600157876463,-3.325760391999777,3.325760391999777,2.984244539981115,0.8640776699029126,14.42992998628595,39.16262556421739,0.028410832907511493,,8.722249071475076,5.152813465508262,0.37137226962211345,15.344112899852917,103.90291261730843,502,2026-08-28T20:15:43.765462+00:00,1806733
e2_uci,concrete,laplace,epochs=1000,4,4,927,103,random,5.752015634839734,3.846259921894828,-3.245142236941526,3.245142236941526,2.96288622528614,0.8446601941747572,15.082067439605122,38.750878872431684,0.027286663260091992,,9.187459585060298,6.400691338539967,0.41061261017491185,15.541633600136265,106.73300977977155,502,2026-08-28T20:15:59.407111+00:00,1806733
e2_uci,concrete,laplace,epochs=1000,5,5,927,103,random,4.525488908567151,3.3667134257557607,-2.9043301368071677,2.9043301368071677,2.419178550745667,0.9223300970873787,15.777783141801109,25.471541258582278,0.07537046499744511,,11.660267502562723,5.0900137877306815,0.30387631703118234,15.357181700179353,102.57766998002252,502,2026-08-28T20:16:14.861081+00:00,1806733
e2_uci,concrete,laplace,epochs=1000,6,6,927,103,random,5.525623071090919,3.6541538363138484,-3.0255440291702302,3.0255440291702302,2.7401262977902814,0.8737864077669902,14.960071104836103,32.960717046430425,0.028921819110883994,,9.710000220410013,5.205042569643709,0.34897939234306163,15.44135079998523,101.60485382001956,502,2026-08-28T20:16:30.405437+00:00,1806733
e2_uci,concrete,laplace,epochs=1000,7,7,927,103,random,5.417926645434714,3.8111204189551042,-3.35378892675722,3.35378892675722,2.8320818191329704,0.8543689320388349,13.873573455430058,35.487490959365445,0.030914665304036807,,9.08132511404929,3.5794569097822957,0.28272004865454814,15.509405300021172,104.07669695763333,502,2026-08-28T20:16:46.084538+00:00,1806733
e2_uci,concrete,laplace,epochs=1000,8,8,927,103,random,4.376058311782038,3.2777591539907047,-2.8700260865350202,2.8700260865350202,2.3739095977109064,0.8737864077669902,14.10329993234789,23.813041358661994,0.09121103730199288,,8.786840663677939,4.4752612055832754,0.3374473556077862,15.426249299896881,104.90194143890177,502,2026-08-28T20:17:01.620182+00:00,1806733
e2_uci,concrete,laplace,epochs=1000,9,9,927,103,random,5.242390228071777,3.660058094907979,-3.0218582698381904,3.0218582698381904,2.7061492250385526,0.883495145631068,15.020766367898434,30.32223076256272,0.04762391415431779,,9.286635830098486,5.877534147159811,0.3875935284274939,15.297081799944863,110.6213583855085,502,2026-08-28T20:17:17.022374+00:00,1806733
e2_uci,concrete,laplace,epochs=1000,10,10,927,103,random,4.359337894079773,3.1625382231884127,-2.86640725056754,2.86640725056754,2.308258481858138,0.912621359223301,13.596003690330805,24.225435304768386,0.08814512008175783,,8.427157089809837,3.785165985479243,0.30994643379016934,15.408087799791247,98.34660144830212,502,2026-08-28T20:17:32.535683+00:00,1806733
e2_uci,concrete,laplace,epochs=1000,11,11,927,103,random,4.614273109680589,3.2395443158629638,-2.8504890367199875,2.8504890367199875,2.3413945186397385,0.941747572815534,15.340930673559226,24.524623950331392,0.06193152784874804,,10.749357183510012,4.821958462161683,0.30966930295976797,15.413913399912417,104.26601765731584,502,2026-08-28T20:17:48.052980+00:00,1806733
e2_uci,concrete,laplace,epochs=1000,12,12,927,103,random,5.640123670797788,3.491016505959733,-2.971060887739977,2.971060887739977,2.6133270622812104,0.912621359223301,14.762017369714952,31.940009863518068,0.03919264179867147,,9.575495074024479,5.010421588403089,0.34351091565671904,15.447180300019681,121.75145432425354,502,2026-08-28T20:18:03.600425+00:00,1806733
e2_uci,concrete,laplace,epochs=1000,13,13,927,103,random,4.480848706058007,3.086648625577281,-2.939316438528687,2.939316438528687,2.3407828951250096,0.883495145631068,14.071706309187064,28.24879270674131,0.03960143076136949,,8.396550468491128,4.922009388346281,0.3695601807743084,15.64410510007292,111.88932242396388,502,2026-08-28T20:18:19.351278+00:00,1806733
e2_uci,concrete,laplace,epochs=1000,14,14,927,103,random,5.727699522832767,3.67754952202512,-3.0638403985186997,3.0638403985186997,2.744427580835061,0.8932038834951457,14.882534118730158,37.107637679912955,0.009351047521716917,,9.655536581235184,5.130066886264687,0.3469636459236209,15.418538099853322,106.56213695273816,502,2026-08-28T20:18:34.877282+00:00,1806733
e2_uci,concrete,laplace,epochs=1000,15,15,927,103,random,5.419943102069066,3.7909124250150468,-3.3745696585292766,3.3745696585292766,2.8343242845425247,0.883495145631068,13.940472098465687,34.35173176993619,0.058610117526826766,,8.930757270459324,3.8453886093686926,0.3009818959127647,15.39543480006978,105.15339627355627,502,2026-08-28T20:18:50.380597+00:00,1806733
e2_uci,concrete,laplace,epochs=1000,16,16,927,103,random,5.0683487633511515,3.888825198813631,-3.1382869105199376,3.1382869105199376,2.84566350147396,0.8737864077669902,14.525350011654064,29.484747623369305,0.054266734798160486,,9.150131886056938,4.790370224754273,0.34362967608169714,15.512507400009781,103.88932028080075,502,2026-08-28T20:19:05.997788+00:00,1806733
e2_uci,concrete,laplace,epochs=1000,17,17,927,103,random,5.027343825770217,3.4718512806178383,-2.9539966203164685,2.9539966203164685,2.5267511746227687,0.9029126213592233,14.13786338934149,28.784088578899535,0.04113438937148696,,8.416882599279099,5.049391603752721,0.3749657498148889,15.558223100146279,103.84368773513627,502,2026-08-28T20:19:21.664755+00:00,1806733
e2_uci,concrete,laplace,epochs=1000,18,18,927,103,random,5.301557642969938,3.750143773072129,-3.2384651381022165,3.2384651381022165,2.7683221024103246,0.883495145631068,14.59576563410007,31.88739127333433,0.050587634133878394,,9.353654153569604,4.775679463307902,0.33799750170831455,15.58390469988808,107.22135962213127,502,2026-08-28T20:19:37.345477+00:00,1806733
e2_uci,concrete,laplace,epochs=1000,19,19,927,103,random,5.819139301169379,3.7712483846442177,-3.137278490738485,3.137278490738485,2.8713860411785936,0.8640776699029126,15.096527744647993,37.38466605651133,0.03995912110373015,,9.925114135844266,5.221805137299852,0.3447437094722126,15.552097599953413,98.17184509655226,502,2026-08-28T20:19:52.996219+00:00,1806733
e2_uci,wine_quality_red,laplace,epochs=20,0,0,1439,160,random,0.6342832961016645,0.501517552908586,-0.9627161656434001,0.9627161656434001,0.3552679244083712,0.93125,2.4840514646412992,3.2045437519450557,0.02269736842105266,,0.36567889993055264,0.036849160015571814,0.09154432617816462,1.7392520001158118,119.6850003907457,652,2026-08-28T20:19:54.850641+00:00,1806733
e2_uci,wine_quality_red,laplace,epochs=20,1,1,1439,160,random,0.6370025639900997,0.5048752574691683,-0.948667160592765,0.948667160592765,0.35416712100749753,0.95625,2.5620546984782373,3.0423447375692687,0.028289473684210486,,0.369171909134324,0.06206391151609023,0.1439210486329311,1.7538893001619726,119.26000006496906,652,2026-08-28T20:19:56.722634+00:00,1806733
e2_uci,wine_quality_red,laplace,epochs=20,2,2,1439,160,random,0.7147469547543731,0.532042029115574,-1.0714871515305753,1.0714871515305753,0.38922310269092775,0.925,2.4831540196282327,3.694433726967728,0.033223684210526315,,0.35748447208489614,0.04510391112714459,0.1120348052948876,1.7453900999389589,121.17500009480864,652,2026-08-28T20:19:58.583509+00:00,1806733
e2_uci,wine_quality_red,laplace,epochs=20,3,3,1439,160,random,0.6376659593447292,0.4899278116831116,-0.9689319418251671,0.9689319418251671,0.3532632573356989,0.95,2.494922937421534,3.3211158373722967,0.024999999999999977,,0.3560325181448842,0.05087185224269182,0.12502164131153576,1.7458821998443455,115.7000006060116,652,2026-08-28T20:20:00.445248+00:00,1806733
e2_uci,wine_quality_red,laplace,epochs=20,4,4,1439,160,random,0.5701319047894761,0.44236184258000144,-0.8641353892564478,0.8641353892564478,0.3177512379200779,0.96875,2.548650693152694,2.891265974734889,0.043092105263157855,,0.36708377286451416,0.058307854285216884,0.13706864584030343,1.7586240000091493,121.56062584836036,652,2026-08-28T20:20:02.322491+00:00,1806733
e2_uci,wine_quality_red,laplace,epochs=20,5,5,1439,160,random,0.6527906628953355,0.5128388273628108,-0.9811718236975185,0.9811718236975185,0.3629704027983914,0.925,2.5450014903726874,3.2516868665226193,0.03256578947368418,,0.36703698791235156,0.0562333980001198,0.1328545531927395,1.7518606998492032,113.72875014785677,652,2026-08-28T20:20:04.192096+00:00,1806733
e2_uci,wine_quality_red,laplace,epochs=20,6,6,1439,160,random,0.6764015777713389,0.5270004502595891,-1.0372276342873454,1.0372276342873454,0.3776074134728197,0.91875,2.4991624343597154,3.4939861661647766,0.023026315789473714,,0.3533971754496285,0.0551649535270415,0.13502219029750445,1.7011977001093328,122.01312638353556,652,2026-08-28T20:20:06.002900+00:00,1806733
e2_uci,wine_quality_red,laplace,epochs=20,7,7,1439,160,random,0.6749967125770486,0.5008373792973064,-0.9846374369718316,0.9846374369718316,0.366121156484596,0.94375,2.541700053368472,3.325889676163359,0.03519736842105261,,0.36875119239378334,0.05477963963163145,0.12934038206773169,1.7519340999424458,123.27437580097467,652,2026-08-28T20:20:07.879148+00:00,1806733
e2_uci,wine_quality_red,laplace,epochs=20,8,8,1439,160,random,0.5943138960720483,0.4462874152253839,-0.8796769340934301,0.8796769340934301,0.32367798118901936,0.98125,2.5242368946830758,3.0114743736603278,0.059868421052631626,,0.3740210087979977,0.04199977787567118,0.10095595994489638,1.6918169998098165,121.50937545811757,652,2026-08-28T20:20:09.679560+00:00,1806733
e2_uci,wine_quality_red,laplace,epochs=20,9,9,1439,160,random,0.6640462466516921,0.5017034250111498,-1.0013592285356634,1.0013592285356634,0.36723432014669805,0.93125,2.590194089986162,3.332836146512386,0.025328947368421048,,0.36724216494663237,0.07773473157496878,0.17469385979951702,1.7368855001404881,123.8437500433065,652,2026-08-28T20:20:11.538181+00:00,1806733
e2_uci,wine_quality_red,laplace,epochs=20,10,10,1439,160,random,0.6677385955447539,0.5229772322520713,-0.9682738483811372,0.9682738483811372,0.36742590193403896,0.95625,2.5919614166899807,2.9692479117863932,0.01907894736842106,,0.37496602812834195,0.07217463661182622,0.1614137167635304,1.8354960998985916,155.84812499582767,652,2026-08-28T20:20:13.509775+00:00,1806733
e2_uci,wine_quality_red,laplace,epochs=20,11,11,1439,160,random,0.6486101237808614,0.5090487144834508,-0.9815423653806021,0.9815423653806021,0.36260538916590157,0.95,2.484461813546178,3.1614255094441868,0.03421052631578952,,0.35863443586269156,0.04404231707222037,0.10937387557443454,1.7551788999699056,121.75562442280352,652,2026-08-28T20:20:15.385637+00:00,1806733
e2_uci,wine_quality_red,laplace,epochs=20,12,12,1439,160,random,0.664237274553098,0.5014493223551809,-0.9940473523355131,0.9940473523355131,0.36188812144549376,0.94375,2.53331326600829,3.518612507095887,0.06644736842105257,,0.3648503656122505,0.05524186343420463,0.13149936993501443,1.7303742000367492,124.23500011209399,652,2026-08-28T20:20:17.228206+00:00,1806733
e2_uci,wine_quality_red,laplace,epochs=20,13,13,1439,160,random,0.6354476376786135,0.4783151807344854,-0.9614093164932213,0.9614093164932213,0.34660746505849427,0.94375,2.5217819272976696,3.4422546231157725,0.03585526315789469,,0.36390584239389995,0.05111047606778916,0.12315293108771395,1.7021871998440474,114.85875002108514,652,2026-08-28T20:20:19.049816+00:00,1806733
e2_uci,wine_quality_red,laplace,epochs=20,14,14,1439,160,random,0.6083562408963845,0.47998623518013145,-0.921420870044735,0.921420870044735,0.33986203102072443,0.96875,2.603841746226107,3.0012526686254453,0.06249999999999995,,0.38601532575504693,0.05752259080393872,0.12969035714061408,1.7198246999178082,126.12562568392605,652,2026-08-28T20:20:20.891116+00:00,1806733
e2_uci,wine_quality_red,laplace,epochs=20,15,15,1439,160,random,0.5756548530276248,0.45479186272972927,-0.8693767901620294,0.8693767901620294,0.3225185579799539,0.95625,2.5351240507370654,2.875449984162645,0.035197368421052644,,0.3719961235267735,0.04796649852517322,0.11421611354555278,1.716000499902293,121.04874913347885,652,2026-08-28T20:20:22.731898+00:00,1806733
e2_uci,wine_quality_red,laplace,epochs=20,16,16,1439,160,random,0.5841500840763897,0.4624401568225479,-0.8866595269075688,0.8866595269075688,0.328811485256775,0.95625,2.529758371270552,2.8342744942722136,0.024013157894736837,,0.3819719847685729,0.0352693367533858,0.08452982706682764,1.7656479000579566,125.65187498694286,652,2026-08-28T20:20:24.610113+00:00,1806733
e2_uci,wine_quality_red,laplace,epochs=20,17,17,1439,160,random,0.6206561292881406,0.49009194128599437,-0.9323946105732027,0.9323946105732027,0.3471975712805043,0.9625,2.5443836860399283,2.9375066494144386,0.01940789473684215,,0.3702223835653241,0.053522958038773806,0.12630925412928762,1.765227199997753,120.69687363691628,652,2026-08-28T20:20:26.495687+00:00,1806733
e2_uci,wine_quality_red,laplace,epochs=20,18,18,1439,160,random,0.6552537011189882,0.503012836059865,-0.9735201546774432,0.9735201546774432,0.36186335386481366,0.95,2.544042094789671,3.197664203475761,0.031578947368421095,,0.3726243648749588,0.05146140973148887,0.12134670109895841,1.7091488998848945,124.19937556842342,652,2026-08-28T20:20:28.322923+00:00,1806733
e2_uci,wine_quality_red,laplace,epochs=20,19,19,1439,160,random,0.6120296928126646,0.4715577313782511,-0.9018145729993401,0.9018145729993401,0.33875386223950316,0.95625,2.5021538898064284,2.8014601686685006,0.01842105263157891,,0.3627056379601746,0.04674609347379468,0.11416753156735213,1.7100508001167327,139.9781249347143,652,2026-08-28T20:20:30.155159+00:00,1806733
e2_uci,kin8nm,laplace,epochs=1000,1,1,7373,819,random,0.07287810173200637,0.05523691486803849,1.205171702555877,-1.205171702555877,0.039959059839439766,0.9365079365079365,0.2706584242096461,0.3801983844236223,0.017640254482359802,,0.004481582385534144,0.00028675618588233664,0.06013754719542767,108.19551980006509,186.77948740958004,502,2026-08-28T20:22:18.608828+00:00,1806733
e2_uci,kin8nm,laplace,epochs=1000,2,2,7373,819,random,0.07231198035461406,0.055457555967545216,1.2110367526914179,-1.2110367526914179,0.040231134571269325,0.9401709401709402,0.275887816318622,0.3582507093690732,0.04424522845575481,,0.0046928109991661365,0.0002615305618345461,0.05278815733926144,107.70702660013922,188.8190474593159,502,2026-08-28T20:24:06.582402+00:00,1806733
e2_uci,energy,ensemble,epochs=1000,0,0,691,77,random,0.3420037978493397,0.26650249217181066,-0.45856768856958713,0.45856768856958713,0.19935774187584307,0.987012987012987,1.919801530576358,2.080239711194832,0.0793574846206425,,0.1764288186568819,0.0661430739987906,0.27267410611616005,33.09489099984057,11.350648090630383,2510,2026-08-28T23:41:52.239886+00:00,1806733
e2_uci,energy,ensemble,epochs=1000,1,1,691,77,random,0.5414911325899983,0.3572364102021911,-0.8032544591214894,0.8032544591214894,0.26918052838904083,0.961038961038961,2.073216014426557,3.3118603734930976,0.04579630895420365,,0.19223978859448348,0.09090831285423237,0.3210627667609411,33.002169700106606,18.12986908601476,2510,2026-08-28T23:41:52.150346+00:00,1806733
e2_uci,kin8nm,laplace,epochs=1000,3,3,7373,819,random,0.0725711172972793,0.057633872437979884,1.2060115804464129,-1.2060115804464129,0.040734449493592215,0.9426129426129426,0.2730858986437469,0.34980047336112724,0.04996465522781308,,0.004579220978484996,0.0002750738315013971,0.056666074531671926,104.89482900011353,614.2293039927662,502,2026-08-28T23:44:00.492689+00:00,1806733
e2_uci,kin8nm,laplace,epochs=1000,4,4,7373,819,random,0.07358168511835302,0.05818958983731937,1.1928764075768847,-1.1928764075768847,0.04140677961392896,0.945054945054945,0.29024992795232113,0.3415482696457536,0.06763704132125188,,0.005204170008380844,0.0002791897597755902,0.050915820150436164,103.58924050000496,776.7450548844896,502,2026-08-28T23:43:59.306695+00:00,1806733
e2_uci,kin8nm,laplace,epochs=1000,5,5,7373,819,random,0.07668277593128156,0.05935393464937273,1.1492680670806779,-1.1492680670806779,0.04238474969116695,0.9316239316239316,0.2804949560919364,0.4008708901750712,0.05703360966518858,,0.004832710949282344,0.00028847621654934846,0.056329949913576205,104.60724969999865,666.561904641935,502,2026-08-28T23:44:00.246550+00:00,1806733
e2_uci,kin8nm,laplace,epochs=1000,6,6,7373,819,random,0.07330459419848177,0.056544903431678374,1.1970028825364387,-1.1970028825364387,0.04056400391155232,0.9328449328449329,0.2778057296765875,0.37469067037047676,0.025872373240794253,,0.00476795030410291,0.0002553614142668603,0.05083527134759087,106.45518360007554,404.88620260241413,502,2026-08-28T23:44:01.874538+00:00,1806733
e2_uci,kin8nm,laplace,epochs=1000,7,7,7373,819,random,0.07325839456858016,0.057595165447856866,1.1977513889756217,-1.1977513889756217,0.04087728140641152,0.9426129426129426,0.2794804717853997,0.3616683814933622,0.027665317139001402,,0.00479086150724587,0.0002933001768185011,0.05768899477328024,102.98652560007758,1005.0575090265208,502,2026-08-28T23:43:58.910728+00:00,1806733
e2_uci,kin8nm,laplace,epochs=1000,8,8,7373,819,random,0.07289760887492276,0.05861826797082278,1.1993957777797557,-1.1993957777797557,0.04122206235501988,0.9401709401709402,0.2757901738747165,0.3351910370276742,0.008013623803097511,,0.004689399811161525,0.0002612905109616761,0.052778601358692244,102.9624807999935,962.179120896118,502,2026-08-28T23:43:58.875601+00:00,1806733
e2_uci,kin8nm,laplace,epochs=1000,9,9,7373,819,random,0.07785118227795233,0.06055428874347004,1.1268977103580176,-1.1268977103580176,0.043462906034713485,0.9194139194139194,0.2758060181213171,0.392155082940556,0.08402416297153144,,0.004671902800594555,0.000279516525197373,0.0564517983240426,105.2002560000401,514.9989012487788,502,2026-08-28T23:44:00.792182+00:00,1806733
e2_uci,kin8nm,laplace,epochs=1000,10,10,7373,819,random,0.0681511849874486,0.05282703262060694,1.2687672358924629,-1.2687672358924629,0.03786389441782426,0.9560439560439561,0.2764389762413837,0.3304140266345149,0.01560953666216821,,0.004705552473958048,0.00026839675298433646,0.05396049310887858,106.56529240007512,417.52319893275495,502,2026-08-28T23:44:02.064706+00:00,1806733
e2_uci,kin8nm,laplace,epochs=1000,11,11,7373,819,random,0.07671440433104695,0.0604937177244557,1.1480677283030705,-1.1480677283030705,0.04291771219035591,0.9413919413919414,0.2803182820257074,0.36878427671046243,0.08935801041064204,,0.004851784997802278,0.0002628998457165197,0.05140098632854375,119.09862000006251,704.5264955682813,502,2026-08-28T23:45:58.714984+00:00,1806733
e2_uci,kin8nm,laplace,epochs=1000,12,12,7373,819,random,0.07305506008118723,0.05624820473818924,1.1997471860016151,-1.1997471860016151,0.040552293734480556,0.9365079365079365,0.27531083311391275,0.3685137463757292,0.039104170683118014,,0.004665811181428078,0.0002678093737748228,0.05428252350951398,118.52396219992079,905.7884006755329,502,2026-08-28T23:45:58.306687+00:00,1806733
e2_uci,kin8nm,laplace,epochs=1000,13,13,7373,819,random,0.06889491496285217,0.05265386974695572,1.257440726311978,-1.257440726311978,0.03831153518248468,0.9499389499389499,0.28167385378217175,0.348166743383689,0.023687423687423655,,0.004885665374709065,0.0002784934508027144,0.053928134322072295,117.45982430013828,966.6538461292292,502,2026-08-28T23:45:57.743222+00:00,1806733
e2_uci,kin8nm,laplace,epochs=1000,14,14,7373,819,random,0.07533919474931064,0.05791458453468954,1.161057364693317,-1.161057364693317,0.04168799848080469,0.9218559218559218,0.2655246532777273,0.38017472629912047,0.07869031553242074,,0.004334536951437984,0.00025465927845683844,0.055491041502636916,118.72097840020433,689.9573869766698,502,2026-08-28T23:45:59.685028+00:00,1806733
e2_uci,kin8nm,laplace,epochs=1000,15,15,7373,819,random,0.07284098628287072,0.05668600287619523,1.2039548658331916,-1.2039548658331916,0.040587995131406554,0.9377289377289377,0.286648711785722,0.3605794943805147,0.01785232311548097,,0.0050669982254648435,0.0002811960884778517,0.05257776213268394,119.50047759991139,603.0560439845981,502,2026-08-28T23:46:00.667987+00:00,1806733
e2_uci,kin8nm,laplace,epochs=1000,16,16,7373,819,random,0.07442294366993668,0.05742516104724704,1.1797887127476296,-1.1797887127476296,0.04115332513110808,0.9316239316239316,0.27525099787648827,0.3823877973494816,0.03569821990874618,,0.004650517204699117,0.0002809047095703811,0.05696221383077342,119.43012599996291,618.6584859599743,502,2026-08-28T23:46:00.835313+00:00,1806733
e2_uci,kin8nm,laplace,epochs=1000,17,17,7373,819,random,0.07252800016596735,0.05690268802716929,1.2060758282338413,-1.2060758282338413,0.04064343651501242,0.9413919413919414,0.2764815063148069,0.35089055486348103,0.058318874108347844,,0.00470185320839846,0.00027373907761100237,0.055016380337414524,119.49200790002942,493.056043898357,502,2026-08-28T23:46:01.956083+00:00,1806733
e2_uci,kin8nm,laplace,epochs=1000,18,18,7373,819,random,0.07562480849793381,0.059648349052173893,1.1568804895882292,-1.1568804895882292,0.04249613542504529,0.9169719169719169,0.27001653795083236,0.3744073882026752,0.11082192661140032,,0.004462459003856916,0.00028320026778828384,0.05967564285122087,120.35356570011936,384.9307691475993,502,2026-08-28T23:46:02.920268+00:00,1806733
e2_uci,kin8nm,laplace,epochs=1000,19,19,7373,819,random,0.07460961142698207,0.058580197692801185,1.1781152020337333,-1.1781152020337333,0.041606266146745854,0.9365079365079365,0.27906467408047203,0.37021243757300815,0.07258530942741474,,0.004789725057006286,0.0002792611662009985,0.055092113867356775,100.21256890008226,455.12161150538293,502,2026-08-28T23:47:38.522372+00:00,1806733
e2_uci,power_plant,laplace,epochs=50,0,0,8611,957,random,4.362592909515425,3.258694392429341,-2.895367143773393,2.895367143773393,2.326406559488575,0.9623824451410659,16.099309631531806,21.599043134259624,0.02285101468404549,,16.705143787731537,0.16328854031131815,0.009680125404413535,11.641952499980107,781.2458724503638,302,2026-08-28T23:46:10.999082+00:00,1806733
e2_uci,power_plant,laplace,epochs=50,1,1,8611,957,random,3.8967455906330413,3.064237587382639,-2.7851627822741545,2.7851627822741545,2.1829200570178693,0.9592476489028213,16.537009617257826,19.27266112172763,0.01714238574492654,,17.656331099761996,0.14135913055682023,0.00794255483309915,11.68166709993966,745.7365727104643,302,2026-08-28T23:46:11.312036+00:00,1806733
e2_uci,power_plant,laplace,epochs=50,2,2,8611,957,random,4.168422162376198,3.1374701645542387,-2.8469351568714685,2.8469351568714685,2.2540463548379086,0.955067920585162,16.018357384584803,20.697676418894957,0.048424352417092933,,16.536260635290155,0.1630382782658217,0.00976318102393342,12.123581700026989,618.7841171630373,302,2026-08-28T23:46:12.569933+00:00,1806733
e2_uci,power_plant,laplace,epochs=50,3,3,8611,957,random,4.264031833467414,3.1812613830460115,-2.8716254143803304,2.8716254143803304,2.2668258142651103,0.9644723092998955,16.032349412582793,20.66937782420911,0.03814002089864163,,16.568525558142532,0.16005617755911722,0.009567827093048185,12.312658000038937,519.9163008672006,302,2026-08-28T23:46:13.646718+00:00,1806733
e2_uci,power_plant,laplace,epochs=50,4,4,8611,957,random,4.3460925047443535,3.3311962215753494,-2.893104612650703,2.893104612650703,2.386843897997195,0.9404388714733543,15.92666208662351,22.04316283992972,0.03621514601550904,,16.36819564748754,0.14008891453113184,0.008485976480768966,12.276465199887753,589.3054337492807,302,2026-08-28T23:46:13.769395+00:00,1806733
e2_uci,power_plant,laplace,epochs=50,5,5,8611,957,random,4.261636880551044,3.2586019269801283,-2.8695263100814983,2.8695263100814983,2.3163448188054026,0.9602925809822361,16.178258309082,21.210575692267856,0.048644338118022275,,16.886652773330212,0.14745186779132577,0.008656273452457638,12.149797999998555,372.9763846112612,302,2026-08-28T23:46:14.611695+00:00,1806733
e2_uci,power_plant,laplace,epochs=50,6,6,8611,957,random,4.054107900036956,3.1895470463290105,-2.8194993855685033,2.8194993855685033,2.2667378732128727,0.9686520376175548,16.2003728171623,19.255035556668272,0.02376945498542599,,16.923446856177833,0.15737341587151618,0.009213457747637462,12.015724400058389,346.17565308533057,302,2026-08-28T23:46:15.415690+00:00,1806733
e2_uci,power_plant,laplace,epochs=50,7,7,8611,957,random,4.035230897741335,3.271505973113325,-2.8160867841470223,2.8160867841470223,2.2820918312045095,0.9613375130616509,16.46631096328288,18.972016425783714,0.07091789033712811,,17.483577352231897,0.1625034676650729,0.009209040201257656,11.335028799949214,589.5031347010545,302,2026-08-28T23:46:23.011194+00:00,1806733
e2_uci,power_plant,laplace,epochs=50,8,8,8611,957,random,4.30967839081776,3.1112638146026033,-2.8807513986285436,2.8807513986285436,2.2517739428937507,0.955067920585162,16.289820867383828,22.536219825607947,0.020959137656052337,,17.11173718987132,0.15824139318054087,0.00916280193513577,11.388351900037378,565.2109716212146,302,2026-08-28T23:46:23.425767+00:00,1806733
e2_uci,power_plant,laplace,epochs=50,9,9,8611,957,random,4.210267076220582,3.3150188149197715,-2.857156710056149,2.857156710056149,2.3468973524818604,0.9519331243469175,16.082622094902483,20.694943454242942,0.015113017653852513,,16.6787565247225,0.15474983034964143,0.00919296473862758,11.891150200041011,633.4284223643372,302,2026-08-28T23:46:25.181128+00:00,1806733
e2_uci,power_plant,laplace,epochs=50,10,10,8611,957,random,4.0424343399508835,3.205587345117702,-2.815966116248601,2.815966116248601,2.2663539738939655,0.9623824451410659,16.037297182497422,18.9078645081794,0.028609140405873656,,16.59444397751636,0.14461395243440117,0.008639312501311513,11.905023799976334,638.0268548252285,302,2026-08-28T23:46:26.342422+00:00,1806733
e2_uci,power_plant,laplace,epochs=50,11,11,8611,957,random,4.34585543468115,3.2101399783830082,-2.8924443678207203,2.8924443678207203,2.3256178088389796,0.9467084639498433,15.993018630566308,23.374035855363605,0.018748281361711448,,16.491379449643194,0.1547796619241571,0.009298220741900834,11.937389499973506,661.8061652280538,302,2026-08-28T23:46:26.446367+00:00,1806733
e2_uci,power_plant,laplace,epochs=50,12,12,8611,957,random,3.9666208274576227,3.115500262063732,-2.7985314617684636,2.7985314617684636,2.204719486939222,0.9623824451410659,16.223484699708706,19.507078333344943,0.022026068305560146,,16.966408854001315,0.16341427354896484,0.009539752531720076,11.994838899932802,373.5984326705196,302,2026-08-28T23:46:27.089263+00:00,1806733
e2_uci,power_plant,laplace,epochs=50,13,13,8611,957,random,4.193384854692142,3.222504645078601,-2.8524055985395145,2.8524055985395145,2.3058376610335696,0.9582027168234065,16.50266229189114,20.88474103591568,0.01010284331518448,,17.564074328339046,0.1600400519212635,0.009029509090705445,11.89413579995744,385.7756531802216,302,2026-08-28T23:46:27.830594+00:00,1806733
e2_uci,power_plant,laplace,epochs=50,14,14,8611,957,random,4.070039192575472,3.1767264796051013,-2.8229840519478833,2.8229840519478833,2.260589237389707,0.9571577847439916,16.22791395073832,20.40773937340889,0.024335918165319298,,16.991539816956468,0.14711831409668527,0.008584004241856305,10.980127000017092,454.00929988567236,302,2026-08-28T23:46:34.610985+00:00,1806733
e2_uci,power_plant,laplace,epochs=50,15,15,8611,957,random,4.0550559685100565,3.184482618149565,-2.8206317991343575,2.8206317991343575,2.26398454451794,0.955067920585162,16.525660843031226,19.974053430656777,0.05095418797778148,,17.60642357472927,0.16706232715997182,0.009399525117479277,11.255769399926066,562.0974921324565,302,2026-08-28T23:46:35.332404+00:00,1806733
e2_uci,power_plant,laplace,epochs=50,16,16,8611,957,random,3.9802022213040367,3.0929181770040763,-2.803611577221821,2.803611577221821,2.2079855914507616,0.9738766980146291,16.550306948187682,19.655740964134733,0.03407578507397022,,17.68490560025379,0.1415552543236484,0.007940737955694678,11.043842199956998,458.9296760603926,302,2026-08-28T23:46:36.847793+00:00,1806733
e2_uci,power_plant,laplace,epochs=50,17,17,8611,957,random,4.072610001394094,3.201378163172981,-2.823244664002957,2.823244664002957,2.2613765769784906,0.9571577847439916,16.13026801885567,19.51610084523335,0.027580707254028433,,16.76764412339688,0.16607863147915486,0.009807567649667157,11.219498599879444,480.2658307767992,302,2026-08-28T23:46:38.173331+00:00,1806733
e2_uci,power_plant,laplace,epochs=50,18,18,8611,957,random,4.286290218194506,3.240944165534087,-2.8758779913937422,2.8758779913937422,2.2941139989823527,0.9592476489028213,16.091383423923368,20.909624768033748,0.011840730352527048,,16.709073137846048,0.1424841089667951,0.00845524878679941,10.967289899941534,541.506165321313,302,2026-08-28T23:46:38.046761+00:00,1806733
e2_uci,power_plant,laplace,epochs=50,19,19,8611,957,random,4.428233287671419,3.2503909414265792,-2.9117013679249664,2.9117013679249664,2.3169723614048943,0.955067920585162,16.271481609805644,22.744905137111147,0.012247703899246511,,17.08624687960614,0.1446666515855633,0.008395762147124997,11.21323989983648,315.312852561396,302,2026-08-28T23:46:38.779008+00:00,1806733
e2_uci,yacht,ensemble,epochs=2000,2,2,277,31,random,0.2730770449213783,0.16135607512316946,-0.507471101709142,0.507471101709142,0.18043498049444082,1.0,2.468185202243818,2.468185202243818,0.1714770797962648,,0.2724820199888847,0.13063910320876626,0.32406910898765706,52.3187832001131,48.72580569597983,2010,2026-08-28T23:48:42.000467+00:00,1806733
e2_uci,yacht,ensemble,epochs=2000,3,3,277,31,random,0.8966726341201207,0.6835176085054743,-1.1501895897473433,1.1501895897473433,0.47015568940322555,0.8709677419354839,2.671046346467156,4.004067930159719,0.1687606112054329,,0.2356885879185902,0.2693069900194865,0.5332858381039315,52.62888089986518,44.80645481136537,2010,2026-08-28T23:48:42.325160+00:00,1806733
e2_uci,yacht,ensemble,epochs=2000,4,4,277,31,random,0.5042617601719679,0.341905625026964,-0.6766738351628793,0.6766738351628793,0.2586991582683654,0.967741935483871,2.4356901547285967,2.967598647632523,0.08998302207130726,,0.2569482938297102,0.1460044644003425,0.36233643130191967,52.67924309987575,49.438703084184276,2010,2026-08-28T23:48:42.382274+00:00,1806733
e2_uci,yacht,ensemble,epochs=2000,5,5,277,31,random,0.5541800279921489,0.311051884193867,-0.6970473905272518,0.6970473905272518,0.258567291635555,0.967741935483871,2.21809091990346,3.7021739516474996,0.09677419354838708,,0.22019079147750925,0.11147204608980862,0.3361005016643838,52.226017399923876,47.709672681746945,2010,2026-08-28T23:48:41.937352+00:00,1806733
e2_uci,yacht,ensemble,epochs=2000,6,6,277,31,random,0.3594893111309251,0.2792905913197921,-0.607622793758719,0.607622793758719,0.21961541009494603,1.0,2.5044602794157185,2.5044602794157185,0.1127334465195246,,0.2651885733841219,0.14739581656648745,0.35725010484311415,52.11164780007675,46.92903659757106,2010,2026-08-28T23:48:41.853513+00:00,1806733
e2_uci,yacht,ensemble,epochs=2000,7,7,277,31,random,0.6182310429466666,0.38794983759213814,-0.6936370148958516,0.6936370148958516,0.28992135761766763,0.9354838709677419,2.3475301384362215,2.6541020145463845,0.10118845500848893,,0.2285274208538066,0.1496381019852231,0.3956947234687975,52.53603029996157,46.94516199731057,2010,2026-08-28T23:48:42.280549+00:00,1806733
e2_uci,yacht,ensemble,epochs=2000,8,8,277,31,random,0.25204078230492144,0.1993567992244373,-0.47052807733991253,0.47052807733991253,0.17860455627563654,1.0,2.2958745231349713,2.2958745231349713,0.14108658743633273,,0.23012252077470194,0.12136437972105088,0.34528848600011314,52.72526990016922,49.045159211081845,2010,2026-08-28T23:48:42.470520+00:00,1806733
e2_uci,yacht,ensemble,epochs=2000,9,9,277,31,random,0.30975780304546463,0.24719990905583708,-0.6599432592262853,0.6599432592262853,0.2148411231020059,1.0,2.812040629481348,2.8120406294813476,0.14957555178268245,,0.2636141418336676,0.2578653809350947,0.4944880281510862,52.54884700011462,40.551609990577546,2010,2026-08-28T23:48:42.345634+00:00,1806733
e2_uci,yacht,ensemble,epochs=2000,10,10,277,31,random,0.46098656031700574,0.3448513338017503,-0.7467964640765729,0.7467964640765729,0.27125235003907133,1.0,2.709690626782227,2.7096906267822276,0.08336162988115446,,0.25538113698452164,0.27651546616860934,0.5198669525795063,52.46502300002612,43.90000005162532,2010,2026-08-28T23:49:34.367452+00:00,1806733
e2_uci,yacht,ensemble,epochs=2000,11,11,277,31,random,1.1984697066582355,0.6162732224960483,-1.8031236857803834,1.8031236857803834,0.47467261922910153,0.9354838709677419,2.333200516598557,8.8366825185899,0.1777589134125636,,0.23607962162477492,0.14012579084298216,0.3724714908374471,53.15052210004069,44.96129470006112,2010,2026-08-28T23:49:35.138527+00:00,1806733
e2_uci,yacht,ensemble,epochs=2000,12,12,277,31,random,0.5306749512176278,0.30302130506225106,-0.6552696900806388,0.6552696900806388,0.25842086258036473,0.967741935483871,2.530050049329819,2.9931690405622886,0.1290322580645161,,0.2303515939050375,0.23494667756347495,0.5049377828590842,52.40186219988391,29.24838824377906,2010,2026-08-28T23:49:34.452836+00:00,1806733
e2_uci,yacht,ensemble,epochs=2000,13,13,277,31,random,0.7294234948799607,0.4952086656154782,-0.9918373847820199,0.9918373847820199,0.37634302699707345,0.9354838709677419,2.732679592345232,4.038437149027264,0.09575551782682515,,0.24219794278923534,0.25736970546084864,0.5151848931018228,52.58834220003337,45.39677813168495,2010,2026-08-28T23:49:34.916064+00:00,1806733
e2_uci,yacht,ensemble,epochs=2000,14,14,277,31,random,0.637294063905101,0.3423534403184658,-0.9843888204969976,0.9843888204969976,0.3147985719896794,0.967741935483871,2.7838949763647287,4.606653950848205,0.12376910016977924,,0.29099007177265757,0.247633577080575,0.4597525147805973,53.17321490007453,47.658066896180955,2010,2026-08-28T23:49:35.546097+00:00,1806733
e2_uci,yacht,ensemble,epochs=2000,15,15,277,31,random,0.4314252860784825,0.2671824892523104,-0.5915622769447934,0.5915622769447934,0.23149115278214913,1.0,2.3681212254822266,2.368121225482226,0.1224108658743633,,0.2573424819858222,0.11599721163444038,0.3107015236167879,52.53441969980486,44.54516625452426,2010,2026-08-28T23:49:34.931418+00:00,1806733
e2_uci,yacht,ensemble,epochs=2000,16,16,277,31,random,0.2966881842220086,0.20689126587153842,-0.6012544923448232,0.6012544923448232,0.20407058393391458,1.0,2.581997014957961,2.581997014957961,0.14431239388794564,,0.24151280164794292,0.1994301692394751,0.45228109394308447,52.800274200038984,48.116127389573286,2010,2026-08-28T23:49:35.233430+00:00,1806733
e2_uci,yacht,ensemble,epochs=2000,17,17,277,31,random,0.6331366442448229,0.3545457961118844,-0.8308120349035316,0.8308120349035316,0.2974095220162144,0.9354838709677419,2.3538098117462014,4.206288622441828,0.10916808149405768,,0.25844000586420374,0.10602086707321196,0.29089780260559706,52.92402009991929,48.551610821197116,2010,2026-08-28T23:49:35.446663+00:00,1806733
e2_uci,yacht,ensemble,epochs=2000,18,18,277,31,random,0.8006749761621343,0.4122164332646841,-1.039022727357131,1.039022727357131,0.3655065004128123,0.9354838709677419,2.6291971175126694,5.673799180798925,0.10865874363327671,,0.24304392129205196,0.21298294390276842,0.467040343800314,48.125608700094745,35.33548254880213,2010,2026-08-28T23:50:22.537756+00:00,1806733
e2_uci,yacht,ensemble,epochs=2000,19,19,277,31,random,0.5752271340554895,0.3656551370103914,-0.6447257104923877,0.6447257104923877,0.2717464466516659,1.0,2.4087263333760682,2.4087263333760682,0.06281833616298808,,0.1997815754764002,0.2192013290349613,0.5231748758117106,47.988120399881154,56.08064783436637,2010,2026-08-28T23:50:22.492553+00:00,1806733
e2_uci,energy,ensemble,epochs=1000,2,2,691,77,random,0.4145621415003445,0.30613448988663444,-0.5411307143654895,0.5411307143654895,0.22726255612903318,0.974025974025974,1.9329305618674273,2.2940058380597455,0.05263157894736838,,0.1747018651061,0.07116348245999558,0.28944087958903936,48.91302750003524,20.90259781712061,2510,2026-08-28T23:50:23.877524+00:00,1806733
e2_uci,energy,ensemble,epochs=1000,3,3,691,77,random,0.398791135487225,0.2940283619890649,-0.5211982785952166,0.5211982785952166,0.2188041064169634,0.974025974025974,1.7641099013026562,2.2080871536172273,0.0444292549555707,,0.1661177211820313,0.03735834618769613,0.18360068911600258,50.11488589993678,20.915584928997152,2510,2026-08-28T23:50:25.095823+00:00,1806733
e2_uci,energy,ensemble,epochs=1000,4,4,691,77,random,0.520232765031402,0.3810948793172407,-0.7981476649273331,0.7981476649273331,0.2811828695916127,0.935064935064935,1.9720004956367967,3.090233320476239,0.050717703349282245,,0.1741732787581041,0.083019286466871,0.32279038235125973,49.46812060009688,21.606493233279746,2510,2026-08-28T23:50:24.652091+00:00,1806733
e2_uci,energy,ensemble,epochs=1000,5,5,691,77,random,0.41549966121325316,0.3033465076342584,-0.5730389160385736,0.5730389160385736,0.23161379896118497,0.948051948051948,1.8435540367114172,2.205810213315333,0.0568694463431305,,0.18025905818260005,0.04231657595130514,0.19012223020713384,49.75273729977198,20.698701672546274,2510,2026-08-28T23:50:25.042618+00:00,1806733
e2_uci,energy,ensemble,epochs=1000,6,6,691,77,random,0.41018409962380203,0.3035513095646544,-0.5679386537154357,0.5679386537154357,0.23122286208083792,0.961038961038961,1.9534408041189024,2.2180915021131464,0.06842105263157888,,0.1609216992785026,0.09407157033596188,0.36891785606025135,49.6744755001273,14.07792041828106,2510,2026-08-28T23:50:25.169694+00:00,1806733
e2_uci,energy,ensemble,epochs=1000,7,7,691,77,random,0.42833770961151824,0.3286690908103356,-0.5655464586963822,0.5655464586963822,0.23987310421798955,0.974025974025974,1.8357158756330754,2.0268117280564373,0.039029391660970615,,0.1581314808934753,0.06369177262366099,0.28712847554884796,49.5720411001239,21.064935203690034,2510,2026-08-28T23:50:25.174758+00:00,1806733
e2_uci,energy,ensemble,epochs=1000,8,8,691,77,random,0.5398900682025077,0.3513759372434074,-0.7202844992009128,0.7202844992009128,0.26358324473058015,0.948051948051948,1.88197434570615,3.2271979700027793,0.05987696514012306,,0.16182169187937628,0.07098648894039948,0.3049140656932171,49.528880999889225,12.299998409368774,2510,2026-08-28T23:51:12.063682+00:00,1806733
e2_uci,energy,ensemble,epochs=1000,9,9,691,77,random,0.37635435732373124,0.28455603992455697,-0.4972991204937595,0.4972991204937595,0.21374431963201054,0.987012987012987,1.960423152830828,2.0703755924237757,0.06746411483253585,,0.16928816735717395,0.0842881831712571,0.33239765063109333,49.020480500068516,12.576622380451724,2510,2026-08-28T23:51:11.613639+00:00,1806733
e2_uci,energy,ensemble,epochs=1000,10,10,691,77,random,0.42500735640744614,0.33845587707123315,-0.5552076229441307,0.5552076229441307,0.23907116160035952,1.0,1.9540655018512771,1.9540655018512776,0.043882433356117564,,0.1803225917535879,0.07185393326498989,0.2849350599136713,49.33392220013775,20.72727331867466,2510,2026-08-28T23:51:13.262243+00:00,1806733
e2_uci,energy,ensemble,epochs=1000,11,11,691,77,random,0.3933725605856395,0.2817262831155726,-0.5285145437186708,0.5285145437186708,0.21872296177654757,0.974025974025974,1.9681902692306241,2.297906321889452,0.0676691729323308,,0.1799609549008668,0.07611996339621371,0.29724965023714345,50.68867939990014,19.828571224367465,2510,2026-08-28T23:51:15.397588+00:00,1806733
e2_uci,energy,ensemble,epochs=1000,12,12,691,77,random,0.5023912132712148,0.3264877899772447,-0.742389625194863,0.742389625194863,0.24827762095279132,0.948051948051948,1.7387968598201993,2.9724604427336585,0.07457279562542715,,0.15441337767718907,0.04418748974937984,0.22249394135057246,49.0704314999748,12.40779294983133,2510,2026-08-28T23:51:14.156422+00:00,1806733
e2_uci,energy,ensemble,epochs=1000,13,13,691,77,random,0.42582869135159424,0.32698097341758847,-0.5787960334924135,0.5787960334924135,0.23602565671664166,0.948051948051948,1.8682901686676,2.342167904478066,0.04237867395762127,,0.17018369189788746,0.058657760194684154,0.2563248906974937,50.410792000126094,20.84285710248854,2510,2026-08-28T23:51:15.556806+00:00,1806733
e2_uci,energy,ensemble,epochs=1000,14,14,691,77,random,0.3989813200956657,0.2971198862451031,-0.5362441447284225,0.5362441447284225,0.22512362102211636,0.948051948051948,1.9284278030267157,2.007329212079808,0.09876965140123035,,0.1759511843942108,0.06887442150555595,0.2813203351521719,49.69622109993361,13.26753068473432,2510,2026-08-28T23:51:14.916215+00:00,1806733
e2_uci,energy,ensemble,epochs=1000,15,15,691,77,random,0.36204961335331465,0.284205559385007,-0.46649480188844894,0.46649480188844894,0.20816379222377193,0.987012987012987,1.8876756964263568,1.9055763962422894,0.05338345864661651,,0.16188992742324043,0.07330564212682072,0.31167951958898477,49.66885230015032,20.122076929002613,2510,2026-08-28T23:51:14.895913+00:00,1806733
e2_uci,energy,ensemble,epochs=1000,16,16,691,77,random,0.5512113275275217,0.37397110013805057,-0.9099117316122166,0.9099117316122166,0.2815988381130999,0.948051948051948,2.0260898792555686,3.2348028202673516,0.08468899521531104,,0.1912708192081439,0.0791173811011845,0.29260663376091467,49.220837300177664,12.212986271683272,2510,2026-08-28T23:52:00.879240+00:00,1806733
e2_uci,energy,ensemble,epochs=1000,17,17,691,77,random,0.4035016083377462,0.29397023626064434,-0.5748195725410575,0.5748195725410575,0.2239289038757841,0.961038961038961,1.9150130146771818,2.4381298630302215,0.11107313738892687,,0.16763039999006782,0.07655539188034004,0.3135128841606348,49.29275089991279,12.36753441490136,2510,2026-08-28T23:52:01.398947+00:00,1806733
e2_uci,energy,ensemble,epochs=1000,18,18,691,77,random,0.4825574951953618,0.3535360444238728,-0.6806136346369174,0.6806136346369174,0.2594737459129194,0.948051948051948,1.8296121759992154,2.525679756997199,0.057074504442925444,,0.16627659963770866,0.05283917554047607,0.241147290730242,49.285220300080255,21.37922028732764,2510,2026-08-28T23:52:02.595978+00:00,1806733
e2_uci,energy,ensemble,epochs=1000,19,19,691,77,random,0.5084277865033949,0.36785510455665127,-0.7513061082646012,0.7513061082646012,0.27841554728883416,0.948051948051948,1.9873263004124233,2.8356612287626977,0.040191387559808577,,0.1754107674776863,0.08483064708078958,0.3259690515620382,49.754346600035205,13.245454106431502,2510,2026-08-28T23:52:03.951415+00:00,1806733
e2_uci,concrete,ensemble,epochs=1000,0,0,927,103,random,4.98203963791167,3.4374498800235815,-2.9935032276886613,2.9935032276886613,2.5614726914023955,0.8932038834951457,15.549214736182265,27.726458221772862,0.015125191619826258,,9.768747323634177,6.790815534215513,0.41008422701185493,66.62261290010065,14.93883680877755,2510,2026-08-28T23:52:21.692730+00:00,1806733
e2_uci,concrete,ensemble,epochs=1000,1,1,927,103,random,4.022352185777111,2.866576075487349,-2.7801002946521014,2.7801002946521014,2.1437749095458125,0.9029126213592233,15.070226220102331,22.871733851065034,0.07215125191619824,,10.195872708047197,4.952820075061392,0.32694702744146925,66.70433249999769,16.91650481695689,2510,2026-08-28T23:52:21.746362+00:00,1806733
e2_uci,concrete,ensemble,epochs=1000,2,2,927,103,random,4.24605674036089,3.0181776584937756,-2.7707686820699196,2.7707686820699196,2.223563863237134,0.9029126213592233,14.557693169249145,21.48872012827928,0.02565150740929995,,9.295002245510203,4.894390981278958,0.34493307099548776,66.18187480000779,9.33398158081527,2510,2026-08-28T23:52:21.639701+00:00,1806733
e2_uci,concrete,ensemble,epochs=1000,3,3,927,103,random,5.172794038054736,3.389241635230789,-3.075329136765807,3.075329136765807,2.6313640457800735,0.8640776699029126,14.968029251958942,34.65136625987305,0.038221768012263624,,8.975318205306458,6.078779724373936,0.4037956809347654,66.22108570020646,16.892233917724738,2510,2026-08-28T23:52:21.921572+00:00,1806733
e2_uci,concrete,ensemble,epochs=1000,4,4,927,103,random,5.666849927448335,3.692228129705041,-3.4722031489115937,3.4722031489115937,2.8502305209692733,0.8543689320388349,14.399393924577565,42.009901023570386,0.017680122636688816,,8.650591771731094,5.718930229252841,0.39799029006401493,62.94406020012684,10.486407368217858,2510,2026-08-28T23:53:03.976377+00:00,1806733
e2_uci,concrete,ensemble,epochs=1000,5,5,927,103,random,3.9892039159995414,2.850133479944382,-2.753304859578925,2.753304859578925,2.084373522161285,0.9611650485436893,16.04849672460199,21.4463860888705,0.04823709759836482,,10.238132909717311,7.740885454306537,0.430551062220177,63.345598600106314,12.200969967593267,2510,2026-08-28T23:53:04.872728+00:00,1806733
e2_uci,concrete,ensemble,epochs=1000,6,6,927,103,random,4.9366958561045475,2.9828558040933824,-2.8882492743459145,2.8882492743459145,2.305568819526146,0.9029126213592233,14.793446925595893,30.91760306337131,0.04087889626980068,,10.023964184572014,4.647903312643746,0.31679016413730327,63.35124980006367,16.241745788206178,2510,2026-08-28T23:53:06.027353+00:00,1806733
e2_uci,concrete,ensemble,epochs=1000,7,7,927,103,random,4.959473889541932,3.447548281414839,-3.228196862693333,3.228196862693333,2.5458977407906014,0.883495145631068,13.705341478109132,32.178246653712904,0.03300970873786412,,8.314876227996177,4.121909151787578,0.33142882392164014,63.053961999947205,12.397087965775462,2510,2026-08-28T23:53:07.140355+00:00,1806733
e2_uci,concrete,ensemble,epochs=1000,8,8,927,103,random,4.5808304581431365,3.248369563086635,-2.8711158628787614,2.8711158628787614,2.3655654776629396,0.9223300970873787,14.992261685035562,24.627318571789935,0.01686254471129281,,9.561717045069287,5.714868131133698,0.37409329802553004,63.51668519992381,10.600001596420714,2510,2026-08-28T23:53:25.282189+00:00,1806733
e2_uci,concrete,ensemble,epochs=1000,9,9,927,103,random,4.241647379935197,3.008116178742725,-2.803881964405475,2.803881964405475,2.2272615680812224,0.941747572815534,16.01678194657146,22.04339209586404,0.03919264179867139,,9.305500794077334,8.59230482666333,0.480075882414671,63.77270459989086,15.63786447626873,2510,2026-08-28T23:53:25.537913+00:00,1806733
e2_uci,concrete,ensemble,epochs=1000,10,10,927,103,random,3.6799826519763346,2.5855209959837824,-2.660436314252095,2.660436314252095,1.9009369414057649,0.970873786407767,14.865028483808157,20.572632966150753,0.06693919264179866,,10.041949117179481,4.7343785070406685,0.3204029192801912,63.68637360003777,12.779610629365282,2510,2026-08-28T23:53:25.514520+00:00,1806733
e2_uci,concrete,ensemble,epochs=1000,11,11,927,103,random,3.7948270197344227,2.615396504579956,-2.6685174001817455,2.6685174001817455,1.9340354247373692,0.970873786407767,15.18973244146404,20.981116028180637,0.04001021972406741,,9.85577528187173,5.8931628376135174,0.37419429760297596,64.11428750003688,9.901941419371123,2510,2026-08-28T23:53:26.177418+00:00,1806733
e2_uci,concrete,ensemble,epochs=1000,12,12,927,103,random,4.349817728710343,2.954556838726797,-2.75573080770454,2.75573080770454,2.1670867225721864,0.9320388349514563,15.123075701797276,22.642722017839855,0.03188553909044454,,9.64293173862841,6.134112769278776,0.388799864651739,65.35440169996582,16.872816294142346,2510,2026-08-28T23:54:09.470103+00:00,1806733
e2_uci,concrete,ensemble,epochs=1000,13,13,927,103,random,3.9313542440249982,2.7905805457131283,-2.7718581572709997,2.7718581572709997,2.0647800068585807,0.9029126213592233,14.41530305618293,22.388334554163844,0.03898824731732243,,9.534361447734668,4.2279264207647,0.307211014706504,66.78703950019553,15.815532341310123,2510,2026-08-28T23:54:11.787376+00:00,1806733
e2_uci,concrete,ensemble,epochs=1000,14,14,927,103,random,6.018567155770311,3.661321650979508,-3.1365322674302156,3.1365322674302156,2.7809255309751135,0.9029126213592233,15.258289251037962,38.26070171109195,0.027184466019417503,,9.210304164348221,7.07415225194117,0.43441132274239586,66.35882260021754,16.07281472353102,2510,2026-08-28T23:54:12.543061+00:00,1806733
e2_uci,concrete,ensemble,epochs=1000,15,15,927,103,random,4.539873991109925,3.0789981913953923,-2.8895766659875384,2.8895766659875384,2.2453171276652357,0.9320388349514563,14.944790261782721,27.129973813724416,0.0202861522738886,,9.242892486497,5.621472150180498,0.3781844893867605,65.57656419998966,10.328157126758864,2510,2026-08-28T23:54:12.846492+00:00,1806733
e2_uci,concrete,ensemble,epochs=1000,16,16,927,103,random,4.267516786148658,3.197055204312176,-2.9213397656498383,2.9213397656498383,2.354001139874448,0.912621359223301,15.17207960768301,25.415146934845087,0.03500255493101689,,9.846189567767968,5.572891116879244,0.3614282349808426,66.34423010004684,10.270874006944952,2510,2026-08-28T23:54:31.771472+00:00,1806733
e2_uci,concrete,ensemble,epochs=1000,17,17,927,103,random,4.54338346850001,2.9277493826355636,-2.915489312175239,2.915489312175239,2.2300834833039014,0.9223300970873787,14.783845831320232,27.886544775962925,0.035360245273377576,,9.088044789407023,5.523537719120746,0.37802460588352,67.68842169991694,16.844659609702028,2510,2026-08-28T23:54:33.338960+00:00,1806733
e2_uci,concrete,ensemble,epochs=1000,18,18,927,103,random,4.892425370932628,3.4617576594803454,-3.169562259610102,3.169562259610102,2.5594543578258,0.8932038834951457,14.840242424283236,28.205329922392853,0.02789984670413903,,8.634231150905535,6.8678590112760265,0.44302793619602665,66.92186290002428,15.947572181670411,2510,2026-08-28T23:54:32.565837+00:00,1806733
e2_uci,concrete,ensemble,epochs=1000,19,19,927,103,random,5.130488710255499,3.296320342021106,-2.8133987398495286,2.8133987398495286,2.414551078668595,0.9223300970873787,15.569133871374325,25.44596459220899,0.06515074092999484,,9.652558189485946,7.523355804429112,0.43801778508523187,66.20339779998176,13.686406869188096,2510,2026-08-28T23:54:32.511298+00:00,1806733
e2_uci,wine_quality_red,ensemble,epochs=20,0,0,1439,160,random,0.6295371297644625,0.4919015338450478,-0.955943612113575,0.955943612113575,0.35131306865760636,0.925,2.412790668359296,3.2491396579864045,0.02039473684210527,,0.3696433189568037,0.00925227223627308,0.02441905488300688,2.024328200146556,11.367500701453537,3260,2026-08-28T23:54:11.677421+00:00,1806733
e2_uci,wine_quality_red,ensemble,epochs=20,1,1,1439,160,random,0.6308274212023272,0.49406272553036923,-0.9566626475704043,0.9566626475704043,0.35150521732705997,0.9375,2.413263353421825,3.1489272280052525,0.029605263157894707,,0.36878397727689366,0.01027115624549602,0.027096734319492687,2.037771499948576,11.501874541863799,3260,2026-08-28T23:54:13.869166+00:00,1806733
e2_uci,wine_quality_red,ensemble,epochs=20,2,2,1439,160,random,0.7136988394175809,0.5248014355256394,-1.1176282050455462,1.1176282050455462,0.3890447771032678,0.89375,2.335154695156618,4.116838540089733,0.03157894736842103,,0.34501544672700873,0.009891392697845882,0.027870391886150772,1.998436199966818,10.802500764839351,3260,2026-08-28T23:54:13.861854+00:00,1806733
e2_uci,wine_quality_red,ensemble,epochs=20,3,3,1439,160,random,0.6240572363376667,0.48592540709441767,-0.9462927943492663,0.9462927943492663,0.34532730312099436,0.95,2.4237964480875673,3.319559445942525,0.02697368421052627,,0.3642482537121556,0.01819434730599538,0.04757406015323033,1.952644499950111,11.429375445004553,3260,2026-08-28T23:54:14.633458+00:00,1806733
e2_uci,wine_quality_red,ensemble,epochs=20,4,4,1439,160,random,0.5643276892013355,0.43754323268562656,-0.8563239138566076,0.8563239138566076,0.3139742140896703,0.95625,2.4351442957277376,2.9670294974536287,0.03749999999999997,,0.3762215570313872,0.009738014169966829,0.025230658588555988,2.0742287000175565,7.151874888222665,3260,2026-08-28T23:54:15.027374+00:00,1806733
e2_uci,wine_quality_red,ensemble,epochs=20,5,5,1439,160,random,0.6311223860753513,0.496096007203195,-0.957778244520533,0.957778244520533,0.34922958217722244,0.91875,2.393113977214236,3.348846096783169,0.033223684210526266,,0.36304730974707483,0.009690584954893163,0.025998389465180398,1.9858501001726836,12.071874516550452,3260,2026-08-28T23:54:15.907508+00:00,1806733
e2_uci,wine_quality_red,ensemble,epochs=20,6,6,1439,160,random,0.6825644803860644,0.5302557208759995,-1.0533318435360108,1.0533318435360108,0.38033153291223637,0.9,2.358561912115441,3.5347678808671787,0.023684210526315835,,0.3548245022314443,0.0072190756567448566,0.01993979757589939,2.0121687999926507,7.438125612679869,3260,2026-08-28T23:54:15.954340+00:00,1806733
e2_uci,wine_quality_red,ensemble,epochs=20,7,7,1439,160,random,0.6771850436072799,0.5031781419519253,-1.0381896910258672,1.0381896910258672,0.36943028644364684,0.9125,2.386044819542676,3.7749890789863456,0.022039473684210522,,0.3605550283396424,0.00999451349965275,0.026972138327423168,2.169017600128427,11.585625179577619,3260,2026-08-28T23:54:16.952844+00:00,1806733
e2_uci,wine_quality_red,ensemble,epochs=20,8,8,1439,160,random,0.5890624352818817,0.44950318942882694,-0.8858349322652821,0.8858349322652821,0.3214158092281285,0.9625,2.4199962097388745,3.097638868308826,0.05526315789473687,,0.3731110675781267,0.008049168006963155,0.021117543897535628,1.956852399976924,11.319376062601805,3260,2026-08-28T23:54:17.123793+00:00,1806733
e2_uci,wine_quality_red,ensemble,epochs=20,9,9,1439,160,random,0.6621302183260066,0.5111696957247671,-1.0132036672393423,1.0132036672393423,0.36718257040494573,0.91875,2.4020304278211073,3.5253769698293036,0.04440789473684208,,0.36451065218614864,0.011054052895476764,0.02943315158721923,2.0386833001393825,7.620625547133386,3260,2026-08-28T23:54:18.086684+00:00,1806733
e2_uci,wine_quality_red,ensemble,epochs=20,10,10,1439,160,random,0.6432765738491754,0.5100755865725828,-0.9746499043699547,0.9746499043699547,0.3617777016009175,0.93125,2.3967277844757513,3.0260479669763485,0.030263157894736856,,0.36352140941713046,0.010364733716479321,0.02772163105487287,2.0067732001189142,11.873750190716237,3260,2026-08-28T23:54:18.036636+00:00,1806733
e2_uci,wine_quality_red,ensemble,epochs=20,11,11,1439,160,random,0.634638970763051,0.49951629033435035,-0.9657909944363752,0.9657909944363752,0.3549740335702517,0.9375,2.376687086900877,3.1765944373463055,0.03980263157894741,,0.35973239917589345,0.007916413487521382,0.021532541966262014,2.09235219983384,11.249999806750566,3260,2026-08-28T23:54:19.166906+00:00,1806733
e2_uci,wine_quality_red,ensemble,epochs=20,12,12,1439,160,random,0.6485390048863836,0.49694709434368123,-0.9878290437289982,0.9878290437289982,0.35726076229198384,0.9375,2.391470991046851,3.3740704126806875,0.06743421052631575,,0.3639519668385484,0.008282568737254766,0.022250941128937985,2.0206486999522895,11.567500769160688,3260,2026-08-28T23:54:19.280427+00:00,1806733
e2_uci,wine_quality_red,ensemble,epochs=20,13,13,1439,160,random,0.6145882910832964,0.46154674187757694,-0.9309354087645524,0.9309354087645524,0.33517045289261393,0.9375,2.4264197099892995,3.3263776300367516,0.027631578947368386,,0.36659453108806744,0.01672107330557154,0.043622208733250886,1.9326421001460403,11.439374065957963,3260,2026-08-28T23:54:20.109771+00:00,1806733
e2_uci,wine_quality_red,ensemble,epochs=20,14,14,1439,160,random,0.596769056370472,0.4540481163928275,-0.9010383311868455,0.9010383311868455,0.32974824665814156,0.95625,2.400287443957306,3.0212025901322646,0.03980263157894736,,0.36654079107129517,0.008437585760172655,0.022501526171907475,1.9961598000954837,7.148126314859837,3260,2026-08-28T23:54:20.168657+00:00,1806733
e2_uci,wine_quality_red,ensemble,epochs=20,15,15,1439,160,random,0.5746988406937399,0.4472878767741698,-0.8706079215582487,0.8706079215582487,0.3210731816967529,0.95,2.4362840110679147,2.9609582969194976,0.037171052631578994,,0.37613452486082705,0.010171594008617064,0.026330398385573217,1.9419317001011223,11.501250264700502,3260,2026-08-28T23:54:21.243251+00:00,1806733
e2_uci,wine_quality_red,ensemble,epochs=20,16,16,1439,160,random,0.5932828718117368,0.4778067542159482,-0.8946634128256565,0.8946634128256565,0.33449901810960725,0.95,2.4181782485271244,2.799695269142563,0.02532894736842109,,0.3666843551826745,0.014018730366798076,0.03682326437298165,1.9605740001425147,13.56249995296821,3260,2026-08-28T23:54:21.299312+00:00,1806733
e2_uci,wine_quality_red,ensemble,epochs=20,17,17,1439,160,random,0.6050785939596977,0.4762721773819719,-0.9145331763280324,0.9145331763280324,0.33826607251032315,0.95625,2.393948138806892,2.9927851758164303,0.02269736842105266,,0.3655721374257325,0.007416440711943796,0.019883827941793605,1.968089200090617,7.300626020878553,3260,2026-08-28T23:54:22.190286+00:00,1806733
e2_uci,wine_quality_red,ensemble,epochs=20,18,18,1439,160,random,0.6349098982305371,0.4924834261246692,-0.9634014070733474,0.9634014070733474,0.3525792555769304,0.93125,2.3910585888720446,3.261726666149299,0.03914473684210531,,0.36264484554030824,0.009470459020300396,0.025450334625400733,2.0158317000605166,7.896874740254134,3260,2026-08-28T23:54:22.246390+00:00,1806733
e2_uci,wine_quality_red,ensemble,epochs=20,19,19,1439,160,random,0.6030301198268443,0.47265916772912,-0.9134390263337273,0.9134390263337273,0.3373131433366616,0.94375,2.4132633145008624,2.9121982358585945,0.016447368421052606,,0.3696083868209604,0.00945778412968779,0.024950219393012334,2.0624581000301987,12.161875201854855,3260,2026-08-28T23:54:23.441428+00:00,1806733
e2_uci,kin8nm,ensemble,epochs=1000,0,0,7373,819,random,0.06851530090378898,0.05326896691724427,1.251763826211135,-1.251763826211135,0.03838131499408477,0.9743589743589743,0.3047455513242879,0.3457543229594579,0.028982713193239477,,0.005000166661099424,0.001073665465171793,0.1767690385329972,473.4756724999752,4.588278358454232,2510,2026-08-29T00:02:14.886945+00:00,1806733
e2_uci,kin8nm,ensemble,epochs=1000,1,1,7373,819,random,0.07026681590766219,0.053320552696890455,1.2436595610804393,-1.2436595610804393,0.03858092943567047,0.9584859584859585,0.29195106565260337,0.36157496806723327,0.024863440652914306,,0.004545643219472565,0.001027214295500897,0.18432452161946022,475.0868388998788,4.448717851214502,2510,2026-08-29T00:02:17.420019+00:00,1806733
e2_uci,kin8nm,ensemble,epochs=1000,2,2,7373,819,random,0.06675167104825598,0.05239056473219887,1.2692797019481743,-1.2692797019481743,0.03768473460541779,0.9731379731379731,0.3014344070550533,0.33019867305902634,0.02865497076023388,,0.0048391417254411645,0.0010995815411471046,0.18515453436489257,478.10899889981374,3.1757022348552106,2510,2026-08-29T00:02:20.464004+00:00,1806733
e2_uci,kin8nm,ensemble,epochs=1000,3,3,7373,819,random,0.06553179904765807,0.05075808077469398,1.2917598318074777,-1.2917598318074777,0.03686487569748007,0.9706959706959707,0.29621632201667775,0.3255320988521565,0.03418160786581835,,0.004782391922008973,0.0009668001086187693,0.16816277895542944,476.79008770012297,3.2853481265396716,2510,2026-08-29T00:02:20.303042+00:00,1806733
e2_uci,kin8nm,ensemble,epochs=1000,4,4,7373,819,random,0.06604821350952846,0.052141787920487764,1.2908461993444447,-1.2908461993444447,0.03708762734231746,0.9645909645909646,0.29152690480284177,0.33084344061844606,0.024207955786903133,,0.004654760448347714,0.000897689234775562,0.1616744474973086,474.2070893999189,5.141269900041185,2510,2026-08-29T00:02:26.057666+00:00,1806733
e2_uci,kin8nm,ensemble,epochs=1000,5,5,7373,819,random,0.07095996770556738,0.05420553758467677,1.2314849825707765,-1.2314849825707765,0.039183842620470706,0.9706959706959707,0.3048528841581258,0.36103515835397587,0.028462181093760017,,0.004867028677082703,0.0012162799175235391,0.199937237871173,474.48088099993765,2.968620272382857,2510,2026-08-29T00:02:27.063697+00:00,1806733
e2_uci,kin8nm,ensemble,epochs=1000,6,6,7373,819,random,0.06917739767059937,0.05271396037682297,1.258604664612585,-1.258604664612585,0.038338798365404506,0.9597069597069597,0.29239589214503103,0.34368837862617546,0.030197288092024904,,0.0047066821042662035,0.0008780660889719087,0.15722572595753762,473.39731659996323,3.2940171590764007,2510,2026-08-29T00:02:26.043225+00:00,1806733
e2_uci,kin8nm,ensemble,epochs=1000,7,7,7373,819,random,0.0647773529740746,0.0509396087031066,1.2952630483916794,-1.2952630483916794,0.03667388670440197,0.9768009768009768,0.2999562162333692,0.3239423600314443,0.03999742947111368,,0.004785577740210187,0.0011027638538887558,0.18727919164776394,475.4598894000519,3.0656898978720073,2510,2026-08-29T00:02:28.868478+00:00,1806733
e2_uci,kin8nm,ensemble,epochs=1000,8,8,7373,819,random,0.06571254000834263,0.05103296974261444,1.289105667631883,-1.289105667631883,0.03699500062719889,0.9621489621489622,0.29024501028426447,0.322809234219648,0.030248698669751283,,0.0046748547044181965,0.0008238002083082727,0.14981849586552745,380.57986640022136,3.0770451535490118,2510,2026-08-29T00:08:35.545317+00:00,1806733
e2_uci,kin8nm,ensemble,epochs=1000,9,9,7373,819,random,0.06738434573121653,0.052468387246343416,1.271635902226847,-1.271635902226847,0.03762903570547301,0.967032967032967,0.2904960123839099,0.34350124335093224,0.02421438210911891,,0.004718820489439881,0.0007941189562287096,0.14404637744617954,377.7735236999579,3.480097740633875,2510,2026-08-29T00:08:35.273207+00:00,1806733
e2_uci,kin8nm,ensemble,epochs=1000,10,10,7373,819,random,0.06637133372008634,0.05103609041763406,1.2960162028808886,-1.2960162028808886,0.03682701498952498,0.9694749694749695,0.28752544955068976,0.331747958058248,0.02692629008418479,,0.004653506796780031,0.0007426477821899899,0.1376253721648836,382.7782868000213,4.4123323063419555,2510,2026-08-29T00:08:43.139469+00:00,1806733
e2_uci,kin8nm,ensemble,epochs=1000,11,11,7373,819,random,0.06975206478641054,0.053430042778285315,1.2530319926430697,-1.2530319926430697,0.03841906721221851,0.9658119658119658,0.29513600928124345,0.3575687908927138,0.025377546430177974,,0.004705860873094146,0.0009888568015946047,0.17364456994764915,379.89314540009946,3.250305266807513,2510,2026-08-29T00:08:40.420540+00:00,1806733
e2_uci,kin8nm,ensemble,epochs=1000,12,12,7373,819,random,0.06837430941082195,0.053489662868017325,1.2701389072606148,-1.2701389072606148,0.038177671902475625,0.9597069597069597,0.2863159175602936,0.33006465678641367,0.024812030075187924,,0.0045226658605122625,0.0008327883268936534,0.15550283836841872,381.47816539998166,4.420634893579943,2510,2026-08-29T00:08:47.593581+00:00,1806733
e2_uci,kin8nm,ensemble,epochs=1000,13,13,7373,819,random,0.06518272202365016,0.049973915901241915,1.3011050581573584,-1.3011050581573584,0.0363806272251792,0.9706959706959707,0.2971312027033976,0.3344745359321045,0.03785103785103781,,0.0047421167342813954,0.001034397352430765,0.1790694763144803,385.0228462999221,3.2175824692033874,2510,2026-08-29T00:08:51.140988+00:00,1806733
e2_uci,kin8nm,ensemble,epochs=1000,14,14,7373,819,random,0.06939763402470814,0.053154391993569194,1.2509793101396396,-1.2509793101396396,0.0384114481631325,0.9572649572649573,0.2913911941286112,0.3516926462306079,0.031321894479789204,,0.004575318542443945,0.0009722965178077435,0.17526387596251708,383.56941739981994,3.2893773191068343,2510,2026-08-29T00:08:50.690249+00:00,1806733
e2_uci,kin8nm,ensemble,epochs=1000,15,15,7373,819,random,0.06467277419484754,0.050934808891791354,1.297501283901331,-1.297501283901331,0.036614432377397026,0.9731379731379731,0.2984268731025355,0.3222557066240233,0.04099993573677784,,0.00464764821362282,0.0011819157193486865,0.2027451337592978,378.2853614001069,3.2219778227827924,2510,2026-08-29T00:08:47.212125+00:00,1806733
e2_uci,kin8nm,ensemble,epochs=1000,16,16,7373,819,random,0.0664433750052408,0.05039194904829704,1.291565862937633,-1.291565862937633,0.03667070807631166,0.9658119658119658,0.2875117507228507,0.34656756503769137,0.04295353769037979,,0.004579508142928922,0.0008184260455458605,0.15161838158258673,342.6558812998701,3.8377287364377204,2510,2026-08-29T00:14:18.013475+00:00,1806733
e2_uci,kin8nm,ensemble,epochs=1000,17,17,7373,819,random,0.0686016947287264,0.05342181663816721,1.2553029434633642,-1.2553029434633642,0.03835472499163401,0.9633699633699634,0.2981570754214322,0.34441408216597297,0.03688708951866847,,0.004804797745193684,0.0010043226604172998,0.17288721704704765,344.9506220999174,2.414651922381259,2510,2026-08-29T00:14:20.554598+00:00,1806733
e2_uci,kin8nm,ensemble,epochs=1000,18,18,7373,819,random,0.06791571421919748,0.051758520125823215,1.2592728662030765,-1.2592728662030765,0.037935174510927316,0.9621489621489622,0.2957924174934992,0.3445578061237605,0.03283850652271702,,0.004781001316727105,0.0009388772317309437,0.16414286138716078,343.8564008998219,3.753113702521802,2510,2026-08-29T00:14:24.342127+00:00,1806733
e2_uci,kin8nm,ensemble,epochs=1000,19,19,7373,819,random,0.06685684989353179,0.05118463861772847,1.278861538168804,-1.278861538168804,0.037259044513717865,0.9694749694749695,0.30042453103943384,0.3387893489294247,0.036115930852772926,,0.004755223793020832,0.0011524351430476272,0.19507475897289556,344.0419662001077,2.3737484964477273,2510,2026-08-29T00:14:27.239146+00:00,1806733
e2_uci,power_plant,ensemble,epochs=50,0,0,8611,957,random,4.30336022361053,3.212936347061544,-2.8806032149879996,2.8806032149879996,2.2978175760225796,0.9665621734587252,16.211607937608452,21.4100894275285,0.027382720123192025,,16.645715209640294,0.4597400087864277,0.02687680642904938,21.8867409999948,2.8027169982529982,1510,2026-08-29T00:09:09.151822+00:00,1806733
e2_uci,power_plant,ensemble,epochs=50,1,1,8611,957,random,3.858297884244503,3.030894102522494,-2.777182237501771,2.777182237501771,2.1645804135015134,0.9707419017763845,16.69028564327397,19.031800997077678,0.028268162569432997,,17.30104773416831,0.8307494623248186,0.045817270804545174,21.996985600097105,2.7556949399232615,1510,2026-08-29T00:09:09.648630+00:00,1806733
e2_uci,power_plant,ensemble,epochs=50,2,2,8611,957,random,4.119661959970222,3.1010925241101974,-2.8333227298049652,2.8333227298049652,2.2220880731032757,0.955067920585162,16.13324316343507,20.584990575480266,0.02044217125886817,,16.686899382203393,0.2532628803830562,0.014950440052301353,22.116991700138897,4.1959247218061515,1510,2026-08-29T00:09:12.857446+00:00,1806733
e2_uci,power_plant,ensemble,epochs=50,3,3,8611,957,random,4.233465289702921,3.1401773735907033,-2.8619593330781523,2.8619593330781523,2.2471585492251696,0.9655172413793104,16.137646426886906,20.745608875407456,0.022796018258813184,,16.60666907481041,0.3426141473379834,0.020214078840235215,22.59555850015022,3.2428423353434854,1510,2026-08-29T00:09:13.787199+00:00,1806733
e2_uci,power_plant,ensemble,epochs=50,4,4,8611,957,random,4.307194815875911,3.30771441920302,-2.879759823130715,2.879759823130715,2.364970820964547,0.9467084639498433,16.435030728953052,21.68297773574067,0.017312874663146904,,16.759241266920956,0.8232330990434751,0.04682123129592398,21.866391299990937,2.729467066664681,1510,2026-08-29T00:09:31.075558+00:00,1806733
e2_uci,power_plant,ensemble,epochs=50,5,5,8611,957,random,4.1835930895766165,3.232703361646689,-2.84956638370559,2.84956638370559,2.2851876234146578,0.9644723092998955,16.27946874245602,20.59536465647066,0.011824231424957378,,16.684728030196595,0.5646116509762794,0.032732363175184936,21.979817100102082,2.7628002888761465,1510,2026-08-29T00:09:31.681136+00:00,1806733
e2_uci,power_plant,ensemble,epochs=50,6,6,8611,957,random,4.007513966721631,3.1515948258491546,-2.8093698616884692,2.8093698616884692,2.2372311302946972,0.9728317659352143,16.47324885858706,19.443746856001486,0.014035087719298242,,17.21275984827968,0.4497406298116287,0.025463021522320144,22.253946400014684,2.741170395068365,1510,2026-08-29T00:09:35.160809+00:00,1806733
e2_uci,power_plant,ensemble,epochs=50,7,7,8611,957,random,3.887859844284793,3.1129766220367627,-2.780870889277471,2.780870889277471,2.193326628394039,0.9655172413793104,16.385763471055338,18.42286046781849,0.016064455810372302,,16.900203326916884,0.5754372645006697,0.032927964013134504,22.155735400039703,2.7828631375681767,1510,2026-08-29T00:09:36.009559+00:00,1806733
e2_uci,power_plant,ensemble,epochs=50,8,8,8611,957,random,4.225801409490575,3.1018295196479904,-2.8613119635240793,2.8613119635240793,2.2313369370386447,0.9582027168234065,16.472722874169403,21.527731383696082,0.019617224880382738,,16.849913829559007,0.8127886796009657,0.04601723202774031,21.979763000039384,2.653605149924568,1510,2026-08-29T00:09:53.105884+00:00,1806733
e2_uci,power_plant,ensemble,epochs=50,9,9,8611,957,random,4.104789488415049,3.242432862279927,-2.8309650474442276,2.8309650474442276,2.291829013241891,0.9561128526645768,16.32468082172116,19.79014671998457,0.022631028983116114,,16.98181237868317,0.3624612223546608,0.02089803416921261,22.040977800032124,2.7370950072816917,1510,2026-08-29T00:09:53.788677+00:00,1806733
e2_uci,power_plant,ensemble,epochs=50,10,10,8611,957,random,3.999939649388483,3.159743401117343,-2.8079888810673457,2.8079888810673457,2.239633137181595,0.9696969696969697,16.35122290982293,19.042030980316103,0.009910355826871208,,17.048506709938863,0.35407047359102856,0.020345864285327073,22.055556499864906,4.038139992824667,1510,2026-08-29T00:09:57.267318+00:00,1806733
e2_uci,power_plant,ensemble,epochs=50,11,11,8611,957,random,4.295466912949229,3.2297769926825555,-2.8778114924079334,2.8778114924079334,2.315354483497197,0.9592476489028213,16.376501500193303,22.562531205637946,0.015327503712258717,,16.724951690420827,0.7335218596652561,0.04201523446828711,22.17138269986026,2.7991639588382426,1510,2026-08-29T00:09:58.224564+00:00,1806733
e2_uci,power_plant,ensemble,epochs=50,12,12,8611,957,random,3.9498021226072475,3.0774010476043197,-2.796036538036243,2.796036538036243,2.190494140291666,0.9644723092998955,16.45750006738068,19.780798614306484,0.031375460595061334,,17.17793244756325,0.4500221341224748,0.025528891173228794,21.9114274000749,2.8670845745966353,1510,2026-08-29T00:10:15.066051+00:00,1806733
e2_uci,power_plant,ensemble,epochs=50,13,13,8611,957,random,4.141905604407192,3.21670329139248,-2.8398134313959265,2.8398134313959265,2.2867548755018943,0.9571577847439916,16.470166082318126,20.257808478022195,0.01026783259088155,,16.896696325085177,0.7595802168237173,0.04302040778647636,21.97141779982485,2.7009403253268047,1510,2026-08-29T00:10:15.816673+00:00,1806733
e2_uci,power_plant,ensemble,epochs=50,14,14,8611,957,random,4.0370159754543495,3.14547256625809,-2.814802104099027,2.814802104099027,2.2330541719382757,0.9498432601880877,16.337613144392886,20.68256318876683,0.016729912555683877,,16.880631288939725,0.49257762779096037,0.028352714236723423,22.20379550009966,2.8251828440896145,1510,2026-08-29T00:10:19.531867+00:00,1806733
e2_uci,power_plant,ensemble,epochs=50,15,15,8611,957,random,3.9401241940682814,3.0924009536537125,-2.796146981852414,2.796146981852414,2.203257646522573,0.9644723092998955,16.61125200742032,19.60481806265588,0.023384480008799415,,17.244654251180496,0.7216800330518874,0.040168462950466666,22.439469800097868,2.873772190827312,1510,2026-08-29T00:10:20.720442+00:00,1806733
e2_uci,power_plant,ensemble,epochs=50,16,16,8611,957,random,3.934412133857759,3.050874795109744,-2.792907592833266,2.792907592833266,2.178639078109609,0.9728317659352143,16.70922354670176,19.734762066453563,0.03722708023978443,,17.235640877511234,0.9376238962214902,0.05159358584687068,21.730174400145188,3.0047020825285897,1510,2026-08-29T00:10:36.851302+00:00,1806733
e2_uci,power_plant,ensemble,epochs=50,17,17,8611,957,random,4.047618354727453,3.1734689193851446,-2.8179520494320935,2.8179520494320935,2.243947641589408,0.9571577847439916,16.32341578448035,19.661069045038452,0.01148875323103994,,16.735486526375634,0.6077120843028958,0.03504036930815727,21.662444799905643,2.806478539090545,1510,2026-08-29T00:10:37.530847+00:00,1806733
e2_uci,power_plant,ensemble,epochs=50,18,18,8611,957,random,4.23546526982979,3.1902456131332664,-2.8624112934386057,2.8624112934386057,2.26788612339583,0.9634273772204807,16.436456297934946,20.797100686550245,0.01124676896001757,,16.94574287684551,0.6387489837349174,0.0363245630751956,21.43602089979686,2.516405618007031,1510,2026-08-29T00:10:41.027049+00:00,1806733
e2_uci,power_plant,ensemble,epochs=50,19,19,8611,957,random,4.36412817754284,3.201963105153089,-2.8888929969663124,2.8888929969663124,2.2837916907819316,0.9561128526645768,16.170300832886195,22.40571794768706,0.014585051971621832,,16.52177581091018,0.4973450443646177,0.029222722406984595,21.379430700093508,2.5161966299998224,1510,2026-08-29T00:10:42.151199+00:00,1806733
e2_uci,yacht,bbb,"epochs=2000,K=32",2,2,277,31,random,0.44512499592086896,0.33345553600943423,-1.4856041523372812,1.4856041523372812,0.44397711332881207,1.0,6.676242429936424,6.676242429936424,0.1954159592529711,,1.6629082987491604,1.2421439366183407,0.42758058581387387,1204.9396318998188,1213.4774212515163,803,2026-08-29T00:34:41.478229+00:00,1806733
e2_uci,yacht,bbb,"epochs=2000,K=32",3,3,277,31,random,0.9039972610978209,0.5517829552838631,-1.3878879689797774,1.3878879689797774,0.49106041956362473,0.967741935483871,5.353435721205676,5.773550579913556,0.14278438030560273,,1.1267565438349911,0.7565493598808092,0.40171347543068925,1214.5722696001176,1094.9870977070061,803,2026-08-29T00:34:51.106690+00:00,1806733
e2_uci,yacht,bbb,"epochs=2000,K=32",4,4,277,31,random,0.7964154520899922,0.5873182653310633,-1.7493237302830689,1.7493237302830689,0.6118628022946503,1.0,8.532538272410761,8.532538272410761,0.19711375212224103,,2.8766159060853593,1.906028084402628,0.39853020383567184,1211.8373803999275,1176.303222535118,803,2026-08-29T00:34:48.391189+00:00,1806733
e2_uci,yacht,bbb,"epochs=2000,K=32",5,5,277,31,random,0.827139550860594,0.4299675467856989,-1.5463659352341368,1.5463659352341368,0.5191321015402068,0.967741935483871,6.591845114082848,6.970065462252988,0.17504244482173173,,1.6524493076191271,1.1865076106463108,0.4179378711288266,1210.414366000099,733.6419376154099,803,2026-08-29T00:34:46.951326+00:00,1806733
e2_uci,yacht,bbb,"epochs=2000,K=32",6,6,277,31,random,0.7125241925913182,0.6279504250971432,-1.3649920391823762,1.3649920391823762,0.4587488758272831,1.0,5.38973616308145,5.38973616308145,0.2251273344651952,,1.1751250067817822,0.7183709430706081,0.3793886874311032,1211.431430600118,1726.345166624073,803,2026-08-29T00:34:48.004839+00:00,1806733
e2_uci,yacht,bbb,"epochs=2000,K=32",7,7,277,31,random,1.0995726332054443,0.6732330353320521,-1.6037486318208505,1.6037486318208505,0.5986235946855594,0.967741935483871,6.61577584672352,7.456470470430156,0.15466893039049234,,1.7032559918787478,1.1574732917949944,0.40460776851578556,1214.3351790001616,908.5935495433307,803,2026-08-29T00:34:50.882341+00:00,1806733
e2_uci,yacht,bbb,"epochs=2000,K=32",8,8,277,31,random,0.7240625316286232,0.5071162322316485,-1.4879930921791797,1.4879930921791797,0.4910116229855691,1.0,6.3528332724090495,6.35283327240905,0.166553480475382,,1.7179014610147187,0.9167662952340474,0.34796277179910423,1210.982893700013,1081.8967730888435,803,2026-08-29T00:34:47.536750+00:00,1806733
e2_uci,yacht,bbb,"epochs=2000,K=32",9,9,277,31,random,0.48488537060475995,0.35916863485864803,-1.5718189026169276,1.5718189026169276,0.48296040840531335,1.0,7.29218364099673,7.292183640996731,0.2157894736842105,,2.1017232888820274,1.36844259935051,0.39434500926625726,1208.8840812998824,633.561292723302,803,2026-08-29T00:34:45.467703+00:00,1806733
e2_uci,yacht,bbb,"epochs=2000,K=32",10,10,277,31,random,0.7033885574565852,0.5132924962519713,-1.5547165893658228,1.5547165893658228,0.513804501833036,1.0,6.871695073938871,6.871695073938871,0.14770797962648552,,1.762978908257723,1.3225379977400504,0.4286276944939885,211.77930480008945,1186.299993987045,803,2026-08-29T00:38:13.351504+00:00,1806733
e2_uci,yacht,bbb,"epochs=2000,K=32",11,11,277,31,random,1.550723816715198,0.7025162766587776,-1.7842176083770271,1.7842176083770271,0.6870811677255387,0.9354838709677419,6.139066188036503,11.784688165571204,0.16129032258064513,,1.502553056259314,0.9583234150809345,0.38942361643980067,214.00996720022522,705.63871263256,803,2026-08-29T00:38:19.549086+00:00,1806733
e2_uci,yacht,bbb,"epochs=2000,K=32",12,12,277,31,random,1.1210874220644718,0.854969481425513,-1.6645526165352722,1.6645526165352722,0.6476451597452485,0.967741935483871,6.706598097680618,7.167341815845573,0.20135823429541594,,1.8235684865413215,1.1069766659215643,0.3777374544088632,216.26506580016576,1023.0419406246754,803,2026-08-29T00:38:23.315291+00:00,1806733
e2_uci,yacht,bbb,"epochs=2000,K=32",13,13,277,31,random,1.2904216170215095,0.6191224122733736,-1.8367213012355113,1.8367213012355113,0.7117233670007728,0.967741935483871,8.331169077528934,10.603147547215137,0.164685908319185,,2.50490138566669,2.0204998314440172,0.44647971185503577,215.39743370003998,618.3064467604121,803,2026-08-29T00:38:23.008308+00:00,1806733
e2_uci,yacht,bbb,"epochs=2000,K=32",14,14,277,31,random,0.7908907076083049,0.5569521018435779,-1.51752718906582,1.51752718906582,0.5147667571007549,1.0,6.387891846896402,6.387891846896401,0.13769100169779283,,1.5319445733431936,1.1369340272390838,0.4259969063377539,215.65131160011515,597.6967738881227,803,2026-08-29T00:38:23.749612+00:00,1806733
e2_uci,yacht,bbb,"epochs=2000,K=32",15,15,277,31,random,0.7845136411186725,0.3448773590790043,-1.5302878274060046,1.5302878274060046,0.5035366740914607,0.967741935483871,6.413012517340501,6.9670279630668075,0.2054329371816638,,1.6977908789017004,0.9908310107160799,0.36852746551763665,215.7712179000955,1074.7548433080797,803,2026-08-29T00:38:24.253776+00:00,1806733
e2_uci,yacht,bbb,"epochs=2000,K=32",16,16,277,31,random,0.40560559286665876,0.30973873204734054,-1.5328074594881638,1.5328074594881638,0.4575603190995548,1.0,7.081884130109772,7.0818841301097715,0.19694397283531406,,1.8156104060027136,1.4638957421838046,0.4463768860422174,215.62552180001512,607.2806464808602,803,2026-08-29T00:38:26.571827+00:00,1806733
e2_uci,yacht,bbb,"epochs=2000,K=32",17,17,277,31,random,0.8958365302551616,0.6038849337139459,-1.554142200253367,1.554142200253367,0.5470256270524773,0.967741935483871,6.44153691093295,6.611192841812151,0.14617996604414257,,1.7553228676165054,0.9561537385015876,0.35263211799214916,214.50071229995228,1047.8451637731446,803,2026-08-29T00:38:25.690640+00:00,1806733
e2_uci,yacht,bbb,"epochs=2000,K=32",18,18,277,31,random,1.013503113068297,0.6638507051485915,-1.5210598748280129,1.5210598748280129,0.5621908740085557,0.967741935483871,5.877090574784962,6.456080874138041,0.14991511035653646,,1.3346933342015745,0.9169407128576499,0.4072334552123299,204.49306330014952,1000.8419293069071,803,2026-08-29T00:41:37.935358+00:00,1806733
e2_uci,yacht,bbb,"epochs=2000,K=32",19,19,277,31,random,0.9046915495244011,0.6416157707372635,-1.5728419650559462,1.5728419650559462,0.5596078738657755,1.0,6.868119086245671,6.868119086245671,0.16689303904923594,,1.5847948650670727,1.5308676359733626,0.4913457845521296,207.28521199990064,711.5516120628002,803,2026-08-29T00:41:46.898748+00:00,1806733
e2_uci,energy,bbb,"epochs=1000,K=32",0,0,691,77,random,0.49353273621420574,0.3868277889108253,-0.8723567023011015,0.8723567023011015,0.29409411052051504,0.987012987012987,3.0986373162555787,3.182270097086887,0.09788106630211889,,0.4259356034480303,0.2010580479606816,0.3206699900532486,210.9010214000009,456.44805173982274,1003,2026-08-29T00:41:53.989642+00:00,1806733
e2_uci,energy,bbb,"epochs=1000,K=32",1,1,691,77,random,0.677020642129131,0.4862880658032456,-1.0641845808363346,1.0641845808363346,0.3655195766440049,0.987012987012987,3.180963406453051,4.094395459211551,0.06404647983595349,,0.43290939942276574,0.22772554232045453,0.34470708091757024,208.36145430011675,447.9623363389597,1003,2026-08-29T00:41:51.753615+00:00,1806733
e2_uci,energy,bbb,"epochs=1000,K=32",2,2,691,77,random,0.5020319061480779,0.3851001634649127,-0.8822215421168262,0.8822215421168262,0.298108528685274,0.987012987012987,3.0831223742372442,3.1257266214434383,0.08386876281613119,,0.4215387011740669,0.19949635403297267,0.3212320341022697,211.34159990004264,307.8701307198831,1003,2026-08-29T00:41:55.157107+00:00,1806733
e2_uci,energy,bbb,"epochs=1000,K=32",3,3,691,77,random,0.4519130342371786,0.33792279708247597,-0.8767552473547664,0.8767552473547664,0.2835193536829765,1.0,3.2361205627000724,3.2361205627000724,0.10868079289131914,,0.4435139965049687,0.23880769440440808,0.34999282242681257,211.67394050001167,364.08181919099445,1003,2026-08-29T00:41:56.004247+00:00,1806733
e2_uci,energy,bbb,"epochs=1000,K=32",4,4,691,77,random,0.604921414107301,0.4590793193595346,-0.9695231792278368,0.9695231792278368,0.3431894097764333,0.974025974025974,3.0316902479685064,3.2345825651622135,0.05755297334244703,,0.4007524762519175,0.19877985201052922,0.33155818734017095,208.29299760004506,412.2246770405924,1003,2026-08-29T00:41:54.059995+00:00,1806733
e2_uci,energy,bbb,"epochs=1000,K=32",5,5,691,77,random,0.48109110242870395,0.39072867518447574,-0.8711605104392326,0.8711605104392326,0.29238701365501707,1.0,3.1125629687044163,3.1125629687044163,0.0811346548188653,,0.44621089371376843,0.1851291019430288,0.2932320195403347,210.8018551999703,478.98051849046306,1003,2026-08-29T00:41:57.460798+00:00,1806733
e2_uci,energy,bbb,"epochs=1000,K=32",6,6,691,77,random,0.516856233870085,0.4131255455918797,-0.9722126525826168,0.9722126525826168,0.32039487993667465,1.0,3.48134398889785,3.4813439888978506,0.11633629528366364,,0.5286285631786225,0.26280520098138554,0.3320621546394536,211.13516320008785,461.8272741700148,1003,2026-08-29T00:45:09.157043+00:00,1806733
e2_uci,energy,bbb,"epochs=1000,K=32",7,7,691,77,random,0.5385273788734666,0.411783221117185,-0.9030668072551733,0.9030668072551733,0.31269037709289793,0.987012987012987,3.031855250943547,3.1864760139855974,0.09207108680792887,,0.42199391484852494,0.17824695552162567,0.2969590448109708,210.73155629984103,274.6805185814957,1003,2026-08-29T00:45:17.695454+00:00,1806733
e2_uci,energy,bbb,"epochs=1000,K=32",8,8,691,77,random,0.5513196133192307,0.35512574081663145,-0.9411558394080317,0.9411558394080317,0.30154972159371757,0.987012987012987,3.1465455310681123,3.9991290245606392,0.10389610389610388,,0.413206176381942,0.23319875350886207,0.36076264694988613,210.61700340011157,440.501296505719,1003,2026-08-29T00:45:22.457795+00:00,1806733
e2_uci,energy,bbb,"epochs=1000,K=32",9,9,691,77,random,0.4721263648855658,0.36856518349854456,-0.855331716768933,0.855331716768933,0.2877977175273218,1.0,3.0945523081512065,3.094552308151207,0.10874914559125083,,0.4329728161809954,0.19314639905444453,0.3084818263911858,210.65386239998043,458.09610262996966,1003,2026-08-29T00:45:24.732782+00:00,1806733
e2_uci,energy,bbb,"epochs=1000,K=32",10,10,691,77,random,0.5414027703391743,0.4557642594063822,-0.9891474815831997,0.9891474815831997,0.3318226348702718,1.0,3.4849595813635066,3.4849595813635066,0.10403280929596716,,0.5051754414296863,0.2865110738352657,0.36189965132774765,211.58419329999015,465.27532667115133,1003,2026-08-29T00:45:25.728653+00:00,1806733
e2_uci,energy,bbb,"epochs=1000,K=32",11,11,691,77,random,0.4507272259161868,0.35743244569842025,-0.870196090410637,0.870196090410637,0.2850184413661859,1.0,3.2018249438728748,3.2018249438728748,0.12590567327409433,,0.43994280900256405,0.2436072673316272,0.35638539993743834,213.31606919993646,331.06623435175266,1003,2026-08-29T00:45:28.542316+00:00,1806733
e2_uci,energy,bbb,"epochs=1000,K=32",12,12,691,77,random,0.657282999204956,0.46899503252981994,-1.0260140813550567,1.0260140813550567,0.3410220799101945,0.987012987012987,2.913893348597024,4.087323535214767,0.10457963089542037,,0.3855720780320543,0.16865247179369514,0.30430350269889744,212.04684709990397,421.5727275987337,1003,2026-08-29T00:45:28.133083+00:00,1806733
e2_uci,energy,bbb,"epochs=1000,K=32",13,13,691,77,random,0.5382647334866412,0.45652601916956914,-0.9796973298068372,0.9796973298068372,0.3285032659471047,1.0,3.4532240497071913,3.453224049707191,0.1298701298701298,,0.508429969550934,0.2694788526034927,0.3464144446352571,211.25518879992887,463.00649485708055,1003,2026-08-29T00:45:28.792357+00:00,1806733
e2_uci,energy,bbb,"epochs=1000,K=32",14,14,691,77,random,0.5561574288571342,0.4539007641492218,-0.9410853864598845,0.9410853864598845,0.3258954320219927,0.987012987012987,3.14006954970277,3.151435455899295,0.12303485987696516,,0.44947638090768993,0.19290060730811665,0.30029190155751917,209.06439640000463,436.22467533818315,1003,2026-08-29T00:48:38.304785+00:00,1806733
e2_uci,energy,bbb,"epochs=1000,K=32",15,15,691,77,random,0.4516320289369527,0.34028866568831656,-0.8673154139325757,0.8673154139325757,0.28131172698299284,1.0,3.2246012861419246,3.224601286141925,0.10936431989063562,,0.4595928615254788,0.2196609067383385,0.3233856284666555,210.29536939994432,459.9714294898433,1003,2026-08-29T00:48:48.074491+00:00,1806733
e2_uci,energy,bbb,"epochs=1000,K=32",16,16,691,77,random,0.6051196251225235,0.4202185450079427,-0.9662587125538151,0.9662587125538151,0.3284134838299119,0.987012987012987,3.0129301727580087,3.745280970652995,0.0958304853041695,,0.427584988311025,0.16458589018573952,0.27793648111089736,211.13920509978198,311.8337670268563,1003,2026-08-29T00:48:53.664779+00:00,1806733
e2_uci,energy,bbb,"epochs=1000,K=32",17,17,691,77,random,0.5118852969054304,0.37325264240649053,-0.8574499084324404,0.8574499084324404,0.29742859748227835,0.974025974025974,2.831887580883988,2.8951203117506332,0.11216678058783325,,0.373922982573244,0.14902552158926025,0.284971694924193,211.748398500029,315.77662093105255,1003,2026-08-29T00:48:56.553306+00:00,1806733
e2_uci,energy,bbb,"epochs=1000,K=32",18,18,691,77,random,0.5820013267241234,0.42714013062068157,-0.9088997789375911,0.9088997789375911,0.32582892602394775,0.987012987012987,2.9067901864107526,3.1130226257602187,0.08127136021872858,,0.3784127694528301,0.17539718354744468,0.3167100601880257,212.8943331001792,422.63246988030994,1003,2026-08-29T00:48:58.704405+00:00,1806733
e2_uci,energy,bbb,"epochs=1000,K=32",19,19,691,77,random,0.61738646982536,0.4758975420625403,-1.0203891142411758,1.0203891142411758,0.35628668778099104,0.974025974025974,3.322604574873534,3.4575499288461797,0.06267942583732056,,0.475157703267077,0.2446050555996038,0.33984122210595114,211.48307500011288,465.6207777995181,1003,2026-08-29T00:48:59.703718+00:00,1806733
e2_uci,concrete,bbb,"epochs=1000,K=32",0,0,927,103,random,5.497952848423596,4.112661313184891,-3.1539267943653972,3.1539267943653972,3.014132198516754,0.9223300970873787,18.318941123462142,31.03036246722766,0.08390393459376604,,18.428945603326788,3.4229262963814002,0.15664224612387148,285.4557977998629,216.57475849016777,1003,2026-08-29T00:50:14.068661+00:00,1806733
e2_uci,concrete,bbb,"epochs=1000,K=32",1,1,927,103,random,4.0527456869713765,3.1838018464015,-2.8175129762856175,2.8175129762856175,2.269071674552827,0.9514563106796117,16.811376416059474,20.024023175946553,0.04287174246295345,,14.25598200648217,4.201679323982757,0.22763877008880629,283.10235169995576,379.46213416538194,1003,2026-08-29T00:50:11.986833+00:00,1806733
e2_uci,concrete,bbb,"epochs=1000,K=32",2,2,927,103,random,5.2451000567425465,4.2317293519383385,-3.082144155278843,3.082144155278843,2.9618937396696228,0.941747572815534,19.28749898112095,25.853989913786165,0.019570771589167115,,19.773956835627256,4.447394127699088,0.1836146189546945,293.5696422997862,367.4640794944705,1003,2026-08-29T00:53:31.956134+00:00,1806733
e2_uci,concrete,bbb,"epochs=1000,K=32",3,3,927,103,random,5.375556645122341,3.956505692869132,-3.12585778081903,3.12585778081903,2.948723634304375,0.8737864077669902,18.262939793082445,31.806655672764503,0.05125191619826269,,17.979934833284567,3.7475969801535576,0.17248148626967966,293.7259187998716,368.97475704623076,1003,2026-08-29T00:53:41.892657+00:00,1806733
e2_uci,concrete,bbb,"epochs=1000,K=32",4,4,927,103,random,5.988306918216809,4.406204128495994,-3.2855029096218775,3.2855029096218775,3.2540462683058404,0.8932038834951457,18.33578344838767,34.92511910148364,0.042054164537557455,,19.00571954863372,2.8896082916145267,0.13197373945243318,293.9823943001684,299.98252539018404,1003,2026-08-29T00:53:47.725212+00:00,1806733
e2_uci,concrete,bbb,"epochs=1000,K=32",5,5,927,103,random,5.187567808278684,3.7667842568092347,-3.05349058779369,3.05349058779369,2.8020182867612085,0.912621359223301,19.386666612802983,30.08043090081174,0.026928972917731185,,20.53439993575188,3.955204118825115,0.1615054334896814,293.92776159988716,257.0242724987199,1003,2026-08-29T00:53:50.552625+00:00,1806733
e2_uci,concrete,bbb,"epochs=1000,K=32",6,6,927,103,random,5.41484256428822,3.895451195514867,-3.124054915986542,3.124054915986542,2.9059921928962678,0.8932038834951457,18.513346734503237,31.288670680544936,0.026213592233009682,,18.338682932669187,3.984550398257354,0.1784934260726993,293.0958867999725,296.7310680564746,1003,2026-08-29T00:53:51.883096+00:00,1806733
e2_uci,concrete,bbb,"epochs=1000,K=32",7,7,927,103,random,5.759755115035841,4.362109871981612,-3.2021828243512,3.2021828243512,3.1727035897475044,0.912621359223301,19.082014890554394,29.326517656724505,0.027286663260091985,,20.17042309243937,3.536925980473568,0.14919112084592867,294.8448465000838,356.4524265385947,1003,2026-08-29T00:53:54.631425+00:00,1806733
e2_uci,concrete,bbb,"epochs=1000,K=32",8,8,927,103,random,5.820195676561885,4.211612532297289,-3.1938203053380247,3.1938203053380247,3.1238706027927896,0.941747572815534,20.69033950644062,34.318100005267816,0.02892181911088401,,24.51001517171389,3.3586829884314437,0.12051811566981097,294.6909574000165,205.61747488032267,1003,2026-08-29T00:55:06.753345+00:00,1806733
e2_uci,concrete,bbb,"epochs=1000,K=32",9,9,927,103,random,5.683005351405418,4.10372672146914,-3.194417419078449,3.194417419078449,3.0707542623837543,0.883495145631068,18.891374496402978,36.040346388086725,0.06412876852324984,,19.028051016858704,4.21368737626929,0.18129828780428794,295.18262650002725,234.49417339294283,1003,2026-08-29T00:55:09.324275+00:00,1806733
e2_uci,concrete,bbb,"epochs=1000,K=32",10,10,927,103,random,4.995634903932165,3.624311678653778,-3.0280819367991176,3.0280819367991176,2.696062015989117,0.9320388349514563,19.12701786334493,29.160610585367998,0.03515585079202862,,20.03461208441139,3.7888031104339728,0.15903694241343494,280.3614123999141,313.1941747535201,1003,2026-08-29T00:58:12.405842+00:00,1806733
e2_uci,concrete,bbb,"epochs=1000,K=32",11,11,927,103,random,4.862171480099069,3.574654369068585,-2.998059111668638,2.998059111668638,2.6003533360947833,0.941747572815534,18.570545014610815,26.615099977020776,0.028870720490546772,,19.456317640704857,2.9926703941666872,0.13330981287521596,278.10952599998564,352.8980587979833,1003,2026-08-29T00:58:20.093764+00:00,1806733
e2_uci,concrete,bbb,"epochs=1000,K=32",12,12,927,103,random,5.0515674683554375,3.86623540141012,-3.0330351566705,3.0330351566705,2.753836063780578,0.941747572815534,20.116010471133283,28.059107696225077,0.027899846704138954,,22.783945463317647,3.5663439740914304,0.13534363569564248,280.53943780018017,348.3834952224516,1003,2026-08-29T00:58:28.349545+00:00,1806733
e2_uci,concrete,bbb,"epochs=1000,K=32",13,13,927,103,random,4.7867504944805646,3.5702985201661868,-2.982812521794113,2.982812521794113,2.628779672935714,0.9320388349514563,19.0968884024338,26.440775831874053,0.05135411343893719,,20.156528723715983,3.61904016346829,0.15221676421879682,280.4976278000977,358.73495123701764,1003,2026-08-29T00:58:31.131509+00:00,1806733
e2_uci,concrete,bbb,"epochs=1000,K=32",14,14,927,103,random,6.3944345148564805,4.938833037345138,-3.3272960985809323,3.3272960985809323,3.529931914861842,0.883495145631068,19.970991195505782,36.45631402031445,0.029586101175268303,,22.077597489948452,3.897948240078288,0.15006222701116956,279.4348158999346,346.6300973759114,1003,2026-08-29T00:58:31.397772+00:00,1806733
e2_uci,concrete,bbb,"epochs=1000,K=32",15,15,927,103,random,5.101079501381843,3.680192334970425,-3.050547982491825,3.050547982491825,2.6926102145349833,0.9514563106796117,18.099209451223672,28.66737046711834,0.017322432294328,,18.407879186334103,2.919049433223807,0.13687153388542253,277.258918199921,325.9621348087359,1003,2026-08-29T00:58:31.975999+00:00,1806733
e2_uci,concrete,bbb,"epochs=1000,K=32",16,16,927,103,random,6.095332279903479,4.593262596917248,-3.301820318577291,3.301820318577291,3.385376895214959,0.883495145631068,18.608526434089587,36.22756453634697,0.03280531425651508,,19.216289673751163,3.327549513428383,0.14760349760304914,275.86888349987566,210.00388440070222,1003,2026-08-29T00:59:42.688174+00:00,1806733
e2_uci,concrete,bbb,"epochs=1000,K=32",17,17,927,103,random,5.242873551572796,3.9000668983969193,-3.0882536071287494,3.0882536071287494,2.886518574778627,0.912621359223301,19.1260045558929,27.607489740404702,0.03944813490035764,,20.33976968840223,3.488340983573032,0.14639603750354163,280.0492261000909,294.24271880857,1003,2026-08-29T00:59:49.446170+00:00,1806733
e2_uci,concrete,bbb,"epochs=1000,K=32",18,18,927,103,random,5.913041866590783,4.552625078594493,-3.227977384196727,3.227977384196727,3.2450650899214177,0.9223300970873787,19.16480907878804,30.74524705422354,0.025958099131323468,,20.637758905763345,3.2777146394262036,0.13705413916361678,292.8313259999268,394.5242717536618,1003,2026-08-29T01:03:05.337313+00:00,1806733
e2_uci,concrete,bbb,"epochs=1000,K=32",19,19,927,103,random,5.503684774948279,3.8171758425484885,-3.1261958068867597,3.1261958068867597,2.8657084468753213,0.912621359223301,19.50589949600063,33.74194430144954,0.055442003065917185,,20.49391136104467,4.2811742733043445,0.17280159336235681,292.30096119991504,352.0582522292739,1003,2026-08-29T01:03:12.480331+00:00,1806733
e2_uci,wine_quality_red,bbb,"epochs=20,K=32",0,0,1439,160,random,0.6409017652271294,0.49645990024807274,-0.9731759062443148,0.9731759062443148,0.35668636290842437,0.93125,2.5150702157497746,3.2792562721177143,0.02203947368421056,,0.39498075603278376,0.016703610999552577,0.04057382873185603,8.580031600082293,253.17124964203686,1303,2026-08-29T00:58:37.013571+00:00,1806733
e2_uci,wine_quality_red,bbb,"epochs=20,K=32",1,1,1439,160,random,0.6197448494183728,0.49497666405596713,-0.9398534059187449,0.9398534059187449,0.34772312896299934,0.9625,2.5216357364700945,2.9597797494129794,0.03289473684210522,,0.39541387059161004,0.018443286114995718,0.044564376418578265,8.296344100032002,193.50374932400882,1303,2026-08-29T00:58:39.513631+00:00,1806733
e2_uci,wine_quality_red,bbb,"epochs=20,K=32",2,2,1439,160,random,0.7102694507342956,0.5336952699624307,-1.0889919792603149,1.0889919792603149,0.38939209765917876,0.9125,2.4762090029112307,3.813149300096886,0.03355263157894736,,0.37931363075835023,0.019760432741333205,0.04951570284484018,8.47219070000574,246.76999892108142,1303,2026-08-29T00:58:39.959071+00:00,1806733
e2_uci,wine_quality_red,bbb,"epochs=20,K=32",3,3,1439,160,random,0.628149839042157,0.48751905905066667,-0.954689394859469,0.954689394859469,0.3485843153478441,0.94375,2.5250433443141245,3.326296916698047,0.03026315789473681,,0.40148019820480896,0.013475022516748389,0.03247343772013987,8.439883399987593,144.76562500931323,1303,2026-08-29T00:58:40.492010+00:00,1806733
e2_uci,wine_quality_red,bbb,"epochs=20,K=32",4,4,1439,160,random,0.576693663894006,0.45418406355097235,-0.8820528471299116,0.8820528471299116,0.3226580372498447,0.9625,2.569918728401178,3.019439511219288,0.042434210526315776,,0.41517527136068366,0.014663829254897448,0.0341146936932845,8.332798900082707,145.1631251256913,1303,2026-08-29T00:58:45.413009+00:00,1806733
e2_uci,wine_quality_red,bbb,"epochs=20,K=32",5,5,1439,160,random,0.6330516851320633,0.5007713577747228,-0.9605376797870868,0.9605376797870868,0.3523122885086316,0.94375,2.530411634139241,3.225592551103554,0.034868421052631556,,0.4003081985427852,0.016418247034523565,0.03939814045585389,8.456630300031975,245.14187534805387,1303,2026-08-29T00:58:48.050280+00:00,1806733
e2_uci,wine_quality_red,bbb,"epochs=20,K=32",6,6,1439,160,random,0.6893629125336774,0.5318156222467583,-1.053386618968698,1.053386618968698,0.3830208494571675,0.90625,2.5007458833441647,3.5597109360797274,0.029605263157894777,,0.3908177056129581,0.016200578928271526,0.03980307407204568,8.410443600034341,249.891250859946,1303,2026-08-29T00:58:48.449552+00:00,1806733
e2_uci,wine_quality_red,bbb,"epochs=20,K=32",7,7,1439,160,random,0.6728228030073474,0.4963790743761673,-1.0206167393879535,1.0206167393879535,0.3693168638570795,0.93125,2.530999738182367,3.6040092587644508,0.03552631578947368,,0.3991525411593693,0.017779513937528153,0.04264367232065207,8.709084500093013,153.57437514467165,1303,2026-08-29T00:58:49.268460+00:00,1806733
e2_uci,wine_quality_red,bbb,"epochs=20,K=32",8,8,1439,160,random,0.5960885290607747,0.45269435058186713,-0.9068954652980278,0.9068954652980278,0.32908358591243125,0.96875,2.550163865172634,3.0909665590421365,0.06019736842105268,,0.4053175640723846,0.017953968514438864,0.042417141556185464,8.409601000137627,162.3700009076856,1303,2026-08-29T00:58:53.898580+00:00,1806733
e2_uci,wine_quality_red,bbb,"epochs=20,K=32",9,9,1439,160,random,0.6622593373270345,0.5028169244269134,-1.0050933863227987,1.0050933863227987,0.3666548965940678,0.93125,2.5195582500358027,3.431576215277841,0.03322368421052629,,0.3979274080114554,0.015249906717129355,0.036908867388198666,8.37888600002043,159.04499887255952,1303,2026-08-29T00:58:56.508834+00:00,1806733
e2_uci,wine_quality_red,bbb,"epochs=20,K=32",10,10,1439,160,random,0.6568922308401983,0.5157994795706371,-0.993109847545257,0.993109847545257,0.3678406674812737,0.94375,2.5318452913195513,3.137636999820458,0.021710526315789472,,0.3995617702073327,0.01765951253478932,0.042326490198977676,8.350358699914068,249.13437518989667,1303,2026-08-29T00:58:56.892119+00:00,1806733
e2_uci,wine_quality_red,bbb,"epochs=20,K=32",11,11,1439,160,random,0.6393831569778112,0.49886659686068074,-0.9709774954883776,0.9709774954883776,0.35859765122380466,0.9625,2.5083914848373086,3.087196709263486,0.04901315789473689,,0.3952504036747842,0.014259585407855269,0.034821092984321976,8.486766699934378,228.20562589913607,1303,2026-08-29T00:58:57.847083+00:00,1806733
e2_uci,wine_quality_red,bbb,"epochs=20,K=32",12,12,1439,160,random,0.6461221964248568,0.4880757192731823,-0.9793823848132565,0.9793823848132565,0.3547824222542797,0.93125,2.527850490591166,3.4632181950848606,0.05921052631578945,,0.3980114114004661,0.01787808174910625,0.042987577333858,8.570576100144535,146.48812502855435,1303,2026-08-29T00:59:02.542604+00:00,1806733
e2_uci,wine_quality_red,bbb,"epochs=20,K=32",13,13,1439,160,random,0.619911173639054,0.4674298387881922,-0.9429594765084719,0.9429594765084719,0.33848977773627464,0.9625,2.5078526961038903,3.3408465747107243,0.03519736842105258,,0.3921825203731482,0.017147092005519875,0.041890670713696655,8.339844699949026,163.21937437169254,1303,2026-08-29T00:59:04.914185+00:00,1806733
e2_uci,wine_quality_red,bbb,"epochs=20,K=32",14,14,1439,160,random,0.6067575443931453,0.4695948737693268,-0.9223178618327138,0.9223178618327138,0.33681497787604836,0.9625,2.5286027890736125,3.1238804968044054,0.04736842105263156,,0.4019879161362243,0.014145215425111634,0.033992043296429277,8.491152100032195,147.05312496516854,1303,2026-08-29T00:59:05.446423+00:00,1806733
e2_uci,wine_quality_red,bbb,"epochs=20,K=32",15,15,1439,160,random,0.5719632054637834,0.4519546307616672,-0.8740639157775455,0.8740639157775455,0.321660109288909,0.95625,2.5416857584623824,2.914284934220029,0.03322368421052633,,0.4060650219961538,0.014382614703724076,0.034207861926907716,8.210287699941546,151.91499987849966,1303,2026-08-29T00:59:06.131172+00:00,1806733
e2_uci,wine_quality_red,bbb,"epochs=20,K=32",16,16,1439,160,random,0.6099082337015772,0.4764037505705033,-0.927059658123677,0.927059658123677,0.34171700928316745,0.9625,2.5504616524038872,3.0070475069691502,0.0348684210526316,,0.4109599962085496,0.012388986172424685,0.029264239877812574,8.675469799898565,190.8824997371994,1303,2026-08-29T00:59:11.289166+00:00,1806733
e2_uci,wine_quality_red,bbb,"epochs=20,K=32",17,17,1439,160,random,0.6115088311389264,0.47329694393759,-0.9288898590890928,0.9288898590890928,0.3404218764495073,0.95625,2.551789614925499,3.116988946800885,0.029276315789473685,,0.40481315903839843,0.0190155310248366,0.0448660779004826,8.24468159978278,244.02062554145232,1303,2026-08-29T00:59:13.255079+00:00,1806733
e2_uci,wine_quality_red,bbb,"epochs=20,K=32",18,18,1439,160,random,0.6489235394468743,0.504840877927408,-0.985087798465662,0.985087798465662,0.3636394114279379,0.95,2.563327502678848,3.116508099706773,0.03585526315789477,,0.4072763556156168,0.020369263474291556,0.04763117535879426,8.542298099957407,172.73437551921234,1303,2026-08-29T00:59:14.064737+00:00,1806733
e2_uci,wine_quality_red,bbb,"epochs=20,K=32",19,19,1439,160,random,0.6137626703224506,0.4739568141215479,-0.9296034256898912,0.9296034256898912,0.3417519541399868,0.9625,2.5248638109810293,2.969055957186911,0.020723684210526283,,0.39921076900658775,0.015705926846629924,0.037853205242399095,8.615347299957648,265.48812456894666,1303,2026-08-29T00:59:14.843674+00:00,1806733
e2_uci,kin8nm,bbb,"epochs=1000,K=32",0,0,7373,819,random,0.08441678455550126,0.06659679093367168,1.0537411013534526,-1.0537411013534526,0.04744953050084861,0.960927960927961,0.3350540699867154,0.391036746509093,0.03865432812801237,,0.006876531426361602,0.0004302275116785321,0.05888075894206665,1821.4329428998753,53.363003891975744,1003,2026-08-29T11:39:21.773865+00:00,1806733
e2_uci,kin8nm,bbb,"epochs=1000,K=32",1,1,7373,819,random,0.08219650891067523,0.061695341570460575,1.0806044690665035,-1.0806044690665035,0.045012743833934304,0.9401709401709402,0.32140878489205954,0.4343515423271929,0.01979307242465133,,0.006437576657140724,0.0002855835188231424,0.04247757175920618,1847.926563899964,87.8155066021087,1003,2026-08-29T11:39:48.298503+00:00,1806733
e2_uci,kin8nm,bbb,"epochs=1000,K=32",2,2,7373,819,random,0.08116605027522929,0.06372490086999183,1.0915092422288244,-1.0915092422288244,0.04545209525617501,0.9645909645909646,0.335245339705288,0.39746959276221094,0.015821605295289465,,0.00690943685138876,0.0004055039628864147,0.055435029917818325,1821.4801658000797,74.51868130483179,1003,2026-08-29T11:39:21.842927+00:00,1806733
e2_uci,kin8nm,bbb,"epochs=1000,K=32",3,3,7373,819,random,0.07625041180331936,0.05975636695762641,1.1433084714852348,-1.1433084714852348,0.042878678788253556,0.9645909645909646,0.33476304431753895,0.3782031469282512,0.026148705096073487,,0.006875962790150373,0.00041845638165903277,0.057366648639583635,1850.1596133999992,86.00805851975423,1003,2026-08-29T11:39:50.539390+00:00,1806733
e2_uci,kin8nm,bbb,"epochs=1000,K=32",4,4,7373,819,random,0.08374176626249924,0.06603267180946756,1.0555844443433042,-1.0555844443433042,0.04694448629264773,0.9621489621489622,0.35406688694079563,0.4149004030248593,0.020185078079814872,,0.0076480091816645826,0.00051102980025895,0.06263357748273343,1823.0498780999333,88.06739950845967,1003,2026-08-29T11:39:23.454655+00:00,1806733
e2_uci,kin8nm,bbb,"epochs=1000,K=32",5,5,7373,819,random,0.08308749021839273,0.06470795118469731,1.0710285546043554,-1.0710285546043554,0.04616379331495592,0.9401709401709402,0.3238181061688645,0.4235228274363871,0.0314504209241051,,0.006465893275970341,0.00035889195939930215,0.05258655723543277,1813.583359300159,82.82039066610609,1003,2026-08-29T11:39:14.014185+00:00,1806733
e2_uci,kin8nm,bbb,"epochs=1000,K=32",6,6,7373,819,random,0.07827092462817509,0.06147227750402316,1.1222720745126273,-1.1222720745126273,0.04395755798532385,0.9597069597069597,0.3343394359827729,0.38087200460531034,0.052342394447657654,,0.006517542451088114,0.000757580418608862,0.10413300671036183,1849.4212311999872,85.67899860150575,1003,2026-08-29T11:39:49.852415+00:00,1806733
e2_uci,kin8nm,bbb,"epochs=1000,K=32",7,7,7373,819,random,0.08107912810144327,0.06308840785585887,1.0914701561640714,-1.0914701561640714,0.04528032151620164,0.9560439560439561,0.3348673872134475,0.404929175735656,0.0585116637748216,,0.006927405542176661,0.0003706729274722735,0.050790482592619264,1848.8497601000126,83.75702086968008,1003,2026-08-29T11:39:49.313208+00:00,1806733
e2_uci,kin8nm,bbb,"epochs=1000,K=32",8,8,7373,819,random,0.07962776630592143,0.06345250944192729,1.11199610211347,-1.11199610211347,0.04482726178319824,0.9597069597069597,0.32135219804064574,0.3770754153014956,0.007499518025833792,,0.006406951310228444,0.0003140952187530748,0.046733082028026326,1687.0812808,85.20097680146745,1003,2026-08-29T19:16:53.054791+00:00,1806733
e2_uci,kin8nm,bbb,"epochs=1000,K=32",9,9,7373,819,random,0.08104432512622076,0.06280606494672382,1.0933031165804936,-1.0933031165804936,0.04538547705497446,0.9584859584859585,0.3315176396130138,0.38898105438848996,0.018610629136944924,,0.006752301726670835,0.0004009070344222615,0.05604576181291234,1692.6319143,71.02344322366541,1003,2026-08-29T19:16:58.590728+00:00,1806733
e2_uci,kin8nm,bbb,"epochs=1000,K=32",10,10,7373,819,random,0.07887695544482698,0.061970793641515136,1.1204337075507966,-1.1204337075507966,0.04408878883845242,0.9658119658119658,0.32236158393208664,0.38606915904311306,0.03819805925069086,,0.006425012466913922,0.0003382141571851736,0.050007810765948686,1663.4143488,82.14688644688415,1003,2026-08-29T19:16:29.385143+00:00,1806733
e2_uci,kin8nm,bbb,"epochs=1000,K=32",11,11,7373,819,random,0.08935566391623105,0.06832369214487262,0.9975140908025592,-0.9975140908025592,0.04930768512694838,0.9413919413919414,0.3433633682261699,0.4581165428135024,0.010886189833558216,,0.007239174548132917,0.0004347595472219414,0.05665406319883663,1677.5037577999997,83.20610500655171,1003,2026-08-29T19:16:43.474881+00:00,1806733
e2_uci,kin8nm,bbb,"epochs=1000,K=32",12,12,7373,819,random,0.08248720826229833,0.06463790320553062,1.0744501802693274,-1.0744501802693274,0.04594636363263843,0.9536019536019537,0.3386583414534391,0.41999745515593695,0.01578947368421051,,0.007001528158302723,0.00046380330797569377,0.06212762421477675,1675.6999109,62.401098901172034,1003,2026-08-29T19:16:41.651793+00:00,1806733
e2_uci,kin8nm,bbb,"epochs=1000,K=32",13,13,7373,819,random,0.08672004285507606,0.06830121224456055,1.0253171664826564,-1.0253171664826564,0.0487320718419832,0.945054945054945,0.35366012434639643,0.4167978914727219,0.030300109247477718,,0.007688649217270633,0.00045196027516402823,0.055519218258049334,1655.5268988999997,83.2661782659736,1003,2026-08-29T19:16:21.501019+00:00,1806733
e2_uci,kin8nm,bbb,"epochs=1000,K=32",14,14,7373,819,random,0.0865327525194996,0.06558510001049235,1.0278556647549602,-1.0278556647549602,0.047612367309430095,0.9413919413919414,0.3314156010725315,0.45764227505861427,0.018360002570528843,,0.006781144611896707,0.0003675793614387485,0.051418877384244985,1693.4321968,80.46385836355229,1003,2026-08-29T19:16:59.401316+00:00,1806733
e2_uci,kin8nm,bbb,"epochs=1000,K=32",15,15,7373,819,random,0.08010060836116284,0.06291830368991305,1.1030665974032685,-1.1030665974032685,0.044842656333842164,0.9572649572649573,0.33392229377852967,0.3945755488274787,0.05265728423623164,,0.006873760987197815,0.0003834460071226237,0.05283658126641728,1691.1038376000001,78.19938949949805,1003,2026-08-29T19:16:57.073588+00:00,1806733
e2_uci,kin8nm,bbb,"epochs=1000,K=32",16,16,7373,819,random,0.08272127154256903,0.06362128600725654,1.0748808164144816,-1.0748808164144816,0.045841434168380636,0.9474969474969475,0.33497597204847246,0.4175099912411808,0.029406850459482,,0.006869062043152945,0.00043439002715411245,0.0594773571418604,2590.0686462999997,48.677899878042744,1003,2026-08-29T19:59:31.677898+00:00,1806733
e2_uci,kin8nm,bbb,"epochs=1000,K=32",17,17,7373,819,random,0.08143934528073364,0.06370755525284395,1.0888616098763977,-1.0888616098763977,0.04551740790660799,0.9584859584859585,0.3327509975603812,0.40110502091454125,0.013810166441745354,,0.006783743281043351,0.0004231412609459156,0.05871347854687828,2597.6152891999996,43.54029304065032,1003,2026-08-29T19:59:47.103654+00:00,1806733
e2_uci,kin8nm,bbb,"epochs=1000,K=32",18,18,7373,819,random,0.08015354023199149,0.06116426991203134,1.1058013130681352,-1.1058013130681352,0.04459417588585358,0.9499389499389499,0.3249198012133133,0.3992031735960448,0.0239251976094081,,0.0065164443300578636,0.00035508651642495923,0.051675023274720414,2576.852829,46.07753357731503,1003,2026-08-29T19:59:38.611173+00:00,1806733
e2_uci,kin8nm,bbb,"epochs=1000,K=32",19,19,7373,819,random,0.07829141669074383,0.06094984848449898,1.1220172159300095,-1.1220172159300095,0.043596752156994954,0.9706959706959707,0.33479933583771104,0.4020232724693055,0.022427864533127662,,0.00684876728111139,0.0004472809988919707,0.061304555798767944,2575.4659890000003,44.040537241005765,1003,2026-08-29T19:59:39.045105+00:00,1806733
e2_uci,power_plant,bbb,"epochs=50,K=32",0,0,8611,957,random,4.4224557040737436,3.3178183377755737,-2.9049158244124964,2.9049158244124964,2.362054902876845,0.9728317659352143,17.76907452921245,22.595355541387327,0.01963922345047568,,19.083057531091647,1.4671015644341983,0.07139125091998012,113.96076799999992,70.82769070003265,603,2026-08-29T19:18:47.141179+00:00,1806733
e2_uci,power_plant,bbb,"epochs=50,K=32",1,1,8611,957,random,4.051847160631812,3.225603060135805,-2.8301119802263788,2.8301119802263788,2.2803983094327123,0.9728317659352143,17.808030782685762,20.111202169579148,0.023164494307869942,,19.563875982377052,1.0759973098915723,0.052131972646102635,116.43054620000021,48.528108672749674,603,2026-08-29T19:18:53.603374+00:00,1806733
e2_uci,power_plant,bbb,"epochs=50,K=32",2,2,8611,957,random,4.194898249295677,3.225553541256682,-2.8539896002913303,2.8539896002913303,2.3008748620870834,0.9717868338557993,17.491512513369514,20.56249053906035,0.036996095253808516,,18.621683112204316,1.2932173210938318,0.06493717231603852,117.1016980999998,50.690491117872064,603,2026-08-29T19:18:55.795434+00:00,1806733
e2_uci,power_plant,bbb,"epochs=50,K=32",3,3,8611,957,random,4.385412659170288,3.326439037514923,-2.8975440735410998,2.8975440735410998,2.3580007187494103,0.9832810867293625,17.900745734678868,21.616015457493262,0.017499862508936904,,19.169764097436648,1.6882747644389262,0.08094120332303932,115.57376620000014,54.721316614551306,603,2026-08-29T19:18:55.083471+00:00,1806733
e2_uci,power_plant,bbb,"epochs=50,K=32",4,4,8611,957,random,4.443251968960628,3.428639204017629,-2.9102188390100965,2.9102188390100965,2.4483393112174974,0.9571577847439916,17.555575463915396,22.173346062125113,0.019798713083649593,,18.69525582168667,1.364273837008154,0.06801125750307949,116.82400169999983,74.45308254949701,603,2026-08-29T19:20:44.087606+00:00,1806733
e2_uci,power_plant,bbb,"epochs=50,K=32",5,5,8611,957,random,4.294828823814767,3.3235593953182434,-2.878311518898528,2.878311518898528,2.348040207186905,0.9717868338557993,17.533103431626593,21.65623098035444,0.029786063905846073,,18.701331313456443,1.306396143528294,0.06529457912383889,116.1416279,72.66959247662554,603,2026-08-29T19:20:49.866452+00:00,1806733
e2_uci,power_plant,bbb,"epochs=50,K=32",6,6,8611,957,random,4.25047948312032,3.4040243211061414,-2.8674415015258874,2.8674415015258874,2.3918276915273604,0.9686520376175548,17.458089608559145,19.90905502122362,0.014827036242644184,,18.766501326193982,1.070494203956138,0.053964533204088325,116.22359230000029,72.60167189175384,603,2026-08-29T19:20:51.427412+00:00,1806733
e2_uci,power_plant,bbb,"epochs=50,K=32",7,7,8611,957,random,4.136422308494246,3.367994013614352,-2.8519801966503464,2.8519801966503464,2.353006827913549,0.9811912225705329,18.266196539768767,19.6555465053903,0.03886047406918553,,19.95256035357568,1.7661736920783409,0.08132028728588611,118.91105879999986,72.62904911161894,603,2026-08-29T19:20:54.825020+00:00,1806733
e2_uci,power_plant,bbb,"epochs=50,K=32",8,8,8611,957,random,4.395780016166077,3.281501892655994,-2.9001093794158335,2.9001093794158335,2.343564160341856,0.9707419017763845,17.934080950445537,22.609405729145596,0.0335478193917395,,19.58977895249908,1.3433614185620595,0.06417390772476637,115.67170149999993,72.92277951955316,603,2026-08-29T19:22:39.880528+00:00,1806733
e2_uci,power_plant,bbb,"epochs=50,K=32",9,9,8611,957,random,4.294351458114076,3.3816661422269823,-2.877028366155489,2.877028366155489,2.3971332445915943,0.9634273772204807,17.54319337850573,20.729145815529105,0.04851784633998785,,18.896197913722432,1.1341187675781061,0.05662011168484779,115.65483899999981,74.1723093001226,603,2026-08-29T19:22:45.644901+00:00,1806733
e2_uci,power_plant,bbb,"epochs=50,K=32",10,10,8611,957,random,4.206212438364795,3.366419014341373,-2.8623581595732266,2.8623581595732266,2.368416562500835,0.9759665621734587,18.08503670449944,20.280475290250077,0.0539074960127592,,19.58991177379321,1.7009526012605987,0.07989119517634893,117.51155160000008,72.92633228859044,603,2026-08-29T19:22:49.061823+00:00,1806733
e2_uci,power_plant,bbb,"epochs=50,K=32",11,11,8611,957,random,4.450326918325209,3.399582382975294,-2.9128292357940286,2.9128292357940286,2.414151904060244,0.9665621734587252,17.731718099507933,23.2030598741111,0.028306660067095597,,19.053354314316092,1.411877487581749,0.06898907870913139,114.44620619999978,73.13218390807182,603,2026-08-29T19:22:49.393935+00:00,1806733
e2_uci,power_plant,bbb,"epochs=50,K=32",12,12,8611,957,random,4.062500103169672,3.2280038833895377,-2.832623763311982,2.832623763311982,2.2751554168283783,0.9780564263322884,17.959940615672103,20.49927362950839,0.03209041412308201,,19.550595295908632,1.4475576962681473,0.06893738210248586,118.16464360000009,48.375653082355946,603,2026-08-29T19:24:38.140106+00:00,1806733
e2_uci,power_plant,bbb,"epochs=50,K=32",13,13,8611,957,random,4.2515015804202525,3.330067809170403,-2.870208855681783,2.870208855681783,2.361888841349707,0.9696969696969697,17.87296392424448,21.262160528237096,0.01611395259308141,,19.47367392309041,1.3177089509657722,0.06337764827610533,118.29241150000007,65.95078369866091,603,2026-08-29T19:24:44.053463+00:00,1806733
e2_uci,power_plant,bbb,"epochs=50,K=32",14,14,8611,957,random,4.183790878078018,3.3317317523507195,-2.856611197749406,2.856611197749406,2.3457584190021064,0.9665621734587252,17.912734660570948,20.56618570096487,0.03960842545234563,,19.364552688794415,1.5192348433001654,0.07274709345540782,113.54818330000035,73.19487983267842,603,2026-08-29T19:24:42.731703+00:00,1806733
e2_uci,power_plant,bbb,"epochs=50,K=32",15,15,8611,957,random,4.10599618626896,3.2681392291019113,-2.843887157329549,2.843887157329549,2.307612733696146,0.9686520376175548,18.075840191024007,20.59315715147491,0.0230435021723588,,19.891360599317405,1.3747216475404331,0.06464386018931882,118.64281919999985,70.1995820270547,603,2026-08-29T19:24:48.155818+00:00,1806733
e2_uci,power_plant,bbb,"epochs=50,K=32",16,16,8611,957,random,4.114531639432083,3.2254355215935595,-2.8477922971921967,2.8477922971921967,2.297933159307763,0.9843260188087775,18.293475935031143,20.683348828640085,0.028823626464279804,,20.074942495305628,1.7060891569434533,0.07832912527663881,116.79445759999999,52.42424242422159,603,2026-08-29T19:26:35.032400+00:00,1806733
e2_uci,power_plant,bbb,"epochs=50,K=32",17,17,8611,957,random,4.1639139811985455,3.302221475205106,-2.855745906414193,2.855745906414193,2.3288197387893224,0.9749216300940439,18.11776671804885,20.30117240859288,0.01780234284771486,,19.66704055240692,1.6985845616278175,0.07950081275703204,115.92545420000033,51.60020898607588,603,2026-08-29T19:26:38.759377+00:00,1806733
e2_uci,power_plant,bbb,"epochs=50,K=32",18,18,8611,957,random,4.340570922650778,3.30353182032864,-2.8871702060060755,2.8871702060060755,2.338917420295313,0.9738766980146291,17.686421942996102,21.22921978576967,0.021833580817246834,,18.972838523954547,1.3870834962696847,0.06812813403174363,115.42056020000018,48.98965517271317,603,2026-08-29T19:26:39.571140+00:00,1806733
e2_uci,power_plant,bbb,"epochs=50,K=32",19,19,8611,957,random,4.543198027618813,3.338657579501106,-2.9318295775941245,2.9318295775941245,2.3848430912374754,0.9707419017763845,17.92856926719089,23.60806814677997,0.020222185557938702,,19.38262922387947,1.5393250102467402,0.07357462849889601,114.3266564999999,46.734691745089435,603,2026-08-29T19:26:42.575719+00:00,1806733
e2_uci,yacht,gp,epochs=2000,2,2,277,31,random,0.3499298640915326,0.1845460557669775,0.019792977423686294,-0.019792977423686294,0.15161476918115033,0.9354838709677419,1.1221748778273004,1.8844003228026895,0.06791171477079795,,0.027216515591123557,0.08583210883800665,0.7592494758024633,0.6968562000001839,21.300000005266476,3,2026-08-29T19:59:49.430351+00:00,1806733
e2_uci,yacht,gp,epochs=2000,3,3,277,31,random,0.48921362420954106,0.2917173401806344,-0.3980281850267347,0.3980281850267347,0.22010590900963636,0.8387096774193549,0.9411318395135178,2.924998987821265,0.031918505942275056,,0.01661134460910529,0.057778383775252615,0.7766984102525879,0.449033199999576,23.061290331468392,3,2026-08-29T19:59:49.930213+00:00,1806733
e2_uci,yacht,gp,epochs=2000,4,4,277,31,random,0.48568965671215125,0.2901862984118295,-0.12730029789013567,0.12730029789013567,0.20437277866711362,0.967741935483871,1.165746835515545,2.26538907156723,0.059932088285229224,,0.023888219421452483,0.09420152332100751,0.7977113094949329,0.6514022000001205,21.22258064768938,3,2026-08-29T19:59:50.626827+00:00,1806733
e2_uci,yacht,gp,epochs=2000,5,5,277,31,random,0.34632600646920625,0.2581200347677425,-0.22992250366084493,0.22992250366084493,0.18332657248951797,0.9354838709677419,1.1048730204922044,1.570522185125244,0.05178268251273346,,0.02323158671719697,0.07980800580124459,0.7745372807735134,0.5663260999999693,16.806451610811507,3,2026-08-29T19:59:51.237083+00:00,1806733
e2_uci,yacht,gp,epochs=2000,6,6,277,31,random,0.3076888524253047,0.214362159486307,-0.3905199938324645,0.3905199938324645,0.16176090121534242,0.8387096774193549,0.8590233402347957,2.471241693195098,0.06706281833616295,,0.020363659826531006,0.03751921223705259,0.6481919590278485,0.603948599999967,20.029032267273344,3,2026-08-29T19:59:51.886966+00:00,1806733
e2_uci,yacht,gp,epochs=2000,7,7,277,31,random,0.36455754053244954,0.24468095709044924,-0.26492387162476017,0.26492387162476017,0.17741476231769954,0.8709677419354839,0.9963285366541518,2.117295904240676,0.025297113752122256,,0.02749372147683027,0.04932252498401574,0.642084549251647,0.558302200000071,23.23870968769282,3,2026-08-29T19:59:52.490238+00:00,1806733
e2_uci,yacht,gp,epochs=2000,8,8,277,31,random,0.29673073900783403,0.2270546460915703,-0.1912752556519179,0.1912752556519179,0.16065420703148675,0.9354838709677419,0.935012196955758,1.5971437234773649,0.03955857385398985,,0.02238051448370036,0.047383245506517936,0.6791956957761685,0.9242798000004768,20.600000014735176,3,2026-08-29T19:59:53.458448+00:00,1806733
e2_uci,yacht,gp,epochs=2000,9,9,277,31,random,0.2051851382090294,0.1661064788866133,0.18255834601762824,-0.18255834601762824,0.11543104098055965,0.967741935483871,1.0091052143278427,1.0153127397060002,0.07164685908319185,,0.027678850237985123,0.05086880735295014,0.6476171144131053,0.6428529000004346,16.57419353808021,3,2026-08-29T19:59:54.146368+00:00,1806733
e2_uci,yacht,gp,epochs=2000,10,10,277,31,random,0.6903482245595958,0.34285678822701093,-0.29706547958823254,0.29706547958823254,0.25171651379027793,0.9354838709677419,1.0521207738185432,2.623254250064423,0.11612903225806448,,0.017881959140793758,0.11573199635256101,0.8661669802771229,0.7326042000004236,21.22258064768938,3,2026-08-29T19:59:54.923239+00:00,1806733
e2_uci,yacht,gp,epochs=2000,11,11,277,31,random,0.7833104599969546,0.3103127121069726,-0.057726764422644204,0.057726764422644204,0.2293968412118827,0.9354838709677419,1.0367905294715518,2.9073173642437338,0.10356536502546684,,0.025846905121797974,0.10015678732641935,0.7948718436769616,0.664835800000219,20.516129053806164,3,2026-08-29T19:59:55.631701+00:00,1806733
e2_uci,yacht,gp,epochs=2000,12,12,277,31,random,0.4252175345920761,0.20515889727240183,0.10981618675166874,-0.10981618675166874,0.16104771176280458,0.967741935483871,1.12917045656671,2.236517515955276,0.05348047538200337,,0.022610248843366463,0.1289070241333554,0.8507744470372025,0.5233755999997811,20.080645182104256,3,2026-08-29T19:59:56.201794+00:00,1806733
e2_uci,yacht,gp,epochs=2000,13,13,277,31,random,0.530305725583204,0.30602058461824877,-0.40809484131681195,0.40809484131681195,0.22973113390959324,0.8064516129032258,0.8188151618859354,3.09486106713187,0.06689303904923605,,0.015150218349953875,0.04164934934269898,0.7332687735946697,0.8997288999999,22.777419373244722,3,2026-08-29T19:59:57.146982+00:00,1806733
e2_uci,yacht,gp,epochs=2000,14,14,277,31,random,0.36080897379460175,0.2574625714855818,-0.24775846078045863,0.24775846078045863,0.1827540839772184,0.8387096774193549,0.9321937992886279,1.6144053118186814,0.048726655348047584,,0.022275281964836982,0.04830847676739551,0.6844134916455669,0.717029100000218,25.2838709721184,3,2026-08-29T19:59:57.910889+00:00,1806733
e2_uci,yacht,gp,epochs=2000,15,15,277,31,random,0.2277810075401668,0.16756465327888112,0.18280545602096604,-0.18280545602096604,0.1179562899777941,1.0,1.007857423571615,1.0078574235716153,0.06383701188455002,,0.027035136110414866,0.048667661441843285,0.6428779782972707,0.5888734999998633,25.093548379851608,3,2026-08-29T19:59:58.545584+00:00,1806733
e2_uci,yacht,gp,epochs=2000,16,16,277,31,random,0.6213734002311223,0.3180677290457109,-0.22865405187124072,0.22865405187124072,0.2276473009672846,0.9354838709677419,1.8996630254138496,2.516510197356873,0.045840407470288586,,0.023022134001386172,0.7167029182866841,0.9688774444907934,0.8740656999998464,17.387096792639742,3,2026-08-29T19:59:59.464762+00:00,1806733
e2_uci,yacht,gp,epochs=2000,17,17,277,31,random,0.41857305188201727,0.21591418511755092,0.08757262030389781,-0.08757262030389781,0.1578642517338959,0.9354838709677419,0.9717008061888533,2.0638437334895388,0.05653650254668926,,0.02582279997480453,0.049602483601634155,0.6576373498332985,0.49740400000064255,16.887096770064563,3,2026-08-29T20:00:00.007237+00:00,1806733
e2_uci,yacht,gp,epochs=2000,18,18,277,31,random,0.4480297172656826,0.24823779466611245,-0.1723774998388016,0.1723774998388016,0.187460713733869,0.9354838709677419,1.010530457864946,2.402207955915995,0.049745331069609565,,0.02284870962903373,0.05896982826602588,0.7207392087800509,0.4733427999999549,17.951612907411125,3,2026-08-29T20:00:00.527438+00:00,1806733
e2_uci,yacht,gp,epochs=2000,19,19,277,31,random,0.4438774350477768,0.2599133669237541,-0.2627074228764581,0.2627074228764581,0.1905528008140376,0.9032258064516129,1.1115640464618068,2.6372679770672134,0.05466893039049233,,0.02514218344900757,0.07678470604276341,0.7533312006834328,0.577491099999861,22.112903230487472,3,2026-08-29T20:00:01.149972+00:00,1806733
e2_uci,energy,gp,epochs=1000,0,0,691,77,random,0.38711035276442074,0.28120040072022623,-0.4806186768489688,0.4806186768489688,0.21274814194134517,0.948051948051948,1.7366456317091064,2.1925441980809808,0.05174299384825698,,0.15511571385759007,0.041953007874531656,0.21288516770083368,12.259661399999459,22.822077916281195,3,2026-08-29T20:00:13.456242+00:00,1806733
e2_uci,energy,gp,epochs=1000,1,1,691,77,random,0.5650368787491239,0.3606522217673647,-0.917490422593032,0.917490422593032,0.27490219392977366,0.8961038961038961,1.6274717132205305,3.552637572711708,0.026930963773069028,,0.1362159879675328,0.03713268506736383,0.21420807218921545,7.614915899999687,23.24415585131977,3,2026-08-29T20:00:21.117856+00:00,1806733
e2_uci,energy,gp,epochs=1000,2,2,691,77,random,0.4253652092084378,0.3026719661334728,-0.565725113255324,0.565725113255324,0.2283665756736501,0.935064935064935,1.7121411090978833,2.5076006976438125,0.04647983595352014,,0.15163017668387477,0.040553861469526976,0.21101576311533635,10.301373799999965,25.60779221194143,3,2026-08-29T20:00:31.466109+00:00,1806733
e2_uci,energy,gp,epochs=1000,3,3,691,77,random,0.45643173147220667,0.33868439812064566,-0.6369857123307782,0.6369857123307782,0.2487540029684934,0.922077922077922,1.7260656516412223,2.4808540352404367,0.03492822966507177,,0.15012833226839414,0.04524206780903492,0.23157073840819603,6.2026576999996905,23.229870122748537,3,2026-08-29T20:00:37.717861+00:00,1806733
e2_uci,energy,gp,epochs=1000,4,4,691,77,random,0.5113723621984292,0.37020715342166194,-0.7950324568512386,0.7950324568512386,0.2803829697883495,0.8701298701298701,1.661653137384798,3.0638641516375396,0.03711551606288449,,0.14153053299086832,0.03952072733615744,0.2182847402706433,6.257742099999632,22.371428571346627,3,2026-08-29T20:00:44.022210+00:00,1806733
e2_uci,energy,gp,epochs=1000,5,5,691,77,random,0.4363062365467637,0.31845951419322194,-0.5867770610360874,0.5867770610360874,0.24001746826424425,0.922077922077922,1.7018419807100968,2.2369857450506485,0.03998632946001363,,0.1520666493598148,0.03716787400390719,0.1964116977348153,8.869462500000736,23.50389610449844,3,2026-08-29T20:00:52.938007+00:00,1806733
e2_uci,energy,gp,epochs=1000,6,6,691,77,random,0.45956490313507525,0.3446498634384868,-0.6078517304077844,0.6078517304077844,0.2504369591612339,0.9090909090909091,1.7512984658468174,2.287742931640724,0.02467532467532463,,0.14984511963067002,0.05261153921969328,0.25986568936998383,8.76951790000021,24.98701298889075,3,2026-08-29T20:01:01.754500+00:00,1806733
e2_uci,energy,gp,epochs=1000,7,7,691,77,random,0.4461833583678872,0.3375082063324254,-0.6024998543110854,0.6024998543110854,0.24611666644980298,0.961038961038961,1.7509873551848791,2.2826263598537557,0.04552289815447715,,0.15006780820512255,0.05186865160546159,0.25685629853130154,7.029958999999508,24.196103887723957,3,2026-08-29T20:01:08.832692+00:00,1806733
e2_uci,energy,gp,epochs=1000,8,8,691,77,random,0.5642985361379012,0.34033320168143205,-0.8684737697374783,0.8684737697374783,0.2661901651865173,0.9090909090909091,1.6894631225975674,3.640787023070489,0.04347231715652768,,0.14122776502637105,0.04599321243955017,0.24566270864557396,9.063017800000125,25.90779220483526,3,2026-08-29T20:01:17.942631+00:00,1806733
e2_uci,energy,gp,epochs=1000,9,9,691,77,random,0.36368320904348495,0.2631760398725662,-0.45520280575140737,0.45520280575140737,0.20647712765234197,0.974025974025974,1.8096777178486128,1.9161491843035832,0.06760082023239916,,0.15837510970525456,0.0594930180231423,0.27306893689979594,8.00129029999971,24.110389610789504,3,2026-08-29T20:01:25.991785+00:00,1806733
e2_uci,energy,gp,epochs=1000,10,10,691,77,random,0.4026772755743359,0.31022327991708226,-0.5285800282687804,0.5285800282687804,0.22719620929802836,0.922077922077922,1.7206835166142052,1.9110895548697606,0.035543403964456564,,0.15139313081065137,0.042346384646265584,0.21857381312426377,12.619047099999989,22.718181824459023,3,2026-08-29T20:01:38.658927+00:00,1806733
e2_uci,energy,gp,epochs=1000,11,11,691,77,random,0.41268231673722866,0.3063429981762116,-0.5361477028378137,0.5361477028378137,0.2275812748794611,0.961038961038961,1.7277179254428165,2.0799346111301635,0.0382091592617908,,0.1532916535193374,0.042085311549338526,0.2154056980798393,7.670814799999789,23.154545464445594,3,2026-08-29T20:01:46.375838+00:00,1806733
e2_uci,energy,gp,epochs=1000,12,12,691,77,random,0.5725791081544466,0.3712840168034614,-0.9570281906293219,0.9570281906293219,0.28108292613061436,0.8961038961038961,1.6508245342330767,3.6722899241364,0.08441558441558436,,0.1398659549709295,0.038479318460121134,0.21575743343149192,4.984895100000358,25.91688311227912,3,2026-08-29T20:01:51.407846+00:00,1806733
e2_uci,energy,gp,epochs=1000,13,13,691,77,random,0.4389975400085678,0.330391353754759,-0.5741274537143837,0.5741274537143837,0.242391265257765,0.935064935064935,1.7399727123680984,2.1074085914994285,0.03171565276828431,,0.14955851064271172,0.050162426478176314,0.2511625831587889,8.240452400000322,23.023376614856986,3,2026-08-29T20:01:59.695114+00:00,1806733
e2_uci,energy,gp,epochs=1000,14,14,691,77,random,0.40895514624663326,0.3080220815348946,-0.529386711084225,0.529386711084225,0.22487951442897103,0.948051948051948,1.7694402509269724,2.2107402021128557,0.04812030075187969,,0.1555743009827224,0.04991324755814718,0.24290156709042598,7.026074499999595,22.667532466112352,3,2026-08-29T20:02:06.767854+00:00,1806733
e2_uci,energy,gp,epochs=1000,15,15,691,77,random,0.4152005368534555,0.3172451562125689,-0.5518392234580428,0.5518392234580428,0.2323865104719229,0.922077922077922,1.7362047476088038,2.0960074982147505,0.04641148325358847,,0.1537965710454561,0.04365786609192112,0.22110349468392312,6.136924999999792,22.91558442490671,3,2026-08-29T20:02:12.951829+00:00,1806733
e2_uci,energy,gp,epochs=1000,16,16,691,77,random,0.5779938512399428,0.38632706951892953,-0.976423659112496,0.976423659112496,0.29178032612341287,0.8831168831168831,1.6410963350234369,3.6127594081216263,0.050239234449760806,,0.13695945879559207,0.03935781380294331,0.22322154388446597,6.426506300000256,22.962337673313662,3,2026-08-29T20:02:19.424799+00:00,1806733
e2_uci,energy,gp,epochs=1000,17,17,691,77,random,0.4406105064048535,0.30917644002756783,-0.5984252680643355,0.5984252680643355,0.23267838978273375,0.922077922077922,1.7071667663120884,2.7292642788975496,0.06288448393711554,,0.14864765838308036,0.04285089044458963,0.22376613664655629,4.266146599999956,22.52597402151547,3,2026-08-29T20:02:23.737577+00:00,1806733
e2_uci,energy,gp,epochs=1000,18,18,691,77,random,0.5040043520903112,0.3641449523568359,-0.6924607442745687,0.6924607442745687,0.2641977255566717,0.922077922077922,1.7052472408652197,2.843558180885525,0.06049213943950781,,0.14684511920589688,0.04412402319090855,0.23105315674102683,7.993293800000174,23.110389614790712,3,2026-08-29T20:02:31.777915+00:00,1806733
e2_uci,energy,gp,epochs=1000,19,19,691,77,random,0.5341105036014466,0.40002460947018875,-0.8484835049702945,0.8484835049702945,0.29475409109425726,0.9090909090909091,1.670465084876648,2.8887948838283477,0.03410799726589198,,0.1408513646086818,0.04227036486529689,0.23083205355650296,7.78469640000003,21.83636363704202,3,2026-08-29T20:02:39.610503+00:00,1806733
e2_uci,concrete,gp,epochs=1000,0,0,927,103,random,5.260917253268247,4.046480021914207,-3.049757533616013,3.049757533616013,2.876685789993592,0.970873786407767,20.183949071426408,24.89276117958902,0.0195196729688298,,19.334173094098663,8.292428818017523,0.3001610130843024,9.660443099999611,28.37669903209582,3,2026-08-29T20:02:49.320964+00:00,1806733
e2_uci,concrete,gp,epochs=1000,1,1,927,103,random,5.335436777608537,3.8992213912943225,-3.0570620671734745,3.0570620671734745,2.880158127591414,0.941747572815534,19.993120253073407,27.34809598513312,0.07332652018395498,,19.218155087876617,7.28193192826198,0.2747889817805983,10.769500399999743,28.91844659758329,3,2026-08-29T20:03:00.144164+00:00,1806733
e2_uci,concrete,gp,epochs=1000,2,2,927,103,random,5.061002231506574,3.8451718188969695,-3.039620614558628,3.039620614558628,2.789373930642666,0.9320388349514563,19.677163926317164,26.977175779430453,0.02585590189064897,,19.93657703318053,5.605804418579186,0.2194707031983887,11.984478999999737,27.534951451582067,3,2026-08-29T20:03:12.178317+00:00,1806733
e2_uci,concrete,gp,epochs=1000,3,3,927,103,random,5.604536107337318,4.018909547944864,-3.16325013613904,3.16325013613904,3.004370708009989,0.9029126213592233,19.557428007967914,33.27294812123738,0.029637199795605494,,17.92023162804228,7.5427536519080665,0.29622424743131975,9.214441799999804,26.28349513931593,3,2026-08-29T20:03:21.441439+00:00,1806733
e2_uci,concrete,gp,epochs=1000,4,4,927,103,random,6.528325308502596,4.602571243260093,-3.2182666723698232,3.2182666723698232,3.35366453546728,0.9029126213592233,19.941378754496533,36.533806740122394,0.016198262646908566,,18.068487180391607,9.316737428433868,0.34021037115873604,10.969055599999592,25.895145625733313,3,2026-08-29T20:03:32.458901+00:00,1806733
e2_uci,concrete,gp,epochs=1000,5,5,927,103,random,5.268346661240762,4.084442261326847,-3.097235348652873,3.097235348652873,2.948502632876994,0.9223300970873787,19.691097384524788,28.647243224954487,0.013490035769034257,,19.02438974426954,7.88856336798331,0.29311400109383856,10.734723399999893,28.604854369669976,3,2026-08-29T20:03:43.242367+00:00,1806733
e2_uci,concrete,gp,epochs=1000,6,6,927,103,random,6.099759344124577,4.222625579615802,-3.081430137795084,3.081430137795084,3.079663624963932,0.9320388349514563,20.06638306873066,30.162138248248436,0.0369954011241696,,19.50121887841934,7.735520160662881,0.284010510566743,6.861333300000297,26.69514563342656,3,2026-08-29T20:03:50.151487+00:00,1806733
e2_uci,concrete,gp,epochs=1000,7,7,927,103,random,5.672921875105095,4.146884182874552,-3.193900865643041,3.193900865643041,3.044269070378586,0.912621359223301,19.301758797816593,33.43501512995087,0.021563617782319886,,17.90221753631721,7.095628278299268,0.2838495897174624,7.571957099999963,26.464077669975136,3,2026-08-29T20:03:57.772633+00:00,1806733
e2_uci,concrete,gp,epochs=1000,8,8,927,103,random,4.854501031786721,3.801637367137916,-2.9612684486537053,2.9612684486537053,2.653724654847062,0.9805825242718447,19.91768421822759,22.74356967243187,0.022176801226366873,,19.614936352641248,6.894610999897082,0.260080298928111,9.415879700000005,26.869902912331227,3,2026-08-29T20:04:07.238459+00:00,1806733
e2_uci,concrete,gp,epochs=1000,9,9,927,103,random,5.124228387823196,3.933420906686553,-3.031121002794771,3.031121002794771,2.8312105760396684,0.9514563106796117,19.782384018525452,24.596015157392543,0.05390904445579964,,19.620466851611408,6.1948001858839685,0.23996653518580038,11.34077889999935,26.331067963890977,3,2026-08-29T20:04:18.628108+00:00,1806733
e2_uci,concrete,gp,epochs=1000,10,10,927,103,random,4.812051551839358,3.6110878542329776,-2.973466630755076,2.973466630755076,2.64298323192226,0.941747572815534,19.31117946132121,25.008583621234596,0.053551354113438976,,19.323819759980353,5.212027117050199,0.21242499364998413,12.276607599999807,27.560194176808224,3,2026-08-29T20:04:30.953539+00:00,1806733
e2_uci,concrete,gp,epochs=1000,11,11,927,103,random,5.211387267455345,3.3258977555525484,-2.9073421009976737,2.9073421009976737,2.514301314945601,0.9611650485436893,20.261708846768574,27.60313193152814,0.051609606540623375,,20.510612364536374,6.839045675403406,0.250059641163194,12.85995550000007,25.67961165518726,3,2026-08-29T20:04:43.861325+00:00,1806733
e2_uci,concrete,gp,epochs=1000,12,12,927,103,random,5.19096374158247,3.668097201388609,-3.010900905264973,3.010900905264973,2.7249698664936073,0.9320388349514563,20.16714762285658,27.769469205728658,0.03832396525293815,,20.019373748961698,7.065260955642035,0.26085863932442527,9.050584300000082,26.35339806323986,3,2026-08-29T20:04:52.960026+00:00,1806733
e2_uci,concrete,gp,epochs=1000,13,13,927,103,random,4.849796404178474,3.54954679540426,-3.000451132667052,3.000451132667052,2.631507032753846,0.9223300970873787,19.91750412968442,27.853494269186776,0.05263157894736842,,19.653832353060047,6.7858550610557185,0.2566541334158456,13.137754700000187,25.8427184394129,3,2026-08-29T20:05:06.146017+00:00,1806733
e2_uci,concrete,gp,epochs=1000,14,14,927,103,random,6.247970183535359,4.5003751912597325,-3.1265748616681717,3.1265748616681717,3.219672782427197,0.912621359223301,19.84377839275676,31.652197050263727,0.01972406745017884,,18.978149479486394,7.513499403786635,0.28361765765854985,10.070903399999224,28.487378638831093,3,2026-08-29T20:05:16.267093+00:00,1806733
e2_uci,concrete,gp,epochs=1000,15,15,927,103,random,5.005840990503382,3.6496874665665353,-3.0339790332570082,3.0339790332570082,2.649733170692589,0.9514563106796117,19.384639885176032,28.726302153654505,0.06310679611650481,,19.17418442230559,5.529975973880697,0.22384796265872647,13.897516899999573,28.404854365539155,3,2026-08-29T20:05:30.213248+00:00,1806733
e2_uci,concrete,gp,epochs=1000,16,16,927,103,random,5.507213587132409,4.264018156293413,-3.144872399739089,3.144872399739089,3.1039412053336606,0.912621359223301,19.793940969918346,28.267185143314606,0.020899335717935657,,18.74485230163031,7.325176133941924,0.2809807496775421,8.333442899999682,37.1019417515818,3,2026-08-29T20:05:38.597858+00:00,1806733
e2_uci,concrete,gp,epochs=1000,17,17,927,103,random,5.540128826852133,3.908333219619435,-3.058121456645849,3.058121456645849,2.8591973801028594,0.970873786407767,19.896033558965115,30.237456370129763,0.05074092999489009,,19.04658878660267,7.217090356436476,0.27479357774401053,9.471079400000235,26.94174757212326,3,2026-08-29T20:05:48.120946+00:00,1806733
e2_uci,concrete,gp,epochs=1000,18,18,927,103,random,5.65891004217453,4.068710549056469,-3.202023930781606,3.202023930781606,3.042014783709024,0.9223300970873787,19.70269926413951,32.646211718069345,0.03704649974450692,,17.930069758101627,8.267771405885622,0.31558979818729793,7.022062899999582,26.35339806323986,3,2026-08-29T20:05:55.191861+00:00,1806733
e2_uci,concrete,gp,epochs=1000,19,19,927,103,random,5.284709570138032,3.9308323712898883,-2.955366696304101,2.955366696304101,2.763139108224131,0.970873786407767,21.111719284729094,21.42090808272795,0.05048543689320384,,20.470980688850982,9.54315333797428,0.31795531163567947,10.33567690000018,25.958252425553635,3,2026-08-29T20:06:05.576885+00:00,1806733
e2_uci,wine_quality_red,gp,epochs=20,0,0,1439,160,random,0.6415878924176591,0.40549919513743016,0.8134505859924166,-0.8134505859924166,0.28329337368154595,0.95625,1.9351482960124884,2.637719497589662,0.08322368421052631,,6.4248153179496386e-06,0.3765565452285028,0.9999829382710752,34.33971250000013,50.227500003074965,3,2026-08-29T20:06:39.970967+00:00,1806733
e2_uci,wine_quality_red,gp,epochs=20,1,1,1439,160,random,0.6163107216015363,0.4130626138397261,0.4447643355259226,-0.4447643355259226,0.29111263010303456,0.96875,2.111438915126719,2.6250538061343005,0.07269736842105261,,6.554480299373983e-06,0.40824382156546635,0.9999839449497564,37.20942860000014,50.16624999711894,3,2026-08-29T20:07:17.236179+00:00,1806733
e2_uci,wine_quality_red,gp,epochs=20,2,2,1439,160,random,0.8203353242183976,0.5196594806657323,0.22380241529232753,-0.22380241529232753,0.3859363775601541,0.88125,1.9712485347963464,4.244151008599699,0.06315789473684211,,6.254333635482519e-06,0.363580290475051,0.9999827982258288,35.73779140000079,48.37312500285407,3,2026-08-29T20:07:53.027873+00:00,1806733
e2_uci,wine_quality_red,gp,epochs=20,3,3,1439,160,random,0.5860963527088414,0.4119811332235508,0.2882423903252336,-0.2882423903252336,0.28785863900092096,0.95,2.1595762854512506,2.847581796195458,0.06513157894736836,,6.536785979376264e-06,0.41704073836698496,0.999984326031199,33.605571000000054,47.896249998302665,3,2026-08-29T20:08:26.687666+00:00,1806733
e2_uci,wine_quality_red,gp,epochs=20,4,4,1439,160,random,0.5381177638256248,0.3532666050359713,0.7528240944729669,-0.7528240944729669,0.24645508060606208,0.9875,2.0333502450084877,2.396669875786916,0.09407894736842101,,6.616362127007933e-06,0.39949719028655417,0.9999834385504799,31.20564370000011,51.43312500308639,3,2026-08-29T20:08:57.948464+00:00,1806733
e2_uci,wine_quality_red,gp,epochs=20,5,5,1439,160,random,0.589068935430337,0.3724523572993121,0.667424529421429,-0.667424529421429,0.268044781422595,0.9625,1.9679135286306213,2.55979766571832,0.09046052631578942,,6.527127507761787e-06,0.3758007453084152,0.9999826317158114,35.26252140000088,50.31000000030872,3,2026-08-29T20:09:33.266982+00:00,1806733
e2_uci,wine_quality_red,gp,epochs=20,6,6,1439,160,random,0.6673352707003862,0.45348277468844006,0.3604746707971512,-0.3604746707971512,0.31771825162308076,0.95625,2.0734718500060176,2.7801448702222062,0.0621710526315789,,6.39145495699324e-06,0.39946723961505687,0.9999840003082561,27.416240300000027,50.15312499949687,3,2026-08-29T20:10:00.738133+00:00,1806733
e2_uci,wine_quality_red,gp,epochs=20,7,7,1439,160,random,0.7312345418942398,0.5040619608919338,-0.1746051102040757,0.1746051102040757,0.3662934936165452,0.90625,2.261088741498206,3.946496487694315,0.045065789473684184,,6.39145495699324e-06,0.4269555778638616,0.9999850303881462,21.635398399999758,49.35687499596497,3,2026-08-29T20:10:22.439745+00:00,1806733
e2_uci,wine_quality_red,gp,epochs=20,8,8,1439,160,random,0.6429331173079458,0.4051898635501763,0.7058735222910445,-0.7058735222910445,0.28707265744220695,0.9625,1.9494849967684562,2.8465931055692577,0.0865131578947368,,6.543488958676709e-06,0.376388328161083,0.9999826153610171,33.9087399,46.78937499988933,3,2026-08-29T20:10:56.402401+00:00,1806733
e2_uci,wine_quality_red,gp,epochs=20,9,9,1439,160,random,0.7097161764733555,0.46104120475474597,0.3377351114322638,-0.3377351114322638,0.3318840985395963,0.9,2.1035873278520762,3.3323377849596567,0.06743421052631575,,6.392140708477866e-06,0.40541485198627436,0.9999842333355712,36.55587300000025,52.770000002055895,3,2026-08-29T20:11:33.013174+00:00,1806733
e2_uci,wine_quality_red,gp,epochs=20,10,10,1439,160,random,0.6859414840665292,0.4641103245758657,0.5005366360065219,-0.5005366360065219,0.31983849141535503,0.9625,2.077114301639729,2.8248137538953957,0.060197368421052624,,6.4514823580772085e-06,0.4061110698410162,0.9999841142476762,34.415767499999674,50.39499999952568,3,2026-08-29T20:12:07.485048+00:00,1806733
e2_uci,wine_quality_red,gp,epochs=20,11,11,1439,160,random,0.6701890646027544,0.4069333834385323,0.8758877877720629,-0.8758877877720629,0.2953672626205266,0.95,1.8429676140111293,2.800955632282405,0.08618421052631578,,6.600676769106027e-06,0.35206287840138206,0.9999812517779549,40.43842660000064,49.16749999779313,3,2026-08-29T20:12:47.980050+00:00,1806733
e2_uci,wine_quality_red,gp,epochs=20,12,12,1439,160,random,0.6833097746191176,0.4636166178488558,0.181348886479702,-0.181348886479702,0.32947042739905275,0.94375,2.2479511129060086,3.0342883520589106,0.06249999999999998,,6.5147839810384884e-06,0.4371900293205561,0.999985098729464,37.92412189999959,55.74499999738691,3,2026-08-29T20:13:25.960379+00:00,1806733
e2_uci,wine_quality_red,gp,epochs=20,13,13,1439,160,random,0.555558304048218,0.37743986679763947,0.38266839698033095,-0.38266839698033095,0.27146859804765316,0.95,2.092850708730839,2.6464848876680627,0.08157894736842101,,6.655527229404637e-06,0.403109568542907,0.9999834898055897,28.74558859999979,48.74062500448417,3,2026-08-29T20:13:54.759665+00:00,1806733
e2_uci,wine_quality_red,gp,epochs=20,14,14,1439,160,random,0.6468552254041191,0.4428250525184197,0.2681910420329169,-0.2681910420329169,0.31022324666264334,0.9625,2.1871637756520306,2.8779938043271396,0.061513157894736804,,6.439496194803645e-06,0.4220420759818717,0.999984742284456,32.27796479999961,48.48437499731517,3,2026-08-29T20:14:27.092025+00:00,1806733
e2_uci,wine_quality_red,gp,epochs=20,15,15,1439,160,random,0.5602060877970316,0.3906253603287134,0.37930263052695645,-0.37930263052695645,0.27410407916987267,0.9875,2.212842808453602,2.3892966256527344,0.07730263157894735,,6.621229996701631e-06,0.4296973624742485,0.9999845911831221,44.18253470000036,50.244999999904394,3,2026-08-29T20:15:11.329378+00:00,1806733
e2_uci,wine_quality_red,gp,epochs=20,16,16,1439,160,random,0.6764164754078634,0.4472878416306072,0.45317107206694784,-0.45317107206694784,0.31476351347205,0.95625,2.014299142309028,2.853519120098954,0.059868421052631564,,6.450767631177735e-06,0.37902563357132835,0.9999829809456832,28.43414979999943,47.773749997759296,3,2026-08-29T20:15:39.818169+00:00,1806733
e2_uci,wine_quality_red,gp,epochs=20,17,17,1439,160,random,0.6703789132807935,0.4530518300526614,0.32059264629434464,-0.32059264629434464,0.32035713393779697,0.9375,1.9858959324212289,3.18642506742691,0.05427631578947366,,6.46281174528099e-06,0.37022513938423784,0.9999825438679277,27.269965600000432,64.13312499944368,3,2026-08-29T20:16:07.147307+00:00,1806733
e2_uci,wine_quality_red,gp,epochs=20,18,18,1439,160,random,0.6540529657042575,0.4371558021172037,0.21092687278422334,-0.21092687278422334,0.31298150756912885,0.95,2.135357012937258,3.086402584928473,0.07006578947368418,,6.510292791737756e-06,0.40911591908820794,0.9999840871770302,30.682481099999677,50.403749997940395,3,2026-08-29T20:16:37.887419+00:00,1806733
e2_uci,wine_quality_red,gp,epochs=20,19,19,1439,160,random,0.6920456997174886,0.4604000531669977,0.49232980348502614,-0.49232980348502614,0.3256008930538227,0.94375,2.0185161399096243,2.645287889423413,0.06348684210526313,,6.479279439383671e-06,0.38601277759091984,0.9999832151393382,34.47866470000008,49.80937500249638,3,2026-08-29T20:17:12.421447+00:00,1806733
