dataset,method,variant,dimension,split_index,n_train_full,n_train,n_removed,feature_n_distinct,gap_leak_fraction,n_gap_in,n_gap_out,mean_std_epi_gap_in,mean_std_epi_gap_out,epi_gap_ratio,rmse_gap_in,rmse_gap_out,ll_gap_in,ll_gap_out,picp95_gap_in,picp95_gap_out,timestamp,git_commit
energy,mcd,gap,0,0,691,462,229,12,0.0,27,50,0.8781219308418494,0.8317999363855729,1.0556888651104734,7.804628110330984,0.6762726449781022,-17.469230816158852,-1.349421354128857,0.0,1.0,2026-08-31T15:14:42.283148+00:00,1806733
energy,mcd,gap,1,0,691,462,229,12,0.0,27,50,0.8781219308418494,0.8317999363855729,1.0556888651104734,7.804628110330984,0.6762726449781022,-17.469230816158852,-1.349421354128857,0.0,1.0,2026-08-31T15:14:42.049636+00:00,1806733
energy,mcd,gap,2,0,691,461,230,7,0.2559652928416486,26,51,0.9195372311069948,0.976467918245609,0.94169732965636,5.020831747269011,0.7631866698719464,-6.615505788159182,-1.5192066022510484,0.5384615384615384,1.0,2026-08-31T15:14:42.129965+00:00,1806733
energy,mcd,gap,3,0,691,464,227,4,0.6271551724137931,29,48,1.0982198318370413,1.0756980589281833,1.0209368909071923,1.8322391809677547,1.2502794828560702,-2.050158550585829,-1.80004099249041,0.8620689655172413,0.9791666666666666,2026-08-31T15:14:41.886452+00:00,1806733
energy,mcd,gap,4,0,691,463,228,2,1.0,28,49,1.1700156817165168,1.1842351804126874,0.9879926733039502,1.0541389215494608,1.158401596889687,-1.7672840821889015,-1.80522592447503,1.0,1.0,2026-08-31T15:14:42.129699+00:00,1806733
energy,mcd,gap,5,0,691,464,227,4,0.2586206896551724,29,48,1.2511530614534352,1.2065795237735208,1.0369420637443876,1.0768517558090007,1.292691300119374,-1.8227141648651872,-1.8703355410287612,1.0,1.0,2026-08-31T15:14:41.780952+00:00,1806733
energy,mcd,gap,6,0,691,461,230,4,0.4381778741865509,26,51,1.225440151570106,1.1977920110138736,1.023082588881879,1.1909748162609637,1.2039552716665942,-1.8005037783166742,-1.809989010387769,1.0,1.0,2026-08-31T15:14:41.920975+00:00,1806733
energy,mcd,gap,7,0,691,463,228,6,0.3498920086393088,28,49,1.2443340353080872,1.246744825322558,0.9980663324479032,1.1195296651542936,1.2642241992160086,-1.8221009180588028,-1.865980104973869,1.0,1.0,2026-08-31T15:14:41.904285+00:00,1806733
energy,mcd,control,0,0,691,463,228,12,0.0,27,50,1.2461957001666566,1.1879702147958895,1.0490125801519117,0.9213890571373003,1.2898315942771073,-1.7584671295869714,-1.849411954050996,1.0,1.0,2026-08-31T15:14:50.742426+00:00,1806733
energy,mcd,control,1,0,691,463,228,12,0.0,27,50,1.2461957001666566,1.1879702147958895,1.0490125801519117,0.9213890571373003,1.2898315942771073,-1.7584671295869714,-1.849411954050996,1.0,1.0,2026-08-31T15:14:50.822717+00:00,1806733
energy,mcd,control,2,0,691,463,228,7,0.2559652928416486,26,51,1.12046269278753,1.253211071212126,0.8940734075256775,1.5842838233145762,0.8949345630704447,-1.942247567702699,-1.7539367341397618,1.0,1.0,2026-08-31T15:14:50.899644+00:00,1806733
energy,mcd,control,3,0,691,463,228,4,0.6271551724137931,29,48,1.2164658506567236,1.203505936984359,1.0107684667554182,1.3137622559839537,1.0806245381926105,-1.8630036340795972,-1.790043850272702,1.0,1.0,2026-08-31T15:14:50.977204+00:00,1806733
energy,mcd,control,4,0,691,463,228,2,1.0,28,49,1.2167143539290912,1.2036284231485646,1.010872068595967,1.0814431438015957,1.2235661986594228,-1.7901986551913185,-1.8331356705314517,1.0,1.0,2026-08-31T15:14:51.048373+00:00,1806733
energy,mcd,control,5,0,691,463,228,4,0.2586206896551724,29,48,1.232818326284324,1.1936263162926837,1.0328344050869855,1.0115274692544425,1.2618826107882783,-1.7784319035283422,-1.8411392708140857,1.0,1.0,2026-08-31T15:14:51.126612+00:00,1806733
energy,mcd,control,6,0,691,463,228,4,0.4381778741865509,26,51,1.2006829262294236,1.212314481614298,0.9904054966254416,1.0201784795382305,1.2449527131059936,-1.769942492346917,-1.8417785372623172,1.0,1.0,2026-08-31T15:14:51.204500+00:00,1806733
energy,mcd,control,7,0,691,463,228,6,0.3498920086393088,28,49,1.202994003694774,1.21146862328246,0.9930046726553065,1.1260747259682564,1.2003392161478514,-1.7981072793090014,-1.828616456749918,1.0,1.0,2026-08-31T15:14:51.290779+00:00,1806733
energy,map,gap,0,0,691,462,229,12,0.0,27,50,0.0,0.0,,12.474439551201854,0.3614397209343214,-618.6465817614082,-0.4016478077459564,0.0,0.96,2026-08-31T15:14:50.212140+00:00,1806733
energy,map,gap,1,0,691,462,229,12,0.0,27,50,0.0,0.0,,12.474439551201854,0.3614397209343214,-618.6465817614082,-0.4016478077459564,0.0,0.96,2026-08-31T15:14:50.316239+00:00,1806733
energy,map,gap,2,0,691,461,230,7,0.2559652928416486,26,51,0.0,0.0,,4.521538059955255,0.388047696977162,-64.0037244091229,-0.473161967690816,0.2692307692307692,0.9607843137254902,2026-08-31T15:14:50.351453+00:00,1806733
energy,map,gap,3,0,691,464,227,4,0.6271551724137931,29,48,0.0,0.0,,0.5679123968155513,0.4811088809659642,-1.0427125439518583,-0.7406366662295732,0.8620689655172413,0.8958333333333334,2026-08-31T15:14:50.375101+00:00,1806733
energy,map,gap,4,0,691,463,228,2,1.0,28,49,0.0,0.0,,0.4034797305042934,0.3693276507794382,-0.5118689328513055,-0.4345817129857319,0.9642857142857144,0.979591836734694,2026-08-31T15:14:50.282079+00:00,1806733
energy,map,gap,5,0,691,464,227,4,0.2586206896551724,29,48,0.0,0.0,,0.4440371732283723,0.4410985981659097,-0.607109918097178,-0.6005703548640912,0.9310344827586208,0.9375,2026-08-31T15:14:50.315932+00:00,1806733
energy,map,gap,6,0,691,461,230,4,0.4381778741865509,26,51,0.0,0.0,,0.5023050156462234,0.4336360124044371,-0.7440752998380753,-0.5845461238428659,0.9230769230769232,0.9803921568627452,2026-08-31T15:14:50.924495+00:00,1806733
energy,map,gap,7,0,691,463,228,6,0.3498920086393088,28,49,0.0,0.0,,0.4565655352684681,0.4744883739427534,-0.6380057332529067,-0.6826485626447368,0.9642857142857144,0.9183673469387756,2026-08-31T15:14:58.415733+00:00,1806733
energy,map,control,0,0,691,463,228,12,0.0,27,50,0.0,0.0,,0.587181104768284,0.5088829621800015,-0.9909177565000732,-0.7678559951013222,0.8148148148148148,0.88,2026-08-31T15:14:58.874814+00:00,1806733
energy,map,control,1,0,691,463,228,12,0.0,27,50,0.0,0.0,,0.587181104768284,0.5088829621800015,-0.9909177565000732,-0.7678559951013222,0.8148148148148148,0.88,2026-08-31T15:14:58.955732+00:00,1806733
energy,map,control,2,0,691,463,228,7,0.2559652928416486,26,51,0.0,0.0,,0.6098195849371888,0.4968196880447676,-1.0613512768035285,-0.7363224702681638,0.8076923076923077,0.8823529411764706,2026-08-31T15:14:59.030932+00:00,1806733
energy,map,control,3,0,691,463,228,4,0.6271551724137931,29,48,0.0,0.0,,0.4969471075028457,0.5607929951261559,-0.7366515930633187,-0.9121808954527468,0.896551724137931,0.8333333333333334,2026-08-31T15:14:59.108481+00:00,1806733
energy,map,control,4,0,691,463,228,2,1.0,28,49,0.0,0.0,,0.5710083426036512,0.5176040413866112,-0.942232043919486,-0.7911241214453567,0.8571428571428571,0.8571428571428571,2026-08-31T15:14:59.182760+00:00,1806733
energy,map,control,5,0,691,463,228,4,0.2586206896551724,29,48,0.0,0.0,,0.5535117865187487,0.5278161447521854,-0.891092419473249,-0.8188728961634141,0.8275862068965517,0.875,2026-08-31T15:14:59.265085+00:00,1806733
energy,map,control,6,0,691,463,228,4,0.4381778741865509,26,51,0.0,0.0,,0.4962828123677099,0.5575416212060275,-0.7349366543945964,-0.90272992482958,0.9230769230769232,0.8235294117647058,2026-08-31T15:14:59.353082+00:00,1806733
energy,map,control,7,0,691,463,228,6,0.3498920086393088,28,49,0.0,0.0,,0.4940463144886615,0.5610287325810921,-0.7291797930379305,-0.912868264806246,0.8928571428571429,0.8367346938775511,2026-08-31T15:14:59.436243+00:00,1806733
energy,laplace,gap,0,0,691,462,229,12,0.0,27,50,7.796090675621434,0.2089349911565413,37.31347550961598,12.474439551201854,0.3614397209343214,-4.273744667338181,-0.4190889012307837,0.7407407407407407,0.98,2026-08-31T15:14:59.547320+00:00,1806733
energy,laplace,gap,1,0,691,462,229,12,0.0,27,50,7.796090675621434,0.2089349911565413,37.31347550961598,12.474439551201854,0.3614397209343214,-4.273744667338181,-0.4190889012307837,0.7407407407407407,0.98,2026-08-31T15:14:59.390180+00:00,1806733
energy,laplace,gap,2,0,691,461,230,7,0.2559652928416486,26,51,1.7441147824513217,0.2336066927157341,7.466030883685593,4.521538059955255,0.388047696977162,-3.4850072200317763,-0.5039295778221801,0.5,0.9803921568627452,2026-08-31T15:14:59.777639+00:00,1806733
energy,laplace,gap,3,0,691,464,227,4,0.6271551724137931,29,48,0.2617001063411318,0.2431296767502158,1.0763807604202702,0.5679123968155513,0.4811088809659642,-0.7814303152444368,-0.6532480719309697,0.9310344827586208,0.9375,2026-08-31T15:14:59.793170+00:00,1806733
energy,laplace,gap,4,0,691,463,228,2,1.0,28,49,0.2582723674125665,0.2639561399856149,0.9784669810167772,0.4034797305042934,0.3693276507794382,-0.5516998627939703,-0.4880276629349819,1.0,0.979591836734694,2026-08-31T15:15:00.261422+00:00,1806733
energy,laplace,gap,5,0,691,464,227,4,0.2586206896551724,29,48,0.217406986641578,0.2556726042611385,0.8503335242735792,0.4440371732283723,0.4410985981659097,-0.6155979697948243,-0.6190694307924447,0.9655172413793104,0.9791666666666666,2026-08-31T15:15:00.503304+00:00,1806733
energy,laplace,gap,6,0,691,461,230,4,0.4381778741865509,26,51,0.5648809292414779,0.24731047069914,2.2840962925854886,0.5023050156462234,0.4336360124044371,-0.7897505500757609,-0.606195740452628,1.0,0.9803921568627452,2026-08-31T15:15:07.909131+00:00,1806733
energy,laplace,gap,7,0,691,463,228,6,0.3498920086393088,28,49,0.2212589726791659,0.2445730325824817,0.9046744456772714,0.4565655352684681,0.4744883739427534,-0.6316417785708873,-0.6703642661170265,0.9642857142857144,0.9387755102040816,2026-08-31T15:15:08.742972+00:00,1806733
energy,laplace,control,0,0,691,463,228,12,0.0,27,50,0.2637647517351821,0.2472774714736545,1.0666752218197288,0.587181104768284,0.5088829621800015,-0.9207630791325516,-0.7259975722917923,0.8888888888888888,0.92,2026-08-31T15:15:08.830344+00:00,1806733
energy,laplace,control,1,0,691,463,228,12,0.0,27,50,0.2637647517351821,0.2472774714736545,1.0666752218197288,0.587181104768284,0.5088829621800015,-0.9207630791325516,-0.7259975722917923,0.8888888888888888,0.92,2026-08-31T15:15:08.906769+00:00,1806733
energy,laplace,control,2,0,691,463,228,7,0.2559652928416486,26,51,0.2412955581606646,0.2590556344775561,0.93144300314985,0.6098195849371888,0.4968196880447676,-0.930249361906391,-0.7249803596392617,0.8846153846153846,0.9215686274509804,2026-08-31T15:15:08.985720+00:00,1806733
energy,laplace,control,3,0,691,463,228,4,0.6271551724137931,29,48,0.2598636178457651,0.2489474365209469,1.0438493421638415,0.4969471075028457,0.5607929951261559,-0.7220300988447201,-0.8379501850973253,0.9310344827586208,0.8958333333333334,2026-08-31T15:15:09.067544+00:00,1806733
energy,laplace,control,4,0,691,463,228,2,1.0,28,49,0.2603568332771245,0.2488883783423093,1.0460787080987848,0.5710083426036512,0.5176040413866112,-0.868404138897717,-0.7519421604496416,0.8571428571428571,0.9387755102040816,2026-08-31T15:15:09.143904+00:00,1806733
energy,laplace,control,5,0,691,463,228,4,0.2586206896551724,29,48,0.2153561682101939,0.2758373540091045,0.7807360572458423,0.5535117865187487,0.5278161447521854,-0.8337321210563423,-0.7704635466778038,0.8620689655172413,0.9375,2026-08-31T15:15:09.228161+00:00,1806733
energy,laplace,control,6,0,691,463,228,4,0.4381778741865509,26,51,0.2285040057704594,0.2655768180490333,0.8604064445424255,0.4962828123677099,0.5575416212060275,-0.7229382486559645,-0.830668378159087,0.9615384615384616,0.8823529411764706,2026-08-31T15:15:09.313956+00:00,1806733
energy,laplace,control,7,0,691,463,228,6,0.3498920086393088,28,49,0.2192940540534763,0.2723528236129654,0.8051836993807351,0.4940463144886615,0.5610287325810921,-0.7171752551287927,-0.8383586654604553,0.9642857142857144,0.8775510204081632,2026-08-31T15:15:09.396940+00:00,1806733
energy,ensemble,gap,0,0,691,462,229,12,0.0,27,50,1.7887102394991754,0.2170341113362375,8.241608788989105,16.309781260563003,0.2629372914123228,-71.03564343378109,-0.2071490585111283,0.0,1.0,2026-08-31T15:15:40.736564+00:00,1806733
energy,ensemble,gap,1,0,691,462,229,12,0.0,27,50,1.7887102394991754,0.2170341113362375,8.241608788989105,16.309781260563003,0.2629372914123228,-71.03564343378109,-0.2071490585111283,0.0,1.0,2026-08-31T15:15:41.695526+00:00,1806733
energy,ensemble,gap,2,0,691,461,230,7,0.2559652928416486,26,51,0.4152361270763965,0.2003368742812292,2.0726894565275877,4.619887827490123,0.3654288587226954,-28.191731514231,-0.4549312692431386,0.2692307692307692,0.9803921568627452,2026-08-31T15:15:41.203160+00:00,1806733
energy,ensemble,gap,3,0,691,464,227,4,0.6271551724137931,29,48,0.234062558344949,0.2224194689846134,1.0523474379895272,0.5661918346773109,0.5171990571582546,-0.8020159046213011,-0.7487227198871559,0.896551724137931,0.9583333333333334,2026-08-31T15:15:42.067420+00:00,1806733
energy,ensemble,gap,4,0,691,463,228,2,1.0,28,49,0.2504005801710928,0.2225602450131762,1.1250912316180652,0.3859049963030125,0.3918762801377151,-0.531309071810623,-0.5012694826869782,1.0,0.979591836734694,2026-08-31T15:15:42.056902+00:00,1806733
energy,ensemble,gap,5,0,691,464,227,4,0.2586206896551724,29,48,0.190216872017801,0.2194761860181842,0.8666857004797824,0.4566398162642852,0.4079361409869855,-0.6428311965045709,-0.5697630594901414,0.9310344827586208,0.9583333333333334,2026-08-31T15:15:49.442358+00:00,1806733
energy,ensemble,gap,6,0,691,461,230,4,0.4381778741865509,26,51,0.456804687960339,0.2347440408205464,1.945969262365856,0.4851048294702303,0.416949574359029,-0.746857792365887,-0.5784770531524127,1.0,0.9803921568627452,2026-08-31T15:15:50.301102+00:00,1806733
energy,ensemble,gap,7,0,691,463,228,6,0.3498920086393088,28,49,0.1733972595224631,0.1904635894840464,0.9103958399197722,0.4027359764468632,0.405873306694371,-0.5176783920278918,-0.560756883574784,0.9642857142857144,0.9387755102040816,2026-08-31T15:15:50.865434+00:00,1806733
energy,ensemble,control,0,0,691,463,228,12,0.0,27,50,0.2158900280983418,0.2722825178771338,0.7928897888176617,0.5142146766874134,0.3477152572220034,-0.7951669317338058,-0.4595129300902176,0.9629629629629628,0.98,2026-08-31T15:16:23.137172+00:00,1806733
energy,ensemble,control,1,0,691,463,228,12,0.0,27,50,0.2158900280983418,0.2722825178771338,0.7928897888176617,0.5142146766874134,0.3477152572220034,-0.7951669317338058,-0.4595129300902176,0.9629629629629628,0.98,2026-08-31T15:16:23.221859+00:00,1806733
energy,ensemble,control,2,0,691,463,228,7,0.2559652928416486,26,51,0.3117341706472149,0.222315063052634,1.4022179440599152,0.399187759627865,0.4210496748289931,-0.5622880031223927,-0.5848169721596359,0.9615384615384616,0.9803921568627452,2026-08-31T15:16:23.303325+00:00,1806733
energy,ensemble,control,3,0,691,463,228,4,0.6271551724137931,29,48,0.2728933549658703,0.2401926949687851,1.1361434410040443,0.3904547018584139,0.4272819976269395,-0.5269174787677875,-0.6075947245220376,0.9655172413793104,0.9791666666666666,2026-08-31T15:16:23.380594+00:00,1806733
energy,ensemble,control,4,0,691,463,228,2,1.0,28,49,0.2419917443927175,0.2585181185615476,0.9360726657737318,0.4678736136451962,0.3794514489132697,-0.681444270919003,-0.5176472260324807,0.9642857142857144,0.979591836734694,2026-08-31T15:16:23.456204+00:00,1806733
energy,ensemble,control,5,0,691,463,228,4,0.2586206896551724,29,48,0.2311461104965779,0.2654149885023159,0.8708856715323032,0.442133338291096,0.3956948540143174,-0.6326412649149687,-0.5437199370581155,0.9655172413793104,0.9791666666666666,2026-08-31T15:16:23.536632+00:00,1806733
energy,ensemble,control,6,0,691,463,228,4,0.4381778741865509,26,51,0.2255027868871267,0.2662761606558163,0.8468756133922463,0.3671259197721377,0.4356700800350754,-0.4591777030076872,-0.6373830075122308,1.0,0.9607843137254902,2026-08-31T15:16:23.610354+00:00,1806733
energy,ensemble,control,7,0,691,463,228,6,0.3498920086393088,28,49,0.2218774611097591,0.2700119947232381,0.8217318691237522,0.362977375869039,0.4402104020298899,-0.4474819167200114,-0.651339999860476,1.0,0.9591836734693876,2026-08-31T15:16:23.684779+00:00,1806733
energy,bbb,gap,0,0,691,462,229,12,0.0,27,50,0.6042151361625403,0.6131457277604915,0.985434797644974,15.268947822991612,0.4248144286548313,-125.01671494168887,-0.9673912931388504,0.4444444444444444,1.0,2026-08-31T15:18:59.795793+00:00,1806733
energy,bbb,gap,1,0,691,462,229,12,0.0,27,50,0.6042151361625403,0.6131457277604915,0.985434797644974,15.268947822991612,0.4248144286548313,-125.01671494168887,-0.9673912931388504,0.4444444444444444,1.0,2026-08-31T15:19:02.217710+00:00,1806733
energy,bbb,gap,2,0,691,461,230,7,0.2559652928416486,26,51,0.6890794673344198,0.6088022132431418,1.1318609761019662,5.412080197479124,0.3861849758088604,-13.142943830345974,-0.9936150964022892,0.2692307692307692,1.0,2026-08-31T15:19:01.074116+00:00,1806733
energy,bbb,gap,3,0,691,464,227,4,0.6271551724137931,29,48,0.621333489324098,0.6547475218112541,0.9489665384380204,0.7316066395248499,0.6090071091472284,-1.1929106929273643,-1.1226183199012012,1.0,1.0,2026-08-31T15:19:01.189012+00:00,1806733
energy,bbb,gap,4,0,691,463,228,2,1.0,28,49,0.73121728574243,0.7131742499880626,1.025299617526389,0.457338636613787,0.4803684526996316,-1.1381565960538984,-1.1298755216592116,1.0,1.0,2026-08-31T15:19:08.566674+00:00,1806733
energy,bbb,gap,5,0,691,464,227,4,0.2586206896551724,29,48,0.6527327084526037,0.7042890236726734,0.9267966509669316,0.6320206332323454,0.4466201290146357,-1.1808325757750309,-1.1154708938930988,1.0,1.0,2026-08-31T15:19:07.723246+00:00,1806733
energy,bbb,gap,6,0,691,461,230,4,0.4381778741865509,26,51,0.7312406233907933,0.76048095260871,0.9615502148770296,1.0912866942832076,0.5416935795064709,-1.5362825198572934,-1.193726615636136,0.9230769230769232,1.0,2026-08-31T15:19:11.576699+00:00,1806733
energy,bbb,gap,7,0,691,463,228,6,0.3498920086393088,28,49,0.5980883436990297,0.610975266340686,0.9789076197489304,0.3765850241476476,0.4902782068482412,-0.9979638823179016,-1.056034692937959,1.0,1.0,2026-08-31T15:19:48.168832+00:00,1806733
energy,bbb,control,0,0,691,463,228,12,0.0,27,50,0.6317895132083257,0.6756326567554086,0.9351080160073508,0.582951026039156,0.4646415478029436,-1.1238548706893283,-1.0802570054367169,1.0,1.0,2026-08-31T15:22:24.451188+00:00,1806733
energy,bbb,control,1,0,691,463,228,12,0.0,27,50,0.6317895132083257,0.6756326567554086,0.9351080160073508,0.582951026039156,0.4646415478029436,-1.1238548706893283,-1.0802570054367169,1.0,1.0,2026-08-31T15:22:24.530647+00:00,1806733
energy,bbb,control,2,0,691,463,228,7,0.2559652928416486,26,51,0.6958111031599116,0.6421345296517164,1.0835908536756442,0.5679127214232629,0.4765974855681656,-1.130561362315014,-1.0776928698089672,1.0,1.0,2026-08-31T15:22:24.611525+00:00,1806733
energy,bbb,control,3,0,691,463,228,4,0.6271551724137931,29,48,0.6271647769500166,0.680253565892599,0.9219573529571704,0.4828490386422352,0.5245811232613834,-1.0667415867235923,-1.1129463701138231,1.0,1.0,2026-08-31T15:22:24.689796+00:00,1806733
energy,bbb,control,4,0,691,463,228,2,1.0,28,49,0.6561151888867547,0.6626270286850224,0.9901726921535476,0.5059079847048799,0.5111740941523301,-1.1015881988995777,-1.0920910655359084,1.0,1.0,2026-08-31T15:22:24.775026+00:00,1806733
energy,bbb,control,5,0,691,463,228,4,0.2586206896551724,29,48,0.6118893921558113,0.6894824442057645,0.8874618886934315,0.5028893777884015,0.5130792580358732,-1.079643196128181,-1.1051516477652177,1.0,1.0,2026-08-31T15:22:24.858674+00:00,1806733
energy,bbb,control,6,0,691,463,228,4,0.4381778741865509,26,51,0.6146744157847887,0.6834983310586417,0.8993063886970221,0.4011744445347504,0.5563463682571101,-1.0349209262639347,-1.1264507391683407,1.0,1.0,2026-08-31T15:22:24.936916+00:00,1806733
energy,bbb,control,7,0,691,463,228,6,0.3498920086393088,28,49,0.6358539687770736,0.6742048687476973,0.943116845118816,0.4257112908562359,0.5513546726058162,-1.0549749754211084,-1.118727193237891,1.0,1.0,2026-08-31T15:22:25.008349+00:00,1806733
energy,gp,gap,0,0,691,462,229,12,0.0,27,50,7.541891249626095,0.1986276680842028,37.96999341717546,21.84397618295906,0.2527750497991905,-10.340535000008352,-0.1781135226605658,0.2592592592592592,1.0,2026-08-31T15:19:06.450736+00:00,1806733
energy,gp,gap,1,0,691,462,229,12,0.0,27,50,7.541891249626095,0.1986276680842028,37.96999341717546,21.84397618295906,0.2527750497991905,-10.340535000008352,-0.1781135226605658,0.2592592592592592,1.0,2026-08-31T15:19:06.581845+00:00,1806733
energy,gp,gap,2,0,691,461,230,7,0.2559652928416486,26,51,0.8602946621436712,0.2162543503990724,3.9781611817570224,5.20853064100261,0.3551679036821713,-28.65586535587109,-0.4356814448926016,0.3461538461538461,0.9803921568627452,2026-08-31T15:19:07.574471+00:00,1806733
energy,gp,gap,3,0,691,464,227,4,0.6271551724137931,29,48,0.2787299295879898,0.2590784361706745,1.0758515209053117,0.6023045335839247,0.5054765686834156,-0.8279820007050007,-0.7033270969500527,0.9310344827586208,0.9375,2026-08-31T15:19:17.043292+00:00,1806733
energy,gp,gap,4,0,691,463,228,2,1.0,28,49,0.2514094906423837,0.2536201396719833,0.991283621906136,0.4493057202615549,0.3864564400775604,-0.6198013336622311,-0.5069704372035404,0.9642857142857144,0.9387755102040816,2026-08-31T15:19:19.011646+00:00,1806733
energy,gp,gap,5,0,691,464,227,4,0.2586206896551724,29,48,0.2439274718973513,0.2620557714357704,0.9308227426585706,0.464079835910997,0.4668740497307719,-0.6556663096960142,-0.6543029268616705,0.9655172413793104,0.9583333333333334,2026-08-31T15:19:17.503800+00:00,1806733
energy,gp,gap,6,0,691,461,230,4,0.4381778741865509,26,51,0.4735468257578161,0.2574833186433901,1.839135941904144,0.5788496347127297,0.4306961972452269,-0.7953280660084233,-0.5851369057861221,0.9615384615384616,0.9803921568627452,2026-08-31T15:19:20.270995+00:00,1806733
energy,gp,gap,7,0,691,463,228,6,0.3498920086393088,28,49,0.2209222195335984,0.2337497277629397,0.9451228955340196,0.4214509753990845,0.4395676571556164,-0.5414243124668235,-0.593131488839454,0.9642857142857144,0.9387755102040816,2026-08-31T15:19:19.589590+00:00,1806733
energy,gp,control,0,0,691,463,228,12,0.0,27,50,0.2795548963794421,0.2425016667581085,1.1527957729803713,0.5452616059642867,0.3250263716889116,-0.8457036225740049,-0.3951454238673249,0.8888888888888888,1.0,2026-08-31T15:19:21.638323+00:00,1806733
energy,gp,control,1,0,691,463,228,12,0.0,27,50,0.2795548963794421,0.2425016667581085,1.1527957729803713,0.5452616059642867,0.3250263716889116,-0.8457036225740049,-0.3951454238673249,0.8888888888888888,1.0,2026-08-31T15:19:21.716615+00:00,1806733
energy,gp,control,2,0,691,463,228,7,0.2559652928416486,26,51,0.2403215386404568,0.2632295203038918,0.9129733563432084,0.3189402706869888,0.4572871351593843,-0.3762568573872768,-0.6433057002116703,1.0,0.9411764705882352,2026-08-31T15:19:21.797082+00:00,1806733
energy,gp,control,3,0,691,463,228,4,0.6271551724137931,29,48,0.2610833798761766,0.2521176567446091,1.0355616629447322,0.393790794206634,0.4284764318575567,-0.5327720080123577,-0.5654350160522083,0.9655172413793104,0.9583333333333334,2026-08-31T15:19:21.873928+00:00,1806733
energy,gp,control,4,0,691,463,228,2,1.0,28,49,0.264536342080991,0.2503275094261757,1.0567609716063016,0.4349552635313753,0.4043708327949076,-0.5807638829807511,-0.5373444954980273,0.9642857142857144,0.9591836734693876,2026-08-31T15:19:21.956590+00:00,1806733
energy,gp,control,5,0,691,463,228,4,0.2586206896551724,29,48,0.2081610673407391,0.2840915539014359,0.7327252939485822,0.4278204453255212,0.4082891988808292,-0.5570091313660525,-0.5507917540260178,0.9310344827586208,0.9791666666666666,2026-08-31T15:19:22.036057+00:00,1806733
energy,gp,control,6,0,691,463,228,4,0.4381778741865509,26,51,0.2213732415953848,0.2728894364445167,0.81121953447397,0.3686708837797432,0.4378111619916607,-0.4587286793996839,-0.6012612419308351,0.9615384615384616,0.9607843137254902,2026-08-31T15:19:22.118128+00:00,1806733
energy,gp,control,7,0,691,463,228,6,0.3498920086393088,28,49,0.2194940679956849,0.2760659517606363,0.7950783738300254,0.3798629035478541,0.4349337250061533,-0.4787612067347491,-0.5956317390671714,1.0,0.9387755102040816,2026-08-31T15:19:22.220196+00:00,1806733
energy,mcd,gap,0,1,691,461,230,12,0.0,26,51,0.8286380041338,0.8105212908913535,1.0223519276372408,8.743592195596065,0.8725084115952481,-21.97108409741819,-1.4317352771610348,0.1153846153846153,1.0,2026-08-31T15:19:27.097620+00:00,1806733
energy,mcd,gap,1,1,691,461,230,12,0.0,26,51,0.8286380041338,0.8105212908913535,1.0223519276372408,8.743592195596065,0.8725084115952481,-21.97108409741819,-1.4317352771610348,0.1153846153846153,1.0,2026-08-31T15:19:27.354481+00:00,1806733
energy,mcd,gap,2,1,691,460,231,7,0.2543478260869565,25,52,0.9010682792372268,0.9649775786012916,0.933771207972832,4.773362801354526,0.913068163779166,-6.239185419763769,-1.5489926681738369,0.6,0.9807692307692308,2026-08-31T15:19:28.518107+00:00,1806733
energy,mcd,gap,3,1,691,460,231,4,0.6239130434782608,25,52,1.0950029599856392,1.0090231895995203,1.085210896312744,1.1808910884135966,1.7560629784143549,-1.732206220140322,-1.9885175243222004,1.0,0.8846153846153846,2026-08-31T15:19:29.137512+00:00,1806733
energy,mcd,gap,4,1,691,462,229,2,1.0,27,50,1.1631832265213886,1.1874778153427794,0.9795410166762756,1.4105084457400996,1.2646555779529731,-1.8754120698956904,-1.8330814059193383,1.0,0.98,2026-08-31T15:19:29.567446+00:00,1806733
energy,mcd,gap,5,1,691,459,232,4,0.2418300653594771,24,53,1.2151445127065643,1.2005212947627937,1.012180723497004,1.435949437833577,1.0728449656649988,-1.8835927038104563,-1.7706800179052404,1.0,1.0,2026-08-31T15:19:31.361660+00:00,1806733
energy,mcd,gap,6,1,691,457,234,4,0.437636761487965,22,55,1.172043355339216,1.1740311612328629,0.998306854230718,1.4018243558702048,1.1457047238592974,-1.893339911561658,-1.8130987842547068,0.9545454545454546,1.0,2026-08-31T15:19:36.553024+00:00,1806733
energy,mcd,gap,7,1,691,460,231,6,0.3369565217391304,25,52,1.1565338497884914,1.1864293448844128,0.9748021277248212,1.1257612361326852,1.173661526193445,-1.778290358790869,-1.800603627514638,1.0,1.0,2026-08-31T15:19:36.796829+00:00,1806733
energy,mcd,control,0,1,691,460,231,12,0.0,26,51,1.13896774414932,1.1846742723106636,0.9614184850387654,1.088249557089814,1.2194214821884783,-1.7466666685599308,-1.803057957501157,1.0,1.0,2026-08-31T15:19:38.108749+00:00,1806733
energy,mcd,control,1,1,691,460,231,12,0.0,26,51,1.13896774414932,1.1846742723106636,0.9614184850387654,1.088249557089814,1.2194214821884783,-1.7466666685599308,-1.803057957501157,1.0,1.0,2026-08-31T15:19:38.192841+00:00,1806733
energy,mcd,control,2,1,691,460,231,7,0.2543478260869565,25,52,1.068420591881689,1.2177122007439218,0.8773999235853693,1.4164261951166304,1.0421068869418617,-1.8499366446039809,-1.7523244826926476,1.0,1.0,2026-08-31T15:19:38.276719+00:00,1806733
energy,mcd,control,3,1,691,460,231,4,0.6239130434782608,25,52,1.2154979151690484,1.1470019491634609,1.0597173928566936,0.9354811674915864,1.276637451586386,-1.721443774983974,-1.8140999007791887,1.0,1.0,2026-08-31T15:19:38.360386+00:00,1806733
energy,mcd,control,4,1,691,460,231,2,1.0,27,50,1.154046489782956,1.177445880231727,0.980126992805677,1.1872083003215357,1.171088169763551,-1.783697046148438,-1.7841893793821872,1.0,1.0,2026-08-31T15:19:38.436576+00:00,1806733
energy,mcd,control,5,1,691,460,231,4,0.2418300653594771,24,53,1.1734314098061047,1.1673433094411254,1.0052153469469869,1.2823550012310032,1.1256986634987196,-1.812810465003461,-1.7709780765100778,1.0,1.0,2026-08-31T15:19:38.511923+00:00,1806733
energy,mcd,control,6,1,691,460,231,4,0.437636761487965,22,55,1.1674584402967476,1.169953882712686,0.9978670591612104,1.1631499456497207,1.182168264904418,-1.7830938466122268,-1.784385901629967,1.0,1.0,2026-08-31T15:19:38.595923+00:00,1806733
energy,mcd,control,7,1,691,460,231,6,0.3369565217391304,25,52,1.1423881179392037,1.1821508901393476,0.9663640466442852,1.068942766589326,1.225230943045727,-1.7445675584760332,-1.8029826971772376,1.0,1.0,2026-08-31T15:19:38.676015+00:00,1806733
energy,map,gap,0,1,691,461,230,12,0.0,26,51,0.0,0.0,,14.46275617580438,0.4005101072475811,-1011.666135630707,-0.5601455792675125,0.0,0.8627450980392157,2026-08-31T15:19:37.801227+00:00,1806733
energy,map,gap,1,1,691,461,230,12,0.0,26,51,0.0,0.0,,14.46275617580438,0.4005101072475811,-1011.666135630707,-0.5601455792675125,0.0,0.8627450980392157,2026-08-31T15:19:37.954301+00:00,1806733
energy,map,gap,2,1,691,460,231,7,0.2543478260869565,25,52,0.0,0.0,,4.266911577333525,0.6766309798197937,-55.77021629939808,-1.4148512200274832,0.2,0.8653846153846154,2026-08-31T15:19:39.975223+00:00,1806733
energy,map,gap,3,1,691,460,231,4,0.6239130434782608,25,52,0.0,0.0,,0.8304902819044513,0.7423306434856326,-2.0831158201819964,-1.6695485868267548,0.8,0.8076923076923077,2026-08-31T15:19:44.959910+00:00,1806733
energy,map,gap,4,1,691,462,229,2,1.0,27,50,0.0,0.0,,0.4198796996617763,0.7132757647600869,-0.5556269082518891,-1.630368296509931,0.9629629629629628,0.8,2026-08-31T15:19:45.274301+00:00,1806733
energy,map,gap,5,1,691,459,232,4,0.2418300653594771,24,53,0.0,0.0,,0.5676030789813575,0.7275877307720159,-0.9767467473788932,-1.5810156250276204,0.8333333333333334,0.8867924528301887,2026-08-31T15:19:46.250998+00:00,1806733
energy,map,gap,6,1,691,457,234,4,0.437636761487965,22,55,0.0,0.0,,0.7582310530461852,0.6978648555588568,-1.697660756291551,-1.4448540123224296,0.7727272727272727,0.8545454545454545,2026-08-31T15:19:46.348363+00:00,1806733
energy,map,gap,7,1,691,460,231,6,0.3369565217391304,25,52,0.0,0.0,,0.6678038364537346,0.6741348197684803,-1.3682629253583602,-1.393972336237861,0.8,0.903846153846154,2026-08-31T15:19:47.379740+00:00,1806733
energy,map,control,0,1,691,460,231,12,0.0,26,51,0.0,0.0,,0.7361490884422328,0.4650485323692437,-1.6260010297043492,-0.6689458478814837,0.8461538461538461,0.9019607843137256,2026-08-31T15:19:48.494658+00:00,1806733
energy,map,control,1,1,691,460,231,12,0.0,26,51,0.0,0.0,,0.7361490884422328,0.4650485323692437,-1.6260010297043492,-0.6689458478814837,0.8461538461538461,0.9019607843137256,2026-08-31T15:19:48.569863+00:00,1806733
energy,map,control,2,1,691,460,231,7,0.2543478260869565,25,52,0.0,0.0,,0.5534280307814576,0.5794977080628451,-0.9334878763647328,-1.0202897712528929,0.88,0.8846153846153846,2026-08-31T15:19:48.645026+00:00,1806733
energy,map,control,3,1,691,460,231,4,0.6239130434782608,25,52,0.0,0.0,,0.5222695829910631,0.593238205630583,-0.8349829100186367,-1.0676479281500544,0.88,0.8846153846153846,2026-08-31T15:19:48.724137+00:00,1806733
energy,map,control,4,1,691,460,231,2,1.0,27,50,0.0,0.0,,0.3912147306513412,0.6478774179310237,-0.483142023096518,-1.2669486078132552,0.8888888888888888,0.88,2026-08-31T15:19:48.805367+00:00,1806733
energy,map,control,5,1,691,460,231,4,0.2418300653594771,24,53,0.0,0.0,,0.4153080177340355,0.6291659875013124,-0.5402510531569011,-1.196721504500059,0.9583333333333334,0.8490566037735849,2026-08-31T15:19:48.880951+00:00,1806733
energy,map,control,6,1,691,460,231,4,0.437636761487965,22,55,0.0,0.0,,0.3887953190241544,0.6294878134292801,-0.4775957395450623,-1.1979119771686793,0.9545454545454546,0.8545454545454545,2026-08-31T15:19:48.957074+00:00,1806733
energy,map,control,7,1,691,460,231,6,0.3369565217391304,25,52,0.0,0.0,,0.4103165868256408,0.6341345854112557,-0.5281395011544153,-1.2151687977963146,0.96,0.8461538461538461,2026-08-31T15:19:49.037330+00:00,1806733
energy,laplace,gap,0,1,691,461,230,12,0.0,26,51,5.710823049057096,0.2127529434671506,26.84251017161065,14.46275617580438,0.4005101072475811,-5.934776443819836,-0.5147774899687305,0.5769230769230769,0.9411764705882352,2026-08-31T15:19:54.325276+00:00,1806733
energy,laplace,gap,1,1,691,461,230,12,0.0,26,51,5.710823049057096,0.2127529434671506,26.84251017161065,14.46275617580438,0.4005101072475811,-5.934776443819836,-0.5147774899687305,0.5769230769230769,0.9411764705882352,2026-08-31T15:19:54.893525+00:00,1806733
energy,laplace,gap,2,1,691,460,231,7,0.2543478260869565,25,52,2.135684879706785,0.2064700400517762,10.343800384652525,4.266911577333525,0.6766309798197937,-2.834518589255472,-1.1689409639048007,0.64,0.8846153846153846,2026-08-31T15:19:55.669181+00:00,1806733
energy,laplace,gap,3,1,691,460,231,4,0.6239130434782608,25,52,0.2283480748831269,0.2132931652323942,1.0705831789515132,0.8304902819044513,0.7423306434856326,-1.4328505026803242,-1.3288354815907546,0.8,0.8846153846153846,2026-08-31T15:19:55.725725+00:00,1806733
energy,laplace,gap,4,1,691,462,229,2,1.0,27,50,0.2414800695689004,0.265011286142339,0.9112067379620962,0.4198796996617763,0.7132757647600869,-0.5629217699657129,-1.1208996953619257,0.9629629629629628,0.88,2026-08-31T15:19:56.881518+00:00,1806733
energy,laplace,gap,5,1,691,459,232,4,0.2418300653594771,24,53,0.2248427066147236,0.2601741807321116,0.8642006904068353,0.5676030789813575,0.7275877307720159,-0.8806306972802829,-1.2853840953395566,0.875,0.9433962264150944,2026-08-31T15:19:57.798852+00:00,1806733
energy,laplace,gap,6,1,691,457,234,4,0.437636761487965,22,55,0.56367422968324,0.2653169630103224,2.1245314407632114,0.7582310530461852,0.6978648555588568,-0.995110271887528,-1.1040805694096525,1.0,0.9454545454545454,2026-08-31T15:19:58.378199+00:00,1806733
energy,laplace,gap,7,1,691,460,231,6,0.3369565217391304,25,52,0.2351805992005478,0.2636785400925215,0.8919216524713229,0.6678038364537346,0.6741348197684803,-1.175512373658836,-0.9924733347185865,0.88,0.9230769230769232,2026-08-31T15:20:04.025141+00:00,1806733
energy,laplace,control,0,1,691,460,231,12,0.0,26,51,0.2864275813553383,0.2611980545621116,1.09659155706777,0.7361490884422328,0.4650485323692437,-1.167212819269333,-0.6189599269978495,0.9615384615384616,0.9607843137254902,2026-08-31T15:20:04.406342+00:00,1806733
energy,laplace,control,1,1,691,460,231,12,0.0,26,51,0.2864275813553383,0.2611980545621116,1.09659155706777,0.7361490884422328,0.4650485323692437,-1.167212819269333,-0.6189599269978495,0.9615384615384616,0.9607843137254902,2026-08-31T15:20:04.487395+00:00,1806733
energy,laplace,control,2,1,691,460,231,7,0.2543478260869565,25,52,0.2549500313167289,0.2768166752882359,0.921006767570132,0.5534280307814576,0.5794977080628451,-0.7757595712967077,-0.8177019287591402,0.92,0.9807692307692308,2026-08-31T15:20:04.560750+00:00,1806733
energy,laplace,control,3,1,691,460,231,4,0.6239130434782608,25,52,0.267663451362704,0.2707044541122864,0.9887663364847294,0.5222695829910631,0.593238205630583,-0.7229989355925633,-0.8430676190015173,0.96,0.9615384615384616,2026-08-31T15:20:04.640937+00:00,1806733
energy,laplace,control,4,1,691,460,231,2,1.0,27,50,0.2515670734414059,0.2795181382997707,0.9000026795098767,0.3912147306513412,0.6478774179310237,-0.507464075926201,-0.9642591905577108,0.9629629629629628,0.96,2026-08-31T15:20:04.718914+00:00,1806733
energy,laplace,control,5,1,691,460,231,4,0.2418300653594771,24,53,0.2314703947233118,0.2870363853688114,0.8064148188944648,0.4153080177340355,0.6291659875013124,-0.5329766266646182,-0.9268500101498516,1.0,0.9433962264150944,2026-08-31T15:20:04.800192+00:00,1806733
energy,laplace,control,6,1,691,460,231,4,0.437636761487965,22,55,0.2306598682699223,0.2853400144721491,0.8083684606823212,0.3887953190241544,0.6294878134292801,-0.4835634316313247,-0.9322926196727968,0.9545454545454546,0.9636363636363636,2026-08-31T15:20:04.882038+00:00,1806733
energy,laplace,control,7,1,691,460,231,6,0.3369565217391304,25,52,0.2326497267031403,0.2875379755832304,0.8091095662450949,0.4103165868256408,0.6341345854112557,-0.538038491979245,-0.931990909200228,1.0,0.9423076923076924,2026-08-31T15:20:04.959052+00:00,1806733
energy,ensemble,gap,0,1,691,461,230,12,0.0,26,51,1.910462291089321,0.2093403206095732,9.12610760089738,14.994130891500047,0.3022524724554877,-57.70002419711818,-0.2861692220202231,0.0,0.9803921568627452,2026-08-31T15:20:37.007239+00:00,1806733
energy,ensemble,gap,1,1,691,461,230,12,0.0,26,51,1.910462291089321,0.2093403206095732,9.12610760089738,14.994130891500047,0.3022524724554877,-57.70002419711818,-0.2861692220202231,0.0,0.9803921568627452,2026-08-31T15:20:37.468886+00:00,1806733
energy,ensemble,gap,2,1,691,460,231,7,0.2543478260869565,25,52,0.4685835251330619,0.2331415466446767,2.0098671038123226,4.23755092976088,0.623099588226227,-19.809329450328093,-0.9456656326977791,0.2,0.9615384615384616,2026-08-31T15:20:38.552514+00:00,1806733
energy,ensemble,gap,3,1,691,460,231,4,0.6239130434782608,25,52,0.2597027770147713,0.2416996415911272,1.074485569383256,0.6760624048753784,0.6158771794305223,-1.0062292986984924,-1.0858029534921478,0.88,0.9230769230769232,2026-08-31T15:20:39.764783+00:00,1806733
energy,ensemble,gap,4,1,691,462,229,2,1.0,27,50,0.2512227774898942,0.2268779198935612,1.1073037764439762,0.3213963586280717,0.6628440394135693,-0.4217767818196218,-1.1859959723383098,0.9629629629629628,0.92,2026-08-31T15:20:40.210143+00:00,1806733
energy,ensemble,gap,5,1,691,459,232,4,0.2418300653594771,24,53,0.2040362504284127,0.2292943200948292,0.8898443290877396,0.5764998638549451,0.6797870736767698,-0.8522527851047889,-1.161635376042096,0.875,0.9245283018867924,2026-08-31T15:20:46.508026+00:00,1806733
energy,ensemble,gap,6,1,691,457,234,4,0.437636761487965,22,55,0.3146330248074993,0.2289663275763127,1.3741453956920129,0.5348282438632919,0.6197180156161493,-0.7864209695743195,-1.097276940415057,1.0,0.9272727272727272,2026-08-31T15:20:46.926767+00:00,1806733
energy,ensemble,gap,7,1,691,460,231,6,0.3369565217391304,25,52,0.2510100437087422,0.2675345181148073,0.9382342341373164,0.5722335796901974,0.6444637449976326,-0.9800230043765282,-0.9450769644499192,0.84,0.9423076923076924,2026-08-31T15:21:18.900040+00:00,1806733
energy,ensemble,control,0,1,691,460,231,12,0.0,26,51,0.24131630843235,0.2521588115411312,0.95700129199327,0.810000341794353,0.4443174489826023,-1.325359862930162,-0.6100789566626371,0.8846153846153846,0.9607843137254902,2026-08-31T15:21:19.376626+00:00,1806733
energy,ensemble,control,1,1,691,460,231,12,0.0,26,51,0.24131630843235,0.2521588115411312,0.95700129199327,0.810000341794353,0.4443174489826023,-1.325359862930162,-0.6100789566626371,0.8846153846153846,0.9607843137254902,2026-08-31T15:21:19.455572+00:00,1806733
energy,ensemble,control,2,1,691,460,231,7,0.2543478260869565,25,52,0.2848499955444161,0.2310206446005458,1.2330066693257902,0.5465493166414938,0.6148644046476344,-0.8389378560059257,-0.8576910928044339,0.92,0.9423076923076924,2026-08-31T15:21:19.534598+00:00,1806733
energy,ensemble,control,3,1,691,460,231,4,0.6239130434782608,25,52,0.237905967302786,0.2535898889474834,0.9381524172363772,0.5843170299958843,0.5979334986304543,-0.8850996339557662,-0.835497930328549,0.92,0.9423076923076924,2026-08-31T15:21:19.616863+00:00,1806733
energy,ensemble,control,4,1,691,460,231,2,1.0,27,50,0.2354074060154332,0.2555664689084417,0.921120078940283,0.3738024245208224,0.6834364541897885,-0.4966683605968384,-1.0432667497972814,0.9629629629629628,0.92,2026-08-31T15:21:19.691569+00:00,1806733
energy,ensemble,control,5,1,691,460,231,4,0.2418300653594771,24,53,0.2308422952062071,0.2564926098658455,0.899995891994493,0.4162892246884497,0.6582969869316013,-0.5595826481595151,-0.9838377296254784,0.9583333333333334,0.9245283018867924,2026-08-31T15:21:19.769626+00:00,1806733
energy,ensemble,control,6,1,691,460,231,4,0.437636761487965,22,55,0.256340208365245,0.2453607058873344,1.0447484141285128,0.4729103091723945,0.635420556995677,-0.6168961671427602,-0.9454848645243268,1.0,0.9090909090909092,2026-08-31T15:21:19.848710+00:00,1806733
energy,ensemble,control,7,1,691,460,231,6,0.3369565217391304,25,52,0.2400051317984344,0.2525806752476524,0.9502117751609944,0.4719901943954122,0.6438699638071413,-0.6436536341081422,-0.951577737947599,1.0,0.903846153846154,2026-08-31T15:21:19.930782+00:00,1806733
energy,bbb,gap,0,1,691,461,230,12,0.0,26,51,0.639677382890807,0.5956197965348867,1.0739693116518831,12.068244643515394,0.4644809403467062,-89.85016752876335,-0.9585714716816748,0.0384615384615384,1.0,2026-08-31T15:23:55.100103+00:00,1806733
energy,bbb,gap,1,1,691,461,230,12,0.0,26,51,0.639677382890807,0.5956197965348867,1.0739693116518831,12.068244643515394,0.4644809403467062,-89.85016752876335,-0.9585714716816748,0.0384615384615384,1.0,2026-08-31T15:23:58.178352+00:00,1806733
energy,bbb,gap,2,1,691,460,231,7,0.2543478260869565,25,52,0.6609537871475563,0.589764565317362,1.120707865505426,5.023226098333957,0.6348474405464927,-12.019718193890151,-1.1137809955929978,0.24,0.9807692307692308,2026-08-31T15:23:59.021939+00:00,1806733
energy,bbb,gap,3,1,691,460,231,4,0.6239130434782608,25,52,0.6397262977981498,0.6630170365951853,0.964871583215054,0.6611821521224318,1.024210581564667,-1.1926460358871342,-1.4688154441499497,1.0,0.903846153846154,2026-08-31T15:24:06.297181+00:00,1806733
energy,bbb,gap,4,1,691,462,229,2,1.0,27,50,0.586166348584931,0.602635501017843,0.9726714532995552,0.5536232290706958,0.6534099958624011,-1.0526813871137355,-1.139246839308114,1.0,0.98,2026-08-31T15:24:07.088867+00:00,1806733
energy,bbb,gap,5,1,691,459,232,4,0.2418300653594771,24,53,0.6081859833915382,0.6159292775398073,0.9874282739421024,0.620677764390433,0.6594546013937699,-1.1225773708386608,-1.153711086272026,1.0,0.981132075471698,2026-08-31T15:24:38.303045+00:00,1806733
energy,bbb,gap,6,1,691,457,234,4,0.437636761487965,22,55,0.6235843211204849,0.6597880365495042,0.9451282632853514,0.7647702625842651,0.6310401120332967,-1.2387804409412717,-1.1674437980615435,1.0,0.9818181818181818,2026-08-31T15:24:40.659796+00:00,1806733
energy,bbb,gap,7,1,691,460,231,6,0.3369565217391304,25,52,0.5540746487548133,0.590950934424097,0.9375983968868398,0.6837224075491737,0.654085008902281,-1.134518233207103,-1.1209257780154565,1.0,0.9807692307692308,2026-08-31T15:25:47.021307+00:00,1806733
energy,bbb,control,0,1,691,460,231,12,0.0,26,51,0.6195701621612121,0.6812607324078277,0.909446461080212,0.8277250904947896,0.5017021646703239,-1.2658568153877343,-1.089058092025261,0.9615384615384616,1.0,2026-08-31T15:27:17.775304+00:00,1806733
energy,bbb,control,1,1,691,460,231,12,0.0,26,51,0.6195701621612121,0.6812607324078277,0.909446461080212,0.8277250904947896,0.5017021646703239,-1.2658568153877343,-1.089058092025261,0.9615384615384616,1.0,2026-08-31T15:27:17.858356+00:00,1806733
energy,bbb,control,2,1,691,460,231,7,0.2543478260869565,25,52,0.679803067332562,0.6511162478014747,1.0440579076746277,0.6010594874972537,0.6447792546725644,-1.141448314214844,-1.152269846884583,1.0,0.9807692307692308,2026-08-31T15:27:17.939151+00:00,1806733
energy,bbb,control,3,1,691,460,231,4,0.6239130434782608,25,52,0.6259914880142913,0.676987199396797,0.9246725618624052,0.6222362416558778,0.6350478345751773,-1.1374665270466813,-1.1541841676385074,1.0,0.9807692307692308,2026-08-31T15:27:18.025901+00:00,1806733
energy,bbb,control,4,1,691,460,231,2,1.0,27,50,0.6551357375664203,0.6632891330939477,0.9877076298695028,0.4941983999872152,0.6936287486001599,-1.0774490832103645,-1.1872622929337913,1.0,0.98,2026-08-31T15:27:18.103425+00:00,1806733
energy,bbb,control,5,1,691,460,231,4,0.2418300653594771,24,53,0.650822816388024,0.6647806410505313,0.9790038641311062,0.5712415970720386,0.656156627235797,-1.106535452175063,-1.1678752649276962,1.0,0.981132075471698,2026-08-31T15:27:18.186895+00:00,1806733
energy,bbb,control,6,1,691,460,231,4,0.437636761487965,22,55,0.6310590882661239,0.6721785750388364,0.9388265435709005,0.5505031978736394,0.6603459790960665,-1.093348850212079,-1.1709193670673397,1.0,0.9818181818181818,2026-08-31T15:27:18.266972+00:00,1806733
energy,bbb,control,7,1,691,460,231,6,0.3369565217391304,25,52,0.6281224639931864,0.675962691714636,0.9292265263929008,0.5863028029324666,0.6512788190422194,-1.1172335985576434,-1.163911537104391,1.0,0.9807692307692308,2026-08-31T15:27:18.344791+00:00,1806733
energy,gp,gap,0,1,691,461,230,12,0.0,26,51,4.87235003532323,0.1983153467758087,24.568698865405093,17.83067576334316,0.3744975378503602,-13.265316664713824,-0.4153165269189866,0.1538461538461538,0.9215686274509804,2026-08-31T15:24:02.404009+00:00,1806733
energy,gp,gap,1,1,691,461,230,12,0.0,26,51,4.87235003532323,0.1983153467758087,24.568698865405093,17.83067576334316,0.3744975378503602,-13.265316664713824,-0.4153165269189866,0.1538461538461538,0.9215686274509804,2026-08-31T15:24:03.239770+00:00,1806733
energy,gp,gap,2,1,691,460,231,7,0.2543478260869565,25,52,1.2904403477151147,0.1923990896641838,6.707102148806777,5.529266535350631,0.597766066168041,-27.05041472644411,-1.0608062581311914,0.4,0.9230769230769232,2026-08-31T15:24:06.448850+00:00,1806733
energy,gp,gap,3,1,691,460,231,4,0.6239130434782608,25,52,0.2805240595005549,0.2432088800096984,1.1534285240299142,0.73112469957414,0.58779849215391,-1.1526842379952362,-0.8962661717899512,0.84,0.9615384615384616,2026-08-31T15:24:10.603553+00:00,1806733
energy,gp,gap,4,1,691,462,229,2,1.0,27,50,0.2089723635186374,0.2382293476647608,0.8771898406602103,0.3838324375556391,0.6773738049586381,-0.4958924086764594,-1.169639748552715,0.925925925925926,0.92,2026-08-31T15:24:13.511060+00:00,1806733
energy,gp,gap,5,1,691,459,232,4,0.2418300653594771,24,53,0.2477790421827997,0.2401196666678046,1.0318981598687271,0.537567263019984,0.6666346839727644,-0.7997582835143247,-1.1874455792137248,0.9166666666666666,0.8867924528301887,2026-08-31T15:24:13.872423+00:00,1806733
energy,gp,gap,6,1,691,457,234,4,0.437636761487965,22,55,0.3960755707616856,0.235544488087531,1.681531900735879,0.5329186751109358,0.6478688947242278,-0.7505187031727032,-1.0309509442595106,1.0,0.9272727272727272,2026-08-31T15:24:14.928682+00:00,1806733
energy,gp,gap,7,1,691,460,231,6,0.3369565217391304,25,52,0.1903598824793334,0.2201957916479769,0.864502818399265,0.5905163504773036,0.6363861068738793,-1.0787004558711797,-1.12778181767584,0.8,0.8653846153846154,2026-08-31T15:24:16.547145+00:00,1806733
energy,gp,control,0,1,691,460,231,12,0.0,26,51,0.2332512436383833,0.238657748582943,0.9773461998336048,0.8747783227069842,0.4310136987815861,-1.6932406754874216,-0.5537966301898679,0.8461538461538461,0.9411764705882352,2026-08-31T15:24:21.119584+00:00,1806733
energy,gp,control,1,1,691,460,231,12,0.0,26,51,0.2332512436383833,0.238657748582943,0.9773461998336048,0.8747783227069842,0.4310136987815861,-1.6932406754874216,-0.5537966301898679,0.8461538461538461,0.9411764705882352,2026-08-31T15:24:21.206946+00:00,1806733
energy,gp,control,2,1,691,460,231,7,0.2543478260869565,25,52,0.235080575533778,0.2376742908458388,0.989087101920741,0.4470238294048242,0.6846506772806157,-0.6018771254260815,-1.1004030301289267,0.92,0.903846153846154,2026-08-31T15:24:21.289163+00:00,1806733
energy,gp,control,3,1,691,460,231,4,0.6239130434782608,25,52,0.2301173398874875,0.2400604618296323,0.9585807597537602,0.6494395521258116,0.6017008728404416,-1.1325719884855887,-0.8452612690426251,0.8,0.9615384615384616,2026-08-31T15:24:21.370254+00:00,1806733
energy,gp,control,4,1,691,460,231,2,1.0,27,50,0.2167538533819719,0.2476744694202964,0.8751562237694628,0.3927755113651003,0.7100030694775427,-0.4848151388164079,-1.183557539086264,0.9629629629629628,0.88,2026-08-31T15:24:21.452458+00:00,1806733
energy,gp,control,5,1,691,460,231,4,0.2418300653594771,24,53,0.2079828984896048,0.249895999029765,0.8322778247635413,0.3829741541742232,0.6983878650130215,-0.4681604999345664,-1.1515478057344646,0.9583333333333334,0.8867924528301887,2026-08-31T15:24:21.530996+00:00,1806733
energy,gp,control,6,1,691,460,231,4,0.437636761487965,22,55,0.1993911161511565,0.2518085992182294,0.7918360086597146,0.4863946444482579,0.6628564042080702,-0.6853337236219784,-1.0398280687758672,0.9545454545454546,0.8909090909090909,2026-08-31T15:24:21.606397+00:00,1806733
energy,gp,control,7,1,691,460,231,6,0.3369565217391304,25,52,0.1953552991667022,0.2567729814069329,0.7608094048536356,0.5331296190560895,0.6543478613263546,-0.8235516559789222,-0.993828736593907,0.88,0.9230769230769232,2026-08-31T15:24:21.684380+00:00,1806733
energy,mcd,gap,0,2,691,460,231,12,0.0,25,52,0.8215597183896614,0.7850357000987043,1.046525295965986,9.995159415611989,0.8049587376017948,-29.004727054911985,-1.3902983913455895,0.0,0.9807692307692308,2026-08-31T15:24:24.107847+00:00,1806733
energy,mcd,gap,1,2,691,460,231,12,0.0,25,52,0.8215597183896614,0.7850357000987043,1.046525295965986,9.995159415611989,0.8049587376017948,-29.004727054911985,-1.3902983913455895,0.0,0.9807692307692308,2026-08-31T15:24:24.823889+00:00,1806733
energy,mcd,gap,2,2,691,459,232,7,0.2461873638344226,24,53,0.8235429544898237,0.944293385351404,0.8721261498441557,4.916040675539089,0.7911795082316214,-6.771974527572279,-1.498045765554595,0.375,0.981132075471698,2026-08-31T15:24:26.313474+00:00,1806733
energy,mcd,gap,3,2,691,461,230,4,0.6247288503253796,26,51,1.0662772895540422,0.998901308790932,1.0674500875813866,1.6502448421545215,1.3574392881633677,-1.9458824749337824,-1.8130598880744608,0.9615384615384616,0.9607843137254902,2026-08-31T15:24:31.067146+00:00,1806733
energy,mcd,gap,4,2,691,464,227,2,1.0,29,48,1.1667079213565072,1.1504839352380196,1.0141018797582178,1.108308447946279,0.8362987348230715,-1.768425956256317,-1.6931867041183828,1.0,1.0,2026-08-31T15:24:33.289099+00:00,1806733
energy,mcd,gap,5,2,691,463,228,4,0.2462203023758099,28,49,1.1848582572605586,1.1887745989847622,0.996705564093018,1.355176290999912,1.0609089802161618,-1.8692088808692549,-1.7853417214100955,1.0,0.979591836734694,2026-08-31T15:24:33.877427+00:00,1806733
energy,mcd,gap,6,2,691,463,228,4,0.4254859611231101,28,49,1.2211073054213983,1.1992802223830266,1.0182001525840227,0.7444720778282602,1.2209585175299833,-1.7133258666309747,-1.824133519769764,1.0,1.0,2026-08-31T15:24:35.574940+00:00,1806733
energy,mcd,gap,7,2,691,457,234,6,0.336980306345733,22,55,1.2217395970602476,1.270561557019506,0.9615745024792144,1.0371346612712595,1.1261190720922178,-1.8022383477425068,-1.8406236707758328,1.0,1.0,2026-08-31T15:24:40.308621+00:00,1806733
energy,mcd,control,0,2,691,461,230,12,0.0,25,52,1.1579255331677871,1.164681516847743,0.9941992866013356,1.3852275088882924,1.2471013623374854,-1.874351693539894,-1.8306731355124557,1.0,1.0,2026-08-31T15:24:42.784768+00:00,1806733
energy,mcd,control,1,2,691,461,230,12,0.0,25,52,1.1579255331677871,1.164681516847743,0.9941992866013356,1.3852275088882924,1.2471013623374854,-1.874351693539894,-1.8306731355124557,1.0,1.0,2026-08-31T15:24:42.863024+00:00,1806733
energy,mcd,control,2,2,691,461,230,7,0.2461873638344226,24,53,1.0559352079166644,1.2107383436844783,0.8721415435669425,1.1999400882496196,1.3338018164027818,-1.8003760275915008,-1.864995674017906,1.0,1.0,2026-08-31T15:24:42.940648+00:00,1806733
energy,mcd,control,3,2,691,461,230,4,0.6247288503253796,26,51,1.1810028542447286,1.1530490783316538,1.0242433530700368,1.236302202798154,1.3218041276453718,-1.8282983745279395,-1.8532948558317373,1.0,1.0,2026-08-31T15:24:43.019984+00:00,1806733
energy,mcd,control,4,2,691,461,230,2,1.0,29,48,1.1744263184084769,1.1552752910714883,1.0165770249610602,1.3601573409045036,1.251617150006462,-1.8689351845298148,-1.8303057298704253,1.0,1.0,2026-08-31T15:24:43.099856+00:00,1806733
energy,mcd,control,5,2,691,461,230,4,0.2462203023758099,28,49,1.147270778954119,1.1711835794808565,0.9795823635630744,1.3876007975960596,1.2366246691066385,-1.876730976288536,-1.8266393479401228,1.0,1.0,2026-08-31T15:24:43.188050+00:00,1806733
energy,mcd,control,6,2,691,461,230,4,0.4254859611231101,28,49,1.1487175998512515,1.1703568246824947,0.9815105749162324,1.1378429659703313,1.3746522385589517,-1.7987362126740147,-1.871207784291278,1.0,1.0,2026-08-31T15:24:43.283119+00:00,1806733
energy,mcd,control,7,2,691,461,230,6,0.336980306345733,22,55,1.134410007190219,1.173719219038045,0.9665088453778212,1.0078185082032831,1.391530459583092,-1.759301941676751,-1.8790755030592088,1.0,1.0,2026-08-31T15:24:43.382397+00:00,1806733
energy,map,gap,0,2,691,460,231,12,0.0,25,52,0.0,0.0,,16.649359755322678,0.3857392379029247,-1461.9764724533793,-0.525767837840789,0.0,0.903846153846154,2026-08-31T15:24:42.249495+00:00,1806733
energy,map,gap,1,2,691,460,231,12,0.0,25,52,0.0,0.0,,16.649359755322678,0.3857392379029247,-1461.9764724533793,-0.525767837840789,0.0,0.903846153846154,2026-08-31T15:24:44.160985+00:00,1806733
energy,map,gap,2,2,691,459,232,7,0.2461873638344226,24,53,0.0,0.0,,4.674163779731024,0.5717968830245602,-66.40940390188398,-1.01018673501734,0.1666666666666666,0.8867924528301887,2026-08-31T15:24:46.843508+00:00,1806733
energy,map,gap,3,2,691,461,230,4,0.6247288503253796,26,51,0.0,0.0,,0.6835215647109484,0.5354705897671517,-1.4085615898526127,-0.876861196602421,0.8461538461538461,0.8627450980392157,2026-08-31T15:24:48.834635+00:00,1806733
energy,map,gap,4,2,691,464,227,2,1.0,29,48,0.0,0.0,,0.4688889960068971,0.526042197645159,-0.6913558452524542,-0.8706087076428582,0.896551724137931,0.875,2026-08-31T15:24:48.834688+00:00,1806733
energy,map,gap,5,2,691,463,228,4,0.2462203023758099,28,49,0.0,0.0,,0.470109604043846,0.6343033215705547,-0.6652167702824434,-1.102874944662406,0.9642857142857144,0.8775510204081632,2026-08-31T15:24:50.643575+00:00,1806733
energy,map,gap,6,2,691,463,228,4,0.4254859611231101,28,49,0.0,0.0,,0.6071828705261403,0.5338835175578692,-1.0947121065302623,-0.8583846208300343,0.8571428571428571,0.8979591836734694,2026-08-31T15:24:51.939933+00:00,1806733
energy,map,gap,7,2,691,457,234,6,0.336980306345733,22,55,0.0,0.0,,0.6918715678765341,0.5152728360070893,-1.624526481878832,-0.8764030882493338,0.8181818181818182,0.8545454545454545,2026-08-31T15:24:52.481276+00:00,1806733
energy,map,control,0,2,691,461,230,12,0.0,25,52,0.0,0.0,,0.5758736334753156,0.6136570554144134,-0.968747577092291,-1.0893603637289604,0.88,0.903846153846154,2026-08-31T15:24:55.253757+00:00,1806733
energy,map,control,1,2,691,461,230,12,0.0,25,52,0.0,0.0,,0.5758736334753156,0.6136570554144134,-0.968747577092291,-1.0893603637289604,0.88,0.903846153846154,2026-08-31T15:24:55.327498+00:00,1806733
energy,map,control,2,2,691,461,230,7,0.2461873638344226,24,53,0.0,0.0,,0.6418218771295009,0.5825482790345944,-1.1842530734354504,-0.9894972562030642,0.9166666666666666,0.8867924528301887,2026-08-31T15:24:55.406109+00:00,1806733
energy,map,control,3,2,691,461,230,4,0.6247288503253796,26,51,0.0,0.0,,0.5056232225470256,0.6451270458092935,-0.7648601043846276,-1.1956679534747627,0.9230769230769232,0.8823529411764706,2026-08-31T15:24:55.486006+00:00,1806733
energy,map,control,4,2,691,461,230,2,1.0,29,48,0.0,0.0,,0.6655066642849649,0.5595494021158234,-1.2673472601211409,-0.9190074541187526,0.8620689655172413,0.9166666666666666,2026-08-31T15:24:55.574969+00:00,1806733
energy,map,control,5,2,691,461,230,4,0.2462203023758099,28,49,0.0,0.0,,0.4595044843929808,0.6694593873867593,-0.6454121787579553,-1.281507904816132,0.9642857142857144,0.8571428571428571,2026-08-31T15:24:55.662746+00:00,1806733
energy,map,control,6,2,691,461,230,4,0.4254859611231101,28,49,0.0,0.0,,0.5376489733523492,0.6353337604354649,-0.8545231250213154,-1.162015935522783,0.8928571428571429,0.8979591836734694,2026-08-31T15:24:55.744380+00:00,1806733
energy,map,control,7,2,691,461,230,6,0.336980306345733,22,55,0.0,0.0,,0.6054008688704391,0.6001429439570047,-1.0623506332038068,-1.045340262013263,0.9090909090909092,0.8909090909090909,2026-08-31T15:24:55.818247+00:00,1806733
energy,laplace,gap,0,2,691,460,231,12,0.0,25,52,6.324214471239501,0.1672262651548946,37.81830841812826,16.649359755322678,0.3857392379029247,-6.3944998804878965,-0.4765705293266958,0.36,0.9230769230769232,2026-08-31T15:24:58.259402+00:00,1806733
energy,laplace,gap,1,2,691,460,231,12,0.0,25,52,6.324214471239501,0.1672262651548946,37.81830841812826,16.649359755322678,0.3857392379029247,-6.3944998804878965,-0.4765705293266958,0.36,0.9230769230769232,2026-08-31T15:24:58.159884+00:00,1806733
energy,laplace,gap,2,2,691,459,232,7,0.2461873638344226,24,53,2.565402576848927,0.231388585909283,11.086988438810485,4.674163779731024,0.5717968830245602,-3.4670337157363424,-0.8554949643736831,0.6666666666666666,0.9433962264150944,2026-08-31T15:24:59.971148+00:00,1806733
energy,laplace,gap,3,2,691,461,230,4,0.6247288503253796,26,51,0.2695292224473667,0.2393042221269502,1.1263036650660607,0.6835215647109484,0.5354705897671517,-1.052147210601301,-0.8169872604783174,0.8461538461538461,0.9019607843137256,2026-08-31T15:25:01.557660+00:00,1806733
energy,laplace,gap,4,2,691,464,227,2,1.0,29,48,0.2745501862822324,0.2490154327406785,1.1025428555191017,0.4688889960068971,0.526042197645159,-0.6306891597696934,-0.793309120375595,0.896551724137931,0.9166666666666666,2026-08-31T15:25:01.961924+00:00,1806733
energy,laplace,gap,5,2,691,463,228,4,0.2462203023758099,28,49,0.2295568031791797,0.2955759581618466,0.7766423379180346,0.470109604043846,0.6343033215705547,-0.6632330418820916,-0.9246240254278962,0.9642857142857144,0.9183673469387756,2026-08-31T15:25:05.428820+00:00,1806733
energy,laplace,gap,6,2,691,463,228,4,0.4254859611231101,28,49,0.6166061700390842,0.2586677098096734,2.383777126618473,0.6071828705261403,0.5338835175578692,-0.8456049211078795,-0.8273897558701742,1.0,0.9183673469387756,2026-08-31T15:25:07.427130+00:00,1806733
energy,laplace,gap,7,2,691,457,234,6,0.336980306345733,22,55,0.2390874451707652,0.2433272138927748,0.9825758547341196,0.6918715678765341,0.5152728360070893,-1.344503660423639,-0.7917846024253946,0.9090909090909092,0.8909090909090909,2026-08-31T15:25:07.796880+00:00,1806733
energy,laplace,control,0,2,691,461,230,12,0.0,25,52,0.3609485498004301,0.2600005458102295,1.388260738744299,0.5758736334753156,0.6136570554144134,-0.9358797666475684,-0.915865650007129,0.92,0.903846153846154,2026-08-31T15:25:09.231072+00:00,1806733
energy,laplace,control,1,2,691,461,230,12,0.0,25,52,0.3609485498004301,0.2600005458102295,1.388260738744299,0.5758736334753156,0.6136570554144134,-0.9358797666475684,-0.915865650007129,0.92,0.903846153846154,2026-08-31T15:25:09.309191+00:00,1806733
energy,laplace,control,2,2,691,461,230,7,0.2461873638344226,24,53,0.2448320083225336,0.3144863005170166,0.7785140653822726,0.6418218771295009,0.5825482790345944,-1.023269963354155,-0.8766703555860412,0.9166666666666666,0.9056603773584906,2026-08-31T15:25:09.388841+00:00,1806733
energy,laplace,control,3,2,691,461,230,4,0.6247288503253796,26,51,0.2705796973431397,0.304091568553354,0.8897967761170118,0.5056232225470256,0.6451270458092935,-0.7423334519427018,-1.0141438865892092,0.9230769230769232,0.9019607843137256,2026-08-31T15:25:09.466240+00:00,1806733
energy,laplace,control,4,2,691,461,230,2,1.0,29,48,0.3143686620823178,0.2797302276407389,1.1238279993325049,0.6655066642849649,0.5595494021158234,-0.9916877684586668,-0.8804804725262203,0.8620689655172413,0.9375,2026-08-31T15:25:09.543010+00:00,1806733
energy,laplace,control,5,2,691,461,230,4,0.2462203023758099,28,49,0.2354190998833615,0.3255511700083381,0.7231400823327772,0.4595044843929808,0.6694593873867593,-0.635405852430825,-1.0863396754795267,0.9642857142857144,0.8775510204081632,2026-08-31T15:25:09.622840+00:00,1806733
energy,laplace,control,6,2,691,461,230,4,0.4254859611231101,28,49,0.261529238369884,0.3106310908731823,0.8419287252757823,0.5376489733523492,0.6353337604354649,-0.784382333373193,-1.0012102577981736,0.9285714285714286,0.8979591836734694,2026-08-31T15:25:09.702120+00:00,1806733
energy,laplace,control,7,2,691,461,230,6,0.336980306345733,22,55,0.2556674704851306,0.3076192322994511,0.8311166651513253,0.6054008688704391,0.6001429439570047,-0.9786630414406632,-0.8998440191793696,0.9545454545454546,0.8909090909090909,2026-08-31T15:25:09.784310+00:00,1806733
energy,ensemble,gap,0,2,691,460,231,12,0.0,25,52,2.0777508457489717,0.2062510823548142,10.073890628969458,17.45057055955236,0.3496619107496147,-46.59232088994964,-0.4107619813689182,0.0,0.9615384615384616,2026-08-31T15:25:43.112717+00:00,1806733
energy,ensemble,gap,1,2,691,460,231,12,0.0,25,52,2.0777508457489717,0.2062510823548142,10.073890628969458,17.45057055955236,0.3496619107496147,-46.59232088994964,-0.4107619813689182,0.0,0.9615384615384616,2026-08-31T15:25:43.763371+00:00,1806733
energy,ensemble,gap,2,2,691,459,232,7,0.2461873638344226,24,53,0.3777647310823576,0.2354254144786484,1.6046047191588075,4.262715602354473,0.4688674367155425,-34.80962296988249,-0.5875489365804161,0.25,0.9433962264150944,2026-08-31T15:25:47.430011+00:00,1806733
energy,ensemble,gap,3,2,691,461,230,4,0.6247288503253796,26,51,0.2229905699655804,0.2177805248203309,1.0239233749186152,0.5252438342053499,0.4977407169470801,-0.751291669156785,-0.7323238796186379,0.9615384615384616,0.9411764705882352,2026-08-31T15:25:49.178338+00:00,1806733
energy,ensemble,gap,4,2,691,464,227,2,1.0,29,48,0.2319487661087994,0.2236859773985432,1.0369392342173256,0.4142917981483525,0.4550349000149442,-0.5540678433832342,-0.6224895151367803,0.9655172413793104,0.9583333333333334,2026-08-31T15:25:50.199634+00:00,1806733
energy,ensemble,gap,5,2,691,463,228,4,0.2462203023758099,28,49,0.2210171726991005,0.1964110760591798,1.1252785593033805,0.3784393506410911,0.5112191614039014,-0.4983440856233527,-0.7482717846747557,0.9642857142857144,0.9183673469387756,2026-08-31T15:25:52.053965+00:00,1806733
energy,ensemble,gap,6,2,691,463,228,4,0.4254859611231101,28,49,0.2851109413104934,0.2028736645428648,1.4053620116387888,0.5678834109809088,0.4705991734206244,-0.7191688139384862,-0.6408901028279943,0.8928571428571429,0.9591836734693876,2026-08-31T15:26:25.146293+00:00,1806733
energy,ensemble,gap,7,2,691,457,234,6,0.336980306345733,22,55,0.278534488251159,0.2668143185046618,1.0439263147951805,0.6387547210574456,0.4124831256523549,-1.1252560333618986,-0.6014366578859324,0.9090909090909092,0.9272727272727272,2026-08-31T15:26:26.164528+00:00,1806733
energy,ensemble,control,0,2,691,461,230,12,0.0,25,52,0.2749588373110012,0.2418396947622582,1.1369466769353185,0.5336405992125951,0.4564043709091393,-0.7514934181761193,-0.6532446397364142,0.96,0.9615384615384616,2026-08-31T15:26:29.403247+00:00,1806733
energy,ensemble,control,1,2,691,461,230,12,0.0,25,52,0.2749588373110012,0.2418396947622582,1.1369466769353185,0.5336405992125951,0.4564043709091393,-0.7514934181761193,-0.6532446397364142,0.96,0.9615384615384616,2026-08-31T15:26:29.494842+00:00,1806733
energy,ensemble,control,2,2,691,461,230,7,0.2461873638344226,24,53,0.2405692417988619,0.2580372312686749,0.9323043834258754,0.5557974031011349,0.4458891168102893,-0.8510629223115515,-0.6100103129286657,0.9583333333333334,0.9622641509433962,2026-08-31T15:26:29.579326+00:00,1806733
energy,ensemble,control,3,2,691,461,230,4,0.6247288503253796,26,51,0.2651862767381733,0.2461723895141166,1.0772380983163277,0.4657818396175328,0.4913046625170961,-0.668747106426178,-0.6935025873258017,0.9615384615384616,0.9607843137254902,2026-08-31T15:26:29.662623+00:00,1806733
energy,ensemble,control,4,2,691,461,230,2,1.0,29,48,0.2507782063100128,0.2536888974462933,0.9885265332240378,0.4416968489984749,0.5060751247545803,-0.5740969919858585,-0.7522342490230544,0.9655172413793104,0.9583333333333334,2026-08-31T15:26:29.746623+00:00,1806733
energy,ensemble,control,5,2,691,461,230,4,0.2462203023758099,28,49,0.2288446785563115,0.2661629400170557,0.8597916695000708,0.4002215976382878,0.5242331514127246,-0.5193860920923837,-0.7798621661655054,1.0,0.9387755102040816,2026-08-31T15:26:29.827515+00:00,1806733
energy,ensemble,control,6,2,691,461,230,4,0.4254859611231101,28,49,0.2440826163346,0.2574555470008909,0.948057321653883,0.4706248819051339,0.4896793368073359,-0.6213503300493205,-0.7215968873329703,0.9642857142857144,0.9591836734693876,2026-08-31T15:26:29.904190+00:00,1806733
energy,ensemble,control,7,2,691,461,230,6,0.336980306345733,22,55,0.2360001820424115,0.2592296555541709,0.9103903700288444,0.5111641315447336,0.4710300451853911,-0.7668375791891471,-0.6524659996097323,0.9545454545454546,0.9636363636363636,2026-08-31T15:26:29.981990+00:00,1806733
energy,bbb,gap,0,2,691,460,231,12,0.0,25,52,0.4725794703011154,0.4700173447455728,1.0054511298023046,14.813262392602065,0.4369088010922285,-173.55794149227205,-0.8459382250526423,0.4,1.0,2026-08-31T15:29:06.105719+00:00,1806733
energy,bbb,gap,1,2,691,460,231,12,0.0,25,52,0.4725794703011154,0.4700173447455728,1.0054511298023046,14.813262392602065,0.4369088010922285,-173.55794149227205,-0.8459382250526423,0.4,1.0,2026-08-31T15:29:06.317583+00:00,1806733
energy,bbb,gap,2,2,691,459,232,7,0.2461873638344226,24,53,0.6628832953143877,0.6041060628411732,1.0972962135105533,5.870962404582981,0.52836494827996,-18.136347971794034,-1.0304836832850317,0.2083333333333333,1.0,2026-08-31T15:29:08.964584+00:00,1806733
energy,bbb,gap,3,2,691,461,230,4,0.6247288503253796,26,51,0.5653553635591978,0.587873162835734,0.961696160498437,0.5646343086254925,0.5407502353331823,-1.052235606332863,-1.0453653973149508,1.0,1.0,2026-08-31T15:29:11.947407+00:00,1806733
energy,bbb,gap,4,2,691,464,227,2,1.0,29,48,0.5541266713735936,0.5308211094207568,1.043904738412284,0.5452425503237442,0.5218046176650326,-1.0236401059825526,-0.991448801645083,1.0,1.0,2026-08-31T15:29:46.325496+00:00,1806733
energy,bbb,gap,5,2,691,463,228,4,0.2462203023758099,28,49,0.6318192631727133,0.6822925723678744,0.9260239503707404,0.5469382759367822,0.4968604455355242,-1.0879014621440477,-1.0923556739445175,1.0,1.0,2026-08-31T15:29:48.831145+00:00,1806733
energy,bbb,gap,6,2,691,463,228,4,0.4254859611231101,28,49,0.5762287527318823,0.5795407534032769,0.9942851289543568,0.4930800786245476,0.5430000649666589,-1.029032794445106,-1.05277766867278,1.0,1.0,2026-08-31T15:29:51.533103+00:00,1806733
energy,bbb,gap,7,2,691,457,234,6,0.336980306345733,22,55,0.6173375318515348,0.5876856471678222,1.050455349431471,0.5717092234914553,0.4939508677979351,-1.0772630828037408,-1.0335074961002615,1.0,1.0,2026-08-31T15:30:40.550546+00:00,1806733
energy,bbb,control,0,2,691,461,230,12,0.0,25,52,0.5930909670927388,0.6237438217953775,0.9508566600076168,0.7033768490953554,0.5285713238542673,-1.1722918141881429,-1.0739379098326738,1.0,1.0,2026-08-31T15:32:30.660275+00:00,1806733
energy,bbb,control,1,2,691,461,230,12,0.0,25,52,0.5930909670927388,0.6237438217953775,0.9508566600076168,0.7033768490953554,0.5285713238542673,-1.1722918141881429,-1.0739379098326738,1.0,1.0,2026-08-31T15:32:30.738948+00:00,1806733
energy,bbb,control,2,2,691,461,230,7,0.2461873638344226,24,53,0.61551900313866,0.6130093742518915,1.0040939486281613,0.576896828372239,0.597308325470926,-1.088098226135635,-1.1139190422405163,1.0,1.0,2026-08-31T15:32:30.819600+00:00,1806733
energy,bbb,control,3,2,691,461,230,4,0.6247288503253796,26,51,0.5807381528182212,0.6306423713216538,0.920867641039014,0.6038263336296721,0.5843862212366961,-1.100000415668372,-1.108863840365195,1.0,1.0,2026-08-31T15:32:30.895220+00:00,1806733
energy,bbb,control,4,2,691,461,230,2,1.0,29,48,0.6305175826021325,0.6036863128170054,1.0444457149606778,0.5543955059021065,0.6120892393571719,-1.0987176452216227,-1.1101928115536577,1.0,1.0,2026-08-31T15:32:30.972361+00:00,1806733
energy,bbb,control,5,2,691,461,230,4,0.2462203023758099,28,49,0.5877832968867766,0.628653481588742,0.9349877382390728,0.5658662061097244,0.6049271255631242,-1.0818261507506108,-1.119610907040521,1.0,1.0,2026-08-31T15:32:31.047900+00:00,1806733
energy,bbb,control,6,2,691,461,230,4,0.4254859611231101,28,49,0.5874095784353688,0.6288670349895464,0.934075958433937,0.6699774524060634,0.5407530327016766,-1.1494061807700915,-1.0809937470293889,1.0,1.0,2026-08-31T15:32:31.127302+00:00,1806733
energy,bbb,control,7,2,691,461,230,6,0.336980306345733,22,55,0.6357185410803908,0.6050208183074454,1.0507382917150236,0.5602584410053043,0.6028879414820911,-1.09262526403248,-1.1111692883143285,1.0,1.0,2026-08-31T15:32:31.204362+00:00,1806733
energy,gp,gap,0,2,691,460,231,12,0.0,25,52,6.625936953764761,0.1817830802592104,36.44969017092581,20.47491166846965,0.3445378613923567,-11.825946974310837,-0.352700173643596,0.2,0.9615384615384616,2026-08-31T15:29:10.542824+00:00,1806733
energy,gp,gap,1,2,691,460,231,12,0.0,25,52,6.625936953764761,0.1817830802592104,36.44969017092581,20.47491166846965,0.3445378613923567,-11.825946974310837,-0.352700173643596,0.2,0.9615384615384616,2026-08-31T15:29:13.365297+00:00,1806733
energy,gp,gap,2,2,691,459,232,7,0.2461873638344226,24,53,0.6944625111827628,0.229727474774087,3.022984133115528,5.043512173180937,0.3806669231568181,-30.274787133394938,-0.4709861027265811,0.2083333333333333,0.9622641509433962,2026-08-31T15:29:15.244173+00:00,1806733
energy,gp,gap,3,2,691,461,230,4,0.6247288503253796,26,51,0.2649595751256678,0.2430799614482581,1.0900099438351565,0.556934643384219,0.453892629082129,-0.8059234750104987,-0.6444918353001085,0.9230769230769232,0.9411764705882352,2026-08-31T15:29:21.897998+00:00,1806733
energy,gp,gap,4,2,691,464,227,2,1.0,29,48,0.2524716532036393,0.2245726710233503,1.124231421629163,0.4058685298092149,0.5148383769835928,-0.5361719715632729,-0.7462009868031094,0.9310344827586208,0.8958333333333334,2026-08-31T15:29:22.892996+00:00,1806733
energy,gp,gap,5,2,691,463,228,4,0.2462203023758099,28,49,0.2219118419911837,0.2641224313524553,0.8401855187189909,0.3982857459209923,0.4755444102509865,-0.527133285173436,-0.6972781207500592,1.0,0.9387755102040816,2026-08-31T15:29:23.615172+00:00,1806733
energy,gp,gap,6,2,691,463,228,4,0.4254859611231101,28,49,0.4340194967297424,0.2456254586319925,1.766997196247522,0.5429232459515861,0.4739498322926236,-0.7544632611406251,-0.6912327388598204,0.9285714285714286,0.9591836734693876,2026-08-31T15:29:28.896990+00:00,1806733
energy,gp,gap,7,2,691,457,234,6,0.336980306345733,22,55,0.2197655446380967,0.2293702877404536,0.9581256003252469,0.6535478157392318,0.3827984320476152,-1.1698172346975264,-0.5058065907197513,0.9545454545454546,0.9454545454545454,2026-08-31T15:29:30.832261+00:00,1806733
energy,gp,control,0,2,691,461,230,12,0.0,25,52,0.2944805007239661,0.2340032291762225,1.2584463118763185,0.5465294951648012,0.4286628636325171,-0.8542044898722346,-0.577423018602826,0.92,0.9615384615384616,2026-08-31T15:29:28.594320+00:00,1806733
energy,gp,control,1,2,691,461,230,12,0.0,25,52,0.2944805007239661,0.2340032291762225,1.2584463118763185,0.5465294951648012,0.4286628636325171,-0.8542044898722346,-0.577423018602826,0.92,0.9615384615384616,2026-08-31T15:29:28.686753+00:00,1806733
energy,gp,control,2,2,691,461,230,7,0.2461873638344226,24,53,0.2007856246747173,0.2775721781711228,0.7233636526458114,0.5283263466713753,0.4413394914377275,-0.7740866111384405,-0.6189251046571744,0.9166666666666666,0.9622641509433962,2026-08-31T15:29:28.774420+00:00,1806733
energy,gp,control,3,2,691,461,230,4,0.6247288503253796,26,51,0.2291670320554974,0.2661144627807802,0.8611596290588708,0.4765548843871671,0.4668992408759855,-0.6610352181420477,-0.6704743831854819,0.9230769230769232,0.9607843137254902,2026-08-31T15:29:28.867697+00:00,1806733
energy,gp,control,4,2,691,461,230,2,1.0,29,48,0.2795017384811142,0.2380131254023002,1.1743122905877066,0.442280728374393,0.4862634621802676,-0.617232237236981,-0.6975286319641745,0.9655172413793104,0.9375,2026-08-31T15:29:28.955566+00:00,1806733
energy,gp,control,5,2,691,461,230,4,0.2462203023758099,28,49,0.1965078742940596,0.2862848970414093,0.6864067099761676,0.4174102960371983,0.4978316352281743,-0.5431968123185675,-0.7381958871272025,0.9285714285714286,0.9591836734693876,2026-08-31T15:29:29.039450+00:00,1806733
energy,gp,control,6,2,691,461,230,4,0.4254859611231101,28,49,0.2285592673906094,0.2679698152719522,0.8529291523325248,0.4468944139386893,0.482984961515475,-0.6096610220551296,-0.7002163387063098,0.9285714285714286,0.9591836734693876,2026-08-31T15:29:29.122488+00:00,1806733
energy,gp,control,7,2,691,461,230,6,0.336980306345733,22,55,0.2269224492351394,0.2643252100379938,0.8584971868650813,0.5085376900649317,0.4539328274808026,-0.7521396111116426,-0.6333461412672124,0.9545454545454546,0.9454545454545454,2026-08-31T15:29:29.211333+00:00,1806733
energy,mcd,gap,0,3,691,454,237,12,0.0,19,58,0.8855757057301223,0.8165120827795012,1.0845837121179158,8.017602693006735,0.6288042548871084,-18.29034733830107,-1.3146184505935747,0.0,1.0,2026-08-31T15:29:38.503335+00:00,1806733
energy,mcd,gap,1,3,691,454,237,12,0.0,19,58,0.8855757057301223,0.8165120827795012,1.0845837121179158,8.017602693006735,0.6288042548871084,-18.29034733830107,-1.3146184505935747,0.0,1.0,2026-08-31T15:29:38.617094+00:00,1806733
energy,mcd,gap,2,3,691,465,226,7,0.2494623655913978,30,47,0.8571140556617418,0.9486622750725784,0.9034975651331424,5.394836301970672,0.7327010256946497,-8.017178249264157,-1.48425936736437,0.5333333333333333,1.0,2026-08-31T15:29:40.141654+00:00,1806733
energy,mcd,gap,3,3,691,460,231,4,0.6195652173913043,25,52,0.9961820079165696,1.0207358433581517,0.9759449659759164,2.5721651316667384,1.070493316389911,-2.520409025909964,-1.72053305806784,0.76,1.0,2026-08-31T15:29:48.025384+00:00,1806733
energy,mcd,gap,4,3,691,459,232,2,1.0,24,53,1.1827440001638447,1.1496079695150656,1.0288237656031185,1.2299034636479933,1.2735077746615138,-1.8035668674254977,-1.81320016993958,1.0,1.0,2026-08-31T15:29:48.126821+00:00,1806733
energy,mcd,gap,5,3,691,460,231,4,0.2521739130434782,25,52,1.1981495232647037,1.209268722487865,0.9908050220630156,1.374124360865164,1.348879171062451,-1.865800027303815,-1.8548057192704328,1.0,1.0,2026-08-31T15:29:49.635707+00:00,1806733
energy,mcd,gap,6,3,691,458,233,4,0.4344978165938865,23,54,1.1410264670895631,1.191908281114076,0.9573106296593948,1.8939313240187747,1.210915656707173,-2.0621811875552627,-1.804775045053636,0.9565217391304348,1.0,2026-08-31T15:29:55.350903+00:00,1806733
energy,mcd,gap,7,3,691,459,232,6,0.3464052287581699,24,53,1.1641480445311083,1.2435154496663636,0.9361749746200984,1.4231273559650184,1.2517552568872794,-1.877674122417156,-1.8310743311689024,1.0,1.0,2026-08-31T15:29:57.335374+00:00,1806733
energy,mcd,control,0,3,691,459,232,12,0.0,19,58,1.177878760081992,1.1225197548081671,1.049316731430963,0.8568474925464992,1.6254821967742494,-1.7039148170518466,-1.935321646283528,1.0,0.9827586206896552,2026-08-31T15:29:57.311831+00:00,1806733
energy,mcd,control,1,3,691,459,232,12,0.0,19,58,1.177878760081992,1.1225197548081671,1.049316731430963,0.8568474925464992,1.6254821967742494,-1.7039148170518466,-1.935321646283528,1.0,0.9827586206896552,2026-08-31T15:29:57.395514+00:00,1806733
energy,mcd,control,2,3,691,459,232,7,0.2494623655913978,30,47,1.0797326178184867,1.1722098656569555,0.9211086252147852,1.9806617440847505,1.0263143532314545,-2.093841802442272,-1.7405911262800318,0.9666666666666668,1.0,2026-08-31T15:29:57.477957+00:00,1806733
energy,mcd,control,3,3,691,459,232,4,0.6195652173913043,25,52,1.1330497290889652,1.1376845960232194,0.995926052835333,2.020094108731399,1.1195570660777563,-2.138332924036721,-1.7531675751444549,0.96,1.0,2026-08-31T15:29:57.561386+00:00,1806733
energy,mcd,control,4,3,691,459,232,2,1.0,24,53,1.171859004812896,1.1200231340551323,1.0462810715079498,1.3289340413532262,1.5345772326144405,-1.8236974059379476,-1.9029113069041312,1.0,0.981132075471698,2026-08-31T15:29:57.631908+00:00,1806733
energy,mcd,control,5,3,691,459,232,4,0.2521739130434782,25,52,1.1239062971582106,1.1420804767591592,0.9840867784969752,1.5205242020785796,1.450443408557535,-1.8962599679247147,-1.869548804044458,1.0,0.9807692307692308,2026-08-31T15:29:57.713956+00:00,1806733
energy,mcd,control,6,3,691,459,232,4,0.4344978165938865,23,54,1.0863430295361398,1.1574065285388946,0.9386010902388248,1.8937481142974677,1.2524955702782885,-2.052837525773185,-1.8038476651045632,0.9565217391304348,1.0,2026-08-31T15:29:57.792739+00:00,1806733
energy,mcd,control,7,3,691,459,232,6,0.3464052287581699,24,53,1.0956894439129832,1.1545150106890554,0.9490473781358952,1.5394697738299898,1.4427274356072533,-1.899660155319012,-1.8685130807693096,1.0,0.981132075471698,2026-08-31T15:29:57.876308+00:00,1806733
energy,map,gap,0,3,691,454,237,12,0.0,19,58,0.0,0.0,,18.57316533164814,0.4541411552795428,-1837.1275891275145,-0.834560807298998,0.0,0.8103448275862069,2026-08-31T15:29:57.338112+00:00,1806733
energy,map,gap,1,3,691,454,237,12,0.0,19,58,0.0,0.0,,18.57316533164814,0.4541411552795428,-1837.1275891275145,-0.834560807298998,0.0,0.8103448275862069,2026-08-31T15:29:58.422145+00:00,1806733
energy,map,gap,2,3,691,465,226,7,0.2494623655913978,30,47,0.0,0.0,,5.309654124607002,0.5866815766749571,-76.95191555552465,-1.0093867156694538,0.2666666666666666,0.8085106382978723,2026-08-31T15:30:00.039237+00:00,1806733
energy,map,gap,3,3,691,460,231,4,0.6195652173913043,25,52,0.0,0.0,,0.6196429678004919,0.4816864034091365,-1.234241557957059,-0.7382471039290223,0.76,0.903846153846154,2026-08-31T15:30:03.860729+00:00,1806733
energy,map,gap,4,3,691,459,232,2,1.0,24,53,0.0,0.0,,0.8787756699270304,0.7232685947380366,-2.2205115880490087,-1.5226704598989091,0.7083333333333334,0.7169811320754716,2026-08-31T15:30:05.846163+00:00,1806733
energy,map,gap,5,3,691,460,231,4,0.2521739130434782,25,52,0.0,0.0,,0.5728884788936759,0.5710917363228061,-0.9647754643039314,-0.9591844001322876,0.84,0.8653846153846154,2026-08-31T15:30:05.824507+00:00,1806733
energy,map,gap,6,3,691,458,233,4,0.4344978165938865,23,54,0.0,0.0,,0.677821522000343,0.5130285417488647,-1.4849686192650935,-0.84157329911111,0.782608695652174,0.925925925925926,2026-08-31T15:30:06.175340+00:00,1806733
energy,map,gap,7,3,691,459,232,6,0.3464052287581699,24,53,0.0,0.0,,0.6164432374446106,0.5082574641891126,-1.2839711851758542,-0.8540203970337631,0.875,0.8301886792452831,2026-08-31T15:30:07.114234+00:00,1806733
energy,map,control,0,3,691,459,232,12,0.0,19,58,0.0,0.0,,0.5124354148465307,0.5019080964036715,-0.8311884253293154,-0.7970066956337165,0.8421052631578947,0.8620689655172413,2026-08-31T15:30:08.025844+00:00,1806733
energy,map,control,1,3,691,459,232,12,0.0,19,58,0.0,0.0,,0.5124354148465307,0.5019080964036715,-0.8311884253293154,-0.7970066956337165,0.8421052631578947,0.8620689655172413,2026-08-31T15:30:08.098679+00:00,1806733
energy,map,control,2,3,691,459,232,7,0.2494623655913978,30,47,0.0,0.0,,0.6041271957262916,0.4290266503295003,-1.1589097553467318,-0.5798228886725657,0.7666666666666667,0.9148936170212766,2026-08-31T15:30:08.181822+00:00,1806733
energy,map,control,3,3,691,459,232,4,0.6195652173913043,25,52,0.0,0.0,,0.5712959189391186,0.4690542062765939,-1.0353795340885774,-0.6948938476115021,0.76,0.903846153846154,2026-08-31T15:30:08.267439+00:00,1806733
energy,map,control,4,3,691,459,232,2,1.0,24,53,0.0,0.0,,0.5015408041854922,0.505872224801156,-0.7958269232974154,-0.8097947597900863,0.9166666666666666,0.8301886792452831,2026-08-31T15:30:08.368439+00:00,1806733
energy,map,control,5,3,691,459,232,4,0.2521739130434782,25,52,0.0,0.0,,0.4325879262971523,0.5356840332983388,-0.5896451138582968,-0.9091892419529832,0.88,0.8461538461538461,2026-08-31T15:30:08.447576+00:00,1806733
energy,map,control,6,3,691,459,232,4,0.4344978165938865,23,54,0.0,0.0,,0.5809325087442027,0.4682115788668216,-1.0709224602127805,-0.6923657748725666,0.7391304347826086,0.9074074074074074,2026-08-31T15:30:08.529486+00:00,1806733
energy,map,control,7,3,691,459,232,6,0.3464052287581699,24,53,0.0,0.0,,0.6840888385527142,0.3973646881661795,-1.4886421591061367,-0.4960671058389674,0.6666666666666666,0.9433962264150944,2026-08-31T15:30:08.611417+00:00,1806733
energy,laplace,gap,0,3,691,454,237,12,0.0,19,58,7.753110021188451,0.2023536003497393,38.31466308377172,18.57316533164814,0.4541411552795428,-6.0307782547118025,-0.6865422220758582,0.4210526315789473,0.9310344827586208,2026-08-31T15:30:13.260714+00:00,1806733
energy,laplace,gap,1,3,691,454,237,12,0.0,19,58,7.753110021188451,0.2023536003497393,38.31466308377172,18.57316533164814,0.4541411552795428,-6.0307782547118025,-0.6865422220758582,0.4210526315789473,0.9310344827586208,2026-08-31T15:30:15.346890+00:00,1806733
energy,laplace,gap,2,3,691,465,226,7,0.2494623655913978,30,47,2.196086546489889,0.2266829402930139,9.68792156856265,5.309654124607002,0.5866815766749571,-4.177174711671821,-0.9138523087181434,0.5666666666666667,0.8936170212765957,2026-08-31T15:30:15.482330+00:00,1806733
energy,laplace,gap,3,3,691,460,231,4,0.6195652173913043,25,52,0.2995183125399857,0.2700839881131664,1.1089821156465085,0.6196429678004919,0.4816864034091365,-0.9369409342716958,-0.697642568845185,0.88,0.9807692307692308,2026-08-31T15:30:15.802396+00:00,1806733
energy,laplace,gap,4,3,691,459,232,2,1.0,24,53,0.2781583481926675,0.2561248296543509,1.0860264839143148,0.8787756699270304,0.7232685947380366,-1.8427884889972448,-1.3026023066649084,0.7083333333333334,0.7924528301886793,2026-08-31T15:30:16.473959+00:00,1806733
energy,laplace,gap,5,3,691,460,231,4,0.2521739130434782,25,52,0.2421727495008031,0.2873121831865278,0.8428906383812503,0.5728884788936759,0.5710917363228061,-0.9034051531323848,-0.8914660681016447,0.92,0.9423076923076924,2026-08-31T15:30:18.079688+00:00,1806733
energy,laplace,gap,6,3,691,458,233,4,0.4344978165938865,23,54,0.7185947394707667,0.2895946219375186,2.481381507236024,0.677821522000343,0.5130285417488647,-0.9095647311106309,-0.7590250959611383,1.0,0.9629629629629628,2026-08-31T15:30:22.661993+00:00,1806733
energy,laplace,gap,7,3,691,459,232,6,0.3464052287581699,24,53,0.206099516320445,0.2493207524066837,0.8266440492055886,0.6164432374446106,0.5082574641891126,-1.1135396699719111,-0.755278727391212,0.9166666666666666,0.8679245283018868,2026-08-31T15:30:24.744872+00:00,1806733
energy,laplace,control,0,3,691,459,232,12,0.0,19,58,0.2593881781001427,0.2450256028029518,1.0586166308046645,0.5124354148465307,0.5019080964036715,-0.8067669936802502,-0.7570163039780474,0.9473684210526316,0.896551724137931,2026-08-31T15:30:24.778851+00:00,1806733
energy,laplace,control,1,3,691,459,232,12,0.0,19,58,0.2593881781001427,0.2450256028029518,1.0586166308046645,0.5124354148465307,0.5019080964036715,-0.8067669936802502,-0.7570163039780474,0.9473684210526316,0.896551724137931,2026-08-31T15:30:24.861612+00:00,1806733
energy,laplace,control,2,3,691,459,232,7,0.2494623655913978,30,47,0.2287369366232925,0.2612287712292583,0.8756192342326244,0.6041271957262916,0.4290266503295003,-1.037721817937604,-0.5979545526068806,0.8333333333333334,0.9574468085106383,2026-08-31T15:30:24.942006+00:00,1806733
energy,laplace,control,3,3,691,459,232,4,0.6195652173913043,25,52,0.2514862254761251,0.2471673982609766,1.0174732883282136,0.5712959189391186,0.4690542062765939,-0.9497609342602684,-0.6825287529643231,0.84,0.9423076923076924,2026-08-31T15:30:25.020166+00:00,1806733
energy,laplace,control,4,3,691,459,232,2,1.0,24,53,0.2465216445768087,0.2494969976722736,0.9880745935894056,0.5015408041854922,0.505872224801156,-0.7478700891660308,-0.7789931390691841,0.9166666666666666,0.9056603773584906,2026-08-31T15:30:25.097669+00:00,1806733
energy,laplace,control,5,3,691,459,232,4,0.2521739130434782,25,52,0.2019561097705658,0.2709799538886493,0.745280626380036,0.4325879262971523,0.5356840332983388,-0.6026817949871176,-0.8493937237687224,0.88,0.9230769230769232,2026-08-31T15:30:25.176659+00:00,1806733
energy,laplace,control,6,3,691,459,232,4,0.4344978165938865,23,54,0.2032680423171674,0.2678647291329457,0.7588458658783784,0.5809325087442027,0.4682115788668216,-0.9460484132917932,-0.694007500091486,0.8260869565217391,0.9444444444444444,2026-08-31T15:30:25.253362+00:00,1806733
energy,laplace,control,7,3,691,459,232,6,0.3464052287581699,24,53,0.1930269946091499,0.2737209901104587,0.7051961726839248,0.6840888385527142,0.3973646881661795,-1.2715023612106071,-0.5418766385206968,0.75,0.981132075471698,2026-08-31T15:30:25.331942+00:00,1806733
energy,ensemble,gap,0,3,691,454,237,12,0.0,19,58,2.762723110620935,0.1929075856678129,14.321485083424076,16.68654696290414,0.4121697250468365,-36.37907677703163,-0.552447264717531,0.0,0.9655172413793104,2026-08-31T15:30:57.387760+00:00,1806733
energy,ensemble,gap,1,3,691,454,237,12,0.0,19,58,2.762723110620935,0.1929075856678129,14.321485083424076,16.68654696290414,0.4121697250468365,-36.37907677703163,-0.552447264717531,0.0,0.9655172413793104,2026-08-31T15:30:58.926423+00:00,1806733
energy,ensemble,gap,2,3,691,465,226,7,0.2494623655913978,30,47,0.4944669625345182,0.178949066724237,2.763171507882177,5.106588847428303,0.400118543639092,-27.437022664512348,-0.4986426868555899,0.3666666666666666,0.9787234042553192,2026-08-31T15:30:59.945137+00:00,1806733
energy,ensemble,gap,3,3,691,460,231,4,0.6195652173913043,25,52,0.2158961119296183,0.2365046713079673,0.9128619351813424,0.5256360882936479,0.437339334483562,-0.7807505882424859,-0.6382321853343651,0.92,0.9423076923076924,2026-08-31T15:31:04.623781+00:00,1806733
energy,ensemble,gap,4,3,691,459,232,2,1.0,24,53,0.2278075145119278,0.2469278298662136,0.9225671915367124,0.5804577764367347,0.4277951058552077,-0.9172933160388194,-0.6119293737267544,0.9166666666666666,0.9622641509433962,2026-08-31T15:31:06.755820+00:00,1806733
energy,ensemble,gap,5,3,691,460,231,4,0.2521739130434782,25,52,0.2233269848907708,0.2365446563325085,0.9441218768300658,0.4829680121113027,0.500240530940264,-0.7001190993502036,-0.7736950065402504,0.92,0.9230769230769232,2026-08-31T15:31:07.256736+00:00,1806733
energy,ensemble,gap,6,3,691,458,233,4,0.4344978165938865,23,54,0.4084531762133768,0.2646817042118833,1.5431862864476695,0.6024697459007995,0.4890613963302097,-0.8553461819051023,-0.681825465458467,0.9565217391304348,0.9444444444444444,2026-08-31T15:31:22.680625+00:00,1806733
energy,ensemble,gap,7,3,691,459,232,6,0.3464052287581699,24,53,0.2520331901388408,0.2384924770627114,1.0567762691842428,0.6776816575430213,0.3554268721313786,-1.1161402855569351,-0.4524296388329524,0.8333333333333334,0.981132075471698,2026-08-31T15:31:39.730615+00:00,1806733
energy,ensemble,control,0,3,691,459,232,12,0.0,19,58,0.1930772259515019,0.2077612875637366,0.929322436415254,0.4616750112000529,0.4404063000836486,-0.6800619618741814,-0.561406172649825,0.9473684210526316,0.9482758620689656,2026-08-31T15:31:41.504917+00:00,1806733
energy,ensemble,control,1,3,691,459,232,12,0.0,19,58,0.1930772259515019,0.2077612875637366,0.929322436415254,0.4616750112000529,0.4404063000836486,-0.6800619618741814,-0.561406172649825,0.9473684210526316,0.9482758620689656,2026-08-31T15:31:41.584410+00:00,1806733
energy,ensemble,control,2,3,691,459,232,7,0.2494623655913978,30,47,0.2276510679519821,0.1891295730471446,1.2036777976294335,0.5452155140844074,0.3684782083198484,-0.7975285507517731,-0.4586569950371512,0.9333333333333332,0.9574468085106383,2026-08-31T15:31:41.657917+00:00,1806733
energy,ensemble,control,3,3,691,459,232,4,0.6195652173913043,25,52,0.2232790345572015,0.1949355020739467,1.1453995407799191,0.4895405328938672,0.4230846273912655,-0.7067036957397015,-0.5349065941501301,0.92,0.9615384615384616,2026-08-31T15:31:41.736023+00:00,1806733
energy,ensemble,control,4,3,691,459,232,2,1.0,24,53,0.192694628647479,0.2093198280044484,0.9205751336819554,0.4353614385205466,0.4503736323644291,-0.5526017746278158,-0.6079300509100324,0.9583333333333334,0.9433962264150944,2026-08-31T15:31:41.812848+00:00,1806733
energy,ensemble,control,5,3,691,459,232,4,0.2521739130434782,25,52,0.1801567869678017,0.2156673518765427,0.8353456626616865,0.4290088416446485,0.4535769161095656,-0.5637489180624857,-0.6036348526487915,0.92,0.9615384615384616,2026-08-31T15:31:41.894515+00:00,1806733
energy,ensemble,control,6,3,691,459,232,4,0.4344978165938865,23,54,0.1849416780866482,0.2123141365885621,0.8710756667373578,0.5378848380065253,0.4001138115457522,-0.8348794295454915,-0.4866760816620925,0.9130434782608696,0.9629629629629628,2026-08-31T15:31:41.976439+00:00,1806733
energy,ensemble,control,7,3,691,459,232,6,0.3464052287581699,24,53,0.1897905740748604,0.2106348715845021,0.9010406142494812,0.5831370951657374,0.3669894531428889,-0.9211746387606148,-0.4410291313027272,0.8333333333333334,1.0,2026-08-31T15:31:42.052490+00:00,1806733
energy,bbb,gap,0,3,691,454,237,12,0.0,19,58,0.7291662533499992,0.5510122358763959,1.3233213454692994,10.77044561206132,0.5269627940497426,-63.43704076224577,-0.9647769607121748,0.0,1.0,2026-08-31T15:34:19.519902+00:00,1806733
energy,bbb,gap,1,3,691,454,237,12,0.0,19,58,0.7291662533499992,0.5510122358763959,1.3233213454692994,10.77044561206132,0.5269627940497426,-63.43704076224577,-0.9647769607121748,0.0,1.0,2026-08-31T15:34:23.291420+00:00,1806733
energy,bbb,gap,2,3,691,465,226,7,0.2494623655913978,30,47,0.7340771208591442,0.5996548965890242,1.22416597452092,5.901294912458499,0.4531658440581461,-14.968865714112289,-1.002555045476839,0.2333333333333333,1.0,2026-08-31T15:34:25.932111+00:00,1806733
energy,bbb,gap,3,3,691,460,231,4,0.6195652173913043,25,52,0.7222634374770733,0.7328284172975468,0.9855832831108898,0.6487326262142938,0.5552138156405483,-1.2142903194237809,-1.1725108684988583,1.0,1.0,2026-08-31T15:34:28.272232+00:00,1806733
energy,bbb,gap,4,3,691,459,232,2,1.0,24,53,0.6027470461167922,0.6187599766859214,0.9741209335243458,0.5195077783270806,0.4544162518497582,-1.050000164134629,-1.0278183933358278,1.0,1.0,2026-08-31T15:34:42.734014+00:00,1806733
energy,bbb,gap,5,3,691,460,231,4,0.2521739130434782,25,52,0.7185538397184547,0.7345816055295082,0.9781810956190492,0.584031896495641,0.5858910087250111,-1.18535017638633,-1.1928958610500755,1.0,1.0,2026-08-31T15:35:00.355121+00:00,1806733
energy,bbb,gap,6,3,691,458,233,4,0.4344978165938865,23,54,0.6974494529455739,0.6950626631670785,1.0034339202851437,1.023104677774784,0.5865919878529132,-1.4552691998193352,-1.163131357342176,0.9565217391304348,1.0,2026-08-31T15:35:03.281660+00:00,1806733
energy,bbb,gap,7,3,691,459,232,6,0.3464052287581699,24,53,0.6522005697157077,0.6811880727239266,0.9574456685768088,0.6487666725198329,0.4486395911699394,-1.1748675291583517,-1.0977683471008637,1.0,1.0,2026-08-31T15:35:52.933272+00:00,1806733
energy,bbb,control,0,3,691,459,232,12,0.0,19,58,0.7435977005265579,0.7465043882266966,0.9961062684346124,0.5052091271095442,0.628803929637276,-1.149540637267339,-1.205936815904177,1.0,1.0,2026-08-31T15:37:35.933932+00:00,1806733
energy,bbb,control,1,3,691,459,232,12,0.0,19,58,0.7435977005265579,0.7465043882266966,0.9961062684346124,0.5052091271095442,0.628803929637276,-1.149540637267339,-1.205936815904177,1.0,1.0,2026-08-31T15:37:36.018467+00:00,1806733
energy,bbb,control,2,3,691,459,232,7,0.2494623655913978,30,47,0.7589422757202242,0.7373902671392826,1.0292274112384925,0.658713195764183,0.5604950491125953,-1.2247593070238694,-1.171124004676715,1.0,1.0,2026-08-31T15:37:36.103960+00:00,1806733
energy,bbb,control,3,3,691,459,232,4,0.6195652173913043,25,52,0.7377904899265556,0.7496317034420983,0.9842039584756472,0.6586679086896099,0.5706992637836199,-1.2193025147393244,-1.1789047031161268,1.0,1.0,2026-08-31T15:37:36.186424+00:00,1806733
energy,bbb,control,4,3,691,459,232,2,1.0,24,53,0.7328134820429074,0.751662023738174,0.9749241798840272,0.6704207054767365,0.5662726357839303,-1.2170578942840728,-1.1806833578812066,1.0,1.0,2026-08-31T15:37:36.274724+00:00,1806733
energy,bbb,control,5,3,691,459,232,4,0.2521739130434782,25,52,0.722900140767125,0.7567905251533629,0.9552182760488842,0.5544509135840019,0.6216752760857903,-1.1651339767697773,-1.2049472694476395,1.0,1.0,2026-08-31T15:37:36.361159+00:00,1806733
energy,bbb,control,6,3,691,459,232,4,0.4344978165938865,23,54,0.7350030085701786,0.7503804005562756,0.979507204646207,0.5851387421707234,0.6071709463571543,-1.1835552329446497,-1.195626612459162,1.0,1.0,2026-08-31T15:37:36.452102+00:00,1806733
energy,bbb,control,7,3,691,459,232,6,0.3464052287581699,24,53,0.7349954913936315,0.7506739440321858,0.9791141643276724,0.6834379420909366,0.5591817646805314,-1.2283320110353193,-1.175578097465548,1.0,1.0,2026-08-31T15:37:36.535792+00:00,1806733
energy,gp,gap,0,3,691,454,237,12,0.0,19,58,6.33974310007294,0.1983852286977353,31.95672954931705,21.080638236338316,0.4741301775510554,-12.38076832191984,-0.7759151784594338,0.1578947368421052,0.8793103448275862,2026-08-31T15:34:26.547455+00:00,1806733
energy,gp,gap,1,3,691,454,237,12,0.0,19,58,6.33974310007294,0.1983852286977353,31.95672954931705,21.080638236338316,0.4741301775510554,-12.38076832191984,-0.7759151784594338,0.1578947368421052,0.8793103448275862,2026-08-31T15:34:29.477227+00:00,1806733
energy,gp,gap,2,3,691,465,226,7,0.2494623655913978,30,47,0.975021570990816,0.2363325967286139,4.125633046339583,5.728053887518472,0.4320695991428092,-34.377191416199246,-0.5688950615632186,0.3,0.9574468085106383,2026-08-31T15:34:30.142309+00:00,1806733
energy,gp,gap,3,3,691,460,231,4,0.6195652173913043,25,52,0.2925435525237471,0.2749384485429375,1.0640328919949522,0.4772274978438136,0.4696548136683772,-0.6890921823547793,-0.6957195712866284,0.96,0.9230769230769232,2026-08-31T15:34:33.152141+00:00,1806733
energy,gp,gap,4,3,691,459,232,2,1.0,24,53,0.2787880736517705,0.2430809483420175,1.1468939690802618,0.6069582665117854,0.4651388147662058,-0.9960579570978996,-0.6549417239465531,0.875,0.9245283018867924,2026-08-31T15:34:35.690020+00:00,1806733
energy,gp,gap,5,3,691,460,231,4,0.2521739130434782,25,52,0.238789959260034,0.2682155020209608,0.890291416643669,0.4932897957632547,0.5360549612279173,-0.6754695208321434,-0.8022981337658162,0.96,0.9230769230769232,2026-08-31T15:34:36.147363+00:00,1806733
energy,gp,gap,6,3,691,458,233,4,0.4344978165938865,23,54,0.4270188049547144,0.2632947602808458,1.6218279638350217,0.5508015651834004,0.5584954945104098,-0.8059800735596818,-0.8213727123432663,0.9565217391304348,0.925925925925926,2026-08-31T15:34:38.985357+00:00,1806733
energy,gp,gap,7,3,691,459,232,6,0.3464052287581699,24,53,0.2011235693656416,0.2547211050227219,0.7895834518608137,0.6962659392103817,0.4530203588100105,-1.321550226245385,-0.6182692888767682,0.75,0.9433962264150944,2026-08-31T15:34:41.288037+00:00,1806733
energy,gp,control,0,3,691,459,232,12,0.0,19,58,0.2537932378775665,0.2335413530447138,1.086716483264423,0.5195312414799937,0.4930825356689574,-0.83754867043224,-0.7306155889258052,0.8421052631578947,0.9310344827586208,2026-08-31T15:34:42.397148+00:00,1806733
energy,gp,control,1,3,691,459,232,12,0.0,19,58,0.2537932378775665,0.2335413530447138,1.086716483264423,0.5195312414799937,0.4930825356689574,-0.83754867043224,-0.7306155889258052,0.8421052631578947,0.9310344827586208,2026-08-31T15:34:42.472289+00:00,1806733
energy,gp,control,2,3,691,459,232,7,0.2494623655913978,30,47,0.2185420697344157,0.2513022958347807,0.8696381742492983,0.6178357570037064,0.4068109831508375,-1.109019082094025,-0.5323097113423085,0.8666666666666667,0.9361702127659576,2026-08-31T15:34:42.551612+00:00,1806733
energy,gp,control,3,3,691,459,232,4,0.6195652173913043,25,52,0.2298531978949839,0.2427142317094725,0.9470116205221822,0.4777310805393033,0.5099816987423351,-0.7389490554234555,-0.7656808175062092,0.96,0.8846153846153846,2026-08-31T15:34:42.623248+00:00,1806733
energy,gp,control,4,3,691,459,232,2,1.0,24,53,0.2437401287338728,0.2361831491821551,1.0319962689035425,0.5633641662770491,0.4680913380321892,-0.900351530852025,-0.6920885312351068,0.875,0.9245283018867924,2026-08-31T15:34:42.704084+00:00,1806733
energy,gp,control,5,3,691,459,232,4,0.2521739130434782,25,52,0.1846323251241898,0.2644550359262005,0.6981615021152926,0.4115122877567624,0.5370207143471368,-0.5581112547230698,-0.852622067842933,0.92,0.903846153846154,2026-08-31T15:34:42.784245+00:00,1806733
energy,gp,control,6,3,691,459,232,4,0.4344978165938865,23,54,0.1882116978082551,0.2599740916051352,0.7239632866728997,0.5773635875202796,0.46273909877855,-0.98823800923005,-0.6585121237707058,0.8695652173913043,0.925925925925926,2026-08-31T15:34:42.862041+00:00,1806733
energy,gp,control,7,3,691,459,232,6,0.3464052287581699,24,53,0.1730273986229118,0.2682040081003261,0.6451335304362346,0.5940368849067821,0.4505926549415864,-1.0793015497431335,-0.6110545604164916,0.8333333333333334,0.9433962264150944,2026-08-31T15:34:42.939699+00:00,1806733
energy,mcd,gap,0,4,691,464,227,12,0.0,29,48,0.7974893532828008,0.8131421568297502,0.9807502250184936,9.16045781428171,0.9683952248416104,-23.68469211177557,-1.491645745364529,0.0344827586206896,0.9791666666666666,2026-08-31T15:34:48.846607+00:00,1806733
energy,mcd,gap,1,4,691,464,227,12,0.0,29,48,0.7974893532828008,0.8131421568297502,0.9807502250184936,9.16045781428171,0.9683952248416104,-23.68469211177557,-1.491645745364529,0.0344827586206896,0.9791666666666666,2026-08-31T15:34:50.610691+00:00,1806733
energy,mcd,gap,2,4,691,456,235,7,0.2609649122807017,21,56,0.8873645902249604,0.957388886659255,0.926859087869048,3.7137368290771793,0.981110661574512,-4.550138524176108,-1.5722514077535694,0.7619047619047619,1.0,2026-08-31T15:34:52.174747+00:00,1806733
energy,mcd,gap,3,4,691,461,230,4,0.6355748373101953,26,51,1.036983422637129,0.9933163111693084,1.0439609326624433,1.760034543914217,1.4150529663863354,-2.00151992062346,-1.8467112380508928,0.9615384615384616,0.9607843137254902,2026-08-31T15:34:52.121935+00:00,1806733
energy,mcd,gap,4,4,691,459,232,2,1.0,24,53,1.1492552099530045,1.211085788653644,0.948946161139108,2.011034352504385,1.547348320571313,-2.1238622500259647,-1.926804226098716,0.9583333333333334,1.0,2026-08-31T15:34:58.114398+00:00,1806733
energy,mcd,gap,5,4,691,464,227,4,0.2435344827586207,29,48,1.2751773428922797,1.244097897845992,1.0249815107798974,1.2007276363718384,1.2915977466712478,-1.8093206971994675,-1.8357115524841263,1.0,0.9791666666666666,2026-08-31T15:34:59.856247+00:00,1806733
energy,mcd,gap,6,4,691,460,231,4,0.4326086956521739,25,52,1.182415581517804,1.154203230032783,1.0244431402988017,1.3427489155770536,1.1548895644959205,-1.8594168858404148,-1.8107788151264912,0.96,1.0,2026-08-31T15:35:01.333950+00:00,1806733
energy,mcd,gap,7,4,691,461,230,6,0.3383947939262473,26,51,1.2431874349860623,1.1563724574175875,1.0750752726870978,1.1389789723634054,1.3623980914298544,-1.7911833182028,-1.848989413678355,1.0,1.0,2026-08-31T15:35:01.460381+00:00,1806733
energy,mcd,control,0,4,691,461,230,12,0.0,29,48,1.1697676108585475,1.2240463747118264,0.9556562847824638,1.2612104662767287,1.3852061882385551,-1.831778619297587,-1.884449051207364,1.0,0.9791666666666666,2026-08-31T15:35:07.598258+00:00,1806733
energy,mcd,control,1,4,691,461,230,12,0.0,29,48,1.1697676108585475,1.2240463747118264,0.9556562847824638,1.2612104662767287,1.3852061882385551,-1.831778619297587,-1.884449051207364,1.0,0.9791666666666666,2026-08-31T15:35:07.682718+00:00,1806733
energy,mcd,control,2,4,691,461,230,7,0.2609649122807017,21,56,1.1737455559717052,1.2148005361724952,0.9662043446818496,1.5990535659510463,1.2286367427355325,-1.9481279197589607,-1.8332937161186664,0.9523809523809524,1.0,2026-08-31T15:35:07.760614+00:00,1806733
energy,mcd,control,3,4,691,461,230,4,0.6355748373101953,26,51,1.2276686321826693,1.191335338516003,1.0304979567817782,1.5254664824289876,1.2345347022307678,-1.9312447643768689,-1.8306425596820568,0.9615384615384616,1.0,2026-08-31T15:35:07.840038+00:00,1806733
energy,mcd,control,4,4,691,461,230,2,1.0,24,53,1.147597147704062,1.2289651916258126,0.9337914169773126,1.393963289080432,1.3146196276381592,-1.8783851207195528,-1.8583753117040416,1.0,0.981132075471698,2026-08-31T15:35:07.921906+00:00,1806733
energy,mcd,control,5,4,691,461,230,4,0.2435344827586207,29,48,1.2240694310529927,1.191239025011016,1.027559881226753,1.2577497132533222,1.3871059823536973,-1.8387189341282089,-1.8802559443305304,1.0,0.9791666666666666,2026-08-31T15:35:08.003578+00:00,1806733
energy,mcd,control,6,4,691,461,230,4,0.4326086956521739,25,52,1.2348288029120786,1.1885916659281457,1.0389007750174888,1.359041908911221,1.3305308905843474,-1.8748870987697015,-1.8596722490065565,0.96,1.0,2026-08-31T15:35:08.080398+00:00,1806733
energy,mcd,control,7,4,691,461,230,6,0.3383947939262473,26,51,1.25395467755954,1.1779346095003431,1.0645367471556362,1.4154880751308254,1.2996028913404758,-1.8951335301378005,-1.849052208509817,0.9615384615384616,1.0,2026-08-31T15:35:08.160616+00:00,1806733
energy,map,gap,0,4,691,464,227,12,0.0,29,48,0.0,0.0,,16.24146549425164,0.4711757605726663,-1201.5858897955636,-0.8255901596233247,0.0,0.8541666666666666,2026-08-31T15:35:08.425538+00:00,1806733
energy,map,gap,1,4,691,464,227,12,0.0,29,48,0.0,0.0,,16.24146549425164,0.4711757605726663,-1201.5858897955636,-0.8255901596233247,0.0,0.8541666666666666,2026-08-31T15:35:08.786037+00:00,1806733
energy,map,gap,2,4,691,456,235,7,0.2609649122807017,21,56,0.0,0.0,,3.4852866556294124,0.5060157331014553,-32.410081808189894,-0.7643869615748595,0.3809523809523809,0.9285714285714286,2026-08-31T15:35:09.781118+00:00,1806733
energy,map,gap,3,4,691,461,230,4,0.6355748373101953,26,51,0.0,0.0,,0.6844126104853551,0.5848641025217506,-1.4127602120952736,-1.0402436855891035,0.7692307692307693,0.8235294117647058,2026-08-31T15:35:09.997044+00:00,1806733
energy,map,gap,4,4,691,459,232,2,1.0,24,53,0.0,0.0,,0.5794663772683032,0.5849522792895246,-1.0523124497261078,-1.0722872433297204,0.8333333333333334,0.8679245283018868,2026-08-31T15:35:11.829476+00:00,1806733
energy,map,gap,5,4,691,464,227,4,0.2435344827586207,29,48,0.0,0.0,,0.5348511655672554,0.6282706726686127,-0.8649638959909711,-1.1755913751677287,0.896551724137931,0.7916666666666666,2026-08-31T15:35:16.592387+00:00,1806733
energy,map,gap,6,4,691,460,231,4,0.4326086956521739,25,52,0.0,0.0,,0.664408918334261,0.5183544956613082,-1.2119086354561892,-0.7842842841374208,0.88,0.8461538461538461,2026-08-31T15:35:16.904123+00:00,1806733
energy,map,gap,7,4,691,461,230,6,0.3383947939262473,26,51,0.0,0.0,,0.6910507748977486,0.593552921774514,-1.4068003097938897,-1.0510631363803549,0.8461538461538461,0.8627450980392157,2026-08-31T15:35:17.267335+00:00,1806733
energy,map,control,0,4,691,461,230,12,0.0,29,48,0.0,0.0,,0.7005357841302745,0.5142958088046032,-1.6012678618006135,-0.8503872298493801,0.7931034482758621,0.8541666666666666,2026-08-31T15:35:18.356046+00:00,1806733
energy,map,control,1,4,691,461,230,12,0.0,29,48,0.0,0.0,,0.7005357841302745,0.5142958088046032,-1.6012678618006135,-0.8503872298493801,0.7931034482758621,0.8541666666666666,2026-08-31T15:35:18.435867+00:00,1806733
energy,map,control,2,4,691,461,230,7,0.2609649122807017,21,56,0.0,0.0,,0.6882031279152728,0.550676131477655,-1.5444271969606316,-0.9789711408716923,0.6666666666666666,0.8928571428571429,2026-08-31T15:35:18.517346+00:00,1806733
energy,map,control,3,4,691,461,230,4,0.6355748373101953,26,51,0.0,0.0,,0.6451085130255038,0.5619901596606794,-1.3537333877020348,-1.0207507244065717,0.8076923076923077,0.8431372549019608,2026-08-31T15:35:18.593833+00:00,1806733
energy,map,control,4,4,691,461,230,2,1.0,24,53,0.0,0.0,,0.5786105610613878,0.5970494337713106,-1.0836661399259444,-1.1556107106936864,0.7916666666666666,0.8490566037735849,2026-08-31T15:35:18.666843+00:00,1806733
energy,map,control,5,4,691,461,230,4,0.2435344827586207,29,48,0.0,0.0,,0.5439628620572411,0.6182434371994138,-0.9545825386286452,-1.2410929459324442,0.896551724137931,0.7916666666666666,2026-08-31T15:35:18.747183+00:00,1806733
energy,map,control,6,4,691,461,230,4,0.4326086956521739,25,52,0.0,0.0,,0.5611335304410535,0.6053606486366304,-1.0175576988740758,-1.1887771644833878,0.84,0.8269230769230769,2026-08-31T15:35:18.827159+00:00,1806733
energy,map,control,7,4,691,461,230,6,0.3383947939262473,26,51,0.0,0.0,,0.3753490201233925,0.6754041737048903,-0.4401386447353984,-1.4865049070954446,0.9615384615384616,0.7647058823529411,2026-08-31T15:35:18.902310+00:00,1806733
energy,laplace,gap,0,4,691,464,227,12,0.0,29,48,5.168269604359713,0.1870093429939089,27.63642458509706,16.24146549425164,0.4711757605726663,-7.806849958576089,-0.7206733683215574,0.1379310344827586,0.8541666666666666,2026-08-31T15:35:19.277923+00:00,1806733
energy,laplace,gap,1,4,691,464,227,12,0.0,29,48,5.168269604359713,0.1870093429939089,27.63642458509706,16.24146549425164,0.4711757605726663,-7.806849958576089,-0.7206733683215574,0.1379310344827586,0.8541666666666666,2026-08-31T15:35:21.045254+00:00,1806733
energy,laplace,gap,2,4,691,456,235,7,0.2609649122807017,21,56,1.5317187447263272,0.2193529954938924,6.98289413042903,3.4852866556294124,0.5060157331014553,-2.869351718738701,-0.7438362440522196,0.7142857142857143,0.9464285714285714,2026-08-31T15:35:25.972387+00:00,1806733
energy,laplace,gap,3,4,691,461,230,4,0.6355748373101953,26,51,0.2643428215902358,0.2491883987673976,1.060815121802616,0.6844126104853551,0.5848641025217506,-1.0836335730566775,-0.9566333275561072,0.8076923076923077,0.8627450980392157,2026-08-31T15:35:26.446349+00:00,1806733
energy,laplace,gap,4,4,691,459,232,2,1.0,24,53,0.2611282057300585,0.2489777059100785,1.048801557454981,0.5794663772683032,0.5849522792895246,-0.9150029309853864,-0.9134097356382354,0.9166666666666666,0.8867924528301887,2026-08-31T15:35:26.692874+00:00,1806733
energy,laplace,gap,5,4,691,464,227,4,0.2435344827586207,29,48,0.2478601561209768,0.246834005235534,1.0041572508798522,0.5348511655672554,0.6282706726686127,-0.7822852735985649,-1.0111564232039758,0.9655172413793104,0.8541666666666666,2026-08-31T15:35:28.317016+00:00,1806733
energy,laplace,gap,6,4,691,460,231,4,0.4326086956521739,25,52,0.8546318832351935,0.2511879286588654,3.4023604868204327,0.664408918334261,0.5183544956613082,-1.108557164028125,-0.7478496869291553,1.0,0.8846153846153846,2026-08-31T15:35:28.721264+00:00,1806733
energy,laplace,gap,7,4,691,461,230,6,0.3383947939262473,26,51,0.2187461489256157,0.2454187895638065,0.891317854327302,0.6910507748977486,0.593552921774514,-1.22836942921694,-0.936397115194049,0.8846153846153846,0.8823529411764706,2026-08-31T15:35:30.363088+00:00,1806733
energy,laplace,control,0,4,691,461,230,12,0.0,29,48,0.2546041356459684,0.2333049212497694,1.0912934638588128,0.7005357841302745,0.5142958088046032,-1.220504344345179,-0.7608676315736164,0.8275862068965517,0.9166666666666666,2026-08-31T15:35:35.484719+00:00,1806733
energy,laplace,control,1,4,691,461,230,12,0.0,29,48,0.2546041356459684,0.2333049212497694,1.0912934638588128,0.7005357841302745,0.5142958088046032,-1.220504344345179,-0.7608676315736164,0.8275862068965517,0.9166666666666666,2026-08-31T15:35:35.564373+00:00,1806733
energy,laplace,control,2,4,691,461,230,7,0.2609649122807017,21,56,0.2330903565753961,0.2444153333149767,0.9536650316247296,0.6882031279152728,0.550676131477655,-1.2510718383749828,-0.8150672088512344,0.8095238095238095,0.9107142857142856,2026-08-31T15:35:35.641577+00:00,1806733
energy,laplace,control,3,4,691,461,230,4,0.6355748373101953,26,51,0.2210096988685427,0.2516843918262726,0.8781223867910596,0.6451085130255038,0.5619901596606794,-0.9978650256719658,-0.9014074830210324,0.8846153846153846,0.8823529411764706,2026-08-31T15:35:35.718388+00:00,1806733
energy,laplace,control,4,4,691,461,230,2,1.0,24,53,0.2633478014000442,0.231354885285301,1.13828502508296,0.5786105610613878,0.5970494337713106,-0.9670278508333512,-0.9190113939913837,0.8333333333333334,0.9056603773584906,2026-08-31T15:35:35.800148+00:00,1806733
energy,laplace,control,5,4,691,461,230,4,0.2435344827586207,29,48,0.2159223487270297,0.2566751675132949,0.8412280425056923,0.5439628620572411,0.6182434371994138,-0.8142719573116126,-1.0062996987397292,0.9310344827586208,0.8541666666666666,2026-08-31T15:35:35.877219+00:00,1806733
energy,laplace,control,6,4,691,461,230,4,0.4326086956521739,25,52,0.2326114848919581,0.2455167121427512,0.9474364610939824,0.5611335304410535,0.6053606486366304,-0.887952572690624,-0.9561049612361188,0.88,0.8846153846153846,2026-08-31T15:35:35.954223+00:00,1806733
energy,laplace,control,7,4,691,461,230,6,0.3383947939262473,26,51,0.2060919288628352,0.2592895294762412,0.794833209343764,0.3753490201233925,0.6754041737048903,-0.4596309836997392,-1.1758013083402068,0.9615384615384616,0.8431372549019608,2026-08-31T15:35:36.030066+00:00,1806733
energy,ensemble,gap,0,4,691,464,227,12,0.0,29,48,1.9179498766942555,0.2234024001504742,8.585180263964965,17.299692953779584,0.3480281547519757,-62.7816254442098,-0.3864616288545953,0.0,0.9583333333333334,2026-08-31T15:36:08.616519+00:00,1806733
energy,ensemble,gap,1,4,691,464,227,12,0.0,29,48,1.9179498766942555,0.2234024001504742,8.585180263964965,17.299692953779584,0.3480281547519757,-62.7816254442098,-0.3864616288545953,0.0,0.9583333333333334,2026-08-31T15:36:08.731830+00:00,1806733
energy,ensemble,gap,2,4,691,456,235,7,0.2609649122807017,21,56,0.6469109060954182,0.2247230005540584,2.8787035795198905,3.566423665138678,0.5219783970732469,-8.544974696983937,-0.8099772655323243,0.6190476190476191,0.9285714285714286,2026-08-31T15:36:10.291926+00:00,1806733
energy,ensemble,gap,3,4,691,461,230,4,0.6355748373101953,26,51,0.1935409407529151,0.1766276635758427,1.0957566716031997,0.7109805794835572,0.5558516965531649,-1.280332700029181,-0.891116265985205,0.8461538461538461,0.8627450980392157,2026-08-31T15:36:10.520642+00:00,1806733
energy,ensemble,gap,4,4,691,459,232,2,1.0,24,53,0.1941123745938803,0.2269724063763837,0.8552245521510121,0.5477091676334125,0.5568763990726288,-0.8351619027724456,-0.9002216251996067,0.875,0.8867924528301887,2026-08-31T15:36:12.236147+00:00,1806733
energy,ensemble,gap,5,4,691,464,227,4,0.2435344827586207,29,48,0.2001348214744436,0.2035247046587638,0.9833441193785112,0.4921854783550949,0.606336593384993,-0.7091883011463432,-0.9356071061017408,0.896551724137931,0.8958333333333334,2026-08-31T15:36:17.786157+00:00,1806733
energy,ensemble,gap,6,4,691,460,231,4,0.4326086956521739,25,52,0.3298010375045247,0.2294402985644504,1.4374154826680663,0.6727771513274857,0.5132688714471979,-1.0718692279680249,-0.6873041473818122,0.84,0.903846153846154,2026-08-31T15:36:33.121010+00:00,1806733
energy,ensemble,gap,7,4,691,461,230,6,0.3383947939262473,26,51,0.2471224242944361,0.2371519493030726,1.042042559720315,0.5507165663603354,0.5153172343151282,-0.8636787224195535,-0.7232477652762528,0.9615384615384616,0.9411764705882352,2026-08-31T15:36:44.549610+00:00,1806733
energy,ensemble,control,0,4,691,461,230,12,0.0,29,48,0.2195561447226498,0.1911689473368515,1.1484927221771968,0.6207548945419158,0.5034245543309731,-0.9974993898855432,-0.7159784992843513,0.896551724137931,0.8958333333333334,2026-08-31T15:36:44.334118+00:00,1806733
energy,ensemble,control,1,4,691,461,230,12,0.0,29,48,0.2195561447226498,0.1911689473368515,1.1484927221771968,0.6207548945419158,0.5034245543309731,-0.9974993898855432,-0.7159784992843513,0.896551724137931,0.8958333333333334,2026-08-31T15:36:44.438424+00:00,1806733
energy,ensemble,control,2,4,691,461,230,7,0.2609649122807017,21,56,0.2018400696371306,0.2018677894061781,0.9998626835458544,0.6825137543535131,0.4920325653907219,-1.2521042273147849,-0.6607189553342704,0.7619047619047619,0.9464285714285714,2026-08-31T15:36:44.543069+00:00,1806733
energy,ensemble,control,3,4,691,461,230,4,0.6355748373101953,26,51,0.1715542027530098,0.2173103607362248,0.7894432744568741,0.5787730030832523,0.5356006550949791,-0.8625507400303669,-0.8013359025792172,0.8846153846153846,0.9019607843137256,2026-08-31T15:36:44.660478+00:00,1806733
energy,ensemble,control,4,4,691,461,230,2,1.0,24,53,0.1893342117909984,0.207532388417769,0.912311631136162,0.5161888098777224,0.5654332579362846,-0.8038567208283321,-0.8302243202348989,0.9166666666666666,0.8867924528301887,2026-08-31T15:36:44.750123+00:00,1806733
energy,ensemble,control,5,4,691,461,230,4,0.2435344827586207,29,48,0.1995362155082871,0.2032643212371957,0.981658828729917,0.5229388542241382,0.5665910075606878,-0.8130031902900641,-0.8274449532066198,0.9310344827586208,0.875,2026-08-31T15:36:44.830492+00:00,1806733
energy,ensemble,control,6,4,691,461,230,4,0.4326086956521739,25,52,0.1782821195259833,0.2131958592495411,0.8362363141270394,0.5237668851120916,0.5629833020596324,-0.8194455208288488,-0.8232367740693923,0.92,0.8846153846153846,2026-08-31T15:36:44.913922+00:00,1806733
energy,ensemble,control,7,4,691,461,230,6,0.3383947939262473,26,51,0.1878880891104564,0.2089832814167422,0.8990579908436838,0.3799013161538053,0.6197288117346269,-0.4729051538794025,-0.9999787504208852,0.9615384615384616,0.8627450980392157,2026-08-31T15:36:44.997445+00:00,1806733
energy,bbb,gap,0,4,691,464,227,12,0.0,29,48,0.5742189212343927,0.5303950724240973,1.082624916951065,17.705937774358922,0.4606105661266877,-212.11380373879027,-0.9153978798155484,0.0,1.0,2026-08-31T15:39:14.535759+00:00,1806733
energy,bbb,gap,1,4,691,464,227,12,0.0,29,48,0.5742189212343927,0.5303950724240973,1.082624916951065,17.705937774358922,0.4606105661266877,-212.11380373879027,-0.9153978798155484,0.0,1.0,2026-08-31T15:39:15.096233+00:00,1806733
energy,bbb,gap,2,4,691,456,235,7,0.2609649122807017,21,56,0.7116700715688677,0.6370282925831735,1.1171718428439326,4.233583791977071,0.5621346535447862,-8.737289384520421,-1.0919869120083632,0.3809523809523809,1.0,2026-08-31T15:39:20.122939+00:00,1806733
energy,bbb,gap,3,4,691,461,230,4,0.6355748373101953,26,51,0.6574764947001945,0.7145662720626325,0.920105692649549,0.6654677311035028,0.6476764873582165,-1.192259307276439,-1.207182314993838,1.0,1.0,2026-08-31T15:39:25.604974+00:00,1806733
energy,bbb,gap,4,4,691,459,232,2,1.0,24,53,0.6911362699360565,0.6637319447937149,1.0412882419737364,0.6926163440135674,0.6332773641076687,-1.23616721712033,-1.1691094017744883,1.0,1.0,2026-08-31T15:39:44.801299+00:00,1806733
energy,bbb,gap,5,4,691,464,227,4,0.2435344827586207,29,48,0.5384751504953642,0.5590221866522057,0.9632446857254616,0.5854622149338835,0.6269546278414111,-1.0451328391281245,-1.083626555070033,1.0,0.9791666666666666,2026-08-31T15:40:06.222730+00:00,1806733
energy,bbb,gap,6,4,691,460,231,4,0.4326086956521739,25,52,0.6448202158356748,0.6787857303518877,0.9499613604154512,0.6454890961279959,0.5546169267319544,-1.1654834089002386,-1.1282249584253967,1.0,1.0,2026-08-31T15:40:02.261676+00:00,1806733
energy,bbb,gap,7,4,691,461,230,6,0.3383947939262473,26,51,0.6149769721631247,0.6654906792572696,0.9240955453342768,0.5921280751598039,0.6095727422011444,-1.1112532496638563,-1.137897322536932,1.0,1.0,2026-08-31T15:40:59.469409+00:00,1806733
energy,bbb,control,0,4,691,461,230,12,0.0,29,48,0.6426839086140049,0.6812339863463287,0.9434113997466864,0.7457536109883035,0.5235814999798138,-1.209570777653812,-1.0939851837837238,1.0,1.0,2026-08-31T15:42:59.880693+00:00,1806733
energy,bbb,control,1,4,691,461,230,12,0.0,29,48,0.6426839086140049,0.6812339863463287,0.9434113997466864,0.7457536109883035,0.5235814999798138,-1.209570777653812,-1.0939851837837238,1.0,1.0,2026-08-31T15:42:59.962675+00:00,1806733
energy,bbb,control,2,4,691,461,230,7,0.2609649122807017,21,56,0.6747482784191251,0.6637026937076479,1.016642368361914,0.7183744208257232,0.5739837479677753,-1.201096259232529,-1.113675355887432,1.0,1.0,2026-08-31T15:43:00.051401+00:00,1806733
energy,bbb,control,3,4,691,461,230,4,0.6355748373101953,26,51,0.6339103327695829,0.6834391380866818,0.9275300424617808,0.6047463312150109,0.6227427934974862,-1.1156130544853042,-1.148684352097282,1.0,1.0,2026-08-31T15:43:00.141161+00:00,1806733
energy,bbb,control,4,4,691,461,230,2,1.0,24,53,0.6610864686290457,0.6692639518364683,0.9877813780572172,0.6557884445706791,0.5981970642326186,-1.1581673417439342,-1.1281665126740543,1.0,1.0,2026-08-31T15:43:00.230523+00:00,1806733
energy,bbb,control,5,4,691,461,230,4,0.2435344827586207,29,48,0.6557892257746962,0.6733161905617443,0.9739691915436856,0.5928566464674503,0.6307075736823912,-1.1212335926260228,-1.14735556640468,1.0,1.0,2026-08-31T15:43:00.315824+00:00,1806733
energy,bbb,control,6,4,691,461,230,4,0.4326086956521739,25,52,0.6469291268084624,0.6762276254657377,0.95667361469136,0.6776177009313573,0.5851982811108792,-1.1726801508777742,-1.1206122615699026,1.0,1.0,2026-08-31T15:43:00.398073+00:00,1806733
energy,bbb,control,7,4,691,461,230,6,0.3383947939262473,26,51,0.6462975751245341,0.6771240733567065,0.9544743726517412,0.5552866250301188,0.6458006893437996,-1.0962747767777463,-1.1585430819089784,1.0,1.0,2026-08-31T15:43:00.490787+00:00,1806733
energy,gp,gap,0,4,691,464,227,12,0.0,29,48,7.048085050778057,0.1795067248623541,39.26362678714423,20.50381266998501,0.4686207076809118,-11.819328095300069,-0.7580639203651754,0.2758620689655172,0.8333333333333334,2026-08-31T15:39:20.657853+00:00,1806733
energy,gp,gap,1,4,691,464,227,12,0.0,29,48,7.048085050778057,0.1795067248623541,39.26362678714423,20.50381266998501,0.4686207076809118,-11.819328095300069,-0.7580639203651754,0.2758620689655172,0.8333333333333334,2026-08-31T15:39:24.484196+00:00,1806733
energy,gp,gap,2,4,691,456,235,7,0.2609649122807017,21,56,1.0996272794961106,0.21011399546736,5.233479459805575,4.621690355937518,0.5055431532087614,-18.956074925826563,-0.766850211870923,0.5238095238095238,0.8928571428571429,2026-08-31T15:39:24.644589+00:00,1806733
energy,gp,gap,3,4,691,461,230,4,0.6355748373101953,26,51,0.2489725399340044,0.2418277700449536,1.029544869423899,0.6142957993309172,0.5308551746942768,-0.9627836604634434,-0.840496787149662,0.8846153846153846,0.8823529411764706,2026-08-31T15:39:30.260413+00:00,1806733
energy,gp,gap,4,4,691,459,232,2,1.0,24,53,0.2466934416270492,0.2334108930654642,1.056906292534769,0.4985405465749068,0.5849104359455958,-0.8029346423368536,-0.9309548270196932,0.8333333333333334,0.8490566037735849,2026-08-31T15:39:31.329186+00:00,1806733
energy,gp,gap,5,4,691,464,227,4,0.2435344827586207,29,48,0.2641666032697567,0.2492687765551429,1.059766116400536,0.4696622661207686,0.5389052335825358,-0.6933453254662766,-0.8368562500393905,0.9310344827586208,0.875,2026-08-31T15:39:32.212234+00:00,1806733
energy,gp,gap,6,4,691,460,231,4,0.4326086956521739,25,52,0.4100753076245856,0.2380302522688796,1.7227865101842748,0.566444249250501,0.5072543239954005,-0.8163451863971034,-0.7284551593528635,0.96,0.9230769230769232,2026-08-31T15:39:37.256098+00:00,1806733
energy,gp,gap,7,4,691,461,230,6,0.3383947939262473,26,51,0.2058635383332111,0.2362184993867443,0.8714962582001882,0.5616740665799025,0.526284023968553,-0.9512309398776482,-0.8189423974859213,0.9230769230769232,0.9019607843137256,2026-08-31T15:39:38.203102+00:00,1806733
energy,gp,control,0,4,691,461,230,12,0.0,29,48,0.2544183800324572,0.2376127320145094,1.0707270518522616,0.6170245892937775,0.479245194082195,-1.047057615529703,-0.6881249711027168,0.8275862068965517,0.8958333333333334,2026-08-31T15:39:40.321077+00:00,1806733
energy,gp,control,1,4,691,461,230,12,0.0,29,48,0.2544183800324572,0.2376127320145094,1.0707270518522616,0.6170245892937775,0.479245194082195,-1.047057615529703,-0.6881249711027168,0.8275862068965517,0.8958333333333334,2026-08-31T15:39:40.403022+00:00,1806733
energy,gp,control,2,4,691,461,230,7,0.2609649122807017,21,56,0.2332192471394061,0.2479632137091104,0.9405397020422528,0.6549306413400809,0.4828799358343024,-1.198854655736825,-0.6824771730860439,0.7619047619047619,0.9107142857142856,2026-08-31T15:39:40.477507+00:00,1806733
energy,gp,control,3,4,691,461,230,4,0.6355748373101953,26,51,0.2169581264253869,0.2576986837368167,0.8419062266028591,0.5613209557486812,0.5215586606418365,-0.8524095015961188,-0.8084710278782884,0.8461538461538461,0.8823529411764706,2026-08-31T15:39:40.551239+00:00,1806733
energy,gp,control,4,4,691,461,230,2,1.0,24,53,0.260940431855466,0.2362447885491798,1.1045341294423738,0.477865150129063,0.5593929394838936,-0.7031066302369048,-0.8777379308982278,0.9583333333333334,0.8301886792452831,2026-08-31T15:39:40.628700+00:00,1806733
energy,gp,control,5,4,691,461,230,4,0.2435344827586207,29,48,0.20921653541587,0.2649221798036975,0.7897282725474163,0.5010634386922489,0.5549856293600244,-0.7467206050485918,-0.8695785816017213,0.8620689655172413,0.875,2026-08-31T15:39:40.707024+00:00,1806733
energy,gp,control,6,4,691,461,230,4,0.4326086956521739,25,52,0.2135927041494318,0.2585332029596522,0.826171268155317,0.5167122381868894,0.5440326353534661,-0.8328642105887445,-0.8187127730494843,0.88,0.8653846153846154,2026-08-31T15:39:40.782189+00:00,1806733
energy,gp,control,7,4,691,461,230,6,0.3383947939262473,26,51,0.1983645913278186,0.267177740845381,0.742444302059634,0.4054355320821805,0.590637402833151,-0.5232886822380034,-0.9762581122569354,0.9230769230769232,0.8431372549019608,2026-08-31T15:39:40.859688+00:00,1806733
energy,mcd,gap,0,5,691,457,234,12,0.0,22,55,0.8587769555666764,0.8290072162966841,1.035910108723756,7.489262110786527,0.8535456200697809,-15.40034953841959,-1.4237480881841522,0.2727272727272727,0.9818181818181818,2026-08-31T15:39:47.691570+00:00,1806733
energy,mcd,gap,1,5,691,457,234,12,0.0,22,55,0.8587769555666764,0.8290072162966841,1.035910108723756,7.489262110786527,0.8535456200697809,-15.40034953841959,-1.4237480881841522,0.2727272727272727,0.9818181818181818,2026-08-31T15:39:48.658349+00:00,1806733
energy,mcd,gap,2,5,691,461,230,7,0.2494577006507592,26,51,0.8168935487651979,0.8992613491514012,0.9084050476939428,3.9902983529359406,0.7935523238838995,-5.219226573509171,-1.4679258929259358,0.6538461538461539,1.0,2026-08-31T15:39:51.425030+00:00,1806733
energy,mcd,gap,3,5,691,456,235,4,0.6271929824561403,21,56,1.079218569862244,1.0490257611331577,1.028781760989809,1.5942486960850313,1.3787831420834566,-1.934940506970308,-1.832613224871336,0.9047619047619048,0.9821428571428572,2026-08-31T15:39:55.562170+00:00,1806733
energy,mcd,gap,4,5,691,462,229,2,1.0,27,50,1.2360675084047046,1.201236433608102,1.0289960192865462,0.9936707978199424,1.0978603221646286,-1.7721669343942688,-1.7927583655133084,1.0,1.0,2026-08-31T15:39:58.224600+00:00,1806733
energy,mcd,gap,5,5,691,462,229,4,0.238095238095238,27,50,1.1572064033738874,1.1817344440044428,0.9792440334163068,1.165708457200911,1.1191595894336634,-1.7888534183227354,-1.776661293048777,1.0,1.0,2026-08-31T15:39:59.021557+00:00,1806733
energy,mcd,gap,6,5,691,470,221,4,0.4361702127659574,35,42,1.237499689498506,1.1838937448044096,1.0452793546121426,1.0852440903017349,1.043077458340998,-1.777815816974668,-1.7629866475030231,1.0,1.0,2026-08-31T15:40:01.107408+00:00,1806733
energy,mcd,gap,7,5,691,462,229,6,0.3463203463203463,27,50,1.2035644370039689,1.1608003528724922,1.0368401715468587,0.870993826091025,1.116236123319216,-1.7348174738393063,-1.787623589593685,1.0,1.0,2026-08-31T15:40:05.118362+00:00,1806733
energy,map,gap,0,5,691,457,234,12,0.0,22,55,0.0,0.0,,15.751299533854471,0.4470337149325026,-1078.4602581670697,-0.7063627363346865,0.0,0.8909090909090909,2026-08-31T15:40:07.252773+00:00,1806733
energy,map,gap,1,5,691,457,234,12,0.0,22,55,0.0,0.0,,15.751299533854471,0.4470337149325026,-1078.4602581670697,-0.7063627363346865,0.0,0.8909090909090909,2026-08-31T15:40:07.843528+00:00,1806733
energy,map,gap,2,5,691,461,230,7,0.2494577006507592,26,51,0.0,0.0,,3.878750078482142,0.4082362166749928,-43.072967208739335,-0.5235936116653963,0.3076923076923077,0.9215686274509804,2026-08-31T15:40:10.148907+00:00,1806733
energy,map,gap,3,5,691,456,235,4,0.6271929824561403,21,56,0.0,0.0,,0.4840295423904802,0.5349472781909285,-0.7619947866037794,-0.9413048218918773,0.8095238095238095,0.875,2026-08-31T15:40:11.415830+00:00,1806733
energy,map,gap,4,5,691,462,229,2,1.0,27,50,0.0,0.0,,0.5811978390066992,0.4929145625192495,-0.953961005699252,-0.7201882884172112,0.8518518518518519,0.9,2026-08-31T15:40:14.702022+00:00,1806733
energy,map,gap,5,5,691,462,229,4,0.238095238095238,27,50,0.0,0.0,,0.5203898938676893,0.568434549694551,-0.7955152739316013,-0.92935926837988,0.925925925925926,0.84,2026-08-31T15:40:16.331334+00:00,1806733
energy,map,gap,6,5,691,470,221,4,0.4361702127659574,35,42,0.0,0.0,,0.5287655489764597,0.5974488676973081,-0.8314895813998396,-1.0410340700524614,0.8857142857142857,0.8333333333333334,2026-08-31T15:40:16.997990+00:00,1806733
energy,map,gap,7,5,691,462,229,6,0.3463203463203463,27,50,0.0,0.0,,0.7285996329837171,0.3890055952974431,-1.8640460686991465,-0.477390649002532,0.7037037037037037,0.94,2026-08-31T15:40:17.923765+00:00,1806733
energy,laplace,gap,0,5,691,457,234,12,0.0,22,55,6.156764059721014,0.1873165234973889,32.8682379149901,15.751299533854471,0.4470337149325026,-6.494084767749725,-0.6037356410918815,0.6818181818181818,0.9272727272727272,2026-08-31T15:40:20.858755+00:00,1806733
energy,laplace,gap,1,5,691,457,234,12,0.0,22,55,6.156764059721014,0.1873165234973889,32.8682379149901,15.751299533854471,0.4470337149325026,-6.494084767749725,-0.6037356410918815,0.6818181818181818,0.9272727272727272,2026-08-31T15:40:22.309007+00:00,1806733
energy,laplace,gap,2,5,691,461,230,7,0.2494577006507592,26,51,1.7991547673378545,0.2207928538373576,8.148609595232475,3.878750078482142,0.4082362166749928,-4.407876448805168,-0.5497261192428156,0.6153846153846154,0.9215686274509804,2026-08-31T15:40:25.566351+00:00,1806733
energy,laplace,gap,3,5,691,456,235,4,0.6271929824561403,21,56,0.2806044936212016,0.2259059716325608,1.242129597519488,0.4840295423904802,0.5349472781909285,-0.5996677555908425,-0.7497713409402174,0.9047619047619048,0.8928571428571429,2026-08-31T15:40:27.242398+00:00,1806733
energy,laplace,gap,4,5,691,462,229,2,1.0,27,50,0.2671961346416896,0.2756116717168303,0.9694659626614542,0.5811978390066992,0.4929145625192495,-0.8674941018489825,-0.7076123298883268,0.8888888888888888,0.96,2026-08-31T15:40:27.791610+00:00,1806733
energy,laplace,gap,5,5,691,462,229,4,0.238095238095238,27,50,0.2672698847565615,0.2758654755162733,0.9688413682660892,0.5203898938676893,0.568434549694551,-0.7570679023843296,-0.8631010425399765,0.925925925925926,0.86,2026-08-31T15:40:28.801801+00:00,1806733
energy,laplace,gap,6,5,691,470,221,4,0.4361702127659574,35,42,0.6821138603580608,0.2660022139022469,2.564316478240781,0.5287655489764597,0.5974488676973081,-0.8666344392563204,-0.9666718534111368,1.0,0.8809523809523809,2026-08-31T15:40:32.026825+00:00,1806733
energy,laplace,gap,7,5,691,462,229,6,0.3463203463203463,27,50,0.2058776293502432,0.244154725789622,0.8432260677503309,0.7285996329837171,0.3890055952974431,-1.501753196739638,-0.4988280118830939,0.7777777777777778,0.98,2026-08-31T15:40:33.191742+00:00,1806733
energy,ensemble,gap,0,5,691,457,234,12,0.0,22,55,1.957340743301902,0.1969946248011864,9.936010920487377,15.380876757028004,0.4224166737519556,-38.84805848989715,-0.545328370115168,0.0,0.9454545454545454,2026-08-31T15:41:12.109052+00:00,1806733
energy,ensemble,gap,1,5,691,457,234,12,0.0,22,55,1.957340743301902,0.1969946248011864,9.936010920487377,15.380876757028004,0.4224166737519556,-38.84805848989715,-0.545328370115168,0.0,0.9454545454545454,2026-08-31T15:41:13.892648+00:00,1806733
energy,ensemble,gap,2,5,691,461,230,7,0.2494577006507592,26,51,0.4572934281303816,0.1875230735095147,2.4385981925961717,4.073538503402645,0.3593083263269604,-27.862887937484636,-0.4512806299197467,0.4230769230769231,0.9607843137254902,2026-08-31T15:41:14.799914+00:00,1806733
energy,ensemble,gap,3,5,691,456,235,4,0.6271929824561403,21,56,0.2972852814818032,0.2682299967439462,1.1083222797247143,0.4395888916847452,0.4988998761628569,-0.6023194795056076,-0.6921686488086094,0.9523809523809524,0.9464285714285714,2026-08-31T15:41:15.384981+00:00,1806733
energy,ensemble,gap,4,5,691,462,229,2,1.0,27,50,0.1911263063308615,0.211407425114206,0.9040661945890112,0.4944590898755883,0.4372192633907614,-0.6503043103561974,-0.576181699087494,0.925925925925926,0.96,2026-08-31T15:41:18.983238+00:00,1806733
energy,ensemble,gap,5,5,691,462,229,4,0.238095238095238,27,50,0.2187409541300817,0.2024743899099897,1.0803388726214875,0.4530610813546392,0.4648364396569561,-0.5940411775080657,-0.6256658983263187,0.9629629629629628,0.94,2026-08-31T15:41:19.712152+00:00,1806733
energy,ensemble,gap,6,5,691,470,221,4,0.4361702127659574,35,42,0.4140946187650585,0.2745435411976929,1.508302169333781,0.472752654692997,0.4678428869848319,-0.6647056973398374,-0.6201930464973942,1.0,0.9761904761904762,2026-08-31T15:41:47.702316+00:00,1806733
energy,ensemble,gap,7,5,691,462,229,6,0.3463203463203463,27,50,0.2663234020937769,0.2306437393732523,1.1546959948597777,0.6157352551437713,0.3702085838067153,-1.0704688832822435,-0.490885332666615,0.8148148148148148,0.98,2026-08-31T15:42:01.354134+00:00,1806733
energy,bbb,gap,0,5,691,457,234,12,0.0,22,55,0.5788992646816853,0.5454571277621225,1.061310294095464,9.885514714395775,0.5234125108252188,-66.90476074159727,-0.9622505946497644,0.0,1.0,2026-08-31T15:44:55.905219+00:00,1806733
energy,bbb,gap,1,5,691,457,234,12,0.0,22,55,0.5788992646816853,0.5454571277621225,1.061310294095464,9.885514714395775,0.5234125108252188,-66.90476074159727,-0.9622505946497644,0.0,1.0,2026-08-31T15:44:54.901053+00:00,1806733
energy,bbb,gap,2,5,691,461,230,7,0.2494577006507592,26,51,0.8227657129130357,0.7041676947020028,1.16842297524203,5.261495863060252,0.468076089514461,-10.628028471491376,-1.0961569360537806,0.3076923076923077,1.0,2026-08-31T15:44:52.276887+00:00,1806733
energy,bbb,gap,3,5,691,456,235,4,0.6271929824561403,21,56,0.6788552103735767,0.6940201820238686,0.9781490912756045,0.3774635995099931,0.5556858667937273,-1.0702943274239232,-1.1461321949194614,1.0,1.0,2026-08-31T15:44:58.264110+00:00,1806733
energy,bbb,gap,4,5,691,462,229,2,1.0,27,50,0.6442767790427413,0.632667275422114,1.0183500934403182,0.5841907883044165,0.5230180149259507,-1.1412711522375247,-1.1038009477318893,1.0,1.0,2026-08-31T15:44:58.873819+00:00,1806733
energy,bbb,gap,5,5,691,462,229,4,0.238095238095238,27,50,0.8335383225942924,0.8196577450306056,1.016934601847956,0.6541695835534489,0.6436421812165429,-1.3150337840373192,-1.3071212578001317,1.0,1.0,2026-08-31T15:45:24.302797+00:00,1806733
energy,bbb,gap,6,5,691,470,221,4,0.4361702127659574,35,42,0.7155283633284751,0.7184047157979235,0.9959961948937742,0.9264132416785684,0.6129772289937891,-1.3869251719012734,-1.1837737860376627,0.9428571428571428,1.0,2026-08-31T15:45:38.568671+00:00,1806733
energy,bbb,gap,7,5,691,462,229,6,0.3463203463203463,27,50,0.6536235769308869,0.6880264556272725,0.9499977385825658,0.658073574445791,0.4763567992091913,-1.1752178407954708,-1.1002557898780505,1.0,1.0,2026-08-31T15:46:32.860676+00:00,1806733
energy,gp,gap,0,5,691,457,234,12,0.0,22,55,5.170008742957571,0.1718051626226633,30.092278159955487,18.734124535217624,0.4538311613834548,-11.059786649536932,-0.7100166672305407,0.1363636363636363,0.8545454545454545,2026-08-31T15:44:55.226600+00:00,1806733
energy,gp,gap,1,5,691,457,234,12,0.0,22,55,5.170008742957571,0.1718051626226633,30.092278159955487,18.734124535217624,0.4538311613834548,-11.059786649536932,-0.7100166672305407,0.1363636363636363,0.8545454545454545,2026-08-31T15:44:58.076337+00:00,1806733
energy,gp,gap,2,5,691,461,230,7,0.2494577006507592,26,51,1.3401987152708044,0.2060983940079399,6.502713045008846,5.68916037181617,0.3674482966898388,-21.708318292677465,-0.4473762697917094,0.2307692307692307,0.9607843137254902,2026-08-31T15:44:58.300594+00:00,1806733
energy,gp,gap,3,5,691,456,235,4,0.6271929824561403,21,56,0.2700543881802193,0.2254066561310105,1.198076369241105,0.4514511333871926,0.5412088501533546,-0.5922229770685479,-0.7737326184385497,0.9523809523809524,0.8928571428571429,2026-08-31T15:45:02.183621+00:00,1806733
energy,gp,gap,4,5,691,462,229,2,1.0,27,50,0.2248223833894327,0.2424652328888424,0.9272355492405872,0.5218035271192267,0.4952660132219849,-0.7439978560128689,-0.6977273525376964,0.8888888888888888,0.92,2026-08-31T15:45:03.414600+00:00,1806733
energy,gp,gap,5,5,691,462,229,4,0.238095238095238,27,50,0.2762424468476159,0.2361711980280753,1.169670345724279,0.4611831568020117,0.4779524561894001,-0.6463709010376425,-0.6712162340813412,1.0,0.94,2026-08-31T15:45:04.414937+00:00,1806733
energy,gp,gap,6,5,691,470,221,4,0.4361702127659574,35,42,0.4371717522353409,0.2408878641769518,1.8148351048278732,0.6110548356464424,0.507130257526151,-0.8404015890280221,-0.7060583746005145,0.9714285714285714,0.9285714285714286,2026-08-31T15:45:04.401690+00:00,1806733
energy,gp,gap,7,5,691,462,229,6,0.3463203463203463,27,50,0.1900504378190588,0.2310741406921272,0.8224651934215066,0.62100142165235,0.4181181870732629,-1.0684496174780311,-0.5571378662873634,0.7407407407407407,1.0,2026-08-31T15:45:04.969618+00:00,1806733
energy,mcd,gap,0,6,691,465,226,12,0.0,30,47,0.8889735476809716,0.833383129525719,1.0667045158292192,8.506930674569723,0.8967453938905112,-19.928227518288743,-1.4462324455690352,0.1,0.9787234042553192,2026-08-31T15:45:12.237304+00:00,1806733
energy,mcd,gap,1,6,691,465,226,12,0.0,30,47,0.8889735476809716,0.833383129525719,1.0667045158292192,8.506930674569723,0.8967453938905112,-19.928227518288743,-1.4462324455690352,0.1,0.9787234042553192,2026-08-31T15:45:13.171760+00:00,1806733
energy,mcd,gap,2,6,691,461,230,7,0.2516268980477223,26,51,0.8862141856371889,0.933068481442606,0.9497847191955556,4.847649036868556,0.9807623619755385,-6.613870860630692,-1.5592031367614494,0.5,0.9607843137254902,2026-08-31T15:45:13.326942+00:00,1806733
energy,mcd,gap,3,6,691,465,226,4,0.6365591397849463,30,47,1.022300920093006,1.0031880480098745,1.0190521329685376,1.6964147281736717,1.132755673639282,-1.9647318851782,-1.723799112574942,0.9333333333333332,0.9787234042553192,2026-08-31T15:45:13.629511+00:00,1806733
energy,mcd,gap,4,6,691,452,239,2,1.0,17,60,1.157451146588221,1.189524206286322,0.97303706849461,1.3038741215801597,1.2632658655103373,-1.82314394580232,-1.8225410183867237,0.9411764705882352,1.0,2026-08-31T15:45:14.339679+00:00,1806733
energy,mcd,gap,5,6,691,469,222,4,0.2515991471215352,34,43,1.1146788047430105,1.1740386822795033,0.9494395896553932,0.9510291531108402,1.2708849675698544,-1.704904461538279,-1.8019120725657545,1.0,0.9767441860465116,2026-08-31T15:45:21.735775+00:00,1806733
energy,mcd,gap,6,6,691,460,231,4,0.4413043478260869,25,52,1.1864156086654751,1.1533430169721473,1.0286754167724992,1.00033142747333,1.1942046902079495,-1.730352999298216,-1.7887160437895235,1.0,1.0,2026-08-31T15:45:22.355859+00:00,1806733
energy,mcd,gap,7,6,691,458,233,6,0.3384279475982533,23,54,1.2531530948553062,1.2283990202657888,1.020151493269802,0.8980097568785382,1.1673757076928428,-1.7340159933805452,-1.80113667554991,1.0,1.0,2026-08-31T15:45:22.836123+00:00,1806733
energy,map,gap,0,6,691,465,226,12,0.0,30,47,0.0,0.0,,15.644251853848608,0.3968151647684517,-1223.4506002105393,-0.5549502857137321,0.0,0.8723404255319149,2026-08-31T15:45:22.316051+00:00,1806733
energy,map,gap,1,6,691,465,226,12,0.0,30,47,0.0,0.0,,15.644251853848608,0.3968151647684517,-1223.4506002105393,-0.5549502857137321,0.0,0.8723404255319149,2026-08-31T15:45:22.937111+00:00,1806733
energy,map,gap,2,6,691,461,230,7,0.2516268980477223,26,51,0.0,0.0,,4.446024223638399,0.568318907205413,-56.89521359309545,-0.9730794818752408,0.1538461538461538,0.8235294117647058,2026-08-31T15:45:30.388289+00:00,1806733
energy,map,gap,3,6,691,465,226,4,0.6365591397849463,30,47,0.0,0.0,,0.5089552071030052,0.4754703917378731,-0.7877659417619973,-0.6935024026406131,0.9,0.8936170212765957,2026-08-31T15:45:30.965785+00:00,1806733
energy,map,gap,4,6,691,452,239,2,1.0,17,60,0.0,0.0,,0.5378203449307914,0.5587735427791898,-0.8778791093257505,-0.9443241311230824,0.8823529411764706,0.85,2026-08-31T15:45:30.963503+00:00,1806733
energy,map,gap,5,6,691,469,222,4,0.2515991471215352,34,43,0.0,0.0,,0.6264866623848416,0.5917558277973382,-1.172188179011077,-1.0506510632183943,0.8235294117647058,0.8372093023255814,2026-08-31T15:45:31.313268+00:00,1806733
energy,map,gap,6,6,691,460,231,4,0.4413043478260869,25,52,0.0,0.0,,0.5126032584386532,0.4615948730946712,-0.76619894708825,-0.6460913364981884,0.96,0.9423076923076924,2026-08-31T15:45:32.056467+00:00,1806733
energy,map,gap,7,6,691,458,233,6,0.3384279475982533,23,54,0.0,0.0,,0.6149531468028172,0.403264788916747,-1.279137624361809,-0.5159963472897218,0.6521739130434783,0.9074074074074074,2026-08-31T15:45:33.012659+00:00,1806733
energy,laplace,gap,0,6,691,465,226,12,0.0,30,47,6.419961105325607,0.2139439744778347,30.00767430349265,15.644251853848608,0.3968151647684517,-6.186957575402958,-0.5042557835795575,0.4333333333333333,0.9361702127659576,2026-08-31T15:45:39.924645+00:00,1806733
energy,laplace,gap,1,6,691,465,226,12,0.0,30,47,6.419961105325607,0.2139439744778347,30.00767430349265,15.644251853848608,0.3968151647684517,-6.186957575402958,-0.5042557835795575,0.4333333333333333,0.9361702127659576,2026-08-31T15:45:40.459161+00:00,1806733
energy,laplace,gap,2,6,691,461,230,7,0.2516268980477223,26,51,1.5799109360676675,0.2374737673464898,6.652991417626661,4.446024223638399,0.568318907205413,-4.787668541662333,-0.8693121139524542,0.5384615384615384,0.8823529411764706,2026-08-31T15:45:40.668703+00:00,1806733
energy,laplace,gap,3,6,691,465,226,4,0.6365591397849463,30,47,0.3307056971671391,0.2444839547146057,1.3526683072236083,0.5089552071030052,0.4754703917378731,-0.7756596649590257,-0.6827344664148489,0.9333333333333332,0.8936170212765957,2026-08-31T15:45:41.067939+00:00,1806733
energy,laplace,gap,4,6,691,452,239,2,1.0,17,60,0.3197482140747489,0.2702023459001158,1.183365795769029,0.5378203449307914,0.5587735427791898,-0.7305126782393412,-0.7912241852434092,0.9411764705882352,0.95,2026-08-31T15:45:41.764423+00:00,1806733
energy,laplace,gap,5,6,691,469,222,4,0.2515991471215352,34,43,0.2394512998458975,0.3159941566970976,0.7577712902945488,0.6264866623848416,0.5917558277973382,-1.0276993804364465,-0.8454195506199514,0.8235294117647058,0.9302325581395348,2026-08-31T15:45:42.727400+00:00,1806733
energy,laplace,gap,6,6,691,460,231,4,0.4413043478260869,25,52,0.5802800286396513,0.2627828547311381,2.20821114540884,0.5126032584386532,0.4615948730946712,-0.8921909152765405,-0.650237876711391,0.96,0.9615384615384616,2026-08-31T15:45:48.505572+00:00,1806733
energy,laplace,gap,7,6,691,458,233,6,0.3384279475982533,23,54,0.2243248992356734,0.2621390043883812,0.855747887496044,0.6149531468028172,0.403264788916747,-1.0686581795712458,-0.5387373395263116,0.7391304347826086,0.9444444444444444,2026-08-31T15:45:49.501010+00:00,1806733
energy,ensemble,gap,0,6,691,465,226,12,0.0,30,47,2.4282667718142075,0.1970736674080965,12.321619644829552,16.568040959924613,0.2925430801887126,-50.32772993785473,-0.2517567154155927,0.0,0.9787234042553192,2026-08-31T15:46:24.316129+00:00,1806733
energy,ensemble,gap,1,6,691,465,226,12,0.0,30,47,2.4282667718142075,0.1970736674080965,12.321619644829552,16.568040959924613,0.2925430801887126,-50.32772993785473,-0.2517567154155927,0.0,0.9787234042553192,2026-08-31T15:46:24.266475+00:00,1806733
energy,ensemble,gap,2,6,691,461,230,7,0.2516268980477223,26,51,0.5053598600953148,0.1847079958293725,2.7359934139621678,4.85381624380209,0.4681340996224591,-30.445296155105996,-0.6737727328514023,0.3846153846153846,0.9215686274509804,2026-08-31T15:46:24.223342+00:00,1806733
energy,ensemble,gap,3,6,691,465,226,4,0.6365591397849463,30,47,0.2264315648124982,0.2018533060271508,1.1217629736618795,0.4726199968444203,0.3853115574786642,-0.7251275961040063,-0.4790446851026718,0.9333333333333332,0.9574468085106383,2026-08-31T15:46:24.993454+00:00,1806733
energy,ensemble,gap,4,6,691,452,239,2,1.0,17,60,0.1854958880374454,0.2070800686351331,0.895768913252013,0.3528270239159913,0.5181319712840599,-0.4177618650808337,-0.7448213166738511,1.0,0.9333333333333332,2026-08-31T15:46:25.613089+00:00,1806733
energy,ensemble,gap,5,6,691,469,222,4,0.2515991471215352,34,43,0.2497171191637398,0.2569230558032369,0.9719529389179626,0.6425721518519498,0.5564830520969801,-1.1218249910911902,-0.8592772006600989,0.8823529411764706,0.8837209302325582,2026-08-31T15:46:33.094967+00:00,1806733
energy,ensemble,gap,6,6,691,460,231,4,0.4413043478260869,25,52,0.332040810511064,0.2309665955997047,1.4376139962963914,0.3876497737208367,0.3883640573142303,-0.5910152249486009,-0.5111263668900767,1.0,0.9615384615384616,2026-08-31T15:46:33.407399+00:00,1806733
energy,ensemble,gap,7,6,691,458,233,6,0.3384279475982533,23,54,0.2212594005123678,0.2361209773218476,0.9370594812115208,0.6357712661964872,0.4157657241055572,-1.1113457595668217,-0.5452466619150983,0.782608695652174,0.9629629629629628,2026-08-31T15:47:08.074263+00:00,1806733
energy,bbb,gap,0,6,691,465,226,12,0.0,30,47,0.5738882304478129,0.5480009340739785,1.0472395114026205,11.411941703182944,0.3764739620293229,-83.60022121486544,-0.8885423241766087,0.0,1.0,2026-08-31T15:49:35.961746+00:00,1806733
energy,bbb,gap,1,6,691,465,226,12,0.0,30,47,0.5738882304478129,0.5480009340739785,1.0472395114026205,11.411941703182944,0.3764739620293229,-83.60022121486544,-0.8885423241766087,0.0,1.0,2026-08-31T15:49:33.447701+00:00,1806733
energy,bbb,gap,2,6,691,461,230,7,0.2516268980477223,26,51,0.7662199826020918,0.6409076171832195,1.1955232892528542,4.901979258072987,0.4435383042015179,-10.506852795353035,-1.0351036730273044,0.1923076923076923,1.0,2026-08-31T15:49:33.912310+00:00,1806733
energy,bbb,gap,3,6,691,465,226,4,0.6365591397849463,30,47,0.6696234710028867,0.6624596087109033,1.0108140363544935,0.4543449264996799,0.4896820064836025,-1.0886889593984526,-1.0963523151368495,1.0,1.0,2026-08-31T15:49:33.572878+00:00,1806733
energy,bbb,gap,4,6,691,452,239,2,1.0,17,60,0.7205055161586327,0.7332566772148579,0.9826102353344286,0.4888142730953082,0.5035918820935561,-1.1404032113976164,-1.1485779476787017,1.0,1.0,2026-08-31T15:49:42.766011+00:00,1806733
energy,bbb,gap,5,6,691,469,222,4,0.2515991471215352,34,43,0.7592914965115798,0.7349067507923978,1.0331807344168356,0.6123315332739,0.4787901326818908,-1.2120892059847543,-1.152890492392238,1.0,1.0,2026-08-31T15:49:41.555686+00:00,1806733
energy,bbb,gap,6,6,691,460,231,4,0.4413043478260869,25,52,0.7357250700153912,0.7836683217099565,0.9388220113453692,0.8554048295756813,0.4967725806795041,-1.3436039941710476,-1.1999350113016276,0.96,1.0,2026-08-31T15:49:47.193122+00:00,1806733
energy,bbb,gap,7,6,691,458,233,6,0.3384279475982533,23,54,0.6437453101847614,0.7325997202302165,0.878713562683954,0.5301841914816061,0.4639589961517738,-1.1264582529415197,-1.1380843717493894,1.0,1.0,2026-08-31T15:50:19.656546+00:00,1806733
energy,gp,gap,0,6,691,465,226,12,0.0,30,47,5.629188586511821,0.2178301838443383,25.842096293388085,18.783052646769377,0.3352901819937637,-11.779244005148138,-0.3564179905529464,0.2,0.9787234042553192,2026-08-31T15:49:38.275846+00:00,1806733
energy,gp,gap,1,6,691,465,226,12,0.0,30,47,5.629188586511821,0.2178301838443383,25.842096293388085,18.783052646769377,0.3352901819937637,-11.779244005148138,-0.3564179905529464,0.2,0.9787234042553192,2026-08-31T15:49:38.480336+00:00,1806733
energy,gp,gap,2,6,691,461,230,7,0.2516268980477223,26,51,1.1516465383600234,0.2523275937540409,4.564092738436698,5.728442117754964,0.5320335003980827,-30.776507522029764,-0.7943965761462255,0.1923076923076923,0.8823529411764706,2026-08-31T15:49:38.721628+00:00,1806733
energy,gp,gap,3,6,691,465,226,4,0.6365591397849463,30,47,0.3057199805758843,0.2651272176874786,1.1531067358623843,0.5317695179565003,0.4737462056327439,-0.8050136378443944,-0.6121055818409541,0.9333333333333332,0.9361702127659576,2026-08-31T15:49:47.125504+00:00,1806733
energy,gp,gap,4,6,691,452,239,2,1.0,17,60,0.289594528786668,0.2623223618255955,1.103964323785726,0.3641689734612246,0.5446889266836641,-0.515824762033684,-0.7310757579279937,0.9411764705882352,0.9166666666666666,2026-08-31T15:49:48.780477+00:00,1806733
energy,gp,gap,5,6,691,469,222,4,0.2515991471215352,34,43,0.2500337861941094,0.3066424730754963,0.8153918916918933,0.4980994412090673,0.4923539272871071,-0.7383178335613462,-0.6749824173557093,0.9411764705882352,0.9534883720930232,2026-08-31T15:49:49.499572+00:00,1806733
energy,gp,gap,6,6,691,460,231,4,0.4413043478260869,25,52,0.4292461318544525,0.2713955679387104,1.581625430048989,0.4652756878545012,0.4269277289514698,-0.7565045036276992,-0.5693114456071884,0.96,0.9807692307692308,2026-08-31T15:49:50.726978+00:00,1806733
energy,gp,gap,7,6,691,458,233,6,0.3384279475982533,23,54,0.2123493433608333,0.2606604820533374,0.8146587533640083,0.6307365875463911,0.4498907720960549,-1.0841758688216228,-0.5875244520503743,0.782608695652174,0.925925925925926,2026-08-31T15:49:50.762270+00:00,1806733
energy,mcd,gap,0,7,691,464,227,12,0.0,29,48,0.8051307931983696,0.7902366483102572,1.0188477020395854,9.021169589811096,0.928061936258813,-23.334145665037305,-1.4505902841708258,0.0,0.9583333333333334,2026-08-31T15:49:54.582891+00:00,1806733
energy,mcd,gap,1,7,691,464,227,12,0.0,29,48,0.8051307931983696,0.7902366483102572,1.0188477020395854,9.021169589811096,0.928061936258813,-23.334145665037305,-1.4505902841708258,0.0,0.9583333333333334,2026-08-31T15:49:57.387184+00:00,1806733
energy,mcd,gap,2,7,691,459,232,7,0.2527233115468409,24,53,0.8073411591851053,0.900445351572064,0.8966020622746173,4.610291912634033,1.2097201989672093,-6.380454158634374,-1.65874509450397,0.5416666666666666,0.9622641509433962,2026-08-31T15:49:57.540545+00:00,1806733
energy,mcd,gap,3,7,691,463,228,4,0.6328293736501079,28,49,0.9761963335140392,0.9654644087471274,1.0111158160463305,1.9661765261186317,1.310386368875465,-2.128813361271042,-1.7813950093022284,0.8928571428571429,0.9591836734693876,2026-08-31T15:49:58.199503+00:00,1806733
energy,mcd,gap,4,7,691,464,227,2,1.0,29,48,1.121545051107246,1.1470010135750162,0.9778065039468204,1.2087999247054233,1.3945271507934816,-1.8109511538544745,-1.876199332266796,1.0,1.0,2026-08-31T15:49:58.966543+00:00,1806733
energy,mcd,gap,5,7,691,468,223,4,0.25,33,44,1.171467739536055,1.1877575277413932,0.9862852578705066,1.2615816507346316,1.5855917581049352,-1.8553890246789948,-1.9635056404581184,1.0,1.0,2026-08-31T15:49:59.731997+00:00,1806733
energy,mcd,gap,6,7,691,453,238,4,0.4415011037527593,18,59,1.2466779776086636,1.1549028725457189,1.079465647929897,1.070008050147664,1.4173495054374294,-1.818767286845596,-1.896279011738239,1.0,1.0,2026-08-31T15:49:59.951567+00:00,1806733
energy,mcd,gap,7,7,691,458,233,6,0.3427947598253275,23,54,1.1852967112271977,1.2244715220183855,0.968006760396834,1.1813478664516432,1.3256919670499616,-1.8196470066015875,-1.8730821495422616,1.0,1.0,2026-08-31T15:50:03.980259+00:00,1806733
energy,map,gap,0,7,691,464,227,12,0.0,29,48,0.0,0.0,,17.30572666343137,0.40714221465261,-1554.3908918744096,-0.6093864911367577,0.0,0.8958333333333334,2026-08-31T15:50:06.014713+00:00,1806733
energy,map,gap,1,7,691,464,227,12,0.0,29,48,0.0,0.0,,17.30572666343137,0.40714221465261,-1554.3908918744096,-0.6093864911367577,0.0,0.8958333333333334,2026-08-31T15:50:06.089063+00:00,1806733
energy,map,gap,2,7,691,459,232,7,0.2527233115468409,24,53,0.0,0.0,,4.700826211845693,0.5616440675859093,-63.91813367222136,-0.953460010333388,0.2916666666666667,0.8490566037735849,2026-08-31T15:50:06.456800+00:00,1806733
energy,map,gap,3,7,691,463,228,4,0.6328293736501079,28,49,0.0,0.0,,0.8023385788701892,0.4871060541870823,-1.942395067262204,-0.7331286564180941,0.8214285714285714,0.9591836734693876,2026-08-31T15:50:07.208743+00:00,1806733
energy,map,gap,4,7,691,464,227,2,1.0,29,48,0.0,0.0,,0.4649886871295408,0.7350829362630614,-0.6622642271023959,-1.5637842482058757,0.9655172413793104,0.8333333333333334,2026-08-31T15:50:08.133364+00:00,1806733
energy,map,gap,5,7,691,468,223,4,0.25,33,44,0.0,0.0,,0.4714454299160376,0.7186885043739668,-0.6856047695160601,-1.544995315212791,0.9393939393939394,0.7272727272727273,2026-08-31T15:50:08.459119+00:00,1806733
energy,map,gap,6,7,691,453,238,4,0.4415011037527593,18,59,0.0,0.0,,0.532998195637271,0.4648585164275905,-0.8592610235051312,-0.6649126260825894,0.7777777777777778,0.8813559322033898,2026-08-31T15:50:12.114393+00:00,1806733
energy,map,gap,7,7,691,458,233,6,0.3427947598253275,23,54,0.0,0.0,,0.7398929725608838,0.5023874634796313,-2.0129575741258163,-0.8720931290121795,0.4782608695652174,0.8518518518518519,2026-08-31T15:50:14.676225+00:00,1806733
energy,laplace,gap,0,7,691,464,227,12,0.0,29,48,5.186136806169606,0.1966025410202498,26.37878828654326,17.30572666343137,0.40714221465261,-9.209850295760877,-0.4834395670093498,0.3103448275862069,0.9583333333333334,2026-08-31T15:50:15.900906+00:00,1806733
energy,laplace,gap,1,7,691,464,227,12,0.0,29,48,5.186136806169606,0.1966025410202498,26.37878828654326,17.30572666343137,0.40714221465261,-9.209850295760877,-0.4834395670093498,0.3103448275862069,0.9583333333333334,2026-08-31T15:50:15.824704+00:00,1806733
energy,laplace,gap,2,7,691,459,232,7,0.2527233115468409,24,53,2.0779072207020395,0.2578844010342968,8.05751418995557,4.700826211845693,0.5616440675859093,-3.162170057520133,-0.8329668922176561,0.5416666666666666,0.9245283018867924,2026-08-31T15:50:16.556200+00:00,1806733
energy,laplace,gap,3,7,691,463,228,4,0.6328293736501079,28,49,0.3286498891550947,0.2574930400481075,1.2763447473908147,0.8023385788701892,0.4871060541870823,-1.1928088586840715,-0.6719703023514239,0.8928571428571429,1.0,2026-08-31T15:50:17.645002+00:00,1806733
energy,laplace,gap,4,7,691,464,227,2,1.0,29,48,0.2674976106656572,0.2866747372813478,0.9331049300068958,0.4649886871295408,0.7350829362630614,-0.6507926283091979,-1.0827469613244514,1.0,0.8541666666666666,2026-08-31T15:50:17.933298+00:00,1806733
energy,laplace,gap,5,7,691,468,223,4,0.25,33,44,0.239536246488129,0.2709310346458941,0.8841225841890059,0.4714454299160376,0.7186885043739668,-0.6833441543075913,-1.2544852222945286,0.9696969696969696,0.8181818181818182,2026-08-31T15:50:21.835011+00:00,1806733
energy,laplace,gap,6,7,691,453,238,4,0.4415011037527593,18,59,0.6157752116089639,0.2594016533032708,2.37382917096928,0.532998195637271,0.4648585164275905,-0.8575213207652006,-0.6584924045505273,1.0,0.9661016949152542,2026-08-31T15:50:24.249398+00:00,1806733
energy,laplace,gap,7,7,691,458,233,6,0.3427947598253275,23,54,0.207991384503324,0.2286750679379105,0.9095498970609136,0.7398929725608838,0.5023874634796313,-1.602688061871327,-0.7607086698885157,0.6956521739130435,0.8888888888888888,2026-08-31T15:50:25.526472+00:00,1806733
energy,ensemble,gap,0,7,691,464,227,12,0.0,29,48,2.285980426983236,0.2266547888083306,10.085736282044154,16.6150636256034,0.3141514402599062,-30.08404485839874,-0.2978130476649148,0.0,1.0,2026-08-31T15:50:58.569174+00:00,1806733
energy,ensemble,gap,1,7,691,464,227,12,0.0,29,48,2.285980426983236,0.2266547888083306,10.085736282044154,16.6150636256034,0.3141514402599062,-30.08404485839874,-0.2978130476649148,0.0,1.0,2026-08-31T15:50:59.384239+00:00,1806733
energy,ensemble,gap,2,7,691,459,232,7,0.2527233115468409,24,53,0.3902515868325206,0.1666534782949927,2.3416948198449097,4.574876424475437,0.4838158271178127,-28.48928763063896,-0.7177199040242124,0.4166666666666667,0.9433962264150944,2026-08-31T15:51:00.212023+00:00,1806733
energy,ensemble,gap,3,7,691,463,228,4,0.6328293736501079,28,49,0.2888284294493248,0.27711945328726,1.0422524511475826,0.6588558083808148,0.4425598634958759,-1.081419555517208,-0.6171839742649003,0.8571428571428571,0.9591836734693876,2026-08-31T15:51:00.967861+00:00,1806733
energy,ensemble,gap,4,7,691,464,227,2,1.0,29,48,0.2515379817323488,0.2615012100107955,0.9618998769526328,0.4423721387898741,0.5843167366404048,-0.5903271303876458,-0.7854063266091709,0.9655172413793104,0.8541666666666666,2026-08-31T15:51:03.387574+00:00,1806733
energy,ensemble,gap,5,7,691,468,223,4,0.25,33,44,0.2480825992172186,0.2756217027034333,0.9000836900138937,0.4353084722534356,0.5729317004048469,-0.5836858064488184,-0.8536777760873044,1.0,0.9090909090909092,2026-08-31T15:51:05.019650+00:00,1806733
energy,ensemble,gap,6,7,691,453,238,4,0.4415011037527593,18,59,0.3694899706550484,0.2435485314525796,1.517110238568572,0.4779507472021165,0.5098849182147068,-0.7090147631454394,-0.7432415381723424,1.0,0.9491525423728814,2026-08-31T15:51:06.806398+00:00,1806733
energy,ensemble,gap,7,7,691,458,233,6,0.3427947598253275,23,54,0.247349551468593,0.2425705418739564,1.0197015249985295,0.609803760635721,0.4563867525576339,-1.004914540889975,-0.6509854366730109,0.9130434782608696,0.925925925925926,2026-08-31T15:51:08.955470+00:00,1806733
energy,bbb,gap,0,7,691,464,227,12,0.0,29,48,0.5771252956701316,0.5701576899219616,1.012220488947757,12.445641768405142,0.4755080690343063,-93.26551256210074,-0.9636362039975976,0.2068965517241379,1.0,2026-08-31T15:54:26.064501+00:00,1806733
energy,bbb,gap,1,7,691,464,227,12,0.0,29,48,0.5771252956701316,0.5701576899219616,1.012220488947757,12.445641768405142,0.4755080690343063,-93.26551256210074,-0.9636362039975976,0.2068965517241379,1.0,2026-08-31T15:54:22.883896+00:00,1806733
energy,bbb,gap,2,7,691,459,232,7,0.2527233115468409,24,53,0.7189472972344791,0.6320716744255498,1.1374458409133508,5.968703341750944,0.5373630554047009,-16.7039364846568,-1.041252997380819,0.3333333333333333,1.0,2026-08-31T15:54:24.658134+00:00,1806733
energy,bbb,gap,3,7,691,463,228,4,0.6328293736501079,28,49,0.6007791781068563,0.6250010353561405,0.9612450926013556,0.6748177840526829,0.626155581573697,-1.1546573980193358,-1.1198705421930095,0.9642857142857144,1.0,2026-08-31T15:54:26.877996+00:00,1806733
energy,bbb,gap,4,7,691,464,227,2,1.0,29,48,0.6443640463199793,0.6983213434683743,0.9227328540748826,0.6281944873647517,0.5852829733369251,-1.1582725160025764,-1.17585631178962,1.0,0.9791666666666666,2026-08-31T15:54:25.429585+00:00,1806733
energy,bbb,gap,5,7,691,468,223,4,0.25,33,44,0.736825219618826,0.7282784731842473,1.0117355472518772,0.6393044230063742,0.6440082254047905,-1.212525389448446,-1.2135353348027078,1.0,1.0,2026-08-31T15:54:31.631068+00:00,1806733
energy,bbb,gap,6,7,691,453,238,4,0.4415011037527593,18,59,0.6431186267808732,0.6349212987079901,1.012910778217023,0.4739313445655203,0.5723969393494079,-1.0546043457735037,-1.1045966926145865,1.0,0.9830508474576272,2026-08-31T15:54:33.414268+00:00,1806733
energy,bbb,gap,7,7,691,458,233,6,0.3427947598253275,23,54,0.7016342065369158,0.7166764532470089,0.9790111051619708,0.5350154317890398,0.6697334024020386,-1.1510538357298663,-1.224503782078459,1.0,0.9814814814814816,2026-08-31T15:54:34.637548+00:00,1806733
energy,gp,gap,0,7,691,464,227,12,0.0,29,48,6.364272369439118,0.1988534488916757,32.00483775821267,20.123829394038616,0.399389867268947,-11.87199709619784,-0.4971895158330552,0.1379310344827586,0.9166666666666666,2026-08-31T15:54:26.941135+00:00,1806733
energy,gp,gap,1,7,691,464,227,12,0.0,29,48,6.364272369439118,0.1988534488916757,32.00483775821267,20.123829394038616,0.399389867268947,-11.87199709619784,-0.4971895158330552,0.1379310344827586,0.9166666666666666,2026-08-31T15:54:29.140076+00:00,1806733
energy,gp,gap,2,7,691,459,232,7,0.2527233115468409,24,53,0.9180925109592462,0.2493120875010809,3.682503003209845,5.234672554149958,0.4458846180011412,-27.7040045203555,-0.587131771602008,0.375,0.9622641509433962,2026-08-31T15:54:30.056997+00:00,1806733
energy,gp,gap,3,7,691,463,228,4,0.6328293736501079,28,49,0.3260237500693134,0.2707408653772448,1.2041911353686432,0.6573035826336279,0.4323253230443348,-0.9140630122067138,-0.6104819756264075,0.9285714285714286,0.979591836734694,2026-08-31T15:54:33.476194+00:00,1806733
energy,gp,gap,4,7,691,464,227,2,1.0,29,48,0.2680222946259257,0.2729616906408016,0.9819044350022884,0.437437727445045,0.5585908140072774,-0.5886050143388416,-0.7862373306312618,0.9655172413793104,0.8958333333333334,2026-08-31T15:54:34.446803+00:00,1806733
energy,gp,gap,5,7,691,468,223,4,0.25,33,44,0.2712765013274684,0.2789596323753984,0.9724579109080888,0.4977847198542191,0.5463358691304138,-0.6752816526004635,-0.8267333142402268,0.9393939393939394,0.9545454545454546,2026-08-31T15:54:34.732462+00:00,1806733
energy,gp,gap,6,7,691,453,238,4,0.4415011037527593,18,59,0.4328844878578719,0.2636304255311698,1.642012628040502,0.4592894613256073,0.4766395086158039,-0.6586219185383642,-0.6800120329879724,1.0,0.9661016949152542,2026-08-31T15:54:36.254143+00:00,1806733
energy,gp,gap,7,7,691,458,233,6,0.3427947598253275,23,54,0.2191993307643722,0.2530948097355542,0.8660759617844491,0.5750262686686939,0.5020573111687904,-0.958675136492495,-0.7212072946674276,0.9130434782608696,0.925925925925926,2026-08-31T15:54:36.309203+00:00,1806733
energy,mcd,gap,0,8,691,460,231,12,0.0,25,52,0.8337590500522587,0.8588443377634406,0.9707918110323605,7.65356474554017,0.6797619365400306,-16.450657137704315,-1.380142036128095,0.04,1.0,2026-08-31T15:54:41.957391+00:00,1806733
energy,mcd,gap,1,8,691,460,231,12,0.0,25,52,0.8337590500522587,0.8588443377634406,0.9707918110323605,7.65356474554017,0.6797619365400306,-16.450657137704315,-1.380142036128095,0.04,1.0,2026-08-31T15:54:43.131632+00:00,1806733
energy,mcd,gap,2,8,691,466,225,7,0.2510729613733906,31,46,0.8871020612436907,0.9203520126858956,0.9638725715988056,4.180374095580613,0.9330297286338748,-5.289739196174137,-1.5282218511838253,0.5806451612903226,1.0,2026-08-31T15:54:43.572220+00:00,1806733
energy,mcd,gap,3,8,691,455,236,4,0.6351648351648351,20,57,1.06280841383031,1.0440739304611866,1.0179436367699055,1.5256139619399585,1.450447773350718,-1.882079375970776,-1.849838512559114,1.0,0.9649122807017544,2026-08-31T15:54:43.943409+00:00,1806733
energy,mcd,gap,4,8,691,457,234,2,1.0,22,55,1.1643801936883624,1.170799279119505,0.9945173476396656,0.9321192206500144,1.0377099523658249,-1.7143746607814128,-1.7443891508692575,1.0,1.0,2026-08-31T15:54:43.998389+00:00,1806733
energy,mcd,gap,5,8,691,460,231,4,0.2608695652173913,25,52,1.3367740658909018,1.2272371974975649,1.0892548470798404,1.351435462600047,1.05866623660086,-1.8895276403653456,-1.7885657865497144,1.0,0.9807692307692308,2026-08-31T15:54:44.458068+00:00,1806733
energy,mcd,gap,6,8,691,463,228,4,0.4470842332613391,28,49,1.189080009044695,1.230211720377847,0.9665653394031076,1.304256691638719,1.040179080717173,-1.8185348102027543,-1.7594139684152073,1.0,1.0,2026-08-31T15:54:45.687848+00:00,1806733
energy,mcd,gap,7,8,691,461,230,6,0.3383947939262473,26,51,1.1956678584104423,1.2085458858390057,0.9893441965427544,1.007163522374769,1.2165372649747357,-1.7717525104901877,-1.8274606383769152,1.0,1.0,2026-08-31T15:54:45.281556+00:00,1806733
energy,map,gap,0,8,691,460,231,12,0.0,25,52,0.0,0.0,,16.959969867301055,0.3779537560074461,-1462.907107248383,-0.4856815608056032,0.0,0.8846153846153846,2026-08-31T15:54:50.413688+00:00,1806733
energy,map,gap,1,8,691,460,231,12,0.0,25,52,0.0,0.0,,16.959969867301055,0.3779537560074461,-1462.907107248383,-0.4856815608056032,0.0,0.8846153846153846,2026-08-31T15:54:51.306787+00:00,1806733
energy,map,gap,2,8,691,466,225,7,0.2510729613733906,31,46,0.0,0.0,,3.830084126504696,0.7353338272520266,-46.79825942560278,-1.7175041363131134,0.3548387096774194,0.8478260869565217,2026-08-31T15:54:52.679198+00:00,1806733
energy,map,gap,3,8,691,455,236,4,0.6351648351648351,20,57,0.0,0.0,,0.4758940464653193,0.6597933211524868,-0.7057799956925485,-1.343567887292853,0.9,0.8596491228070176,2026-08-31T15:54:52.483748+00:00,1806733
energy,map,gap,4,8,691,457,234,2,1.0,22,55,0.0,0.0,,0.5187129105874516,0.6450394475043822,-0.9304332693218936,-1.492418446066855,0.8636363636363636,0.8,2026-08-31T15:54:52.248910+00:00,1806733
energy,map,gap,5,8,691,460,231,4,0.2608695652173913,25,52,0.0,0.0,,0.4609028363421512,0.666005123598814,-0.6600821577046205,-1.3521031665562049,0.88,0.8846153846153846,2026-08-31T15:54:53.256103+00:00,1806733
energy,map,gap,6,8,691,463,228,4,0.4470842332613391,28,49,0.0,0.0,,0.4344729834176761,0.6818595871588211,-0.5988617363339614,-1.514087086201272,0.9642857142857144,0.8571428571428571,2026-08-31T15:54:54.155710+00:00,1806733
energy,map,gap,7,8,691,461,230,6,0.3383947939262473,26,51,0.0,0.0,,0.4762823267060354,0.5971502914829626,-0.7185884075687065,-1.1372197578008816,0.8846153846153846,0.8627450980392157,2026-08-31T15:54:54.107214+00:00,1806733
energy,laplace,gap,0,8,691,460,231,12,0.0,25,52,6.673746300510226,0.2114886535887917,31.556048928687847,16.959969867301055,0.3779537560074461,-5.919633934399202,-0.419804536726903,0.16,0.9615384615384616,2026-08-31T15:54:59.628459+00:00,1806733
energy,laplace,gap,1,8,691,460,231,12,0.0,25,52,6.673746300510226,0.2114886535887917,31.556048928687847,16.959969867301055,0.3779537560074461,-5.919633934399202,-0.419804536726903,0.16,0.9615384615384616,2026-08-31T15:55:00.951043+00:00,1806733
energy,laplace,gap,2,8,691,466,225,7,0.2510729613733906,31,46,1.2716806162339502,0.212131672076191,5.994770152837914,3.830084126504696,0.7353338272520266,-3.1450194324588416,-1.3550609168567604,0.6774193548387096,0.8913043478260869,2026-08-31T15:55:01.659207+00:00,1806733
energy,laplace,gap,3,8,691,455,236,4,0.6351648351648351,20,57,0.2708776051131124,0.2472204512509123,1.0956925438105831,0.4758940464653193,0.6597933211524868,-0.5962511791598778,-1.0763330855050488,0.95,0.8947368421052632,2026-08-31T15:55:02.191583+00:00,1806733
energy,laplace,gap,4,8,691,457,234,2,1.0,22,55,0.3094321664332968,0.2817367068375747,1.098302631228273,0.5187129105874516,0.6450394475043822,-0.6513222470501776,-1.1250117155486228,0.9545454545454546,0.8909090909090909,2026-08-31T15:55:02.251304+00:00,1806733
energy,laplace,gap,5,8,691,460,231,4,0.2608695652173913,25,52,0.2223734193016056,0.2455815798109878,0.905497144666777,0.4609028363421512,0.666005123598814,-0.6098718338174817,-1.1000686546063263,1.0,0.903846153846154,2026-08-31T15:55:02.894925+00:00,1806733
energy,laplace,gap,6,8,691,463,228,4,0.4470842332613391,28,49,0.5392194647599415,0.2618124582419935,2.059563812893657,0.4344729834176761,0.6818595871588211,-0.6944532882771001,-0.9843131024770084,1.0,0.9183673469387756,2026-08-31T15:55:03.372776+00:00,1806733
energy,laplace,gap,7,8,691,461,230,6,0.3383947939262473,26,51,0.2410164383615342,0.2667089593309405,0.9036683243267948,0.4762823267060354,0.5971502914829626,-0.6864453609166878,-0.903812273309928,0.9230769230769232,0.9607843137254902,2026-08-31T15:55:03.518106+00:00,1806733
energy,ensemble,gap,0,8,691,460,231,12,0.0,25,52,1.885824052199052,0.1913556046786369,9.85507613098717,16.0476455290421,0.3814156224357169,-60.22596702489213,-0.4286757750016552,0.0,0.9615384615384616,2026-08-31T15:55:41.745343+00:00,1806733
energy,ensemble,gap,1,8,691,460,231,12,0.0,25,52,1.885824052199052,0.1913556046786369,9.85507613098717,16.0476455290421,0.3814156224357169,-60.22596702489213,-0.4286757750016552,0.0,0.9615384615384616,2026-08-31T15:55:43.200257+00:00,1806733
energy,ensemble,gap,2,8,691,466,225,7,0.2510729613733906,31,46,0.2998516044014269,0.2039067177976844,1.4705332302927787,3.7454968195087353,0.6379439301125603,-27.792436545227563,-1.1002511076886343,0.3548387096774194,0.9347826086956522,2026-08-31T15:55:43.355661+00:00,1806733
energy,ensemble,gap,3,8,691,455,236,4,0.6351648351648351,20,57,0.2720476330463956,0.2262338041065774,1.2025065578539076,0.4056510333082313,0.6016604985780662,-0.5899525853694894,-1.0354408466746774,1.0,0.912280701754386,2026-08-31T15:55:45.019088+00:00,1806733
energy,ensemble,gap,4,8,691,457,234,2,1.0,22,55,0.2253239476341134,0.2204490888210238,1.0221133089692531,0.3968432360889279,0.5865436006955678,-0.5025145020265991,-0.9680841724758852,0.9545454545454546,0.9090909090909092,2026-08-31T15:55:43.695381+00:00,1806733
energy,ensemble,gap,5,8,691,460,231,4,0.2608695652173913,25,52,0.2215431076014601,0.221690806151149,0.9993337633064128,0.3832292799162399,0.6314911376280408,-0.5042365270045079,-0.9838377837074772,0.96,0.9423076923076924,2026-08-31T15:55:44.556020+00:00,1806733
energy,ensemble,gap,6,8,691,463,228,4,0.4470842332613391,28,49,0.3465377204576907,0.2994665650380179,1.157183341698587,0.5567339516430784,0.690107513535732,-0.8530941781892443,-1.0792969916557495,1.0,0.8979591836734694,2026-08-31T15:55:44.801184+00:00,1806733
energy,ensemble,gap,7,8,691,461,230,6,0.3383947939262473,26,51,0.2193448273907154,0.2229304394042753,0.9839160052654022,0.3991215453845541,0.6249216799799838,-0.551067577641529,-1.0393043606724672,0.9230769230769232,0.9019607843137256,2026-08-31T15:55:45.709095+00:00,1806733
energy,bbb,gap,0,8,691,460,231,12,0.0,25,52,0.6919706134607243,0.6197115391464044,1.1166011438383898,10.397704888962554,0.4645995700808873,-52.81122645314208,-1.00562877543754,0.12,1.0,2026-08-31T15:59:04.417334+00:00,1806733
energy,bbb,gap,1,8,691,460,231,12,0.0,25,52,0.6919706134607243,0.6197115391464044,1.1166011438383898,10.397704888962554,0.4645995700808873,-52.81122645314208,-1.00562877543754,0.12,1.0,2026-08-31T15:59:06.144768+00:00,1806733
energy,bbb,gap,2,8,691,466,225,7,0.2510729613733906,31,46,0.6318704069031986,0.5640985794150011,1.1201418155643654,4.984874333678219,0.6282800379113478,-13.804247185745783,-1.0633947592530049,0.3548387096774194,0.9782608695652174,2026-08-31T15:59:09.966558+00:00,1806733
energy,bbb,gap,3,8,691,455,236,4,0.6351648351648351,20,57,0.6426717114862762,0.6738288727850125,0.9537610177344285,0.5622648904959936,0.6382456318914254,-1.1181535020862463,-1.1589727990927332,1.0,0.9824561403508772,2026-08-31T15:59:12.064425+00:00,1806733
energy,bbb,gap,4,8,691,457,234,2,1.0,22,55,0.742047741745801,0.714000347488628,1.0392820456682197,0.4937302933080255,0.7000590205598511,-1.1547965792456678,-1.232420535360354,1.0,0.9818181818181818,2026-08-31T15:59:10.638815+00:00,1806733
energy,bbb,gap,5,8,691,460,231,4,0.2608695652173913,25,52,0.707024271356012,0.6828772368848391,1.035360725423104,0.577929195524977,0.7384971560800059,-1.1378018487393289,-1.221525835193789,1.0,0.9807692307692308,2026-08-31T15:59:09.325936+00:00,1806733
energy,bbb,gap,6,8,691,463,228,4,0.4470842332613391,28,49,0.6633306260488013,0.6924785770022567,0.9579077939426848,0.6314139666127521,0.6612868597666258,-1.1692457699157863,-1.1937953380696993,1.0,0.979591836734694,2026-08-31T15:59:08.968674+00:00,1806733
energy,bbb,gap,7,8,691,461,230,6,0.3383947939262473,26,51,0.6650900996927749,0.6911979179760271,0.962228158383779,0.5440963876009398,0.6714936421558232,-1.0946292513602285,-1.1807612358822677,1.0,0.9803921568627452,2026-08-31T15:59:10.237693+00:00,1806733
energy,gp,gap,0,8,691,460,231,12,0.0,25,52,9.040982109547212,0.199193990378153,45.38782566875472,23.200254808891245,0.3670361148824068,-9.22963320798293,-0.4367971067087574,0.44,0.9423076923076924,2026-08-31T15:59:08.384685+00:00,1806733
energy,gp,gap,1,8,691,460,231,12,0.0,25,52,9.040982109547212,0.199193990378153,45.38782566875472,23.200254808891245,0.3670361148824068,-9.22963320798293,-0.4367971067087574,0.44,0.9423076923076924,2026-08-31T15:59:10.324153+00:00,1806733
energy,gp,gap,2,8,691,466,225,7,0.2510729613733906,31,46,0.8213561774396417,0.2203226185636135,3.727970295535011,4.7306044818450825,0.6527346732852904,-25.508345233373426,-1.1499722790363307,0.3548387096774194,0.9130434782608696,2026-08-31T15:59:13.581185+00:00,1806733
energy,gp,gap,3,8,691,455,236,4,0.6351648351648351,20,57,0.2550753100850617,0.2445011505878876,1.043247892583528,0.2892712917073372,0.6584487136930984,-0.3188029050567573,-1.1208112880962433,1.0,0.912280701754386,2026-08-31T15:59:20.320408+00:00,1806733
energy,gp,gap,4,8,691,457,234,2,1.0,22,55,0.2868092088799663,0.2582528126210633,1.1105753543168726,0.5159406406003582,0.6689107188594631,-0.6423430246786034,-1.0910011734968277,0.9090909090909092,0.9090909090909092,2026-08-31T15:59:21.439230+00:00,1806733
energy,gp,gap,5,8,691,460,231,4,0.2608695652173913,25,52,0.2449711380080266,0.2564061678849906,0.9554026723643676,0.3996882930268352,0.65198228206068,-0.4995604218351505,-1.0767798336203602,0.96,0.8846153846153846,2026-08-31T15:59:19.911904+00:00,1806733
energy,gp,gap,6,8,691,463,228,4,0.4470842332613391,28,49,0.4261327427941418,0.2628544568974387,1.621173739353453,0.6212786149763099,0.7220990557932782,-0.8151132340280682,-1.144459116765448,0.9642857142857144,0.9183673469387756,2026-08-31T15:59:19.046479+00:00,1806733
energy,gp,gap,7,8,691,461,230,6,0.3383947939262473,26,51,0.2137818834319695,0.2396230211401887,0.8921592024620155,0.4621848774563899,0.6514339382295543,-0.6686189642756375,-1.1373686349985848,0.9230769230769232,0.8627450980392157,2026-08-31T15:59:21.784951+00:00,1806733
energy,mcd,gap,0,9,691,466,225,12,0.0,31,46,0.8887140558478025,0.8399246686700828,1.0580878131070632,8.35849529506225,0.8948070381462356,-19.430319586786027,-1.4494705796871572,0.1612903225806451,0.9782608695652174,2026-08-31T15:59:23.230501+00:00,1806733
energy,mcd,gap,1,9,691,466,225,12,0.0,31,46,0.8887140558478025,0.8399246686700828,1.0580878131070632,8.35849529506225,0.8948070381462356,-19.430319586786027,-1.4494705796871572,0.1612903225806451,0.9782608695652174,2026-08-31T15:59:24.016067+00:00,1806733
energy,mcd,gap,2,9,691,467,224,7,0.2526766595289079,32,45,0.86050530630483,0.942228532889296,0.9132660243965806,4.702157940684825,1.2123366844345278,-6.533152014769511,-1.6708847622595593,0.59375,0.9555555555555556,2026-08-31T15:59:25.067325+00:00,1806733
energy,mcd,gap,3,9,691,464,227,4,0.6379310344827587,29,48,1.0450160201560152,1.0567534255625417,0.9888929573137858,2.027055014479465,1.2430216463955417,-2.1703618411872587,-1.766361398553057,0.896551724137931,0.9791666666666666,2026-08-31T15:59:29.123209+00:00,1806733
energy,mcd,gap,4,9,691,449,242,2,1.0,14,63,1.319388907731322,1.2384120558918874,1.0653876482017255,1.127141410629205,1.456664531177842,-1.82496701992004,-1.9072545559186629,1.0,0.984126984126984,2026-08-31T15:59:29.474678+00:00,1806733
energy,mcd,gap,5,9,691,459,232,4,0.2505446623093681,24,53,1.1782333113566796,1.2377726429944984,0.9518980064919051,1.2806473967184278,1.3230240615348985,-1.8219994520215237,-1.85834228299443,1.0,1.0,2026-08-31T15:59:29.789939+00:00,1806733
energy,mcd,gap,6,9,691,461,230,4,0.4425162689804772,26,51,1.1851468032709211,1.2396755905875798,0.9560136637918206,1.0011180039486978,1.3748109157939976,-1.7740874719715427,-1.8857543760202304,1.0,1.0,2026-08-31T15:59:30.365238+00:00,1806733
energy,mcd,gap,7,9,691,459,232,6,0.3485838779956427,24,53,1.1477176110626135,1.1905984325634726,0.9639838082026256,1.3579374626736695,1.3392870511893245,-1.863042588587538,-1.8555898569311051,1.0,1.0,2026-08-31T15:59:30.831354+00:00,1806733
energy,map,gap,0,9,691,466,225,12,0.0,31,46,0.0,0.0,,16.10174754943387,0.3841344566233717,-1326.101778343638,-0.5110801199955161,0.0,0.8913043478260869,2026-08-31T15:59:31.884406+00:00,1806733
energy,map,gap,1,9,691,466,225,12,0.0,31,46,0.0,0.0,,16.10174754943387,0.3841344566233717,-1326.101778343638,-0.5110801199955161,0.0,0.8913043478260869,2026-08-31T15:59:32.858812+00:00,1806733
energy,map,gap,2,9,691,467,224,7,0.2526766595289079,32,45,0.0,0.0,,4.62346769844673,0.3874805098078959,-62.025670276977685,-0.4754252584981808,0.40625,0.9555555555555556,2026-08-31T15:59:33.618173+00:00,1806733
energy,map,gap,3,9,691,464,227,4,0.6379310344827587,29,48,0.0,0.0,,0.5489832015198934,0.4704801042662012,-0.907702916453964,-0.6795781537462261,0.8275862068965517,0.9375,2026-08-31T15:59:37.802824+00:00,1806733
energy,map,gap,4,9,691,449,242,2,1.0,14,63,0.0,0.0,,0.5040177777170486,0.6370185065880388,-0.8039726676592324,-1.290026223479788,0.8571428571428571,0.8412698412698413,2026-08-31T15:59:37.230616+00:00,1806733
energy,map,gap,5,9,691,459,232,4,0.2505446623093681,24,53,0.0,0.0,,0.5229412065831098,0.4749060986572159,-0.8016331778155069,-0.679424199977819,0.9166666666666666,0.9245283018867924,2026-08-31T15:59:37.928045+00:00,1806733
energy,map,gap,6,9,691,461,230,4,0.4425162689804772,26,51,0.0,0.0,,0.5346612412466101,0.4917087285988039,-0.8447182043121295,-0.726948575697215,0.8846153846153846,0.9215686274509804,2026-08-31T15:59:39.382689+00:00,1806733
energy,map,gap,7,9,691,459,232,6,0.3485838779956427,24,53,0.0,0.0,,0.5134749336660139,0.4688443009209293,-0.8881849151562816,-0.7278738199952504,0.8333333333333334,0.8867924528301887,2026-08-31T15:59:38.729409+00:00,1806733
energy,laplace,gap,0,9,691,466,225,12,0.0,31,46,9.47402206950845,0.2210638900347928,42.856488538301534,16.10174754943387,0.3841344566233717,-4.840223139328374,-0.4913740548979517,0.6451612903225806,0.9565217391304348,2026-08-31T15:59:41.311826+00:00,1806733
energy,laplace,gap,1,9,691,466,225,12,0.0,31,46,9.47402206950845,0.2210638900347928,42.856488538301534,16.10174754943387,0.3841344566233717,-4.840223139328374,-0.4913740548979517,0.6451612903225806,0.9565217391304348,2026-08-31T15:59:42.455499+00:00,1806733
energy,laplace,gap,2,9,691,467,224,7,0.2526766595289079,32,45,1.5767204128846974,0.2525045389660043,6.24432503012145,4.62346769844673,0.3874805098078959,-6.379341013581145,-0.5146079842070533,0.625,0.9777777777777776,2026-08-31T15:59:43.333217+00:00,1806733
energy,laplace,gap,3,9,691,464,227,4,0.6379310344827587,29,48,0.3647578313092315,0.272767849758816,1.3372464226695115,0.5489832015198934,0.4704801042662012,-0.7330320944457634,-0.6481198178386403,1.0,1.0,2026-08-31T15:59:46.611494+00:00,1806733
energy,laplace,gap,4,9,691,449,242,2,1.0,14,63,0.2642792746183849,0.3123490314850652,0.8461024302264284,0.5040177777170486,0.6370185065880388,-0.7449568644455494,-0.8633529273011347,0.9285714285714286,0.873015873015873,2026-08-31T15:59:47.889696+00:00,1806733
energy,laplace,gap,5,9,691,459,232,4,0.2505446623093681,24,53,0.2449898313753091,0.2892445178491727,0.846999048407409,0.5229412065831098,0.4749060986572159,-0.7417180512258333,-0.6563470744666758,0.9583333333333334,1.0,2026-08-31T15:59:47.382509+00:00,1806733
energy,laplace,gap,6,9,691,461,230,4,0.4425162689804772,26,51,0.5368443696037564,0.2906061676425975,1.8473261388725768,0.5346612412466101,0.4917087285988039,-0.8246815251379925,-0.6882387074546056,1.0,0.9607843137254902,2026-08-31T15:59:48.339451+00:00,1806733
energy,laplace,gap,7,9,691,459,232,6,0.3485838779956427,24,53,0.2399469759266955,0.270007913247848,0.8886664581065123,0.5134749336660139,0.4688443009209293,-0.7630375379129474,-0.6575167467939094,0.875,0.9433962264150944,2026-08-31T15:59:48.738466+00:00,1806733
energy,ensemble,gap,0,9,691,466,225,12,0.0,31,46,2.3432517474101124,0.1800572018710181,13.013929590490209,15.085591746412309,0.3118747743694083,-38.09300535386469,-0.290921318033554,0.0,0.9782608695652174,2026-08-31T16:00:23.775146+00:00,1806733
energy,ensemble,gap,1,9,691,466,225,12,0.0,31,46,2.3432517474101124,0.1800572018710181,13.013929590490209,15.085591746412309,0.3118747743694083,-38.09300535386469,-0.290921318033554,0.0,0.9782608695652174,2026-08-31T16:00:24.439129+00:00,1806733
energy,ensemble,gap,2,9,691,467,224,7,0.2526766595289079,32,45,0.7243188818332966,0.2384373939332492,3.037773857048909,4.488669622022578,0.3752827087599745,-12.777507589012178,-0.4495105293877784,0.625,0.9777777777777776,2026-08-31T16:00:25.259048+00:00,1806733
energy,ensemble,gap,3,9,691,464,227,4,0.6379310344827587,29,48,0.2362007885719781,0.1985643890399312,1.1895425444311585,0.5643700822653828,0.3969729815224837,-0.8041229482309378,-0.5213258751790626,0.896551724137931,1.0,2026-08-31T16:00:29.714332+00:00,1806733
energy,ensemble,gap,4,9,691,449,242,2,1.0,14,63,0.2435441109917472,0.2544961905733006,0.9569656443309354,0.4263937361118447,0.5070093096079997,-0.5819019130497214,-0.674231098827698,1.0,0.9365079365079364,2026-08-31T16:00:29.326627+00:00,1806733
energy,ensemble,gap,5,9,691,459,232,4,0.2505446623093681,24,53,0.22652505434746,0.2694147383570831,0.8408042400680511,0.5168059151422592,0.5156983828747579,-0.7544086337721504,-0.7348041478429962,0.9583333333333334,0.9622641509433962,2026-08-31T16:00:30.184448+00:00,1806733
energy,ensemble,gap,6,9,691,461,230,4,0.4425162689804772,26,51,0.2652702973864757,0.2400720714941672,1.1049610882910246,0.4528612376953566,0.4374661588316377,-0.6174844132677494,-0.6203787089755687,1.0,0.9607843137254902,2026-08-31T16:00:31.019091+00:00,1806733
energy,ensemble,gap,7,9,691,459,232,6,0.3485838779956427,24,53,0.2565883543415616,0.2614788381006516,0.9812968277103654,0.5113615916329286,0.4286960077135095,-0.7181164532631198,-0.5873097214309239,0.9166666666666666,0.9622641509433962,2026-08-31T16:00:30.769149+00:00,1806733
energy,bbb,gap,0,9,691,466,225,12,0.0,31,46,0.793545930874268,0.546503991798352,1.4520405025093923,15.158209098326012,0.5195287026940582,-124.35585585218242,-0.975146199247892,0.0,1.0,2026-08-31T16:03:48.555559+00:00,1806733
energy,bbb,gap,1,9,691,466,225,12,0.0,31,46,0.793545930874268,0.546503991798352,1.4520405025093923,15.158209098326012,0.5195287026940582,-124.35585585218242,-0.975146199247892,0.0,1.0,2026-08-31T16:03:49.114272+00:00,1806733
energy,bbb,gap,2,9,691,467,224,7,0.2526766595289079,32,45,0.7565047859790066,0.5909168295846234,1.2802221025093852,5.216052951446326,0.3992875921270943,-10.893923470016784,-0.9673590983101312,0.34375,1.0,2026-08-31T16:03:49.389391+00:00,1806733
energy,bbb,gap,3,9,691,464,227,4,0.6379310344827587,29,48,0.5499240204292498,0.5727915953288009,0.9600769719981238,0.6111259521341703,0.462803641328406,-1.074019903002213,-0.9947611054514888,1.0,1.0,2026-08-31T16:03:53.345865+00:00,1806733
energy,bbb,gap,4,9,691,449,242,2,1.0,14,63,0.6150479006212548,0.6698863374306054,0.9181376992704656,0.3313347939962599,0.5095654609139315,-1.0018620187300358,-1.0913891352450038,1.0,1.0,2026-08-31T16:03:57.190850+00:00,1806733
energy,bbb,gap,5,9,691,459,232,4,0.2505446623093681,24,53,0.5569473503775456,0.5611736714746458,0.9924687822826856,0.6105533697904195,0.5658456284675968,-1.054518838747413,-1.0409861685826904,1.0,1.0,2026-08-31T16:03:55.397766+00:00,1806733
energy,bbb,gap,6,9,691,461,230,4,0.4425162689804772,26,51,0.4935990453049736,0.5496256188535681,0.8980641155966184,0.6306468134224887,0.5408467143730874,-1.076032276930532,-1.024516088780096,1.0,1.0,2026-08-31T16:03:58.789384+00:00,1806733
energy,bbb,gap,7,9,691,459,232,6,0.3485838779956427,24,53,0.5714478676667177,0.607317222259895,0.9409380250082428,0.5217329149014558,0.5486262070865835,-1.0281373785184509,-1.050042984361975,1.0,1.0,2026-08-31T16:04:00.955596+00:00,1806733
energy,gp,gap,0,9,691,466,225,12,0.0,31,46,7.097996947513962,0.2030568451609224,34.955713715973495,20.213033242037216,0.3673336628429722,-9.606990103038378,-0.414924595645132,0.2903225806451613,0.9565217391304348,2026-08-31T16:03:54.448428+00:00,1806733
energy,gp,gap,1,9,691,466,225,12,0.0,31,46,7.097996947513962,0.2030568451609224,34.955713715973495,20.213033242037216,0.3673336628429722,-9.606990103038378,-0.414924595645132,0.2903225806451613,0.9565217391304348,2026-08-31T16:03:55.264195+00:00,1806733
energy,gp,gap,2,9,691,467,224,7,0.2526766595289079,32,45,1.035006540543109,0.2479885965510566,4.173605379189357,5.393255390673234,0.4538862399486579,-24.81619181145089,-0.5616115357279283,0.28125,0.9333333333333332,2026-08-31T16:03:54.659026+00:00,1806733
energy,gp,gap,3,9,691,464,227,4,0.6379310344827587,29,48,0.3318361110735914,0.2742492427175302,1.20998004510581,0.4166232036313417,0.3721701678317572,-0.5595638289319103,-0.4953311758799364,0.9310344827586208,1.0,2026-08-31T16:04:00.498747+00:00,1806733
energy,gp,gap,4,9,691,449,242,2,1.0,14,63,0.2500166263117339,0.2887071871375772,0.86598684567071,0.464257712193708,0.4757722286288756,-0.6988710168278779,-0.6295676716356774,0.8571428571428571,0.9523809523809524,2026-08-31T16:04:02.462435+00:00,1806733
energy,gp,gap,5,9,691,459,232,4,0.2505446623093681,24,53,0.2873569644621239,0.2891709303174908,0.99372701172495,0.4474686690589557,0.3997262354752511,-0.5799303834755064,-0.5779911557098237,1.0,1.0,2026-08-31T16:04:04.927874+00:00,1806733
energy,gp,gap,6,9,691,461,230,4,0.4425162689804772,26,51,0.3850966167484237,0.2871364351341888,1.341162491511935,0.4439421307088838,0.438323850332058,-0.6075949278048571,-0.6156088188022928,1.0,0.9803921568627452,2026-08-31T16:04:03.470773+00:00,1806733
energy,gp,gap,7,9,691,459,232,6,0.3485838779956427,24,53,0.2247603064436152,0.2685476903353584,0.8369474567550285,0.4646896450462918,0.3882153050790771,-0.6511213885214635,-0.5142928373311,0.9166666666666666,0.9622641509433962,2026-08-31T16:04:03.692481+00:00,1806733
energy,mcd,gap,0,10,691,469,222,12,0.0,34,43,0.8684812998517522,0.8161867879390639,1.0640717452003066,8.8816737320363,0.7300279763624099,-22.848584403372588,-1.351543275313207,0.0294117647058823,1.0,2026-08-31T16:04:08.238076+00:00,1806733
energy,mcd,gap,1,10,691,469,222,12,0.0,34,43,0.8684812998517522,0.8161867879390639,1.0640717452003066,8.8816737320363,0.7300279763624099,-22.848584403372588,-1.351543275313207,0.0294117647058823,1.0,2026-08-31T16:04:09.130967+00:00,1806733
energy,mcd,gap,2,10,691,457,234,7,0.2472647702407002,22,55,0.8377764582046627,0.9228735790303596,0.9077911398058374,6.146644101301973,0.883953034295049,-10.204421340239197,-1.5099203457833492,0.4090909090909091,1.0,2026-08-31T16:04:10.733665+00:00,1806733
energy,mcd,gap,3,10,691,463,228,4,0.6263498920086393,28,49,1.11807699846643,1.0927095996399907,1.0232151331285064,2.5512035909649518,1.3668296637741235,-2.4898349459109554,-1.8309998575696416,0.8214285714285714,0.9591836734693876,2026-08-31T16:04:10.891765+00:00,1806733
energy,mcd,gap,4,10,691,458,233,2,1.0,23,54,1.2610151788067276,1.2557042174180613,1.0042294684647843,1.3913035536862863,1.3669999844223697,-1.8997702325291077,-1.886975062503232,1.0,1.0,2026-08-31T16:04:12.009045+00:00,1806733
energy,mcd,gap,5,10,691,462,229,4,0.2467532467532467,27,50,1.232408131545301,1.2248814925706537,1.0061447895329458,1.2108472760001028,1.286823816558586,-1.816789603509911,-1.8340253730260216,1.0,0.98,2026-08-31T16:04:13.017635+00:00,1806733
energy,mcd,gap,6,10,691,461,230,4,0.4446854663774403,26,51,1.2596927046025943,1.2031526073698209,1.0469932882050388,1.3276688103106908,1.2800010888395277,-1.8518441931124667,-1.83556408910286,1.0,1.0,2026-08-31T16:04:12.977478+00:00,1806733
energy,mcd,gap,7,10,691,460,231,6,0.3369565217391304,25,52,1.2078462195173014,1.2282245491860675,0.9834083029180042,1.1608812734525924,1.326457166719977,-1.7945034877407733,-1.8493125276902291,1.0,0.9807692307692308,2026-08-31T16:04:14.598779+00:00,1806733
energy,map,gap,0,10,691,469,222,12,0.0,34,43,0.0,0.0,,15.339604893020878,0.362549333343041,-1286.085055067329,-0.4415863017291051,0.0,0.8837209302325582,2026-08-31T16:04:17.018810+00:00,1806733
energy,map,gap,1,10,691,469,222,12,0.0,34,43,0.0,0.0,,15.339604893020878,0.362549333343041,-1286.085055067329,-0.4415863017291051,0.0,0.8837209302325582,2026-08-31T16:04:17.473594+00:00,1806733
energy,map,gap,2,10,691,457,234,7,0.2472647702407002,22,55,0.0,0.0,,6.062941668002948,0.474402478777458,-121.05735656741344,-0.7176457946258373,0.2272727272727272,0.8909090909090909,2026-08-31T16:04:19.278189+00:00,1806733
energy,map,gap,3,10,691,463,228,4,0.6263498920086393,28,49,0.0,0.0,,0.6780385798488915,0.4493792247887848,-1.30715095411128,-0.6204212762883131,0.7857142857142857,0.9183673469387756,2026-08-31T16:04:19.044674+00:00,1806733
energy,map,gap,4,10,691,458,233,2,1.0,23,54,0.0,0.0,,0.3891250652750772,0.5293812000021314,-0.4966235673667672,-0.8090623166573367,0.9565217391304348,0.9444444444444444,2026-08-31T16:04:20.308388+00:00,1806733
energy,map,gap,5,10,691,462,229,4,0.2467532467532467,27,50,0.0,0.0,,0.4951774464538113,0.5278653472392733,-0.7243956280514999,-0.8057746375327974,0.8888888888888888,0.9,2026-08-31T16:04:21.434405+00:00,1806733
energy,map,gap,6,10,691,461,230,4,0.4446854663774403,26,51,0.0,0.0,,0.7174181093910528,0.4598313129048398,-1.5395423477014627,-0.6540011999991393,0.7692307692307693,0.9215686274509804,2026-08-31T16:04:21.638127+00:00,1806733
energy,map,gap,7,10,691,460,231,6,0.3369565217391304,25,52,0.0,0.0,,0.7492556031072887,0.4632851806929871,-1.630755016195936,-0.65865321315687,0.68,0.9230769230769232,2026-08-31T16:04:23.263084+00:00,1806733
energy,laplace,gap,0,10,691,469,222,12,0.0,34,43,6.304349831758248,0.1892530220776829,33.31175250226912,15.339604893020878,0.362549333343041,-6.73356897684894,-0.4099624282101071,0.5,0.9534883720930232,2026-08-31T16:04:26.323371+00:00,1806733
energy,laplace,gap,1,10,691,469,222,12,0.0,34,43,6.304349831758248,0.1892530220776829,33.31175250226912,15.339604893020878,0.362549333343041,-6.73356897684894,-0.4099624282101071,0.5,0.9534883720930232,2026-08-31T16:04:27.284073+00:00,1806733
energy,laplace,gap,2,10,691,457,234,7,0.2472647702407002,22,55,2.192233591104813,0.2339489118912519,9.370565451160736,6.062941668002948,0.474402478777458,-5.313834956347606,-0.6678172667019976,0.4545454545454545,0.9272727272727272,2026-08-31T16:04:28.298689+00:00,1806733
energy,laplace,gap,3,10,691,463,228,4,0.6263498920086393,28,49,0.3799763491359664,0.2738911722536714,1.387326017152687,0.6780385798488915,0.4493792247887848,-1.0420700623240815,-0.6394246681333664,0.8928571428571429,0.979591836734694,2026-08-31T16:04:28.894096+00:00,1806733
energy,laplace,gap,4,10,691,458,233,2,1.0,23,54,0.2557808931545509,0.2665528551778799,0.9595878948055516,0.3891250652750772,0.5293812000021314,-0.5573898952062819,-0.7722520745463206,1.0,0.9814814814814816,2026-08-31T16:04:29.842624+00:00,1806733
energy,laplace,gap,5,10,691,462,229,4,0.2467532467532467,27,50,0.2287552709062401,0.2824501028840818,0.80989622085612,0.4951774464538113,0.5278653472392733,-0.7186288760308862,-0.7652323868988675,1.0,1.0,2026-08-31T16:04:30.961987+00:00,1806733
energy,laplace,gap,6,10,691,461,230,4,0.4446854663774403,26,51,0.6390396959172909,0.2639040935271177,2.421484590770949,0.7174181093910528,0.4598313129048398,-0.9416323932983176,-0.6424928876857825,1.0,0.9803921568627452,2026-08-31T16:04:30.966533+00:00,1806733
energy,laplace,gap,7,10,691,460,231,6,0.3369565217391304,25,52,0.2407073680376374,0.2640379679814298,0.9116392232444646,0.7492556031072887,0.4632851806929871,-1.3788380094344554,-0.648448908069941,0.68,0.9615384615384616,2026-08-31T16:04:33.235210+00:00,1806733
energy,ensemble,gap,0,10,691,469,222,12,0.0,34,43,1.723059914328161,0.1608705004049944,10.710850715266792,14.78721181638021,0.3192443476570846,-87.83359642298646,-0.295709407551265,0.0,0.9767441860465116,2026-08-31T16:05:08.367510+00:00,1806733
energy,ensemble,gap,1,10,691,469,222,12,0.0,34,43,1.723059914328161,0.1608705004049944,10.710850715266792,14.78721181638021,0.3192443476570846,-87.83359642298646,-0.295709407551265,0.0,0.9767441860465116,2026-08-31T16:05:08.954324+00:00,1806733
energy,ensemble,gap,2,10,691,457,234,7,0.2472647702407002,22,55,0.5960497118043903,0.192464762622142,3.096929036171621,6.146853350862566,0.4140648455135178,-32.89618513843892,-0.528890929066047,0.2727272727272727,0.9636363636363636,2026-08-31T16:05:11.117812+00:00,1806733
energy,ensemble,gap,3,10,691,463,228,4,0.6263498920086393,28,49,0.2370217289501238,0.2136925472771629,1.1091717140827682,0.6397644824119572,0.3828342320615779,-0.9952404156079868,-0.5040857206350629,0.8571428571428571,1.0,2026-08-31T16:05:10.754744+00:00,1806733
energy,ensemble,gap,4,10,691,458,233,2,1.0,23,54,0.229086235833854,0.2389428716432635,0.9587489857235612,0.4056023777041759,0.4371295505773775,-0.5467243713241567,-0.6012070208610247,1.0,1.0,2026-08-31T16:05:12.341544+00:00,1806733
energy,ensemble,gap,5,10,691,462,229,4,0.2467532467532467,27,50,0.189181992474446,0.2226011127291352,0.8498699317134405,0.4799279868081812,0.4597294415073933,-0.7127734757852162,-0.6669589055758146,0.9629629629629628,0.98,2026-08-31T16:05:13.247970+00:00,1806733
energy,ensemble,gap,6,10,691,461,230,4,0.4446854663774403,26,51,0.22895902869394,0.1779815610509786,1.2864199377842296,0.5605349608773872,0.4480726783135612,-0.8637793961550154,-0.6243944876408462,0.9230769230769232,0.9803921568627452,2026-08-31T16:05:12.155663+00:00,1806733
energy,ensemble,gap,7,10,691,460,231,6,0.3369565217391304,25,52,0.253400996153757,0.2686663325216896,0.9431810594775576,0.6015019185911652,0.4734007281695898,-0.8962436250022656,-0.6403186777375128,0.84,0.9230769230769232,2026-08-31T16:05:15.405080+00:00,1806733
energy,bbb,gap,0,10,691,469,222,12,0.0,34,43,0.7240284457845331,0.6649128293031785,1.0889073181868172,11.940713252169664,0.4979023644530559,-63.28226255526004,-1.0775308054385933,0.0,1.0,2026-08-31T16:08:46.583292+00:00,1806733
energy,bbb,gap,1,10,691,469,222,12,0.0,34,43,0.7240284457845331,0.6649128293031785,1.0889073181868172,11.940713252169664,0.4979023644530559,-63.28226255526004,-1.0775308054385933,0.0,1.0,2026-08-31T16:08:45.647464+00:00,1806733
energy,bbb,gap,2,10,691,457,234,7,0.2472647702407002,22,55,0.8462852348157944,0.6872431251148092,1.2314204448017083,5.990924254916538,0.4762156050846031,-13.125424942619205,-1.0813040384363073,0.1363636363636363,1.0,2026-08-31T16:08:47.860747+00:00,1806733
energy,bbb,gap,3,10,691,463,228,4,0.6263498920086393,28,49,0.7309792268294614,0.7838992013928271,0.9324913528814192,0.8489155184087627,0.6165341727895687,-1.3491440758409838,-1.254223209783635,1.0,1.0,2026-08-31T16:08:52.311858+00:00,1806733
energy,bbb,gap,4,10,691,458,233,2,1.0,23,54,0.7704547538000398,0.753625748364459,1.0223307198196236,0.4116841154136707,0.5742645937348458,-1.1621172326591915,-1.205823306850735,1.0,1.0,2026-08-31T16:08:54.484222+00:00,1806733
energy,bbb,gap,5,10,691,462,229,4,0.2467532467532467,27,50,0.6994329387396839,0.7016487661307118,0.9968419706582722,0.5297346530905367,0.5205644057637122,-1.1282794397577771,-1.1233461604034187,1.0,1.0,2026-08-31T16:08:53.162728+00:00,1806733
energy,bbb,gap,6,10,691,461,230,4,0.4446854663774403,26,51,0.655539229589132,0.706842740903371,0.9274187759944011,0.8279303879487813,0.5835907693365565,-1.2986936093713932,-1.164997689556048,1.0,1.0,2026-08-31T16:08:51.511546+00:00,1806733
energy,bbb,gap,7,10,691,460,231,6,0.3369565217391304,25,52,0.6966807101948147,0.6987853030431016,0.996988212489413,0.5631864769238301,0.5873942720157794,-1.1684139145071348,-1.18199519525331,1.0,1.0,2026-08-31T16:08:56.861635+00:00,1806733
energy,gp,gap,0,10,691,469,222,12,0.0,34,43,5.639375657335206,0.1827613459241056,30.8565010222514,19.603366029429964,0.339629317530855,-12.626969187135424,-0.3484541213820514,0.1470588235294117,0.9534883720930232,2026-08-31T16:08:55.944473+00:00,1806733
energy,gp,gap,1,10,691,469,222,12,0.0,34,43,5.639375657335206,0.1827613459241056,30.8565010222514,19.603366029429964,0.339629317530855,-12.626969187135424,-0.3484541213820514,0.1470588235294117,0.9534883720930232,2026-08-31T16:08:57.153330+00:00,1806733
energy,gp,gap,2,10,691,457,234,7,0.2472647702407002,22,55,1.051837258485481,0.2277679612952481,4.618021132138154,6.6976663376785845,0.4013096171961184,-43.8305800817764,-0.5164589039136108,0.2272727272727272,0.9636363636363636,2026-08-31T16:08:53.490889+00:00,1806733
energy,gp,gap,3,10,691,463,228,4,0.6263498920086393,28,49,0.3240847698549265,0.2523370654862453,1.2843327999809533,0.6218144462830878,0.3791215935965628,-0.933536421156576,-0.5085500879624236,0.9285714285714286,1.0,2026-08-31T16:09:03.918747+00:00,1806733
energy,gp,gap,4,10,691,458,233,2,1.0,23,54,0.2376550664523078,0.2464382168982863,0.9643596250755068,0.4036037924888512,0.4378364943865933,-0.5664593392325094,-0.5969588040245445,1.0,0.9444444444444444,2026-08-31T16:09:04.053228+00:00,1806733
energy,gp,gap,5,10,691,462,229,4,0.2467532467532467,27,50,0.2418105092062477,0.2675486013706182,0.9038003112985176,0.4878797522550028,0.4103399260381151,-0.7093257210811507,-0.567707330114749,0.9629629629629628,1.0,2026-08-31T16:09:06.401674+00:00,1806733
energy,gp,gap,6,10,691,461,230,4,0.4446854663774403,26,51,0.4143641981186897,0.2578144342661476,1.607218770733885,0.5509657300025429,0.4194070202790442,-0.7830746393250861,-0.5855376080279067,0.9615384615384616,1.0,2026-08-31T16:09:04.657013+00:00,1806733
energy,gp,gap,7,10,691,460,231,6,0.3369565217391304,25,52,0.2203734792162497,0.2413260809244796,0.9131772180281384,0.6720093866897212,0.4011774830019897,-1.2142238579167035,-0.5364462901443219,0.72,0.9615384615384616,2026-08-31T16:09:03.320723+00:00,1806733
energy,mcd,gap,0,11,691,456,235,12,0.0,21,56,0.8196255380623721,0.7908000445030023,1.0364510520197123,8.944003392666191,0.8273223263556898,-23.55798020341416,-1.4022253579784822,0.0476190476190476,0.9642857142857144,2026-08-31T16:09:09.762170+00:00,1806733
energy,mcd,gap,1,11,691,456,235,12,0.0,21,56,0.8196255380623721,0.7908000445030023,1.0364510520197123,8.944003392666191,0.8273223263556898,-23.55798020341416,-1.4022253579784822,0.0476190476190476,0.9642857142857144,2026-08-31T16:09:10.442407+00:00,1806733
energy,mcd,gap,2,11,691,457,234,7,0.2450765864332603,22,55,0.8401927661816081,0.904076753747686,0.9293378717003192,5.028995722038242,0.8161409110509399,-7.325936679093701,-1.483641196562602,0.5909090909090909,1.0,2026-08-31T16:09:10.503121+00:00,1806733
energy,mcd,gap,3,11,691,460,231,4,0.6217391304347826,25,52,1.075429569331832,1.0094097489991296,1.0654043815191638,1.9131260675866744,1.244219676082721,-2.078905365837765,-1.765908780160714,0.92,0.9807692307692308,2026-08-31T16:09:14.747354+00:00,1806733
energy,mcd,gap,4,11,691,459,232,2,1.0,24,53,1.1868980912669396,1.1760576807935,1.0092175840101016,1.0303763465664053,1.2966523604857907,-1.7776487738028086,-1.8502710749725015,1.0,1.0,2026-08-31T16:09:15.331154+00:00,1806733
energy,mcd,gap,5,11,691,457,234,4,0.24945295404814,22,55,1.1783066250297758,1.1865915739627957,0.9930178596285232,1.232012098271803,1.1857276013196183,-1.7968164533349964,-1.7763561131015586,1.0,1.0,2026-08-31T16:09:15.478899+00:00,1806733
energy,mcd,gap,6,11,691,460,231,4,0.4282608695652174,25,52,1.128503704415077,1.1489666829047611,0.9821901028166014,1.309982644444547,1.2619376537128413,-1.805720383654912,-1.7991791548354,0.96,1.0,2026-08-31T16:09:15.872327+00:00,1806733
energy,mcd,gap,7,11,691,467,224,6,0.3361884368308351,32,45,1.2049639625464923,1.1920728632817053,1.0108140195636186,1.2332548912917345,1.0298859033941046,-1.8011635508226662,-1.745179795824386,1.0,1.0,2026-08-31T16:09:17.497303+00:00,1806733
energy,map,gap,0,11,691,456,235,12,0.0,21,56,0.0,0.0,,12.309836570952656,0.3933893077580379,-801.8081284901652,-0.5582951941524169,0.0,0.8928571428571429,2026-08-31T16:09:19.970801+00:00,1806733
energy,map,gap,1,11,691,456,235,12,0.0,21,56,0.0,0.0,,12.309836570952656,0.3933893077580379,-801.8081284901652,-0.5582951941524169,0.0,0.8928571428571429,2026-08-31T16:09:20.599949+00:00,1806733
energy,map,gap,2,11,691,457,234,7,0.2450765864332603,22,55,0.0,0.0,,5.375892674283132,0.4452248932710812,-97.47196694477792,-0.6331243403454948,0.2727272727272727,0.8909090909090909,2026-08-31T16:09:20.651243+00:00,1806733
energy,map,gap,3,11,691,460,231,4,0.6217391304347826,25,52,0.0,0.0,,0.5707278348444305,0.4217198634509089,-0.9510346142546078,-0.556178294684087,0.84,0.903846153846154,2026-08-31T16:09:24.688407+00:00,1806733
energy,map,gap,4,11,691,459,232,2,1.0,24,53,0.0,0.0,,0.5319432619745155,0.6069086521551778,-0.8242676411006484,-1.0403794089302618,0.9166666666666666,0.9056603773584906,2026-08-31T16:09:25.290849+00:00,1806733
energy,map,gap,5,11,691,457,234,4,0.24945295404814,22,55,0.0,0.0,,0.5080994462234967,0.4853769432442213,-0.7675497462512524,-0.7082782837870597,0.9090909090909092,0.9090909090909092,2026-08-31T16:09:25.448152+00:00,1806733
energy,map,gap,6,11,691,460,231,4,0.4282608695652174,25,52,0.0,0.0,,0.4914793465471259,0.4688521356497415,-0.7206885568825274,-0.6650822363745392,0.92,0.903846153846154,2026-08-31T16:09:25.749865+00:00,1806733
energy,map,gap,7,11,691,467,224,6,0.3361884368308351,32,45,0.0,0.0,,0.5325231675288657,0.419040427517624,-0.9130326509226712,-0.5552006840867266,0.875,0.9333333333333332,2026-08-31T16:09:27.248018+00:00,1806733
energy,laplace,gap,0,11,691,456,235,12,0.0,21,56,8.078421682061943,0.1949183880751908,41.44514923315315,12.309836570952656,0.3933893077580379,-4.135118162464191,-0.4254236981198332,0.8095238095238095,0.9285714285714286,2026-08-31T16:09:31.181804+00:00,1806733
energy,laplace,gap,1,11,691,456,235,12,0.0,21,56,8.078421682061943,0.1949183880751908,41.44514923315315,12.309836570952656,0.3933893077580379,-4.135118162464191,-0.4254236981198332,0.8095238095238095,0.9285714285714286,2026-08-31T16:09:31.716737+00:00,1806733
energy,laplace,gap,2,11,691,457,234,7,0.2450765864332603,22,55,2.3772094570605464,0.2284076549433492,10.40774862668308,5.375892674283132,0.4452248932710812,-4.479825614545508,-0.54412288305737,0.4545454545454545,0.9818181818181818,2026-08-31T16:09:31.908797+00:00,1806733
energy,laplace,gap,3,11,691,460,231,4,0.6217391304347826,25,52,0.2539064194743632,0.2404373537747329,1.0560190232015678,0.5707278348444305,0.4217198634509089,-0.8499110807233431,-0.5920850257284977,0.88,0.9423076923076924,2026-08-31T16:09:36.054200+00:00,1806733
energy,laplace,gap,4,11,691,459,232,2,1.0,24,53,0.2770999458850769,0.308429252649298,0.8984230370656691,0.5319432619745155,0.6069086521551778,-0.7660139464711212,-0.7349650520246392,0.9583333333333334,0.981132075471698,2026-08-31T16:09:36.740764+00:00,1806733
energy,laplace,gap,5,11,691,457,234,4,0.24945295404814,22,55,0.2468569158222402,0.2707552402362899,0.9117345821517858,0.5080994462234967,0.4853769432442213,-0.7299547217104316,-0.6817593442791492,0.9545454545454546,0.9636363636363636,2026-08-31T16:09:36.998638+00:00,1806733
energy,laplace,gap,6,11,691,460,231,4,0.4282608695652174,25,52,0.5264244095867665,0.2635902171844005,1.9971318177506348,0.4914793465471259,0.4688521356497415,-0.7558324351380676,-0.6491246495309573,1.0,0.9615384615384616,2026-08-31T16:09:37.222052+00:00,1806733
energy,laplace,gap,7,11,691,467,224,6,0.3361884368308351,32,45,0.2168620924481371,0.2476632253086877,0.875632997906088,0.5325231675288657,0.419040427517624,-0.8059468604415403,-0.5588161753827535,0.90625,0.9777777777777776,2026-08-31T16:09:38.821579+00:00,1806733
energy,ensemble,gap,0,11,691,456,235,12,0.0,21,56,2.882352350124443,0.2043832193156623,14.102685923900411,14.693438784455829,0.3277042310126158,-24.86061905241472,-0.3191130155967089,0.0,1.0,2026-08-31T16:10:22.090573+00:00,1806733
energy,ensemble,gap,1,11,691,456,235,12,0.0,21,56,2.882352350124443,0.2043832193156623,14.102685923900411,14.693438784455829,0.3277042310126158,-24.86061905241472,-0.3191130155967089,0.0,1.0,2026-08-31T16:10:22.946283+00:00,1806733
energy,ensemble,gap,2,11,691,457,234,7,0.2450765864332603,22,55,0.494872326277526,0.2006555277295138,2.466278063092387,4.698425632139772,0.4165019062028247,-19.63563955470393,-0.5551375057374659,0.1818181818181818,0.9636363636363636,2026-08-31T16:10:22.773624+00:00,1806733
energy,ensemble,gap,3,11,691,460,231,4,0.6217391304347826,25,52,0.194228632260071,0.204697425893147,0.9488572287247972,0.5593536147393142,0.4005483246722113,-0.8561211721217693,-0.5277067183147086,0.88,0.9807692307692308,2026-08-31T16:10:27.418417+00:00,1806733
energy,ensemble,gap,4,11,691,459,232,2,1.0,24,53,0.2725877717855899,0.3009779796681729,0.9056734718138412,0.4253539905548301,0.5028489771756396,-0.5570041158943217,-0.6733246928973533,1.0,0.9622641509433962,2026-08-31T16:10:27.943697+00:00,1806733
energy,ensemble,gap,5,11,691,457,234,4,0.24945295404814,22,55,0.1906167520653333,0.1854199258729221,1.0280273339984656,0.3157799807763931,0.4591426208054824,-0.4087772179963673,-0.6305899053641074,1.0,0.9454545454545454,2026-08-31T16:10:28.213558+00:00,1806733
energy,ensemble,gap,6,11,691,460,231,4,0.4282608695652174,25,52,0.2776664833018851,0.2289655556971189,1.212699798694564,0.4799402066320637,0.4378223004598553,-0.6878475874599463,-0.5985770303051205,1.0,0.9615384615384616,2026-08-31T16:10:27.981632+00:00,1806733
energy,ensemble,gap,7,11,691,467,224,6,0.3361884368308351,32,45,0.2213972432793922,0.2156913623045257,1.026453915047421,0.6301857303393811,0.3865621698543457,-1.1185344263056018,-0.4604817748777726,0.71875,0.9777777777777776,2026-08-31T16:10:29.647943+00:00,1806733
energy,bbb,gap,0,11,691,456,235,12,0.0,21,56,0.6198562920737627,0.5799218799724686,1.0688617096205957,13.255557142936665,0.4066015805374235,-91.4236350844483,-0.9736523208237656,0.3809523809523809,1.0,2026-08-31T16:14:07.491462+00:00,1806733
energy,bbb,gap,1,11,691,456,235,12,0.0,21,56,0.6198562920737627,0.5799218799724686,1.0688617096205957,13.255557142936665,0.4066015805374235,-91.4236350844483,-0.9736523208237656,0.3809523809523809,1.0,2026-08-31T16:14:10.258662+00:00,1806733
energy,bbb,gap,2,11,691,457,234,7,0.2450765864332603,22,55,0.5991000143380927,0.5336414933379173,1.122663851700762,5.289130560147099,0.4207158579393981,-15.801410271894998,-0.94305549433548,0.1818181818181818,1.0,2026-08-31T16:14:08.734001+00:00,1806733
energy,bbb,gap,3,11,691,460,231,4,0.6217391304347826,25,52,0.6187677390927511,0.660390046656347,0.9369731452278304,0.7038038109226008,0.4505600961676674,-1.2103723969693134,-1.0975793476506066,1.0,1.0,2026-08-31T16:14:16.657731+00:00,1806733
energy,bbb,gap,4,11,691,459,232,2,1.0,24,53,0.6737784039865803,0.6889521322838423,0.9779756421582412,0.4597715965436924,0.4151425515871714,-1.1024617248354045,-1.0975233968931084,1.0,1.0,2026-08-31T16:14:11.496271+00:00,1806733
energy,bbb,gap,5,11,691,457,234,4,0.24945295404814,22,55,0.697758496900121,0.6196972438241908,1.1259667585322946,0.3437719916832438,0.4587153337681908,-1.0598642076287454,-1.0613309000971696,1.0,1.0,2026-08-31T16:14:13.834377+00:00,1806733
energy,bbb,gap,6,11,691,460,231,4,0.4282608695652174,25,52,0.5433803743605938,0.57281242945359,0.9486183372084442,0.4590410984370291,0.5144630981323951,-0.9990062663623622,-1.0383644434957462,1.0,1.0,2026-08-31T16:14:16.351232+00:00,1806733
energy,bbb,gap,7,11,691,467,224,6,0.3361884368308351,32,45,0.5929506677967711,0.6682815329870029,0.8872767516804974,0.5639559242294636,0.4390544663702586,-1.1037233784984128,-1.092458053153463,1.0,1.0,2026-08-31T16:14:17.153602+00:00,1806733
energy,gp,gap,0,11,691,456,235,12,0.0,21,56,5.556461813633726,0.1967764100302954,28.237438688805543,20.031391986128572,0.3642598555990978,-12.215356323619485,-0.3898996346457716,0.1428571428571428,0.9642857142857144,2026-08-31T16:14:12.986336+00:00,1806733
energy,gp,gap,1,11,691,456,235,12,0.0,21,56,5.556461813633726,0.1967764100302954,28.237438688805543,20.031391986128572,0.3642598555990978,-12.215356323619485,-0.3898996346457716,0.1428571428571428,0.9642857142857144,2026-08-31T16:14:14.430817+00:00,1806733
energy,gp,gap,2,11,691,457,234,7,0.2450765864332603,22,55,1.1058527071167583,0.2267570293873149,4.876817755571732,5.836293961448222,0.4157660816959324,-32.73505340465432,-0.4901311579393256,0.2272727272727272,0.9636363636363636,2026-08-31T16:14:15.859709+00:00,1806733
energy,gp,gap,3,11,691,460,231,4,0.6217391304347826,25,52,0.2560744958331762,0.2545088728638834,1.0061515457267778,0.5647329175671482,0.4298103156377164,-0.7980339538141011,-0.5822696930420025,0.92,0.9615384615384616,2026-08-31T16:14:17.668988+00:00,1806733
energy,gp,gap,4,11,691,459,232,2,1.0,24,53,0.2467991063251734,0.25668797233485,0.9614751485247756,0.5165195190637732,0.4344468957471772,-0.7975969423374693,-0.555537920138192,0.9166666666666666,0.9622641509433962,2026-08-31T16:14:21.807130+00:00,1806733
energy,gp,gap,5,11,691,457,234,4,0.24945295404814,22,55,0.263975339071412,0.2515735021387213,1.0492970715407544,0.4395390616800636,0.4671755573415339,-0.578390726040674,-0.6512421378167902,1.0,0.9636363636363636,2026-08-31T16:14:22.640176+00:00,1806733
energy,gp,gap,6,11,691,460,231,4,0.4282608695652174,25,52,0.3781929405936056,0.2452920965139005,1.5418064665290745,0.4584999092370607,0.4784899661600754,-0.658164260984457,-0.6712684470674548,1.0,0.9615384615384616,2026-08-31T16:14:22.912551+00:00,1806733
energy,gp,gap,7,11,691,467,224,6,0.3361884368308351,32,45,0.2078392624550567,0.2533898543976281,0.8202351390474703,0.6213408162471973,0.4721035416490806,-1.0883477774092971,-0.6640958422414258,0.75,0.9555555555555556,2026-08-31T16:14:23.402617+00:00,1806733
energy,mcd,gap,0,12,691,458,233,12,0.0,23,54,0.92108671806528,0.8696915361021388,1.0590958746057122,10.297597276897337,0.9224452377877782,-24.668068052553043,-1.50458512137447,0.217391304347826,0.9814814814814816,2026-08-31T16:14:28.802473+00:00,1806733
energy,mcd,gap,1,12,691,458,233,12,0.0,23,54,0.92108671806528,0.8696915361021388,1.0590958746057122,10.297597276897337,0.9224452377877782,-24.668068052553043,-1.50458512137447,0.217391304347826,0.9814814814814816,2026-08-31T16:14:28.802151+00:00,1806733
energy,mcd,gap,2,12,691,464,227,7,0.2456896551724137,29,48,0.9146908761120198,0.9834759560133968,0.9300592154990722,6.089318915140658,0.982416980605846,-8.677750444178564,-1.603875382500255,0.2758620689655172,0.9791666666666666,2026-08-31T16:14:29.206944+00:00,1806733
energy,mcd,gap,3,12,691,459,232,4,0.6209150326797386,24,53,1.0172897777912402,1.0281314100535577,0.9894550130884996,2.214120665267336,1.3458077166990283,-2.276334832475547,-1.8001260153160503,0.7916666666666666,0.9622641509433962,2026-08-31T16:14:29.499543+00:00,1806733
energy,mcd,gap,4,12,691,459,232,2,1.0,24,53,1.1382287926264356,1.1965790851226277,0.95123574093708,1.1494006024445904,1.4919646775615465,-1.7930427891144671,-1.9083126635577785,1.0,0.9622641509433962,2026-08-31T16:14:32.657774+00:00,1806733
energy,mcd,gap,5,12,691,456,235,4,0.2521929824561403,21,56,1.2344014642565293,1.252354300608116,0.985664730545606,1.5522507700328791,1.170146046759149,-1.9603986730718563,-1.8497312092714349,1.0,1.0,2026-08-31T16:14:33.305463+00:00,1806733
energy,mcd,gap,6,12,691,470,221,4,0.4276595744680851,35,42,1.2080991394581988,1.1681098228378548,1.034234209693736,1.4999319406525191,1.0956885955293052,-1.916045834661894,-1.776335188149037,1.0,1.0,2026-08-31T16:14:33.595672+00:00,1806733
energy,mcd,gap,7,12,691,460,231,6,0.35,25,52,1.100216115114143,1.194650958878789,0.920951937415029,1.355398146585303,1.5996512265529292,-1.836681304469708,-1.940705600694048,1.0,0.9615384615384616,2026-08-31T16:14:33.897298+00:00,1806733
energy,map,gap,0,12,691,458,233,12,0.0,23,54,0.0,0.0,,15.207103108255374,0.3327062135314437,-1183.108506764728,-0.3224999045534329,0.0,0.9074074074074074,2026-08-31T16:14:38.563301+00:00,1806733
energy,map,gap,1,12,691,458,233,12,0.0,23,54,0.0,0.0,,15.207103108255374,0.3327062135314437,-1183.108506764728,-0.3224999045534329,0.0,0.9074074074074074,2026-08-31T16:14:38.557447+00:00,1806733
energy,map,gap,2,12,691,464,227,7,0.2456896551724137,29,48,0.0,0.0,,4.864238401725362,0.6291635002093916,-78.86848483203013,-1.290167948107595,0.0689655172413793,0.9583333333333334,2026-08-31T16:14:38.975342+00:00,1806733
energy,map,gap,3,12,691,459,232,4,0.6209150326797386,24,53,0.0,0.0,,0.6607280891333965,0.6627703699790045,-1.3139525518923063,-1.3218718387051052,0.75,0.8867924528301887,2026-08-31T16:14:39.222926+00:00,1806733
energy,map,gap,4,12,691,459,232,2,1.0,24,53,0.0,0.0,,0.419442235995868,0.6414598712956268,-0.5702683349938603,-1.4481639544824547,0.9166666666666666,0.8679245283018868,2026-08-31T16:14:42.269532+00:00,1806733
energy,map,gap,5,12,691,456,235,4,0.2521929824561403,21,56,0.0,0.0,,0.7991260657776994,0.6099011493271526,-1.8638051764579289,-1.1067621454030745,0.6190476190476191,0.9285714285714286,2026-08-31T16:14:42.806251+00:00,1806733
energy,map,gap,6,12,691,470,221,4,0.4276595744680851,35,42,0.0,0.0,,0.6248361166969219,0.6636347084417032,-1.158960239477205,-1.3008652282998987,0.8571428571428571,0.8571428571428571,2026-08-31T16:14:43.436901+00:00,1806733
energy,map,gap,7,12,691,460,231,6,0.35,25,52,0.0,0.0,,0.6915622190999445,0.6354059479125344,-1.6097737927603148,-1.351213421950257,0.72,0.8653846153846154,2026-08-31T16:14:43.561535+00:00,1806733
energy,laplace,gap,0,12,691,458,233,12,0.0,23,54,5.242057902468558,0.1835766883080482,28.55513927602941,15.207103108255374,0.3327062135314437,-9.714248993972497,-0.3379077648847819,0.4347826086956521,0.9629629629629628,2026-08-31T16:14:48.927266+00:00,1806733
energy,laplace,gap,1,12,691,458,233,12,0.0,23,54,5.242057902468558,0.1835766883080482,28.55513927602941,15.207103108255374,0.3327062135314437,-9.714248993972497,-0.3379077648847819,0.4347826086956521,0.9629629629629628,2026-08-31T16:14:48.943688+00:00,1806733
energy,laplace,gap,2,12,691,464,227,7,0.2456896551724137,29,48,1.110294028471121,0.22409559833529,4.95455527337002,4.864238401725362,0.6291635002093916,-7.846636090520842,-1.0450682201318104,0.1724137931034483,0.9583333333333334,2026-08-31T16:14:49.471395+00:00,1806733
energy,laplace,gap,3,12,691,459,232,4,0.6209150326797386,24,53,0.2518282435352867,0.250789360758091,1.004142451553987,0.6607280891333965,0.6627703699790045,-1.066596662648707,-1.0864136438368115,0.875,0.9245283018867924,2026-08-31T16:14:49.718533+00:00,1806733
energy,laplace,gap,4,12,691,459,232,2,1.0,24,53,0.2353160016850354,0.2398837309541595,0.9809585700082468,0.419442235995868,0.6414598712956268,-0.5386525605888165,-1.20474054426584,0.9583333333333334,0.8679245283018868,2026-08-31T16:14:52.801329+00:00,1806733
energy,laplace,gap,5,12,691,456,235,4,0.2521929824561403,21,56,0.2358199223657256,0.2528290151531941,0.9327249177585004,0.7991260657776994,0.6099011493271526,-1.5613450078501157,-0.9262252561903322,0.7142857142857143,0.9464285714285714,2026-08-31T16:14:53.303193+00:00,1806733
energy,laplace,gap,6,12,691,470,221,4,0.4276595744680851,35,42,0.5780894727511315,0.28265923852204,2.045181596659738,0.6248361166969219,0.6636347084417032,-0.9156025679009112,-0.9850722288658974,0.9428571428571428,0.9285714285714286,2026-08-31T16:14:54.179663+00:00,1806733
energy,laplace,gap,7,12,691,460,231,6,0.35,25,52,0.2279190239827091,0.2597836212732795,0.8773417772283248,0.6915622190999445,0.6354059479125344,-1.297700345147761,-0.9639438734136472,0.76,0.8653846153846154,2026-08-31T16:14:54.033427+00:00,1806733
energy,ensemble,gap,0,12,691,458,233,12,0.0,23,54,2.07219940701145,0.2260070193244,9.168739153349527,16.273510563157224,0.2852895622316398,-43.561817629639535,-0.2904749521049122,0.0434782608695652,0.9814814814814816,2026-08-31T16:15:26.974276+00:00,1806733
energy,ensemble,gap,1,12,691,458,233,12,0.0,23,54,2.07219940701145,0.2260070193244,9.168739153349527,16.273510563157224,0.2852895622316398,-43.561817629639535,-0.2904749521049122,0.0434782608695652,0.9814814814814816,2026-08-31T16:15:27.066539+00:00,1806733
energy,ensemble,gap,2,12,691,464,227,7,0.2456896551724137,29,48,0.6063583957578679,0.1878006498079778,3.228734279555775,5.158182853409663,0.6498887164453602,-23.680762670586983,-1.2017082538460462,0.1724137931034483,0.9375,2026-08-31T16:15:27.204606+00:00,1806733
energy,ensemble,gap,3,12,691,459,232,4,0.6209150326797386,24,53,0.2063595132227821,0.2078890294965233,0.9926426311314,0.5493570526113668,0.5859370758283899,-0.8741363085558426,-0.9278570762964504,0.8333333333333334,0.9622641509433962,2026-08-31T16:15:27.344617+00:00,1806733
energy,ensemble,gap,4,12,691,459,232,2,1.0,24,53,0.2242196441008232,0.2287778084523047,0.980076020561969,0.3099178727798136,0.6140319749949901,-0.3706720624977691,-1.0100307907486334,1.0,0.9245283018867924,2026-08-31T16:15:29.045580+00:00,1806733
energy,ensemble,gap,5,12,691,456,235,4,0.2521929824561403,21,56,0.2340386329662661,0.2153967973903594,1.086546484449917,0.7658583799680744,0.5775987917843514,-1.5225942792689042,-0.8822508291105746,0.7142857142857143,0.9285714285714286,2026-08-31T16:15:29.281598+00:00,1806733
energy,ensemble,gap,6,12,691,470,221,4,0.4276595744680851,35,42,0.2740529871215479,0.2381320893807829,1.1508444235053346,0.5069122196658461,0.6905786008910203,-0.7156470443034679,-1.418426919188719,0.9142857142857144,0.9047619047619048,2026-08-31T16:15:29.841107+00:00,1806733
energy,ensemble,gap,7,12,691,460,231,6,0.35,25,52,0.2863955715075464,0.262737959410168,1.0900426118498003,0.5932132384706782,0.5912968807721709,-1.013340306748734,-1.1162605608311833,0.8,0.9230769230769232,2026-08-31T16:15:29.817467+00:00,1806733
energy,bbb,gap,0,12,691,458,233,12,0.0,23,54,0.5454901348652968,0.4877029408550098,1.1184885084124738,10.405298782798,0.4265432360356854,-73.05387209460797,-0.8838790142692498,0.217391304347826,1.0,2026-08-31T16:18:59.008401+00:00,1806733
energy,bbb,gap,1,12,691,458,233,12,0.0,23,54,0.5454901348652968,0.4877029408550098,1.1184885084124738,10.405298782798,0.4265432360356854,-73.05387209460797,-0.8838790142692498,0.217391304347826,1.0,2026-08-31T16:18:56.768429+00:00,1806733
energy,bbb,gap,2,12,691,464,227,7,0.2456896551724137,29,48,0.7095466818712766,0.6633274509075533,1.0696778505103126,6.660265724899716,0.6194157650234642,-21.21013500258389,-1.1355971502513318,0.1034482758620689,0.9791666666666666,2026-08-31T16:18:56.732585+00:00,1806733
energy,bbb,gap,3,12,691,459,232,4,0.6209150326797386,24,53,0.7733966160267837,0.7145392845713414,1.082371022456451,0.681822293631218,0.6820122082078804,-1.2434157199784392,-1.2304388374566966,1.0,0.981132075471698,2026-08-31T16:18:55.489289+00:00,1806733
energy,bbb,gap,4,12,691,459,232,2,1.0,24,53,0.6315666903227758,0.6461964733032988,0.9773601627601946,0.4650632377597699,0.6399639011142594,-1.0852053226119558,-1.1826556978912612,1.0,0.981132075471698,2026-08-31T16:18:57.607240+00:00,1806733
energy,bbb,gap,5,12,691,456,235,4,0.2521929824561403,21,56,0.5868742853341905,0.5780241225146387,1.0153110613810543,0.6722627522889606,0.5789909722423878,-1.145760038958331,-1.078869257115728,1.0,0.9821428571428572,2026-08-31T16:19:00.883759+00:00,1806733
energy,bbb,gap,6,12,691,470,221,4,0.4276595744680851,35,42,0.6447561348554645,0.6918060013549991,0.9319897971289914,0.9899511951381248,0.6880769751951941,-1.4038866138208754,-1.2236324079630587,0.9428571428571428,0.9761904761904762,2026-08-31T16:19:00.682301+00:00,1806733
energy,bbb,gap,7,12,691,460,231,6,0.35,25,52,0.6433595976872604,0.6862473373660923,0.9375039619921284,0.6019755347159309,0.6162992389753172,-1.1629740624585565,-1.1920413701105852,1.0,0.9807692307692308,2026-08-31T16:19:05.512865+00:00,1806733
energy,gp,gap,0,12,691,458,233,12,0.0,23,54,6.360987786328324,0.1934092840348914,32.8887406727631,19.367406240053956,0.3275493967675487,-10.723054582572956,-0.3260213420682353,0.3478260869565217,0.9814814814814816,2026-08-31T16:18:58.727798+00:00,1806733
energy,gp,gap,1,12,691,458,233,12,0.0,23,54,6.360987786328324,0.1934092840348914,32.8887406727631,19.367406240053956,0.3275493967675487,-10.723054582572956,-0.3260213420682353,0.3478260869565217,0.9814814814814816,2026-08-31T16:19:00.454048+00:00,1806733
energy,gp,gap,2,12,691,464,227,7,0.2456896551724137,29,48,0.7357461582794763,0.2182150863765164,3.3716557846508954,5.765147030615058,0.6507026696285372,-46.502096928157655,-1.2881085431795136,0.1724137931034483,0.8958333333333334,2026-08-31T16:19:00.252222+00:00,1806733
energy,gp,gap,3,12,691,459,232,4,0.6209150326797386,24,53,0.2429652190111074,0.2620711179922602,0.9270965105673452,0.6738783222414019,0.6408643745926362,-1.202975050478178,-1.0104607623604027,0.9166666666666666,0.9245283018867924,2026-08-31T16:19:02.315322+00:00,1806733
energy,gp,gap,4,12,691,459,232,2,1.0,24,53,0.2290666404486596,0.2416875494776855,0.9477800612555298,0.3734105836188194,0.6702775606292852,-0.4388733323593045,-1.209200672847401,1.0,0.8679245283018868,2026-08-31T16:19:04.749432+00:00,1806733
energy,gp,gap,5,12,691,456,235,4,0.2521929824561403,21,56,0.2470104535099773,0.2435062508605457,1.0143906065534165,0.6721728154162835,0.6330649010155404,-1.20873079382562,-1.0356959576521674,0.7619047619047619,0.9464285714285714,2026-08-31T16:19:04.761232+00:00,1806733
energy,gp,gap,6,12,691,470,221,4,0.4276595744680851,35,42,0.4010415931448158,0.251053288954609,1.5974361252734872,0.5511608239926797,0.7199594076249356,-0.8170147365589239,-1.2009364483337817,0.9714285714285714,0.9523809523809524,2026-08-31T16:19:04.516124+00:00,1806733
energy,gp,gap,7,12,691,460,231,6,0.35,25,52,0.1985922506769875,0.2245018409718049,0.884590744634155,0.6284644993838571,0.64481709778083,-1.1479545185748694,-1.1501107246835185,0.76,0.8846153846153846,2026-08-31T16:19:05.291098+00:00,1806733
energy,mcd,gap,0,13,691,459,232,12,0.0,24,53,0.8673090454623607,0.8024300964411557,1.0808530852830027,10.437670184102014,0.9518038829863292,-29.49692595175787,-1.4768199457216968,0.0416666666666666,0.9622641509433962,2026-08-31T16:19:12.398142+00:00,1806733
energy,mcd,gap,1,13,691,459,232,12,0.0,24,53,0.8673090454623607,0.8024300964411557,1.0808530852830027,10.437670184102014,0.9518038829863292,-29.49692595175787,-1.4768199457216968,0.0416666666666666,0.9622641509433962,2026-08-31T16:19:12.225166+00:00,1806733
energy,mcd,gap,2,13,691,465,226,7,0.2537634408602151,30,47,0.838008759101937,0.9370239586328856,0.8943301303891831,5.2609050629666445,1.0496702352686358,-7.738536974997063,-1.5912153090015508,0.5,0.9361702127659576,2026-08-31T16:19:13.308752+00:00,1806733
energy,mcd,gap,3,13,691,456,235,4,0.625,21,56,0.9947759549288248,0.9836150420133,1.0113468302524942,2.0787983430739314,1.6525411479669,-2.2012848140842487,-1.926961936549372,0.8571428571428571,0.9285714285714286,2026-08-31T16:19:14.964869+00:00,1806733
energy,mcd,gap,4,13,691,467,224,2,1.0,32,45,1.178836896800184,1.1896118291483953,0.9909424804930492,1.3254552445771048,1.2216397605078697,-1.8376114089723163,-1.808344560835631,1.0,1.0,2026-08-31T16:19:15.461297+00:00,1806733
energy,mcd,gap,5,13,691,462,229,4,0.2597402597402597,27,50,1.1344321588420252,1.1281353150119002,1.0055816387859984,1.4475393304203097,1.473804565586574,-1.870989241838662,-1.8722438919119324,0.9629629629629628,0.96,2026-08-31T16:19:15.072821+00:00,1806733
energy,mcd,gap,6,13,691,461,230,4,0.4360086767895879,26,51,1.2020426250854763,1.1831359375445645,1.015980148130865,1.2400218385138335,1.3276617388033742,-1.8248979051574885,-1.8517467910436545,1.0,1.0,2026-08-31T16:19:15.654431+00:00,1806733
energy,mcd,gap,7,13,691,472,219,6,0.3516949152542373,37,40,1.1694964013220943,1.152580460102986,1.0146765816397727,1.1737581301624365,1.674736384277708,-1.8031794383295008,-1.9729884916547693,1.0,1.0,2026-08-31T16:19:16.014497+00:00,1806733
energy,map,gap,0,13,691,459,232,12,0.0,24,53,0.0,0.0,,17.21353945902107,0.3802455917482633,-1424.6038837135548,-0.4824216027226792,0.0,0.8867924528301887,2026-08-31T16:19:21.592959+00:00,1806733
energy,map,gap,1,13,691,459,232,12,0.0,24,53,0.0,0.0,,17.21353945902107,0.3802455917482633,-1424.6038837135548,-0.4824216027226792,0.0,0.8867924528301887,2026-08-31T16:19:21.812578+00:00,1806733
energy,map,gap,2,13,691,465,226,7,0.2537634408602151,30,47,0.0,0.0,,5.340046390794005,0.5530336157474199,-88.61628026265194,-0.9558576367997064,0.3333333333333333,0.851063829787234,2026-08-31T16:19:22.739271+00:00,1806733
energy,map,gap,3,13,691,456,235,4,0.625,21,56,0.0,0.0,,0.6501770985019443,0.4444233071906768,-1.274555521707158,-0.6136909864866134,0.7619047619047619,0.9107142857142856,2026-08-31T16:19:24.278967+00:00,1806733
energy,map,gap,4,13,691,467,224,2,1.0,32,45,0.0,0.0,,0.5095508626782769,0.5697605268519749,-0.8020865935784414,-0.997112477523518,0.84375,0.8444444444444444,2026-08-31T16:19:24.632851+00:00,1806733
energy,map,gap,5,13,691,462,229,4,0.2597402597402597,27,50,0.0,0.0,,0.5978039691734821,0.7763723482631716,-1.0434564643674011,-1.7099996584226451,0.8518518518518519,0.8,2026-08-31T16:19:24.632841+00:00,1806733
energy,map,gap,6,13,691,461,230,4,0.4360086767895879,26,51,0.0,0.0,,0.7173389179273231,0.610442660459254,-1.577434503217178,-1.14729537978594,0.7692307692307693,0.7647058823529411,2026-08-31T16:19:24.905849+00:00,1806733
energy,map,gap,7,13,691,472,219,6,0.3516949152542373,37,40,0.0,0.0,,0.5354810955723448,0.5809716092927839,-0.9368537296109009,-1.110063131952171,0.8108108108108109,0.825,2026-08-31T16:19:25.342856+00:00,1806733
energy,laplace,gap,0,13,691,459,232,12,0.0,24,53,6.350425110707294,0.2071681081851354,30.653487963660154,17.21353945902107,0.3802455917482633,-7.616921860316986,-0.4393928845045308,0.3333333333333333,0.9622641509433962,2026-08-31T16:19:31.633674+00:00,1806733
energy,laplace,gap,1,13,691,459,232,12,0.0,24,53,6.350425110707294,0.2071681081851354,30.653487963660154,17.21353945902107,0.3802455917482633,-7.616921860316986,-0.4393928845045308,0.3333333333333333,0.9622641509433962,2026-08-31T16:19:31.882536+00:00,1806733
energy,laplace,gap,2,13,691,465,226,7,0.2537634408602151,30,47,1.569931640965084,0.222644502165088,7.051293095937308,5.340046390794005,0.5530336157474199,-6.450636244887344,-0.846152839147976,0.4333333333333333,0.8936170212765957,2026-08-31T16:19:32.892615+00:00,1806733
energy,laplace,gap,3,13,691,456,235,4,0.625,21,56,0.3396370647987491,0.2679610668348657,1.2674866121803234,0.6501770985019443,0.4444233071906768,-0.974305745570724,-0.6022790539974407,0.8571428571428571,0.9464285714285714,2026-08-31T16:19:34.197053+00:00,1806733
energy,laplace,gap,4,13,691,467,224,2,1.0,32,45,0.2481201496198716,0.2502735494529448,0.991395815347726,0.5095508626782769,0.5697605268519749,-0.7186876927591304,-0.9040355040420112,0.96875,0.8666666666666667,2026-08-31T16:19:34.822698+00:00,1806733
energy,laplace,gap,5,13,691,462,229,4,0.2597402597402597,27,50,0.2504717874718536,0.2927909830124023,0.8554627772168925,0.5978039691734821,0.7763723482631716,-0.9013302994648292,-1.1480432048686282,0.925925925925926,0.88,2026-08-31T16:19:34.962974+00:00,1806733
energy,laplace,gap,6,13,691,461,230,4,0.4360086767895879,26,51,0.5160034848165925,0.2580147875072138,1.9998988809979183,0.7173389179273231,0.610442660459254,-1.1424794681556372,-0.9688441177989884,0.9230769230769232,0.9019607843137256,2026-08-31T16:19:35.097679+00:00,1806733
energy,laplace,gap,7,13,691,472,219,6,0.3516949152542373,37,40,0.2094782306543782,0.2514267212919966,0.8331581845316228,0.5354810955723448,0.5809716092927839,-0.8460804357521835,-0.9225091690779832,0.8378378378378378,0.875,2026-08-31T16:19:35.511880+00:00,1806733
energy,ensemble,gap,0,13,691,459,232,12,0.0,24,53,2.8970816938238504,0.1751282686434422,16.542627391139536,18.71284933405941,0.3233457224623262,-25.72989115728693,-0.3072592725266603,0.0,0.981132075471698,2026-08-31T16:20:16.755279+00:00,1806733
energy,ensemble,gap,1,13,691,459,232,12,0.0,24,53,2.8970816938238504,0.1751282686434422,16.542627391139536,18.71284933405941,0.3233457224623262,-25.72989115728693,-0.3072592725266603,0.0,0.981132075471698,2026-08-31T16:20:17.109914+00:00,1806733
energy,ensemble,gap,2,13,691,465,226,7,0.2537634408602151,30,47,0.4241194830512588,0.196251284248501,2.1611042428350284,4.775604997326885,0.4780072799073272,-33.30286589185801,-0.6914523751485501,0.3333333333333333,0.8723404255319149,2026-08-31T16:20:18.136355+00:00,1806733
energy,ensemble,gap,3,13,691,456,235,4,0.625,21,56,0.231705296266298,0.2234594394150452,1.0369009108446623,0.6700592332314056,0.4182773450308426,-1.053400511224456,-0.5374884797134786,0.8095238095238095,0.9642857142857144,2026-08-31T16:20:19.318640+00:00,1806733
energy,ensemble,gap,4,13,691,467,224,2,1.0,32,45,0.2506057687258493,0.2786445545855878,0.8993743627919123,0.4614983858891293,0.4763430115711619,-0.6321010004675187,-0.6733429827448173,0.9375,0.9333333333333332,2026-08-31T16:20:20.059149+00:00,1806733
energy,ensemble,gap,5,13,691,462,229,4,0.2597402597402597,27,50,0.2041363067604205,0.2151392215022009,0.9488567697468038,0.4569801969809495,0.5831417880373966,-0.6217311287564298,-0.8286291075673278,0.925925925925926,0.92,2026-08-31T16:20:20.622053+00:00,1806733
energy,ensemble,gap,6,13,691,461,230,4,0.4360086767895879,26,51,0.3484938419140441,0.2057753473149621,1.6935645910033887,0.5494710086542233,0.4646553717051524,-0.8973154459700867,-0.6558532040087429,0.9615384615384616,0.9411764705882352,2026-08-31T16:20:20.314056+00:00,1806733
energy,ensemble,gap,7,13,691,472,219,6,0.3516949152542373,37,40,0.2509123005913874,0.2422893298767794,1.0355895602955083,0.4531786793165848,0.4938574982524704,-0.6740546633552255,-0.7281427232665929,0.8918918918918919,0.925,2026-08-31T16:20:20.648338+00:00,1806733
energy,bbb,gap,0,13,691,459,232,12,0.0,24,53,0.4996283694550523,0.44846359469237,1.1140890261065215,10.02680965715992,0.4063972942902173,-83.21587706771423,-0.8063545617239987,0.125,1.0,2026-08-31T16:23:53.407088+00:00,1806733
energy,bbb,gap,1,13,691,459,232,12,0.0,24,53,0.4996283694550523,0.44846359469237,1.1140890261065215,10.02680965715992,0.4063972942902173,-83.21587706771423,-0.8063545617239987,0.125,1.0,2026-08-31T16:23:53.907316+00:00,1806733
energy,bbb,gap,2,13,691,465,226,7,0.2537634408602151,30,47,0.6267036577330207,0.522299480068613,1.199893321070686,5.471635133736961,0.5139155666862157,-17.03223108296668,-0.9567612362826088,0.2333333333333333,1.0,2026-08-31T16:23:55.110553+00:00,1806733
energy,bbb,gap,3,13,691,456,235,4,0.625,21,56,0.5912000356392377,0.6511267519823313,0.907964591900657,0.7149660576339283,0.7323359131580066,-1.1998817774504094,-1.1931739822441685,1.0,1.0,2026-08-31T16:23:57.682508+00:00,1806733
energy,bbb,gap,4,13,691,467,224,2,1.0,32,45,0.6454646487296294,0.6612178346180386,0.9761754975990488,0.5690888426051759,0.6314963449169583,-1.1259914454470796,-1.1647308987069107,1.0,1.0,2026-08-31T16:24:00.010984+00:00,1806733
energy,bbb,gap,5,13,691,462,229,4,0.2597402597402597,27,50,0.6245403646636176,0.6518677955711344,0.9580782620445704,0.6268744189322903,0.603721734628241,-1.1497464601628369,-1.151356296068659,1.0,1.0,2026-08-31T16:23:59.141427+00:00,1806733
energy,bbb,gap,6,13,691,461,230,4,0.4360086767895879,26,51,0.5257411560916355,0.5845322797227309,0.8994219384103431,0.6291132693054965,0.4621449900344603,-1.0859852648503912,-0.9972400967200722,1.0,1.0,2026-08-31T16:23:54.958416+00:00,1806733
energy,bbb,gap,7,13,691,472,219,6,0.3516949152542373,37,40,0.6055343188476516,0.6275233953052198,0.9649589535273454,0.5222122581753891,0.6103831244321353,-1.0589518604392896,-1.1016805626062829,1.0,1.0,2026-08-31T16:24:00.273063+00:00,1806733
energy,gp,gap,0,13,691,459,232,12,0.0,24,53,7.146663369380562,0.2065587492435509,34.59869599110526,21.72119858248637,0.3601327569516132,-13.626650602264633,-0.3733844000946946,0.3333333333333333,0.9622641509433962,2026-08-31T16:24:02.704464+00:00,1806733
energy,gp,gap,1,13,691,459,232,12,0.0,24,53,7.146663369380562,0.2065587492435509,34.59869599110526,21.72119858248637,0.3601327569516132,-13.626650602264633,-0.3733844000946946,0.3333333333333333,0.9622641509433962,2026-08-31T16:24:03.365783+00:00,1806733
energy,gp,gap,2,13,691,465,226,7,0.2537634408602151,30,47,0.8090071043481432,0.231438906660674,3.4955536042791424,5.5698797737372905,0.4837193428837881,-33.94794904583579,-0.6904841068196369,0.2333333333333333,0.9148936170212766,2026-08-31T16:24:03.089304+00:00,1806733
energy,gp,gap,3,13,691,456,235,4,0.625,21,56,0.3284029845600952,0.275168122513905,1.1934630420117074,0.6596765135485014,0.4074462157193704,-0.9341026162485156,-0.5520282800745087,0.8571428571428571,1.0,2026-08-31T16:24:07.490754+00:00,1806733
energy,gp,gap,4,13,691,467,224,2,1.0,32,45,0.2508058786898882,0.2565278255552577,0.9776946346737072,0.4752761856706712,0.4511005358049572,-0.6599529810505025,-0.5950355993694009,0.875,0.9333333333333332,2026-08-31T16:24:10.981321+00:00,1806733
energy,gp,gap,5,13,691,462,229,4,0.2597402597402597,27,50,0.24857590808996,0.2748551829649864,0.9043886508104376,0.4759416807250686,0.4960142699444771,-0.6324290113735793,-0.6675784097551469,0.9629629629629628,0.96,2026-08-31T16:24:10.480683+00:00,1806733
energy,gp,gap,6,13,691,461,230,4,0.4360086767895879,26,51,0.3839681841011824,0.2678887120508701,1.4333122928608863,0.5387581846483758,0.4690148002436817,-0.7947001827549811,-0.6303911235800143,0.9230769230769232,0.9411764705882352,2026-08-31T16:24:10.766568+00:00,1806733
energy,gp,gap,7,13,691,472,219,6,0.3516949152542373,37,40,0.2071063551509079,0.261144351459175,0.7930723141958717,0.4846877401981678,0.5486431055258537,-0.7275473648668654,-0.8350361189605323,0.918918918918919,0.85,2026-08-31T16:24:12.374032+00:00,1806733
energy,mcd,gap,0,14,691,457,234,12,0.0,22,55,0.8422265056650715,0.8030483003560612,1.048786860381423,10.183474295831989,0.6418364457748953,-26.19582056510363,-1.3618490163230668,0.0,1.0,2026-08-31T16:24:15.840137+00:00,1806733
energy,mcd,gap,1,14,691,457,234,12,0.0,22,55,0.8422265056650715,0.8030483003560612,1.048786860381423,10.183474295831989,0.6418364457748953,-26.19582056510363,-1.3618490163230668,0.0,1.0,2026-08-31T16:24:15.977775+00:00,1806733
energy,mcd,gap,2,14,691,468,223,7,0.2564102564102564,33,44,0.8592559949345312,0.941295487169921,0.912844060814476,4.895012061809046,0.909422313614513,-6.884152256530418,-1.5208761419101164,0.5151515151515151,1.0,2026-08-31T16:24:16.266410+00:00,1806733
energy,mcd,gap,3,14,691,468,223,4,0.6196581196581197,33,44,1.0728368864231248,1.0140286225066664,1.057994678464879,2.110676115880761,1.5489567600762113,-2.200761967571544,-1.898482435550088,0.8787878787878788,0.9545454545454546,2026-08-31T16:24:18.581379+00:00,1806733
energy,mcd,gap,4,14,691,458,233,2,1.0,23,54,1.1678917176390309,1.1536755253071669,1.0123225222517216,1.817254371224001,1.2228637961428026,-2.0375562587280767,-1.8184483268740887,0.9565217391304348,1.0,2026-08-31T16:24:20.942871+00:00,1806733
energy,mcd,gap,5,14,691,457,234,4,0.2428884026258205,22,55,1.225138267783852,1.2084491290321242,1.0138103775746807,0.8189990322512919,1.356418311980215,-1.7320796273298191,-1.8608363535784944,1.0,1.0,2026-08-31T16:24:20.630098+00:00,1806733
energy,mcd,gap,6,14,691,455,236,4,0.4483516483516483,20,57,1.1709075409557923,1.1199282238964323,1.0455201645708987,1.539412158852227,1.2192871153689953,-1.9121114273331237,-1.8076173755559577,0.95,1.0,2026-08-31T16:24:21.164986+00:00,1806733
energy,mcd,gap,7,14,691,451,240,6,0.3503325942350332,16,61,1.1811526923963098,1.171914871226865,1.007882672535569,1.5386416887133534,1.1439267235664137,-1.911870092417659,-1.7866437870686949,1.0,1.0,2026-08-31T16:24:22.605050+00:00,1806733
energy,map,gap,0,14,691,457,234,12,0.0,22,55,0.0,0.0,,12.79179641397696,0.3697033238427481,-597.0123785746663,-0.4238856801593292,0.0,0.9272727272727272,2026-08-31T16:24:24.431348+00:00,1806733
energy,map,gap,1,14,691,457,234,12,0.0,22,55,0.0,0.0,,12.79179641397696,0.3697033238427481,-597.0123785746663,-0.4238856801593292,0.0,0.9272727272727272,2026-08-31T16:24:24.832390+00:00,1806733
energy,map,gap,2,14,691,468,223,7,0.2564102564102564,33,44,0.0,0.0,,4.729475330193814,0.472496695474796,-82.00252053892156,-0.741568651982498,0.2424242424242424,0.8636363636363636,2026-08-31T16:24:25.420111+00:00,1806733
energy,map,gap,3,14,691,468,223,4,0.6196581196581197,33,44,0.0,0.0,,0.5827618321483388,0.4930897528957985,-0.9826103242208828,-0.728523405484336,0.8484848484848485,0.9545454545454546,2026-08-31T16:24:27.703512+00:00,1806733
energy,map,gap,4,14,691,458,233,2,1.0,23,54,0.0,0.0,,0.4643212675343079,0.5256797686113585,-0.690869707885907,-0.8950443099693612,0.8695652173913043,0.8148148148148148,2026-08-31T16:24:30.258414+00:00,1806733
energy,map,gap,5,14,691,457,234,4,0.2428884026258205,22,55,0.0,0.0,,0.6596287630037997,0.5354833847798579,-1.2141747332467303,-0.8356351067243174,0.8636363636363636,0.9272727272727272,2026-08-31T16:24:30.447774+00:00,1806733
energy,map,gap,6,14,691,455,236,4,0.4483516483516483,20,57,0.0,0.0,,0.6434191189870465,0.5356939074804445,-1.1125327843940445,-0.8175268164603232,0.75,0.9298245614035088,2026-08-31T16:24:30.784309+00:00,1806733
energy,map,gap,7,14,691,451,240,6,0.3503325942350332,16,61,0.0,0.0,,0.6498867872157109,0.4300737055251468,-1.4045620572266313,-0.590481911114654,0.75,0.9016393442622952,2026-08-31T16:24:32.341843+00:00,1806733
energy,laplace,gap,0,14,691,457,234,12,0.0,22,55,6.03539034221479,0.1983775469042085,30.42375730721747,12.79179641397696,0.3697033238427481,-5.393631925694419,-0.4329721152519472,0.5,0.9818181818181818,2026-08-31T16:24:35.001616+00:00,1806733
energy,laplace,gap,1,14,691,457,234,12,0.0,22,55,6.03539034221479,0.1983775469042085,30.42375730721747,12.79179641397696,0.3697033238427481,-5.393631925694419,-0.4329721152519472,0.5,0.9818181818181818,2026-08-31T16:24:35.365780+00:00,1806733
energy,laplace,gap,2,14,691,468,223,7,0.2564102564102564,33,44,2.844713326892568,0.2190992834681616,12.98367243316862,4.729475330193814,0.472496695474796,-2.548170577516601,-0.6456174030076289,0.9090909090909092,0.9090909090909092,2026-08-31T16:24:35.975191+00:00,1806733
energy,laplace,gap,3,14,691,468,223,4,0.6196581196581197,33,44,0.3257702484089662,0.2818636559896447,1.155772450567144,0.5827618321483388,0.4930897528957985,-0.8484439996546094,-0.6766464695108362,0.9696969696969696,0.9772727272727272,2026-08-31T16:24:37.679221+00:00,1806733
energy,laplace,gap,4,14,691,458,233,2,1.0,23,54,0.2704973175702986,0.2856742758951966,0.9468732062859384,0.4643212675343079,0.5256797686113585,-0.632896610173706,-0.756798665391141,0.9565217391304348,0.9074074074074074,2026-08-31T16:24:40.204054+00:00,1806733
energy,laplace,gap,5,14,691,457,234,4,0.2428884026258205,22,55,0.237857559666019,0.2878242683789462,0.826398555638326,0.6596287630037997,0.5354833847798579,-1.059316514403612,-0.8234280967698784,0.8636363636363636,0.9454545454545454,2026-08-31T16:24:40.138776+00:00,1806733
energy,laplace,gap,6,14,691,455,236,4,0.4483516483516483,20,57,0.5728827022010083,0.2774149822068421,2.0650748479541883,0.6434191189870465,0.5356939074804445,-0.9273635495328658,-0.7704057699209864,0.95,0.9649122807017544,2026-08-31T16:24:41.348703+00:00,1806733
energy,laplace,gap,7,14,691,451,240,6,0.3503325942350332,16,61,0.2071593007615715,0.283505522506338,0.7307064036360711,0.6498867872157109,0.4300737055251468,-1.2013198722520613,-0.6040287585791833,0.8125,0.9672131147540984,2026-08-31T16:24:42.767074+00:00,1806733
energy,ensemble,gap,0,14,691,457,234,12,0.0,22,55,1.8305001188892904,0.1664033150035653,11.000382527536004,15.03727650470939,0.301723132689517,-39.5013052301946,-0.2542108830406385,0.0,1.0,2026-08-31T16:25:20.246743+00:00,1806733
energy,ensemble,gap,1,14,691,457,234,12,0.0,22,55,1.8305001188892904,0.1664033150035653,11.000382527536004,15.03727650470939,0.301723132689517,-39.5013052301946,-0.2542108830406385,0.0,1.0,2026-08-31T16:25:20.585281+00:00,1806733
energy,ensemble,gap,2,14,691,468,223,7,0.2564102564102564,33,44,0.479618354181074,0.2081972513567282,2.303672844168768,4.649266864278071,0.4983062932391882,-19.236524676820693,-0.7080010251567246,0.2727272727272727,0.9090909090909092,2026-08-31T16:25:20.742171+00:00,1806733
energy,ensemble,gap,3,14,691,468,223,4,0.6196581196581197,33,44,0.2579646862379934,0.2244338974357565,1.1494016241991032,0.6620131024477542,0.4549608394378086,-1.1114303986883287,-0.6069375859396954,0.9090909090909092,0.9545454545454546,2026-08-31T16:25:22.301732+00:00,1806733
energy,ensemble,gap,4,14,691,458,233,2,1.0,23,54,0.246339125120125,0.2788550143587665,0.8833949989624089,0.4030189777494577,0.4617571288890026,-0.515745706826476,-0.6526974212814205,0.9565217391304348,0.9629629629629628,2026-08-31T16:25:24.263524+00:00,1806733
energy,ensemble,gap,5,14,691,457,234,4,0.2428884026258205,22,55,0.3100480459118348,0.2913455167189701,1.0641936399210323,0.5319403111581165,0.4876743632611252,-0.8397110569575212,-0.740730679828317,0.8636363636363636,0.9636363636363636,2026-08-31T16:25:24.647348+00:00,1806733
energy,ensemble,gap,6,14,691,455,236,4,0.4483516483516483,20,57,0.2715116681716123,0.2332752056846893,1.1639113868732625,0.6035358555685046,0.520666838357409,-0.9129480147645196,-0.8043785006649172,0.9,0.8947368421052632,2026-08-31T16:25:25.958832+00:00,1806733
energy,ensemble,gap,7,14,691,451,240,6,0.3503325942350332,16,61,0.2763185965018571,0.2813243678162999,0.9822064069554348,0.6088578204454793,0.391063590105288,-0.9274259652795064,-0.5402450718658569,0.875,0.9836065573770492,2026-08-31T16:25:27.027282+00:00,1806733
energy,bbb,gap,0,14,691,457,234,12,0.0,22,55,0.5927798934370926,0.5413837963196204,1.0949346793658543,14.874759478104364,0.4409455475015182,-128.07605830960856,-0.9543824768507922,0.2727272727272727,1.0,2026-08-31T16:28:45.255758+00:00,1806733
energy,bbb,gap,1,14,691,457,234,12,0.0,22,55,0.5927798934370926,0.5413837963196204,1.0949346793658543,14.874759478104364,0.4409455475015182,-128.07605830960856,-0.9543824768507922,0.2727272727272727,1.0,2026-08-31T16:28:44.189571+00:00,1806733
energy,bbb,gap,2,14,691,468,223,7,0.2564102564102564,33,44,0.6833235756462621,0.5370919714966957,1.2722654813514858,5.149129383027133,0.5422272186321849,-12.20536624174141,-1.0191871488791018,0.2424242424242424,1.0,2026-08-31T16:28:47.385821+00:00,1806733
energy,bbb,gap,3,14,691,468,223,4,0.6196581196581197,33,44,0.6702982897149867,0.6895147453598947,0.9721304645415844,0.8848493767901917,0.7956529798080639,-1.384434740088814,-1.329427090745403,1.0,0.9772727272727272,2026-08-31T16:28:44.862361+00:00,1806733
energy,bbb,gap,4,14,691,458,233,2,1.0,23,54,0.6485049371964131,0.6675244862981425,0.971507338693738,0.4230797142051785,0.5960180514714047,-1.0804578724016969,-1.1618434167192528,1.0,1.0,2026-08-31T16:28:51.827341+00:00,1806733
energy,bbb,gap,5,14,691,457,234,4,0.2428884026258205,22,55,0.6697876359013093,0.6932180262004274,0.9662005467060032,0.5396229931280648,0.5625230445485258,-1.1719719972534788,-1.1917588057028723,1.0,1.0,2026-08-31T16:28:54.170906+00:00,1806733
energy,bbb,gap,6,14,691,455,236,4,0.4483516483516483,20,57,0.8341303921415477,0.7937792748279457,1.0508341784589277,0.663974687444742,0.6059519429984841,-1.319269761181452,-1.2770083027867698,1.0,1.0,2026-08-31T16:28:55.812177+00:00,1806733
energy,bbb,gap,7,14,691,451,240,6,0.3503325942350332,16,61,0.7157060165708096,0.7515151132639789,0.9523507963297726,0.5966530779320912,0.5298309907574139,-1.2388063603177752,-1.2268394911685905,1.0,1.0,2026-08-31T16:28:54.411143+00:00,1806733
energy,gp,gap,0,14,691,457,234,12,0.0,22,55,4.53477826861876,0.1992268133559539,22.76188727928192,17.410192946691808,0.294101069180268,-12.381087434314576,-0.2333817544830509,0.0454545454545454,0.9818181818181818,2026-08-31T16:28:48.635258+00:00,1806733
energy,gp,gap,1,14,691,457,234,12,0.0,22,55,4.53477826861876,0.1992268133559539,22.76188727928192,17.410192946691808,0.294101069180268,-12.381087434314576,-0.2333817544830509,0.0454545454545454,0.9818181818181818,2026-08-31T16:28:49.448559+00:00,1806733
energy,gp,gap,2,14,691,468,223,7,0.2564102564102564,33,44,0.9070624417408422,0.2240672985907915,4.048169667977242,5.491746844101042,0.4797364080657022,-28.7908087666859,-0.6721615037593479,0.2424242424242424,0.9090909090909092,2026-08-31T16:28:49.659029+00:00,1806733
energy,gp,gap,3,14,691,468,223,4,0.6196581196581197,33,44,0.3134583898508045,0.2962517976633053,1.0580809714007364,0.5472368591131961,0.4405021577782887,-0.8164482727837147,-0.599697940320881,0.9393939393939394,0.9772727272727272,2026-08-31T16:28:54.947029+00:00,1806733
energy,gp,gap,4,14,691,458,233,2,1.0,23,54,0.2545725112450802,0.2736096164601304,0.9304223825852836,0.4394293797231968,0.4962819794760364,-0.5966443568261866,-0.6828762204514215,0.9565217391304348,0.9444444444444444,2026-08-31T16:28:56.713934+00:00,1806733
energy,gp,gap,5,14,691,457,234,4,0.2428884026258205,22,55,0.2501360916276365,0.2830135740884757,0.8838307223717791,0.4817257588665034,0.5156765298770614,-0.6752790759542022,-0.7459598089954563,0.9545454545454546,0.9636363636363636,2026-08-31T16:28:58.039026+00:00,1806733
energy,gp,gap,6,14,691,455,236,4,0.4483516483516483,20,57,0.4293188947491385,0.2836032943443528,1.5138008031312111,0.7168233894172664,0.4752149735074529,-0.9731940579654628,-0.6315210561571561,0.95,0.9649122807017544,2026-08-31T16:28:57.307585+00:00,1806733
energy,gp,gap,7,14,691,451,240,6,0.3503325942350332,16,61,0.1857378024180453,0.2651354430192389,0.7005393179536834,0.5800280750653274,0.3882322326144905,-0.953671984261444,-0.503040056743619,0.875,0.9836065573770492,2026-08-31T16:28:59.890718+00:00,1806733
energy,mcd,gap,0,15,691,464,227,12,0.0,29,48,0.8726251517802697,0.8212109306048395,1.062607813972425,10.74318571226574,0.7756821128572157,-30.292555294775504,-1.396552925270499,0.0,0.9791666666666666,2026-08-31T16:29:04.798713+00:00,1806733
energy,mcd,gap,1,15,691,464,227,12,0.0,29,48,0.8726251517802697,0.8212109306048395,1.062607813972425,10.74318571226574,0.7756821128572157,-30.292555294775504,-1.396552925270499,0.0,0.9791666666666666,2026-08-31T16:29:04.717103+00:00,1806733
energy,mcd,gap,2,15,691,456,235,7,0.2478070175438596,21,56,0.8891066753741933,0.9541032261339876,0.9318768148147244,4.873388340545607,0.6663072763161566,-6.60574602821413,-1.452268823667882,0.3809523809523809,1.0,2026-08-31T16:29:04.826572+00:00,1806733
energy,mcd,gap,3,15,691,457,234,4,0.6214442013129103,22,55,1.1145668523585617,1.0745691424118515,1.0372220905738423,1.4291796569042028,0.9617324231893494,-1.8379413745890036,-1.6782077026026183,0.9545454545454546,1.0,2026-08-31T16:29:05.971397+00:00,1806733
energy,mcd,gap,4,15,691,464,227,2,1.0,29,48,1.152011281327922,1.173071303662095,0.9820471080756746,1.2335555755757055,1.175060687525045,-1.808024089347468,-1.7925085062764914,1.0,0.9791666666666666,2026-08-31T16:29:06.547228+00:00,1806733
energy,mcd,gap,5,15,691,464,227,4,0.2478448275862069,29,48,1.1985335487524156,1.2088160335013551,0.991493755489695,1.2139778066484397,1.003628545027396,-1.8163650985323636,-1.7564965517627753,1.0,1.0,2026-08-31T16:29:07.068563+00:00,1806733
energy,mcd,gap,6,15,691,466,225,4,0.4399141630901287,31,46,1.1931371208629546,1.25540802816174,0.950397873916764,1.3626541185721788,0.9755827416179136,-1.8592971392432307,-1.7776884857502198,0.967741935483871,1.0,2026-08-31T16:29:07.758627+00:00,1806733
energy,mcd,gap,7,15,691,460,231,6,0.3521739130434783,25,52,1.184455960927878,1.2219103215718037,0.9693477009051318,0.9702592848923478,1.2634982992254549,-1.7439209972146914,-1.831410442534984,1.0,0.9615384615384616,2026-08-31T16:29:09.130702+00:00,1806733
energy,map,gap,0,15,691,464,227,12,0.0,29,48,0.0,0.0,,18.989170962591267,0.3529802629159758,-1913.5360350044969,-0.3990906204787389,0.0,0.8958333333333334,2026-08-31T16:29:13.059176+00:00,1806733
energy,map,gap,1,15,691,464,227,12,0.0,29,48,0.0,0.0,,18.989170962591267,0.3529802629159758,-1913.5360350044969,-0.3990906204787389,0.0,0.8958333333333334,2026-08-31T16:29:13.689382+00:00,1806733
energy,map,gap,2,15,691,456,235,7,0.2478070175438596,21,56,0.0,0.0,,4.134042042570532,0.4058825599302932,-54.837973011022335,-0.5180410783730671,0.1904761904761904,0.9464285714285714,2026-08-31T16:29:13.041484+00:00,1806733
energy,map,gap,3,15,691,457,234,4,0.6214442013129103,22,55,0.0,0.0,,0.4881838308155393,0.6005861508888172,-0.7332910519400596,-1.0921174789144226,0.8636363636363636,0.7636363636363637,2026-08-31T16:29:14.554932+00:00,1806733
energy,map,gap,4,15,691,464,227,2,1.0,29,48,0.0,0.0,,0.4673622544266791,0.4553441578889285,-0.6672109342950244,-0.636724528959899,0.896551724137931,0.9166666666666666,2026-08-31T16:29:15.484640+00:00,1806733
energy,map,gap,5,15,691,464,227,4,0.2478448275862069,29,48,0.0,0.0,,0.476094802121472,0.4258763227283039,-0.6838436527460041,-0.5662044345978156,0.896551724137931,0.9166666666666666,2026-08-31T16:29:15.447408+00:00,1806733
energy,map,gap,6,15,691,466,225,4,0.4399141630901287,31,46,0.0,0.0,,0.8153103558496658,0.4698242703018885,-1.7284786602060276,-0.6643537338457914,0.7096774193548387,0.9347826086956522,2026-08-31T16:29:16.255263+00:00,1806733
energy,map,gap,7,15,691,460,231,6,0.3521739130434783,25,52,0.0,0.0,,0.4876849579722297,0.4846514896248611,-0.7773911597321598,-0.7670994920401544,0.92,0.8076923076923077,2026-08-31T16:29:17.294621+00:00,1806733
energy,laplace,gap,0,15,691,464,227,12,0.0,29,48,6.053364693471325,0.2157609070325704,28.055891944120965,18.989170962591267,0.3529802629159758,-8.078941624856933,-0.3697738444860453,0.3103448275862069,0.9583333333333334,2026-08-31T16:29:22.361673+00:00,1806733
energy,laplace,gap,1,15,691,464,227,12,0.0,29,48,6.053364693471325,0.2157609070325704,28.055891944120965,18.989170962591267,0.3529802629159758,-8.078941624856933,-0.3697738444860453,0.3103448275862069,0.9583333333333334,2026-08-31T16:29:22.646964+00:00,1806733
energy,laplace,gap,2,15,691,456,235,7,0.2478070175438596,21,56,1.2755224165239016,0.2267313311775722,5.625699853210554,4.134042042570532,0.4058825599302932,-5.868091064783748,-0.5283089503229201,0.4285714285714285,0.9821428571428572,2026-08-31T16:29:23.109115+00:00,1806733
energy,laplace,gap,3,15,691,457,234,4,0.6214442013129103,22,55,0.3132465888315568,0.2690015555091036,1.1644787266702472,0.4881838308155393,0.6005861508888172,-0.6191932480760106,-0.9450361607511132,1.0,0.8545454545454545,2026-08-31T16:29:24.450304+00:00,1806733
energy,laplace,gap,4,15,691,464,227,2,1.0,29,48,0.286108346145265,0.2764791084428679,1.034828084323004,0.4673622544266791,0.4553441578889285,-0.6613613080693223,-0.6500219925644035,0.9655172413793104,0.9375,2026-08-31T16:29:25.045714+00:00,1806733
energy,laplace,gap,5,15,691,464,227,4,0.2478448275862069,29,48,0.2583310023341665,0.2776587428838954,0.9303903044831876,0.476094802121472,0.4258763227283039,-0.6619147885559852,-0.5958998128423135,1.0,0.9791666666666666,2026-08-31T16:29:25.217042+00:00,1806733
energy,laplace,gap,6,15,691,466,225,4,0.4399141630901287,31,46,0.6855458732621639,0.2452209831661533,2.795624845846334,0.8153103558496658,0.4698242703018885,-1.071222946640651,-0.669274435419184,0.967741935483871,0.9565217391304348,2026-08-31T16:29:25.782434+00:00,1806733
energy,laplace,gap,7,15,691,460,231,6,0.3521739130434783,25,52,0.221769205646355,0.2632983551484781,0.8422734183861341,0.4876849579722297,0.4846514896248611,-0.7268404842798069,-0.7119616024920273,0.92,0.9230769230769232,2026-08-31T16:29:26.829593+00:00,1806733
energy,ensemble,gap,0,15,691,464,227,12,0.0,29,48,3.173825320513937,0.1921040395411957,16.52138772351701,16.10562611256642,0.2896064263092813,-17.667128123578827,-0.223221047363964,0.0,0.9791666666666666,2026-08-31T16:30:05.950597+00:00,1806733
energy,ensemble,gap,1,15,691,464,227,12,0.0,29,48,3.173825320513937,0.1921040395411957,16.52138772351701,16.10562611256642,0.2896064263092813,-17.667128123578827,-0.223221047363964,0.0,0.9791666666666666,2026-08-31T16:30:06.973989+00:00,1806733
energy,ensemble,gap,2,15,691,456,235,7,0.2478070175438596,21,56,0.5465416936980683,0.2139115263077098,2.5549894534989805,4.459828210367589,0.3727497226818961,-19.356464388537532,-0.4849651328335729,0.3809523809523809,0.9821428571428572,2026-08-31T16:30:07.599503+00:00,1806733
energy,ensemble,gap,3,15,691,457,234,4,0.6214442013129103,22,55,0.2160422262050488,0.2022081049191187,1.0684152660026345,0.4498939852360843,0.4864352706690188,-0.6082734788197729,-0.708626699086755,0.9545454545454546,0.9272727272727272,2026-08-31T16:30:09.005437+00:00,1806733
energy,ensemble,gap,4,15,691,464,227,2,1.0,29,48,0.2629640240088793,0.2296912978210968,1.1448584535131066,0.4106395581456783,0.4482755913220526,-0.5625446182382026,-0.6108836734067573,1.0,0.9583333333333334,2026-08-31T16:30:09.235759+00:00,1806733
energy,ensemble,gap,5,15,691,464,227,4,0.2478448275862069,29,48,0.2306197214289,0.2634733972552699,0.8753055292541009,0.5549929560924919,0.452227857470506,-0.8944625087140831,-0.6664329951379738,0.8620689655172413,0.9375,2026-08-31T16:30:09.663639+00:00,1806733
energy,ensemble,gap,6,15,691,466,225,4,0.4399141630901287,31,46,0.4080338519558357,0.2630713473051367,1.5510387434271085,0.6000855598007909,0.3341026777794955,-0.862792322003827,-0.4692753876723539,0.9032258064516128,1.0,2026-08-31T16:30:09.900169+00:00,1806733
energy,ensemble,gap,7,15,691,460,231,6,0.3521739130434783,25,52,0.2017744861442282,0.2510392153526363,0.8037568387902837,0.4241617886705591,0.4113737853133654,-0.5280534161467874,-0.5352082685501726,0.92,0.9423076923076924,2026-08-31T16:30:10.654514+00:00,1806733
energy,bbb,gap,0,15,691,464,227,12,0.0,29,48,0.6125431634789805,0.5212143599409228,1.175223114628709,11.81428434861503,0.4242538447924581,-89.69956011306871,-0.8977265035756009,0.1724137931034483,1.0,2026-08-31T16:33:30.978075+00:00,1806733
energy,bbb,gap,1,15,691,464,227,12,0.0,29,48,0.6125431634789805,0.5212143599409228,1.175223114628709,11.81428434861503,0.4242538447924581,-89.69956011306871,-0.8977265035756009,0.1724137931034483,1.0,2026-08-31T16:33:29.991812+00:00,1806733
energy,bbb,gap,2,15,691,456,235,7,0.2478070175438596,21,56,0.6885802618511049,0.6110173795792745,1.1269405500793406,5.598816621248798,0.4745868540035097,-15.508267442838008,-1.0366923842512026,0.1904761904761904,1.0,2026-08-31T16:33:31.923951+00:00,1806733
energy,bbb,gap,3,15,691,457,234,4,0.6214442013129103,22,55,0.6166169643723906,0.6734042943389694,0.9156712684430935,0.7675140121357479,0.8830354636460936,-1.2524932755662932,-1.3282436283090242,1.0,0.9636363636363636,2026-08-31T16:33:31.862957+00:00,1806733
energy,bbb,gap,4,15,691,464,227,2,1.0,29,48,0.6147976740489995,0.5987911299320613,1.0267314315740688,0.5807988806425513,0.5490740128680869,-1.083655440874587,-1.0617974521988045,1.0,1.0,2026-08-31T16:33:32.161122+00:00,1806733
energy,bbb,gap,5,15,691,464,227,4,0.2478448275862069,29,48,0.6203829944336599,0.6102065503089101,1.0166770483201106,0.5786630246959035,0.7108666439965142,-1.107426525494509,-1.1803908848223887,1.0,1.0,2026-08-31T16:33:32.868492+00:00,1806733
energy,bbb,gap,6,15,691,466,225,4,0.4399141630901287,31,46,0.5204281782650119,0.5798353458594496,0.8975447633217623,0.725765719505703,0.5771114875059178,-1.1635618552616047,-1.0747828854906456,0.967741935483871,1.0,2026-08-31T16:33:31.143066+00:00,1806733
energy,bbb,gap,7,15,691,460,231,6,0.3521739130434783,25,52,0.628673208213676,0.6684882137095743,0.9404402281455988,0.5232372252283378,0.6312766499070244,-1.087110207861379,-1.154387022385423,1.0,1.0,2026-08-31T16:33:33.471928+00:00,1806733
energy,gp,gap,0,15,691,464,227,12,0.0,29,48,6.22153541319208,0.1994798482633956,31.188791586491927,19.823939235921262,0.3298488194373282,-12.02965059691596,-0.3465671056216819,0.2413793103448276,0.9375,2026-08-31T16:33:34.612192+00:00,1806733
energy,gp,gap,1,15,691,464,227,12,0.0,29,48,6.22153541319208,0.1994798482633956,31.188791586491927,19.823939235921262,0.3298488194373282,-12.02965059691596,-0.3465671056216819,0.2413793103448276,0.9375,2026-08-31T16:33:35.958587+00:00,1806733
energy,gp,gap,2,15,691,456,235,7,0.2478070175438596,21,56,0.8927896412421048,0.2272564553856896,3.92855569152877,5.242617950846789,0.3460129124517074,-29.54309590590964,-0.4078239966820623,0.238095238095238,0.9821428571428572,2026-08-31T16:33:35.967913+00:00,1806733
energy,gp,gap,3,15,691,457,234,4,0.6214442013129103,22,55,0.2746510721554199,0.255876066400584,1.073375388401676,0.4370011757067814,0.4910283967684863,-0.5659304213934665,-0.7146306366146716,1.0,0.9272727272727272,2026-08-31T16:33:40.801191+00:00,1806733
energy,gp,gap,4,15,691,464,227,2,1.0,29,48,0.2655136259995531,0.2446600437119094,1.0852349324035888,0.4753203497182098,0.4574311535896828,-0.656078123517208,-0.6462254679250082,0.9655172413793104,0.9375,2026-08-31T16:33:39.591741+00:00,1806733
energy,gp,gap,5,15,691,464,227,4,0.2478448275862069,29,48,0.2538988868057636,0.2663677020248432,0.953189462820396,0.4262050474540369,0.4476593975443895,-0.5958392898671659,-0.6461997234900386,0.9655172413793104,0.9375,2026-08-31T16:33:39.619007+00:00,1806733
energy,gp,gap,6,15,691,466,225,4,0.4399141630901287,31,46,0.4460119174478616,0.2522245054382577,1.768313180643906,0.6002121484520321,0.3707518774122734,-0.8752790931209654,-0.510480583231388,0.967741935483871,1.0,2026-08-31T16:33:39.367021+00:00,1806733
energy,gp,gap,7,15,691,460,231,6,0.3521739130434783,25,52,0.1935355199917998,0.2399822205647131,0.8064577431460657,0.5261551680045902,0.4455004806874879,-0.8233845669799764,-0.6256538357938913,0.88,0.903846153846154,2026-08-31T16:33:41.558098+00:00,1806733
energy,mcd,gap,0,16,691,460,231,12,0.0,25,52,0.8854650830810453,0.8199796191270209,1.0798623068506783,10.12355799108153,0.8979986707794407,-25.801244232110463,-1.4688470406486922,0.08,1.0,2026-08-31T16:33:45.855681+00:00,1806733
energy,mcd,gap,1,16,691,460,231,12,0.0,25,52,0.8854650830810453,0.8199796191270209,1.0798623068506783,10.12355799108153,0.8979986707794407,-25.801244232110463,-1.4688470406486922,0.08,1.0,2026-08-31T16:33:46.551032+00:00,1806733
energy,mcd,gap,2,16,691,464,227,7,0.25,29,48,0.8242257198262849,0.9530436660211118,0.8648352108223619,4.028354568088902,0.9507039440166518,-4.711597242094065,-1.5868929754110357,0.6551724137931034,1.0,2026-08-31T16:33:46.614741+00:00,1806733
energy,mcd,gap,3,16,691,460,231,4,0.6282608695652174,25,52,0.9716046368987368,0.9408132828530268,1.0327284431532842,2.141618695594267,1.5814369548754303,-2.2340023419668413,-1.9029686852988543,0.88,0.9615384615384616,2026-08-31T16:33:49.104953+00:00,1806733
energy,mcd,gap,4,16,691,465,226,2,1.0,30,47,1.189886320677339,1.1336704409326637,1.0495874971375516,1.4100186936631798,1.2789786221180832,-1.885049101303589,-1.8257773426832875,1.0,1.0,2026-08-31T16:33:49.433991+00:00,1806733
energy,mcd,gap,5,16,691,458,233,4,0.2445414847161572,23,54,1.222184901730584,1.1921218603039905,1.0252180942466131,1.1387426880836358,1.3985545093023983,-1.8012102014257605,-1.8697425584614484,1.0,1.0,2026-08-31T16:33:49.310651+00:00,1806733
energy,mcd,gap,6,16,691,468,223,4,0.4423076923076923,33,44,1.1123406926624966,1.1379233180017698,0.977518146491455,1.315918395207129,1.1610151870753411,-1.8042211452406047,-1.764380140759662,0.9696969696969696,1.0,2026-08-31T16:33:50.206299+00:00,1806733
energy,mcd,gap,7,16,691,460,231,6,0.3413043478260869,25,52,1.1946110616776555,1.2503517141514056,0.9554200215484328,1.0337035910752146,1.375298699451918,-1.76520471068676,-1.875575932591225,1.0,1.0,2026-08-31T16:33:50.849371+00:00,1806733
energy,map,gap,0,16,691,460,231,12,0.0,25,52,0.0,0.0,,17.857735631201464,0.3784261370374077,-1687.746942048518,-0.4971752582091154,0.0,0.8269230769230769,2026-08-31T16:33:54.297330+00:00,1806733
energy,map,gap,1,16,691,460,231,12,0.0,25,52,0.0,0.0,,17.857735631201464,0.3784261370374077,-1687.746942048518,-0.4971752582091154,0.0,0.8269230769230769,2026-08-31T16:33:55.028766+00:00,1806733
energy,map,gap,2,16,691,464,227,7,0.25,29,48,0.0,0.0,,3.7374234311878554,0.7341262659261324,-56.15433354163947,-2.047009938158044,0.3448275862068966,0.7916666666666666,2026-08-31T16:33:54.941490+00:00,1806733
energy,map,gap,3,16,691,460,231,4,0.6282608695652174,25,52,0.0,0.0,,0.7366066719838896,0.6628839547095403,-1.653240293643944,-1.3430554994770405,0.84,0.8269230769230769,2026-08-31T16:33:57.407665+00:00,1806733
energy,map,gap,4,16,691,465,226,2,1.0,30,47,0.0,0.0,,0.4389040539558176,0.640213586585185,-0.6193282592880309,-1.3757707380919206,0.9,0.7872340425531915,2026-08-31T16:33:58.078687+00:00,1806733
energy,map,gap,5,16,691,458,233,4,0.2445414847161572,23,54,0.0,0.0,,0.5002379251050613,0.7157347547632454,-0.7666795889574799,-1.5298741310698727,0.9130434782608696,0.8148148148148148,2026-08-31T16:33:57.988031+00:00,1806733
energy,map,gap,6,16,691,468,223,4,0.4423076923076923,33,44,0.0,0.0,,0.7687077610459958,0.6504081517502122,-1.6547346633495952,-1.2082933022213365,0.696969696969697,0.9090909090909092,2026-08-31T16:33:58.670613+00:00,1806733
energy,map,gap,7,16,691,460,231,6,0.3413043478260869,25,52,0.0,0.0,,0.4409447869507739,0.6981057532154644,-0.6280418058254863,-1.6619347491671392,0.92,0.7692307692307693,2026-08-31T16:33:58.996212+00:00,1806733
energy,laplace,gap,0,16,691,460,231,12,0.0,25,52,5.841092128951908,0.1940060648423068,30.107781082512552,17.857735631201464,0.3784261370374077,-8.083103594743289,-0.4498899010246852,0.24,0.9615384615384616,2026-08-31T16:34:03.252597+00:00,1806733
energy,laplace,gap,1,16,691,460,231,12,0.0,25,52,5.841092128951908,0.1940060648423068,30.107781082512552,17.857735631201464,0.3784261370374077,-8.083103594743289,-0.4498899010246852,0.24,0.9615384615384616,2026-08-31T16:34:03.953548+00:00,1806733
energy,laplace,gap,2,16,691,464,227,7,0.25,29,48,1.217005753484981,0.2118121956519611,5.745683102613705,3.7374234311878554,0.7341262659261324,-3.7191792328336537,-1.5821390455754532,0.5517241379310345,0.875,2026-08-31T16:34:03.864598+00:00,1806733
energy,laplace,gap,3,16,691,460,231,4,0.6282608695652174,25,52,0.2928226284066648,0.2469430208581027,1.1857902579677486,0.7366066719838896,0.6628839547095403,-1.1842493979370323,-1.1484576491741858,0.88,0.9230769230769232,2026-08-31T16:34:05.473551+00:00,1806733
energy,laplace,gap,4,16,691,465,226,2,1.0,30,47,0.26449532629896,0.2404828924320174,1.0998509025906311,0.4389040539558176,0.640213586585185,-0.5877538064534596,-1.0867566119335486,0.9333333333333332,0.9148936170212766,2026-08-31T16:34:06.105697+00:00,1806733
energy,laplace,gap,5,16,691,458,233,4,0.2445414847161572,23,54,0.2409757179972378,0.2679665024258752,0.8992755281563466,0.5002379251050613,0.7157347547632454,-0.7468455493918631,-1.191834139251614,0.9565217391304348,0.8888888888888888,2026-08-31T16:34:06.011425+00:00,1806733
energy,laplace,gap,6,16,691,468,223,4,0.4423076923076923,33,44,0.8077790215742997,0.2327186448830751,3.4710541649129665,0.7687077610459958,0.6504081517502122,-0.989445258221084,-1.0383783545644631,1.0,0.9318181818181818,2026-08-31T16:34:07.170545+00:00,1806733
energy,laplace,gap,7,16,691,460,231,6,0.3413043478260869,25,52,0.2229112253048476,0.2625497868248775,0.849024590728504,0.4409447869507739,0.6981057532154644,-0.6078967850894825,-1.2408403526156375,0.92,0.903846153846154,2026-08-31T16:34:06.910098+00:00,1806733
energy,ensemble,gap,0,16,691,460,231,12,0.0,25,52,1.722740842110036,0.2249413987789734,7.658620651696021,18.84509226228135,0.3588010184008506,-105.87103145140416,-0.4001765423233471,0.0,0.9423076923076924,2026-08-31T16:34:45.080187+00:00,1806733
energy,ensemble,gap,1,16,691,460,231,12,0.0,25,52,1.722740842110036,0.2249413987789734,7.658620651696021,18.84509226228135,0.3588010184008506,-105.87103145140416,-0.4001765423233471,0.0,0.9423076923076924,2026-08-31T16:34:45.872132+00:00,1806733
energy,ensemble,gap,2,16,691,464,227,7,0.25,29,48,0.6412515812128818,0.193208723913021,3.3189576962454423,3.817669539562208,0.6374193651708435,-9.11537291614771,-1.1836370343394615,0.5517241379310345,0.8541666666666666,2026-08-31T16:34:45.979627+00:00,1806733
energy,ensemble,gap,3,16,691,460,231,4,0.6282608695652174,25,52,0.2572932697743886,0.2484783315102119,1.035475681966314,0.6535043501059061,0.6038828514385699,-1.118635283943953,-1.1115606853727615,0.84,0.903846153846154,2026-08-31T16:34:48.417760+00:00,1806733
energy,ensemble,gap,4,16,691,465,226,2,1.0,30,47,0.247275448945607,0.272879968463501,0.9061692961118958,0.4279309457919882,0.7076418548744343,-0.6006370554786231,-1.2456930828592645,0.9333333333333332,0.9148936170212766,2026-08-31T16:34:48.847966+00:00,1806733
energy,ensemble,gap,5,16,691,458,233,4,0.2445414847161572,23,54,0.19170672162434,0.2040210629164112,0.9396418138595992,0.4349193063059224,0.6435347959733264,-0.5696819300052914,-1.0817182248893271,0.9565217391304348,0.8703703703703703,2026-08-31T16:34:48.820908+00:00,1806733
energy,ensemble,gap,6,16,691,468,223,4,0.4423076923076923,33,44,0.3101248789046503,0.2589685501262544,1.1975387696824795,0.6117235646629245,0.6497219158405524,-0.942983041862286,-1.1256202510556506,0.8787878787878788,0.9545454545454546,2026-08-31T16:34:50.399127+00:00,1806733
energy,ensemble,gap,7,16,691,460,231,6,0.3413043478260869,25,52,0.234116651185704,0.2153266198877428,1.0872629278616697,0.445587039854067,0.6288185865526826,-0.5931675129739281,-1.1243945203863874,0.96,0.9230769230769232,2026-08-31T16:34:49.949376+00:00,1806733
energy,bbb,gap,0,16,691,460,231,12,0.0,25,52,0.5188625414377598,0.4692870108816557,1.1056401080928402,11.676465609887924,0.4454681923861869,-101.8446300343957,-0.864749344567609,0.12,1.0,2026-08-31T16:38:12.334978+00:00,1806733
energy,bbb,gap,1,16,691,460,231,12,0.0,25,52,0.5188625414377598,0.4692870108816557,1.1056401080928402,11.676465609887924,0.4454681923861869,-101.8446300343957,-0.864749344567609,0.12,1.0,2026-08-31T16:38:11.123387+00:00,1806733
energy,bbb,gap,2,16,691,464,227,7,0.25,29,48,0.6633301459883102,0.5576210560080113,1.1895715537305325,4.841601495735702,0.7403253744721969,-12.07873397803442,-1.1765858142585384,0.4137931034482758,0.9791666666666666,2026-08-31T16:38:13.079618+00:00,1806733
energy,bbb,gap,3,16,691,460,231,4,0.6282608695652174,25,52,0.5668553956805588,0.6514625718734842,0.8701273413918299,0.5958072306357869,0.7715350959242855,-1.0841592491122458,-1.2323865517521473,1.0,0.9807692307692308,2026-08-31T16:38:14.123159+00:00,1806733
energy,bbb,gap,4,16,691,465,226,2,1.0,30,47,0.6981299103445434,0.6989728490283302,0.998794032293302,0.5272015462805796,0.7359236738609333,-1.1547321010898235,-1.2531522483681925,1.0,0.9787234042553192,2026-08-31T16:38:14.615462+00:00,1806733
energy,bbb,gap,5,16,691,458,233,4,0.2445414847161572,23,54,0.7788452152325093,0.744970355867052,1.0454714192298715,0.5135334650292764,0.6801160840822602,-1.1865868288017147,-1.246587271473984,1.0,0.9814814814814816,2026-08-31T16:38:15.867753+00:00,1806733
energy,bbb,gap,6,16,691,468,223,4,0.4423076923076923,33,44,0.6932559225664953,0.7306977238689751,0.9487588368221144,0.5848847324043982,0.6494163400566686,-1.1789974588235692,-1.2296187574327642,1.0,0.9772727272727272,2026-08-31T16:38:18.794894+00:00,1806733
energy,bbb,gap,7,16,691,460,231,6,0.3413043478260869,25,52,0.7102547315267906,0.7251769318069735,0.979422676555637,0.5778292026186,0.7027750641426325,-1.1818767974417466,-1.245201399777944,1.0,0.9807692307692308,2026-08-31T16:38:18.512934+00:00,1806733
energy,gp,gap,0,16,691,460,231,12,0.0,25,52,7.018666873561234,0.1879426634416051,37.34472389097525,21.122475506860766,0.3700789947204921,-13.797246244433357,-0.4362515711595526,0.32,0.9615384615384616,2026-08-31T16:38:15.309842+00:00,1806733
energy,gp,gap,1,16,691,460,231,12,0.0,25,52,7.018666873561234,0.1879426634416051,37.34472389097525,21.122475506860766,0.3700789947204921,-13.797246244433357,-0.4362515711595526,0.32,0.9615384615384616,2026-08-31T16:38:16.907054+00:00,1806733
energy,gp,gap,2,16,691,464,227,7,0.25,29,48,0.801512468049568,0.2022205913054227,3.9635551596177856,4.726417193147985,0.642293157035538,-24.41337668998998,-1.2662675615418169,0.4137931034482758,0.8541666666666666,2026-08-31T16:38:18.221680+00:00,1806733
energy,gp,gap,3,16,691,460,231,4,0.6282608695652174,25,52,0.2801265921763111,0.2561825022759786,1.0934649700413115,0.5521625227802999,0.6599977500595193,-0.7642759279737092,-1.2112132033026013,0.88,0.8653846153846154,2026-08-31T16:38:23.933838+00:00,1806733
energy,gp,gap,4,16,691,465,226,2,1.0,30,47,0.2458981407414189,0.2288769904693025,1.0743681146681243,0.5326787540736209,0.6768913598933493,-0.8489334752165029,-1.2176632090080275,0.8333333333333334,0.8723404255319149,2026-08-31T16:38:25.742231+00:00,1806733
energy,gp,gap,5,16,691,458,233,4,0.2445414847161572,23,54,0.2296000454771373,0.2435463930374742,0.9427363822292738,0.3974198540376645,0.6781862324256196,-0.5307270283369976,-1.1885602557445822,0.9565217391304348,0.8888888888888888,2026-08-31T16:38:24.630058+00:00,1806733
energy,gp,gap,6,16,691,468,223,4,0.4423076923076923,33,44,0.3770892755179227,0.2381725822731403,1.5832606420056798,0.641275397765413,0.7030032639272031,-0.8974068353114466,-1.1798890643808748,0.9393939393939394,0.9090909090909092,2026-08-31T16:38:24.974245+00:00,1806733
energy,gp,gap,7,16,691,460,231,6,0.3413043478260869,25,52,0.1905959205245694,0.2338291717209594,0.8151075382160509,0.5314543798598492,0.6483353121509783,-0.8673725130294209,-1.198423255842975,0.88,0.8846153846153846,2026-08-31T16:38:26.195015+00:00,1806733
energy,mcd,gap,0,17,691,460,231,12,0.0,25,52,0.8493721167600472,0.818500999036525,1.0377166524657409,9.359750564808634,0.7417727272124829,-23.50232567119736,-1.387412446813392,0.0,1.0,2026-08-31T16:38:29.642367+00:00,1806733
energy,mcd,gap,1,17,691,460,231,12,0.0,25,52,0.8493721167600472,0.818500999036525,1.0377166524657409,9.359750564808634,0.7417727272124829,-23.50232567119736,-1.387412446813392,0.0,1.0,2026-08-31T16:38:29.982551+00:00,1806733
energy,mcd,gap,2,17,691,462,229,7,0.2532467532467532,27,50,0.8465217232616014,0.942898586622679,0.8977866074587246,4.563666579761033,0.8500957052934849,-6.012021137435188,-1.5104751867201889,0.4444444444444444,0.98,2026-08-31T16:38:30.107299+00:00,1806733
energy,mcd,gap,3,17,691,468,223,4,0.6239316239316239,33,44,1.0768489828020211,1.0156648354034523,1.0602404900375078,1.725036882284129,1.228702910897176,-1.9901346447891517,-1.7592028230684074,0.9393939393939394,1.0,2026-08-31T16:38:33.711190+00:00,1806733
energy,mcd,gap,4,17,691,456,235,2,1.0,21,56,1.2045423323847282,1.2867602959440576,0.9361046779120517,1.1768681005433137,1.2740274493329231,-1.8406721392153813,-1.8828933189880364,1.0,1.0,2026-08-31T16:38:33.946150+00:00,1806733
energy,mcd,gap,5,17,691,459,232,4,0.2505446623093681,24,53,1.2214956202817218,1.226178844906914,0.9961806349500772,1.5699231002444662,1.4298845757422372,-1.9580265252256848,-1.918391019218863,1.0,1.0,2026-08-31T16:38:34.723130+00:00,1806733
energy,mcd,gap,6,17,691,457,234,4,0.4420131291028446,22,55,1.2063350648689788,1.193530892980602,1.010727976932713,1.2357887045258589,1.169632680650419,-1.81623777915312,-1.7969045186563968,0.9545454545454546,0.9818181818181818,2026-08-31T16:38:34.833890+00:00,1806733
energy,mcd,gap,7,17,691,455,236,6,0.3406593406593406,20,57,1.195611963247276,1.2576547608412456,0.9506678624963268,1.315940250694585,1.2891492653544987,-1.8665239799884676,-1.8709863247518297,1.0,1.0,2026-08-31T16:38:35.678939+00:00,1806733
energy,map,gap,0,17,691,460,231,12,0.0,25,52,0.0,0.0,,15.199443910472716,0.2941318020724754,-1167.8251936735123,-0.1994889017502336,0.0,0.9807692307692308,2026-08-31T16:38:38.112875+00:00,1806733
energy,map,gap,1,17,691,460,231,12,0.0,25,52,0.0,0.0,,15.199443910472716,0.2941318020724754,-1167.8251936735123,-0.1994889017502336,0.0,0.9807692307692308,2026-08-31T16:38:38.399105+00:00,1806733
energy,map,gap,2,17,691,462,229,7,0.2532467532467532,27,50,0.0,0.0,,4.650393774177826,0.4517121929730234,-67.24658131092752,-0.639598213636414,0.2222222222222222,0.94,2026-08-31T16:38:38.633692+00:00,1806733
energy,map,gap,3,17,691,468,223,4,0.6239316239316239,33,44,0.0,0.0,,0.494788648825555,0.5659707555213602,-0.7440696184310954,-0.956655002258164,0.9393939393939394,0.9090909090909092,2026-08-31T16:38:41.991954+00:00,1806733
energy,map,gap,4,17,691,456,235,2,1.0,21,56,0.0,0.0,,0.5629506215062549,0.4751382509920309,-0.8945565845827752,-0.6763403201824676,0.8095238095238095,0.9464285714285714,2026-08-31T16:38:42.389083+00:00,1806733
energy,map,gap,5,17,691,459,232,4,0.2505446623093681,24,53,0.0,0.0,,0.3554400627861606,0.5675639432105719,-0.4474962026731169,-0.8956581446874216,1.0,0.9245283018867924,2026-08-31T16:38:43.063998+00:00,1806733
energy,map,gap,6,17,691,457,234,4,0.4420131291028446,22,55,0.0,0.0,,1.0001547181374877,0.6659481317404475,-2.7214738940079983,-1.2558025723944963,0.6818181818181818,0.8909090909090909,2026-08-31T16:38:43.358531+00:00,1806733
energy,map,gap,7,17,691,455,236,6,0.3406593406593406,20,57,0.0,0.0,,0.4354710558112756,0.5753468263592489,-0.592687777768446,-0.9148516533255916,0.95,0.912280701754386,2026-08-31T16:38:44.045352+00:00,1806733
energy,laplace,gap,0,17,691,460,231,12,0.0,25,52,5.982956894567401,0.2142278876831206,27.928002088211823,15.199443910472716,0.2941318020724754,-6.370595583619821,-0.2532989275499689,0.52,1.0,2026-08-31T16:38:47.096825+00:00,1806733
energy,laplace,gap,1,17,691,460,231,12,0.0,25,52,5.982956894567401,0.2142278876831206,27.928002088211823,15.199443910472716,0.2941318020724754,-6.370595583619821,-0.2532989275499689,0.52,1.0,2026-08-31T16:38:47.978991+00:00,1806733
energy,laplace,gap,2,17,691,462,229,7,0.2532467532467532,27,50,1.5516380352968655,0.2185460682474078,7.099821322524615,4.650393774177826,0.4517121929730234,-7.055284089458518,-0.621852365567435,0.4814814814814814,0.94,2026-08-31T16:38:48.303928+00:00,1806733
energy,laplace,gap,3,17,691,468,223,4,0.6239316239316239,33,44,0.2571615046046732,0.2535447685568358,1.0142646841755945,0.494788648825555,0.5659707555213602,-0.6882042920238411,-0.810509866267023,0.9696969696969696,0.9090909090909092,2026-08-31T16:38:51.637167+00:00,1806733
energy,laplace,gap,4,17,691,456,235,2,1.0,21,56,0.2800503569141095,0.2718121144872512,1.0303085918094526,0.5629506215062549,0.4751382509920309,-0.8695836706241441,-0.6953608909999421,0.9047619047619048,0.9821428571428572,2026-08-31T16:38:51.782950+00:00,1806733
energy,laplace,gap,5,17,691,459,232,4,0.2505446623093681,24,53,0.2308967589169694,0.270045666841438,0.8550285646780792,0.3554400627861606,0.5675639432105719,-0.5071007534670692,-0.8558010031967477,1.0,0.9245283018867924,2026-08-31T16:38:52.834788+00:00,1806733
energy,laplace,gap,6,17,691,457,234,4,0.4420131291028446,22,55,0.8188982988612993,0.3023777043969058,2.708196692261412,1.0001547181374877,0.6659481317404475,-1.1360337289554534,-0.8951744004977222,1.0,0.9636363636363636,2026-08-31T16:38:52.865524+00:00,1806733
energy,laplace,gap,7,17,691,455,236,6,0.3406593406593406,20,57,0.2169110092035719,0.2533935328670928,0.8560242510898795,0.4354710558112756,0.5753468263592489,-0.6153627062959037,-0.8526588761458387,0.95,0.912280701754386,2026-08-31T16:38:53.563209+00:00,1806733
energy,ensemble,gap,0,17,691,460,231,12,0.0,25,52,2.0409888474851403,0.1964092273208111,10.391512024796208,16.683772585655333,0.2845328913854226,-54.93717510773373,-0.227197043839079,0.0,1.0,2026-08-31T16:39:29.176052+00:00,1806733
energy,ensemble,gap,1,17,691,460,231,12,0.0,25,52,2.0409888474851403,0.1964092273208111,10.391512024796208,16.683772585655333,0.2845328913854226,-54.93717510773373,-0.227197043839079,0.0,1.0,2026-08-31T16:39:30.753942+00:00,1806733
energy,ensemble,gap,2,17,691,462,229,7,0.2532467532467532,27,50,0.6502363875549003,0.2196358282584461,2.960520570395123,4.573558684833571,0.4305108530844715,-18.046593221453595,-0.5667616576751175,0.4074074074074074,0.96,2026-08-31T16:39:30.680325+00:00,1806733
energy,ensemble,gap,3,17,691,468,223,4,0.6239316239316239,33,44,0.2318698224182655,0.2486514282894711,0.93250951347173,0.4546052847038126,0.5561091495258411,-0.6280682999012267,-0.904233924295461,0.9393939393939394,0.9090909090909092,2026-08-31T16:39:34.452320+00:00,1806733
energy,ensemble,gap,4,17,691,456,235,2,1.0,21,56,0.2280296601820816,0.2196990614097294,1.0379182264999125,0.3899294331002183,0.4069691279688571,-0.5319638161951594,-0.5280190796646295,0.9523809523809524,0.9642857142857144,2026-08-31T16:39:34.958395+00:00,1806733
energy,ensemble,gap,5,17,691,459,232,4,0.2505446623093681,24,53,0.2398232076343101,0.2584098426881557,0.9280730375418572,0.3897775813213777,0.5564984653873336,-0.5406678973040168,-0.8255393266735793,0.9583333333333334,0.9245283018867924,2026-08-31T16:39:35.095590+00:00,1806733
energy,ensemble,gap,6,17,691,457,234,4,0.4420131291028446,22,55,0.3578402598127722,0.2753670495248154,1.2995028287889778,0.4753594863922005,0.4752144240372506,-0.6858931069738344,-0.6695466762405544,1.0,0.9454545454545454,2026-08-31T16:39:34.669438+00:00,1806733
energy,ensemble,gap,7,17,691,455,236,6,0.3406593406593406,20,57,0.267156441749698,0.2763179816375278,0.9668442139250718,0.4027495871284544,0.4670715325166514,-0.5955645198327539,-0.7496790057080633,1.0,0.912280701754386,2026-08-31T16:39:35.580547+00:00,1806733
energy,bbb,gap,0,17,691,460,231,12,0.0,25,52,0.5409995076782991,0.5051815928047136,1.070901068811174,13.356804962659066,0.3316656026102455,-124.73974856810015,-0.8238810242355838,0.0,1.0,2026-08-31T16:42:52.367826+00:00,1806733
energy,bbb,gap,1,17,691,460,231,12,0.0,25,52,0.5409995076782991,0.5051815928047136,1.070901068811174,13.356804962659066,0.3316656026102455,-124.73974856810015,-0.8238810242355838,0.0,1.0,2026-08-31T16:42:54.991767+00:00,1806733
energy,bbb,gap,2,17,691,462,229,7,0.2532467532467532,27,50,0.6501973634641364,0.5502646568019341,1.1816084413689187,4.255581059029856,0.5220546324601523,-10.458452800898884,-0.9988789208538408,0.3703703703703703,1.0,2026-08-31T16:42:56.617283+00:00,1806733
energy,bbb,gap,3,17,691,468,223,4,0.6239316239316239,33,44,0.627726252214657,0.6702676206597551,0.936530771987428,0.887150557055265,0.6136752751970024,-1.344143606321567,-1.196386424005076,1.0,1.0,2026-08-31T16:42:59.225835+00:00,1806733
energy,bbb,gap,4,17,691,456,235,2,1.0,21,56,0.6052833985546354,0.598189052318526,1.0118597059050352,0.4710638639898842,0.4657208011947344,-1.0355073163833854,-1.0316124408317362,1.0,1.0,2026-08-31T16:43:03.482661+00:00,1806733
energy,bbb,gap,5,17,691,459,232,4,0.2505446623093681,24,53,0.6235902479119936,0.6586621012605741,0.9467528900152922,0.4649962582983917,0.4759106287685441,-1.059972230185844,-1.0853688899098262,1.0,1.0,2026-08-31T16:42:57.832406+00:00,1806733
energy,bbb,gap,6,17,691,457,234,4,0.4420131291028446,22,55,0.649439228990648,0.6892995828806651,0.9421726708096414,1.1379801571100698,0.5719944004317916,-1.5476854223713532,-1.1561602664522854,0.9545454545454546,0.9818181818181818,2026-08-31T16:43:01.381831+00:00,1806733
energy,bbb,gap,7,17,691,455,236,6,0.3406593406593406,20,57,0.6509827703065609,0.6694336320605488,0.9724381015976218,0.6074394541572218,0.4708809711839885,-1.1469554636348216,-1.0954828730134831,1.0,1.0,2026-08-31T16:42:59.226845+00:00,1806733
energy,gp,gap,0,17,691,460,231,12,0.0,25,52,5.833889543275904,0.1954188643278455,29.85325681500558,18.340019205517223,0.2732476519451128,-11.393549141790878,-0.2187931798233885,0.2,1.0,2026-08-31T16:42:55.638070+00:00,1806733
energy,gp,gap,1,17,691,460,231,12,0.0,25,52,5.833889543275904,0.1954188643278455,29.85325681500558,18.340019205517223,0.2732476519451128,-11.393549141790878,-0.2187931798233885,0.2,1.0,2026-08-31T16:42:58.577071+00:00,1806733
energy,gp,gap,2,17,691,462,229,7,0.2532467532467532,27,50,0.8336125875909471,0.2165908993961159,3.848788614457807,5.159542023224659,0.4278465087250773,-31.607805063162036,-0.5717888258084967,0.1851851851851851,0.94,2026-08-31T16:42:59.424628+00:00,1806733
energy,gp,gap,3,17,691,468,223,4,0.6239316239316239,33,44,0.2512127211017185,0.2536194116877718,0.9905106215252318,0.4383611375002232,0.5602083302498939,-0.5813888517428188,-0.8153892256482976,0.9393939393939394,0.8863636363636364,2026-08-31T16:43:01.621918+00:00,1806733
energy,gp,gap,4,17,691,456,235,2,1.0,21,56,0.2537000353541425,0.2428693363337561,1.0445947569334255,0.3984572273102898,0.4498303492206916,-0.5615684322285117,-0.6155973617098116,0.9523809523809524,0.9464285714285714,2026-08-31T16:43:03.061777+00:00,1806733
energy,gp,gap,5,17,691,459,232,4,0.2505446623093681,24,53,0.2405057335124241,0.2576540530931347,0.9334444020001036,0.3507211254869654,0.500766936626796,-0.4558295368136538,-0.7461792499648964,1.0,0.9245283018867924,2026-08-31T16:43:03.485283+00:00,1806733
energy,gp,gap,6,17,691,457,234,4,0.4420131291028446,22,55,0.4610869258880804,0.2574407852664039,1.7910407063548228,0.4924250866544569,0.4872205651475444,-0.7296452247664997,-0.6840746099708882,1.0,0.9636363636363636,2026-08-31T16:43:04.855569+00:00,1806733
energy,gp,gap,7,17,691,455,236,6,0.3406593406593406,20,57,0.2163205845193966,0.2325828321130474,0.9300797593446346,0.4101204002491749,0.4781755684321807,-0.5487560556251119,-0.6950861651179684,0.9,0.9298245614035088,2026-08-31T16:43:05.352799+00:00,1806733
energy,mcd,gap,0,18,691,450,241,12,0.0,15,62,0.927700116141398,0.8205020523562935,1.130649354839828,9.3028378213214,1.0107698006771009,-22.987380101136207,-1.4994912365200448,0.0,0.967741935483871,2026-08-31T16:43:10.092935+00:00,1806733
energy,mcd,gap,1,18,691,450,241,12,0.0,15,62,0.927700116141398,0.8205020523562935,1.130649354839828,9.3028378213214,1.0107698006771009,-22.987380101136207,-1.4994912365200448,0.0,0.967741935483871,2026-08-31T16:43:11.234909+00:00,1806733
energy,mcd,gap,2,18,691,471,220,7,0.2377919320594479,36,41,0.8324920648388328,0.9563276317809726,0.8705092660435625,5.00774201133067,1.0287583480390872,-7.04499927915976,-1.5907684777792754,0.4722222222222222,1.0,2026-08-31T16:43:11.673806+00:00,1806733
energy,mcd,gap,3,18,691,471,220,4,0.6242038216560509,36,41,1.0832450662782689,0.9774319632435812,1.1082562336958472,2.135365560738355,1.7218061181222646,-2.220889895746456,-1.9772848122297144,0.8333333333333334,0.951219512195122,2026-08-31T16:43:13.086226+00:00,1806733
energy,mcd,gap,4,18,691,454,237,2,1.0,19,58,1.1984172791194334,1.190873109691462,1.0063349901568657,1.7322362353424428,1.446319149225286,-1.996005355931856,-1.881219655372864,0.9473684210526316,0.9827586206896552,2026-08-31T16:43:13.217128+00:00,1806733
energy,mcd,gap,5,18,691,459,232,4,0.2527233115468409,24,53,1.1619220912490864,1.1964108272062857,0.9711731662962854,1.8414682001195384,1.352901853369882,-2.0410246126774747,-1.8452198847918933,1.0,1.0,2026-08-31T16:43:13.236490+00:00,1806733
energy,mcd,gap,6,18,691,461,230,4,0.4446854663774403,26,51,1.1700509130675787,1.2130290793424263,0.9645695498922862,2.2340801092647813,1.5790533594395415,-2.2422095648705005,-1.9399317419141129,0.8461538461538461,0.9803921568627452,2026-08-31T16:43:14.235887+00:00,1806733
energy,mcd,gap,7,18,691,459,232,6,0.3464052287581699,24,53,1.208570770351443,1.2199152537257316,0.9907005971606294,1.3227615618329838,1.6596755045032767,-1.8426607836947724,-1.9665872192719895,0.9583333333333334,0.9622641509433962,2026-08-31T16:43:14.767209+00:00,1806733
energy,map,gap,0,18,691,450,241,12,0.0,15,62,0.0,0.0,,17.945596195805177,0.4814958788493118,-1523.1450960763248,-0.8920285887708864,0.0,0.8870967741935484,2026-08-31T16:43:19.087353+00:00,1806733
energy,map,gap,1,18,691,450,241,12,0.0,15,62,0.0,0.0,,17.945596195805177,0.4814958788493118,-1523.1450960763248,-0.8920285887708864,0.0,0.8870967741935484,2026-08-31T16:43:20.246793+00:00,1806733
energy,map,gap,2,18,691,471,220,7,0.2377919320594479,36,41,0.0,0.0,,4.445288611016813,0.6351550783448173,-66.95988431142308,-1.3296748518752872,0.3055555555555556,0.7804878048780488,2026-08-31T16:43:20.489725+00:00,1806733
energy,map,gap,3,18,691,471,220,4,0.6242038216560509,36,41,0.0,0.0,,0.5843367680409044,0.5951911636427527,-1.0976273997860109,-1.139569258050516,0.75,0.8536585365853658,2026-08-31T16:43:21.787303+00:00,1806733
energy,map,gap,4,18,691,454,237,2,1.0,19,58,0.0,0.0,,0.471273064177262,0.5736736735521459,-0.7231507981854659,-1.0974231748216088,0.9473684210526316,0.8620689655172413,2026-08-31T16:43:21.969682+00:00,1806733
energy,map,gap,5,18,691,459,232,4,0.2527233115468409,24,53,0.0,0.0,,0.6510229788634757,0.6177030042491013,-1.222323808434748,-1.1077877435058086,0.7916666666666666,0.9056603773584906,2026-08-31T16:43:21.825967+00:00,1806733
energy,map,gap,6,18,691,461,230,4,0.4446854663774403,26,51,0.0,0.0,,0.7933238183589395,0.6480277224681819,-1.929648884067436,-1.2930261757736103,0.7307692307692307,0.7843137254901961,2026-08-31T16:43:22.861055+00:00,1806733
energy,map,gap,7,18,691,459,232,6,0.3464052287581699,24,53,0.0,0.0,,0.7113762612383541,0.7380531754791946,-1.6906603832917952,-1.8231573037907376,0.7083333333333334,0.7547169811320755,2026-08-31T16:43:23.793190+00:00,1806733
energy,laplace,gap,0,18,691,450,241,12,0.0,15,62,5.393938655020375,0.2003750012402802,26.919219571468496,17.945596195805177,0.4814958788493118,-10.175209701604407,-0.7167033865263583,0.1333333333333333,0.935483870967742,2026-08-31T16:43:28.263320+00:00,1806733
energy,laplace,gap,1,18,691,450,241,12,0.0,15,62,5.393938655020375,0.2003750012402802,26.919219571468496,17.945596195805177,0.4814958788493118,-10.175209701604407,-0.7167033865263583,0.1333333333333333,0.935483870967742,2026-08-31T16:43:29.661811+00:00,1806733
energy,laplace,gap,2,18,691,471,220,7,0.2377919320594479,36,41,1.2774881025194729,0.2371026890460327,5.387910646055357,4.445288611016813,0.6351550783448173,-4.595180919884039,-1.059994805292553,0.5,0.8536585365853658,2026-08-31T16:43:29.890053+00:00,1806733
energy,laplace,gap,3,18,691,471,220,4,0.6242038216560509,36,41,0.2614418980486826,0.2469209064201444,1.0588082711952715,0.5843367680409044,0.5951911636427527,-0.903324459305504,-0.9408375392496228,0.9166666666666666,0.8780487804878049,2026-08-31T16:43:31.405051+00:00,1806733
energy,laplace,gap,4,18,691,454,237,2,1.0,19,58,0.2582933976935134,0.2501523571414266,1.0325443287647464,0.471273064177262,0.5736736735521459,-0.6928829696929223,-0.8530790591401044,0.9473684210526316,0.913793103448276,2026-08-31T16:43:31.150264+00:00,1806733
energy,laplace,gap,5,18,691,459,232,4,0.2527233115468409,24,53,0.2444555648118764,0.2519786715425705,0.9701438749373552,0.6510229788634757,0.6177030042491013,-1.0815702140948826,-0.9195923003689088,0.8333333333333334,0.9433962264150944,2026-08-31T16:43:31.736105+00:00,1806733
energy,laplace,gap,6,18,691,461,230,4,0.4446854663774403,26,51,0.6673963625991581,0.2791612867089361,2.390719610398595,0.7933238183589395,0.6480277224681819,-1.017603806170238,-0.9636118324156104,1.0,0.9215686274509804,2026-08-31T16:43:32.385360+00:00,1806733
energy,laplace,gap,7,18,691,459,232,6,0.3464052287581699,24,53,0.1852436079043106,0.2312272068558091,0.8011324031597484,0.7113762612383541,0.7380531754791946,-1.451406129262634,-1.4748560030832285,0.75,0.8113207547169812,2026-08-31T16:43:33.220240+00:00,1806733
energy,ensemble,gap,0,18,691,450,241,12,0.0,15,62,2.062397684210333,0.223591472398411,9.223955019784512,14.760859973686076,0.4590636791488565,-65.07092456469537,-0.6653634671230979,0.0,0.9516129032258064,2026-08-31T16:44:10.673157+00:00,1806733
energy,ensemble,gap,1,18,691,450,241,12,0.0,15,62,2.062397684210333,0.223591472398411,9.223955019784512,14.760859973686076,0.4590636791488565,-65.07092456469537,-0.6653634671230979,0.0,0.9516129032258064,2026-08-31T16:44:12.057427+00:00,1806733
energy,ensemble,gap,2,18,691,471,220,7,0.2377919320594479,36,41,0.5966661038677173,0.1986501805233815,3.0036021225638336,4.907355339363765,0.6173734274443248,-16.58176652295905,-1.0335835578482884,0.5,0.8780487804878049,2026-08-31T16:44:12.216664+00:00,1806733
energy,ensemble,gap,3,18,691,471,220,4,0.6242038216560509,36,41,0.2030921305613707,0.199083487833088,1.0201354857297031,0.5919863989619407,0.549421387180594,-0.9946587699470348,-0.902760802760852,0.8055555555555556,0.8780487804878049,2026-08-31T16:44:14.047920+00:00,1806733
energy,ensemble,gap,4,18,691,454,237,2,1.0,19,58,0.2636701704197072,0.2812410653027305,0.9375237223479088,0.5499151633659084,0.4939368572119904,-0.8670702367248383,-0.7651489885781128,0.8947368421052632,0.9482758620689656,2026-08-31T16:44:13.456985+00:00,1806733
energy,ensemble,gap,5,18,691,459,232,4,0.2527233115468409,24,53,0.2994006047725123,0.292466896459557,1.0237076687888131,0.5388493080699923,0.5239577983411159,-0.7669373606573281,-0.7559823442433975,0.9166666666666666,0.9245283018867924,2026-08-31T16:44:13.913084+00:00,1806733
energy,ensemble,gap,6,18,691,461,230,4,0.4446854663774403,26,51,0.3546971866354896,0.2298951075261196,1.5428653112819748,0.7307841806572368,0.6115981589426982,-1.092994074797708,-0.9221934310857686,0.9230769230769232,0.8627450980392157,2026-08-31T16:44:15.017577+00:00,1806733
energy,ensemble,gap,7,18,691,459,232,6,0.3464052287581699,24,53,0.2348795761431898,0.2606676032715376,0.9010693051046916,0.4353308396960123,0.542598365612375,-0.6142581462778823,-0.8484219624319472,0.9166666666666666,0.9056603773584906,2026-08-31T16:44:14.947674+00:00,1806733
energy,bbb,gap,0,18,691,450,241,12,0.0,15,62,0.7128751258072192,0.5812689003653599,1.226411950405634,9.871081376222378,0.5729806094963987,-50.38949840931244,-1.0485869395364225,0.2666666666666666,1.0,2026-08-31T16:47:38.541484+00:00,1806733
energy,bbb,gap,1,18,691,450,241,12,0.0,15,62,0.7128751258072192,0.5812689003653599,1.226411950405634,9.871081376222378,0.5729806094963987,-50.38949840931244,-1.0485869395364225,0.2666666666666666,1.0,2026-08-31T16:47:40.870786+00:00,1806733
energy,bbb,gap,2,18,691,471,220,7,0.2377919320594479,36,41,0.7155603973569297,0.6028153743642459,1.1870307689341688,5.303221719475192,0.7055294306665907,-12.318062672445109,-1.140726045725451,0.3333333333333333,0.975609756097561,2026-08-31T16:47:41.828662+00:00,1806733
energy,bbb,gap,3,18,691,471,220,4,0.6242038216560509,36,41,0.5672965370779219,0.6142068238078751,0.9236246083377498,0.5500427658438363,0.6563741707919452,-1.0802327308920938,-1.158716699634076,1.0,1.0,2026-08-31T16:47:41.895602+00:00,1806733
energy,bbb,gap,4,18,691,454,237,2,1.0,19,58,0.7649877669135353,0.7591791082253541,1.0076512362171812,0.6536443393561413,0.6349456204299675,-1.2549185061207002,-1.238097810555714,1.0,0.9827586206896552,2026-08-31T16:47:44.621397+00:00,1806733
energy,bbb,gap,5,18,691,459,232,4,0.2527233115468409,24,53,0.7287411160976656,0.7222129515765037,1.0090391130578753,0.6966386753785935,0.5792129577974667,-1.2315819626957776,-1.1665518258569192,1.0,1.0,2026-08-31T16:47:43.073720+00:00,1806733
energy,bbb,gap,6,18,691,461,230,4,0.4446854663774403,26,51,0.6474343644857902,0.6839201972183823,0.94665191511965,1.356791924440694,0.7366609527256697,-1.7918508833994151,-1.2435577562687774,0.9230769230769232,0.9803921568627452,2026-08-31T16:47:41.666903+00:00,1806733
energy,bbb,gap,7,18,691,459,232,6,0.3464052287581699,24,53,0.6755179615165202,0.728564387575213,0.9271904762800164,0.4536650175781964,0.6972316359180522,-1.0872496804673448,-1.2214055191871558,1.0,1.0,2026-08-31T16:47:47.196252+00:00,1806733
energy,gp,gap,0,18,691,450,241,12,0.0,15,62,5.994722670224229,0.1895420061606547,31.62740962625001,19.680101365021283,0.4378838864512953,-12.571066732018211,-0.5368127884563146,0.2,0.935483870967742,2026-08-31T16:47:45.770060+00:00,1806733
energy,gp,gap,1,18,691,450,241,12,0.0,15,62,5.994722670224229,0.1895420061606547,31.62740962625001,19.680101365021283,0.4378838864512953,-12.571066732018211,-0.5368127884563146,0.2,0.935483870967742,2026-08-31T16:47:49.238207+00:00,1806733
energy,gp,gap,2,18,691,471,220,7,0.2377919320594479,36,41,0.699427152093091,0.2357622119149618,2.9666635141061986,5.42591985228473,0.621831494996982,-34.29222819137295,-0.9840916539633814,0.3333333333333333,0.8780487804878049,2026-08-31T16:47:49.321171+00:00,1806733
energy,gp,gap,3,18,691,471,220,4,0.6242038216560509,36,41,0.2890085419807274,0.2620820723934976,1.102740600840494,0.5608644784340058,0.587785406136931,-0.807406637279573,-0.7748352407408853,0.9166666666666666,0.926829268292683,2026-08-31T16:47:51.792463+00:00,1806733
energy,gp,gap,4,18,691,454,237,2,1.0,19,58,0.2676586966499197,0.2432427032438738,1.1003770846172785,0.6070187125725482,0.543790261937636,-0.94115444177348,-0.7343978113424142,0.9473684210526316,0.9310344827586208,2026-08-31T16:47:54.702841+00:00,1806733
energy,gp,gap,5,18,691,459,232,4,0.2527233115468409,24,53,0.2557521987541253,0.2584867035575237,0.989421100715187,0.5826234772982384,0.5018420219219274,-0.8721115734892818,-0.6648676278826682,0.875,0.9622641509433962,2026-08-31T16:47:53.645301+00:00,1806733
energy,gp,gap,6,18,691,461,230,4,0.4446854663774403,26,51,0.4410169671804365,0.2575219493554495,1.7125412737992078,0.6039940291611837,0.636171370228469,-0.8591990591863639,-0.9507673531154688,0.9615384615384616,0.8823529411764706,2026-08-31T16:47:55.278739+00:00,1806733
energy,gp,gap,7,18,691,459,232,6,0.3464052287581699,24,53,0.1954218950066952,0.2308055055517377,0.8466951190767379,0.5581486571085734,0.5798788056804591,-0.9239819673666894,-0.9221491875275863,0.8333333333333334,0.8867924528301887,2026-08-31T16:47:59.614797+00:00,1806733
energy,mcd,gap,0,19,691,461,230,12,0.0,26,51,0.8277470291836965,0.8058718877039993,1.027144688645265,8.1747664519227,0.9096104558949736,-19.86891273792597,-1.4462466711743815,0.1153846153846153,0.9803921568627452,2026-08-31T16:48:00.182339+00:00,1806733
energy,mcd,gap,1,19,691,461,230,12,0.0,26,51,0.8277470291836965,0.8058718877039993,1.027144688645265,8.1747664519227,0.9096104558949736,-19.86891273792597,-1.4462466711743815,0.1153846153846153,0.9803921568627452,2026-08-31T16:48:01.510213+00:00,1806733
energy,mcd,gap,2,19,691,464,227,7,0.2478448275862069,29,48,0.8287649417309215,0.9276968589222532,0.893357494703318,5.4213022245022815,1.072545618740964,-7.756668539081986,-1.6049387541363551,0.4137931034482758,1.0,2026-08-31T16:48:01.545918+00:00,1806733
energy,mcd,gap,3,19,691,460,231,4,0.6282608695652174,25,52,0.9818605027549184,0.970708042866343,1.011488995038759,2.4741088102737883,1.8105629874514413,-2.5012661421386087,-2.035440387080906,0.8,0.903846153846154,2026-08-31T16:48:03.377501+00:00,1806733
energy,mcd,gap,4,19,691,466,225,2,1.0,31,46,1.1304804218857014,1.1671544644295466,0.9685782442157131,1.4484727404059683,1.2881654012987604,-1.876969334841522,-1.8213925708559704,1.0,1.0,2026-08-31T16:48:05.161454+00:00,1806733
energy,mcd,gap,5,19,691,457,234,4,0.2516411378555798,22,55,1.2404487724895796,1.187903770722441,1.0442333824188323,1.4324390228938972,1.4825835904971418,-1.8804040741896824,-1.899664510364788,1.0,0.9636363636363636,2026-08-31T16:48:05.971618+00:00,1806733
energy,mcd,gap,6,19,691,465,226,4,0.4408602150537634,30,47,1.2208112377071834,1.1981804616087677,1.0188876190386464,1.4605803042888144,1.3573040033664747,-1.8851069948636985,-1.8462044204007844,1.0,1.0,2026-08-31T16:48:06.490718+00:00,1806733
energy,mcd,gap,7,19,691,465,226,6,0.3483870967741935,30,47,1.1428281329246706,1.1620683181849247,0.9834431547963496,1.4321765801816655,1.4504177661561397,-1.8573100072169155,-1.875751174354932,1.0,1.0,2026-08-31T16:48:10.384228+00:00,1806733
energy,map,gap,0,19,691,461,230,12,0.0,26,51,0.0,0.0,,16.189667341503718,0.5470259109889873,-1496.3048941010004,-1.4098863142551423,0.0,0.7647058823529411,2026-08-31T16:48:10.099090+00:00,1806733
energy,map,gap,1,19,691,461,230,12,0.0,26,51,0.0,0.0,,16.189667341503718,0.5470259109889873,-1496.3048941010004,-1.4098863142551423,0.0,0.7647058823529411,2026-08-31T16:48:11.193902+00:00,1806733
energy,map,gap,2,19,691,464,227,7,0.2478448275862069,29,48,0.0,0.0,,5.566318947258188,0.4810097313089608,-90.8075787352731,-0.7127589287192443,0.2413793103448276,0.8958333333333334,2026-08-31T16:48:11.273667+00:00,1806733
energy,map,gap,3,19,691,460,231,4,0.6282608695652174,25,52,0.0,0.0,,0.7142539169626044,0.5865869498059588,-1.610353867461969,-1.0850050624237786,0.72,0.8269230769230769,2026-08-31T16:48:12.818383+00:00,1806733
energy,map,gap,4,19,691,466,225,2,1.0,31,46,0.0,0.0,,0.6529572348674829,0.6473763141250367,-1.3385994807451402,-1.31582326619765,0.8387096774193549,0.782608695652174,2026-08-31T16:48:14.509171+00:00,1806733
energy,map,gap,5,19,691,457,234,4,0.2516411378555798,22,55,0.0,0.0,,0.5995987867546028,0.6176120763991506,-1.0897756725715253,-1.1541952563136086,0.8636363636363636,0.8,2026-08-31T16:48:15.139050+00:00,1806733
energy,map,gap,6,19,691,465,226,4,0.4408602150537634,30,47,0.0,0.0,,0.6305504020078121,0.6261280420395346,-1.1910591363344971,-1.1749911692941162,0.8333333333333334,0.851063829787234,2026-08-31T16:48:15.904821+00:00,1806733
energy,map,gap,7,19,691,465,226,6,0.3483870967741935,30,47,0.0,0.0,,0.7559444427643179,0.580772209994283,-1.9109570568361227,-1.1106698211482164,0.7666666666666667,0.7872340425531915,2026-08-31T16:48:18.968519+00:00,1806733
energy,laplace,gap,0,19,691,461,230,12,0.0,26,51,4.864732804936164,0.2141896387575539,22.712269525057025,16.189667341503718,0.5470259109889873,-7.664065396154502,-1.0023432108055867,0.3846153846153846,0.7843137254901961,2026-08-31T16:48:20.064125+00:00,1806733
energy,laplace,gap,1,19,691,461,230,12,0.0,26,51,4.864732804936164,0.2141896387575539,22.712269525057025,16.189667341503718,0.5470259109889873,-7.664065396154502,-1.0023432108055867,0.3846153846153846,0.7843137254901961,2026-08-31T16:48:20.710122+00:00,1806733
energy,laplace,gap,2,19,691,464,227,7,0.2478448275862069,29,48,1.5621674311208418,0.2558143892535554,6.106644101135644,5.566318947258188,0.4810097313089608,-8.694774640625033,-0.6761194379533254,0.4137931034482758,0.9375,2026-08-31T16:48:20.994642+00:00,1806733
energy,laplace,gap,3,19,691,460,231,4,0.6282608695652174,25,52,0.3183984822876366,0.2361808956355539,1.3481127736044791,0.7142539169626044,0.5865869498059588,-1.0992780493153966,-0.9908851240820322,0.84,0.8461538461538461,2026-08-31T16:48:22.430975+00:00,1806733
energy,laplace,gap,4,19,691,466,225,2,1.0,31,46,0.2551268415353427,0.2736294919382085,0.932380642628083,0.6529572348674829,0.6473763141250367,-1.1628151146133718,-1.086988564885372,0.8709677419354839,0.8478260869565217,2026-08-31T16:48:24.448352+00:00,1806733
energy,laplace,gap,5,19,691,457,234,4,0.2516411378555798,22,55,0.2662798060393842,0.2639034855190819,1.009004506005778,0.5995987867546028,0.6176120763991506,-0.951678053849224,-0.985654756481683,0.9090909090909092,0.9090909090909092,2026-08-31T16:48:24.909635+00:00,1806733
energy,laplace,gap,6,19,691,465,226,4,0.4408602150537634,30,47,0.7684228547702807,0.2392786472055244,3.211414239191417,0.6305504020078121,0.6261280420395346,-1.0072451644408835,-1.0288451078449157,1.0,0.9148936170212766,2026-08-31T16:48:25.765239+00:00,1806733
energy,laplace,gap,7,19,691,465,226,6,0.3483870967741935,30,47,0.2315604264257824,0.2595216482030391,0.8922586151449652,0.7559444427643179,0.580772209994283,-1.579313173574106,-0.9469467363677964,0.8,0.9148936170212766,2026-08-31T16:48:28.484811+00:00,1806733
energy,ensemble,gap,0,19,691,461,230,12,0.0,26,51,2.702884120968072,0.2125812491475369,12.714593275779466,16.553004362936203,0.4699448190091427,-21.47788362852693,-0.8039546196051881,0.0,0.9019607843137256,2026-08-31T16:49:03.205379+00:00,1806733
energy,ensemble,gap,1,19,691,461,230,12,0.0,26,51,2.702884120968072,0.2125812491475369,12.714593275779466,16.553004362936203,0.4699448190091427,-21.47788362852693,-0.8039546196051881,0.0,0.9019607843137256,2026-08-31T16:49:04.524195+00:00,1806733
energy,ensemble,gap,2,19,691,464,227,7,0.2478448275862069,29,48,0.6071421700620936,0.2019588309896876,3.006267005442784,5.378668965333751,0.418059317166173,-29.998199683214345,-0.5387063713613686,0.3448275862068966,0.9375,2026-08-31T16:49:04.085162+00:00,1806733
energy,ensemble,gap,3,19,691,460,231,4,0.6282608695652174,25,52,0.2245614043605315,0.2312338781416656,0.9711440475990883,0.734472362710941,0.6393396933093103,-1.3640246495238,-1.1264537367784506,0.72,0.8461538461538461,2026-08-31T16:49:05.756298+00:00,1806733
energy,ensemble,gap,4,19,691,466,225,2,1.0,31,46,0.2115855878630107,0.2285494006226502,0.9257761660567736,0.5311717702138297,0.5047524562395745,-0.7242387363130832,-0.7228358861082214,0.935483870967742,0.9130434782608696,2026-08-31T16:49:06.910309+00:00,1806733
energy,ensemble,gap,5,19,691,457,234,4,0.2516411378555798,22,55,0.2214035386812053,0.1958485038971686,1.1304836865001249,0.4718950014994346,0.6500012911147609,-0.6799464859797633,-1.1339267007663894,0.9090909090909092,0.8909090909090909,2026-08-31T16:49:08.301123+00:00,1806733
energy,ensemble,gap,6,19,691,465,226,4,0.4408602150537634,30,47,0.4476038049001861,0.2042406314514858,2.191551219359148,0.5693493549522051,0.6268444746423654,-0.9535343235610608,-1.0750259360183418,0.9666666666666668,0.8297872340425532,2026-08-31T16:49:08.921975+00:00,1806733
energy,ensemble,gap,7,19,691,465,226,6,0.3483870967741935,30,47,0.275881327595556,0.2536215950288766,1.0877674969441975,0.7603230564092962,0.4825212811463366,-1.5012406357419068,-0.737255833928469,0.8,0.9574468085106383,2026-08-31T16:49:10.930446+00:00,1806733
energy,bbb,gap,0,19,691,461,230,12,0.0,26,51,0.6432135173272826,0.5399589578964089,1.1912266810669023,16.515390636203854,0.6622609988435109,-158.6437606944177,-1.082351132079077,0.1153846153846153,0.9803921568627452,2026-08-31T16:52:30.637589+00:00,1806733
energy,bbb,gap,1,19,691,461,230,12,0.0,26,51,0.6432135173272826,0.5399589578964089,1.1912266810669023,16.515390636203854,0.6622609988435109,-158.6437606944177,-1.082351132079077,0.1153846153846153,0.9803921568627452,2026-08-31T16:52:28.659386+00:00,1806733
energy,bbb,gap,2,19,691,464,227,7,0.2478448275862069,29,48,0.8122472027322598,0.6156686560362109,1.3192927636785314,6.177552815825876,0.6681190949683372,-14.091956491873248,-1.139317586660155,0.3103448275862069,1.0,2026-08-31T16:52:30.035073+00:00,1806733
energy,bbb,gap,3,19,691,460,231,4,0.6282608695652174,25,52,0.6821493066896583,0.7146191594194355,0.9545634170287904,0.7983451148414551,0.8069491990317882,-1.2993246802028355,-1.317210182022937,1.0,0.9807692307692308,2026-08-31T16:52:35.328280+00:00,1806733
energy,bbb,gap,4,19,691,466,225,2,1.0,31,46,0.6242759474247526,0.6139356493818608,1.0168426414939462,0.6325622077921053,0.6427823985026485,-1.1346698672770883,-1.1330278083044545,1.0,1.0,2026-08-31T16:52:36.289281+00:00,1806733
energy,bbb,gap,5,19,691,457,234,4,0.2516411378555798,22,55,0.7101116155453085,0.7145449002455019,0.9937956527313117,0.6045026885246972,0.7520355971085536,-1.185752487276258,-1.2608155723446797,1.0,1.0,2026-08-31T16:52:34.898230+00:00,1806733
energy,bbb,gap,6,19,691,465,226,4,0.4408602150537634,30,47,0.6408914844614685,0.6393926094444495,1.0023442169879335,1.9149962783107215,0.7975375701509042,-2.7063677996199003,-1.249427687054238,0.8666666666666667,0.9787234042553192,2026-08-31T16:52:39.711619+00:00,1806733
energy,bbb,gap,7,19,691,465,226,6,0.3483870967741935,30,47,0.6489311671311115,0.682468158503815,0.9508592584799456,0.7449932114430337,0.606336443881951,-1.249327004921909,-1.1836101697149777,1.0,1.0,2026-08-31T16:52:42.313858+00:00,1806733
energy,gp,gap,0,19,691,461,230,12,0.0,26,51,7.227317359013175,0.1946769765327363,37.12466408578032,20.99380313229663,0.4731410448266149,-10.179563664966611,-0.7811891212974668,0.3076923076923077,0.9215686274509804,2026-08-31T16:52:32.552725+00:00,1806733
energy,gp,gap,1,19,691,461,230,12,0.0,26,51,7.227317359013175,0.1946769765327363,37.12466408578032,20.99380313229663,0.4731410448266149,-10.179563664966611,-0.7811891212974668,0.3076923076923077,0.9215686274509804,2026-08-31T16:52:34.038130+00:00,1806733
energy,gp,gap,2,19,691,464,227,7,0.2478448275862069,29,48,0.941755085431228,0.2377430897043443,3.9612301102100944,6.054467941958333,0.4290524967895569,-40.63973507520584,-0.5720373022029486,0.2413793103448276,0.9791666666666666,2026-08-31T16:52:34.586334+00:00,1806733
energy,gp,gap,3,19,691,460,231,4,0.6282608695652174,25,52,0.3114408135291326,0.2514793089519143,1.2384351413526573,0.7064276665343779,0.5900943686163549,-1.063529078193654,-0.9823421891850892,0.92,0.8846153846153846,2026-08-31T16:52:39.663774+00:00,1806733
energy,gp,gap,4,19,691,466,225,2,1.0,31,46,0.237733436197807,0.25654426144211,0.926676102055209,0.5780815563368673,0.5042108929630725,-0.9628783849709994,-0.7388990421399215,0.8709677419354839,0.9347826086956522,2026-08-31T16:52:42.218087+00:00,1806733
energy,gp,gap,5,19,691,457,234,4,0.2516411378555798,22,55,0.2710979420765444,0.2450304854379641,1.1063845447311895,0.5469466048502548,0.62837919580583,-0.8228367106946766,-1.065806912601221,0.9090909090909092,0.8727272727272727,2026-08-31T16:52:41.526296+00:00,1806733
energy,gp,gap,6,19,691,465,226,4,0.4408602150537634,30,47,0.443475058476903,0.2412273538447158,1.8384111561509695,0.5500878228623927,0.6252331612163543,-0.7715895665320517,-1.0528419475243576,1.0,0.8297872340425532,2026-08-31T16:52:42.339027+00:00,1806733
energy,gp,gap,7,19,691,465,226,6,0.3483870967741935,30,47,0.2123713477165891,0.2409603311768267,0.8813539833689147,0.758066516050334,0.4936426027646022,-1.5883867812782144,-0.7071341958880235,0.7333333333333333,0.9361702127659576,2026-08-31T16:52:43.047141+00:00,1806733
concrete,mcd,gap,0,0,927,621,306,278,0.0048309178743961,37,66,2.8827233828448717,3.0840968123298804,0.9347058663398826,8.0301030589998,5.077271152698552,-3.5468560943735574,-3.0777855025512286,0.918918918918919,0.9696969696969696,2026-08-31T16:52:49.782903+00:00,1806733
concrete,mcd,gap,1,0,927,624,303,185,0.5080128205128205,40,63,2.7705924800841624,2.788182757370484,0.9936911318887466,5.797462953090059,7.143884767418347,-3.1814862771172763,-3.3815890184445965,0.925,0.9365079365079364,2026-08-31T16:52:52.092409+00:00,1806733
concrete,mcd,gap,2,0,927,617,310,156,0.5089141004862237,33,70,2.910028108173739,2.8656557460166274,1.0154841914346449,7.57612558178216,5.344643353219669,-3.5036895916090893,-3.110594025126472,0.9393939393939394,0.9857142857142858,2026-08-31T16:52:52.408166+00:00,1806733
concrete,mcd,gap,3,0,927,621,306,195,0.1320450885668277,37,66,2.865443739308611,3.0249730735723537,0.947262560563772,5.370084734133371,6.513979765974691,-3.12898668762614,-3.29389012560508,1.0,0.9393939393939394,2026-08-31T16:52:53.826237+00:00,1806733
concrete,mcd,gap,4,0,927,627,300,111,0.5103668261562998,43,60,2.9033557883763863,2.988909380154385,0.9713763179485958,7.106468031050608,5.454173779638069,-3.3813290343532625,-3.143686872255389,0.9302325581395348,0.95,2026-08-31T16:52:54.299116+00:00,1806733
concrete,mcd,gap,5,0,927,616,311,284,0.0113636363636363,32,71,3.025770141447242,2.9279273637159613,1.033417078218465,7.636355219817894,6.311116087085607,-3.503084966261433,-3.2606316990491826,0.90625,0.9295774647887324,2026-08-31T16:52:54.758820+00:00,1806733
concrete,mcd,gap,6,0,927,615,312,302,0.0,31,72,2.7598967901445746,2.997556672354269,0.9207154665659624,6.157198134401514,6.1182304756407895,-3.234106866406913,-3.225866299395543,0.935483870967742,0.9583333333333334,2026-08-31T16:52:54.111420+00:00,1806733
concrete,mcd,gap,7,0,927,622,305,14,0.1221864951768488,38,65,2.756324926867145,2.9329684047374136,0.939773139872578,7.394038332860318,5.10154148152892,-3.445041196249669,-3.074596237458825,0.9473684210526316,0.9692307692307692,2026-08-31T16:52:54.646508+00:00,1806733
concrete,mcd,control,0,0,927,620,307,278,0.0048309178743961,37,66,2.755534771198687,2.877835620723346,0.9575024894945464,7.095430955621048,4.984838873282266,-3.3986344766442427,-3.0760074824250694,0.918918918918919,0.9848484848484848,2026-08-31T16:53:01.224515+00:00,1806733
concrete,mcd,control,1,0,927,620,307,185,0.5080128205128205,40,63,2.8169994599489465,2.844634271494197,0.9902852848880516,4.636767356571869,6.476814035101731,-3.0483941431798827,-3.283019107122163,0.975,0.9523809523809524,2026-08-31T16:53:01.308740+00:00,1806733
concrete,mcd,control,2,0,927,620,307,156,0.5089141004862237,33,70,2.7890047257431574,2.85506830789383,0.9768609451591694,6.977797289116663,5.204421757846207,-3.3844832618839837,-3.101114597624573,0.9393939393939394,0.9714285714285714,2026-08-31T16:53:01.390459+00:00,1806733
concrete,mcd,control,3,0,927,620,307,195,0.1320450885668277,37,66,2.729139376426958,2.892633039004468,0.9434792936494364,5.08234473818807,6.212232051674198,-3.089202261084658,-3.2494770578145333,0.972972972972973,0.9545454545454546,2026-08-31T16:53:01.478289+00:00,1806733
concrete,mcd,control,4,0,927,620,307,111,0.5103668261562998,43,60,2.730946928798132,2.9076869927295443,0.9392162690229938,6.165056959909469,5.580379540404974,-3.2387336568518204,-3.1583403705210555,0.9534883720930232,0.9666666666666668,2026-08-31T16:53:01.560224+00:00,1806733
concrete,mcd,control,5,0,927,620,307,284,0.0113636363636363,32,71,2.888654230544314,2.809225382037666,1.0282742883552598,5.7158781887381656,5.883012776858578,-3.1820146525647237,-3.196359163293246,0.96875,0.9577464788732394,2026-08-31T16:53:01.641261+00:00,1806733
concrete,mcd,control,6,0,927,620,307,302,0.0,31,72,2.6333213490369967,2.9202635511381305,0.9017409911549584,5.013333064552819,6.150474533083517,-3.082244763251049,-3.2391164140987367,0.967741935483871,0.9583333333333334,2026-08-31T16:53:01.721581+00:00,1806733
concrete,mcd,control,7,0,927,620,307,14,0.1221864951768488,38,65,2.7575037574178496,2.878566072618677,0.9579435343338516,6.921187415865963,5.087649123547315,-3.368305356192092,-3.088774860624494,0.9210526315789472,0.9846153846153848,2026-08-31T16:53:01.803037+00:00,1806733
concrete,map,gap,0,0,927,621,306,278,0.0048309178743961,37,66,0.0,0.0,,9.18131268629655,4.735417542081468,-7.439834088146616,-3.40076145470801,0.5135135135135135,0.803030303030303,2026-08-31T16:53:02.803673+00:00,1806733
concrete,map,gap,1,0,927,624,303,185,0.5080128205128205,40,63,0.0,0.0,,8.725081040646037,6.171855151459107,-7.221193030583182,-4.564071838246028,0.675,0.7301587301587301,2026-08-31T16:53:03.220480+00:00,1806733
concrete,map,gap,2,0,927,617,310,156,0.5089141004862237,33,70,0.0,0.0,,7.773020885211508,3.935699398548213,-6.472216404542313,-3.0413160332730453,0.6666666666666666,0.8,2026-08-31T16:53:04.633592+00:00,1806733
concrete,map,gap,3,0,927,621,306,195,0.1320450885668277,37,66,0.0,0.0,,8.01257959022041,5.129924573072904,-5.61974145916428,-3.4906990876856616,0.5945945945945946,0.7878787878787878,2026-08-31T16:53:05.317222+00:00,1806733
concrete,map,gap,4,0,927,627,300,111,0.5103668261562998,43,60,0.0,0.0,,12.098715969825497,4.451211133677017,-11.084217600428572,-3.195016841605693,0.4883720930232558,0.8166666666666667,2026-08-31T16:53:04.986965+00:00,1806733
concrete,map,gap,5,0,927,616,311,284,0.0113636363636363,32,71,0.0,0.0,,9.835836375245108,4.715813106042001,-11.863342622308114,-4.035485186798602,0.46875,0.704225352112676,2026-08-31T16:53:05.486611+00:00,1806733
concrete,map,gap,6,0,927,615,312,302,0.0,31,72,0.0,0.0,,7.531729457564023,6.308294789475681,-6.063807836030045,-4.813590551934474,0.4516129032258064,0.75,2026-08-31T16:53:05.645031+00:00,1806733
concrete,map,gap,7,0,927,622,305,14,0.1221864951768488,38,65,0.0,0.0,,8.752668957289972,5.260021687273965,-6.773758358651955,-3.695652200466304,0.5263157894736842,0.7538461538461538,2026-08-31T16:53:12.783741+00:00,1806733
concrete,map,control,0,0,927,620,307,278,0.0048309178743961,37,66,0.0,0.0,,5.514356589389336,5.521651348603052,-4.5629555476220585,-4.5703622010738565,0.6486486486486487,0.6363636363636364,2026-08-31T16:53:13.382214+00:00,1806733
concrete,map,control,1,0,927,620,307,185,0.5080128205128205,40,63,0.0,0.0,,4.94388025847382,5.854956516765763,-4.014053105600055,-4.919224385855373,0.65,0.6349206349206349,2026-08-31T16:53:13.455520+00:00,1806733
concrete,map,control,2,0,927,620,307,156,0.5089141004862237,33,70,0.0,0.0,,6.252023426911757,5.137332934963502,-5.361505687344664,-4.193479612150241,0.6363636363636364,0.6428571428571429,2026-08-31T16:53:13.535359+00:00,1806733
concrete,map,control,3,0,927,620,307,195,0.1320450885668277,37,66,0.0,0.0,,5.349222982147055,5.611980792839,-4.397908607463066,-4.662888516011475,0.7027027027027027,0.6060606060606061,2026-08-31T16:53:13.613659+00:00,1806733
concrete,map,control,4,0,927,620,307,111,0.5103668261562998,43,60,0.0,0.0,,6.090146228286867,5.070315062721106,-5.177692675319955,-4.130541258235544,0.6511627906976745,0.6333333333333333,2026-08-31T16:53:13.688634+00:00,1806733
concrete,map,control,5,0,927,620,307,284,0.0113636363636363,32,71,0.0,0.0,,5.402139013491966,5.570914390218092,-4.4502505467476485,-4.620637225872761,0.625,0.647887323943662,2026-08-31T16:53:13.760896+00:00,1806733
concrete,map,control,6,0,927,620,307,302,0.0,31,72,0.0,0.0,,4.208046677717854,5.99584719078824,-3.394481926199897,-5.072837789176305,0.7419354838709677,0.5972222222222222,2026-08-31T16:53:13.836532+00:00,1806733
concrete,map,control,7,0,927,620,307,14,0.1221864951768488,38,65,0.0,0.0,,6.464638501322713,4.882104906117728,-5.610257490828274,-3.958207321252559,0.631578947368421,0.6461538461538462,2026-08-31T16:53:13.912403+00:00,1806733
concrete,laplace,gap,0,0,927,621,306,278,0.0048309178743961,37,66,5.335587939655067,2.6464496910885984,2.01613050027802,9.18131268629655,4.735417542081468,-3.7372603883628246,-3.1214411728657225,0.8918918918918919,0.8939393939393939,2026-08-31T16:53:15.034632+00:00,1806733
concrete,laplace,gap,1,0,927,624,303,185,0.5080128205128205,40,63,5.356046923088508,2.8385191547284694,1.886915899146315,8.725081040646037,6.171855151459107,-3.3018974396785223,-2.9663734614641357,0.925,0.873015873015873,2026-08-31T16:53:16.538189+00:00,1806733
concrete,laplace,gap,2,0,927,617,310,156,0.5089141004862237,33,70,3.59909192012326,2.59743184474268,1.3856347866866985,7.773020885211508,3.935699398548213,-3.193523797267297,-2.803345816649009,0.8787878787878788,0.9142857142857144,2026-08-31T16:53:16.514950+00:00,1806733
concrete,laplace,gap,3,0,927,621,306,195,0.1320450885668277,37,66,5.218892805822264,2.5741963776748675,2.027387207551045,8.01257959022041,5.129924573072904,-3.4426336221935974,-3.1305501142146968,0.8918918918918919,0.9090909090909092,2026-08-31T16:53:17.103813+00:00,1806733
concrete,laplace,gap,4,0,927,627,300,111,0.5103668261562998,43,60,6.800322345063063,2.510507434924771,2.708744156842873,12.098715969825497,4.451211133677017,-4.031950510872147,-3.050981524247628,0.813953488372093,0.85,2026-08-31T16:53:17.201189+00:00,1806733
concrete,laplace,gap,5,0,927,616,311,284,0.0113636363636363,32,71,5.299339372285735,2.054314583838996,2.5796143463006564,9.835836375245108,4.715813106042001,-4.252752933842716,-3.152690401052364,0.75,0.8309859154929577,2026-08-31T16:53:17.480640+00:00,1806733
concrete,laplace,gap,6,0,927,615,312,302,0.0,31,72,5.870765367729466,2.815457478477886,2.0851905640938195,7.531729457564023,6.308294789475681,-3.421961901415707,-3.240393618195736,0.9032258064516128,0.8611111111111112,2026-08-31T16:53:24.814286+00:00,1806733
concrete,laplace,gap,7,0,927,622,305,14,0.1221864951768488,38,65,4.772575958972078,2.512381625306737,1.8996222193709893,8.752668957289972,5.260021687273965,-3.514270490214196,-3.125984467077508,0.8157894736842105,0.953846153846154,2026-08-31T16:53:25.693313+00:00,1806733
concrete,laplace,control,0,0,927,620,307,278,0.0048309178743961,37,66,2.111157582604609,2.665197893808931,0.7921203853224862,5.514356589389336,5.521651348603052,-3.083958403456476,-3.332915352371132,0.8378378378378378,0.803030303030303,2026-08-31T16:53:27.472645+00:00,1806733
concrete,laplace,control,1,0,927,620,307,185,0.5080128205128205,40,63,2.35985643902862,2.533676729946272,0.931396026626752,4.94388025847382,5.854956516765763,-3.4932087746501623,-3.0849289396567907,0.85,0.7936507936507936,2026-08-31T16:53:27.547675+00:00,1806733
concrete,laplace,control,2,0,927,620,307,156,0.5089141004862237,33,70,2.263706584508645,2.561622489413924,0.8837003086378122,6.252023426911757,5.137332934963502,-3.7633681731574544,-2.9983960638598326,0.7575757575757576,0.8428571428571429,2026-08-31T16:53:27.627633+00:00,1806733
concrete,laplace,control,3,0,927,620,307,195,0.1320450885668277,37,66,2.524338731361182,2.4335660376878216,1.0373002796174806,5.349222982147055,5.611980792839,-3.111118078146191,-3.317689474135989,0.8378378378378378,0.803030303030303,2026-08-31T16:53:27.701579+00:00,1806733
concrete,laplace,control,4,0,927,620,307,111,0.5103668261562998,43,60,2.5848733638842982,2.381105615012253,1.0855769469389944,6.090146228286867,5.070315062721106,-3.258199467186009,-3.2329382849231,0.7906976744186046,0.8333333333333334,2026-08-31T16:53:27.782797+00:00,1806733
concrete,laplace,control,5,0,927,620,307,284,0.0113636363636363,32,71,2.1253027339117723,2.6198056910222998,0.811244414497946,5.402139013491966,5.570914390218092,-3.636154036573188,-3.0665062678034127,0.71875,0.8591549295774648,2026-08-31T16:53:27.865180+00:00,1806733
concrete,laplace,control,6,0,927,620,307,302,0.0,31,72,1.8418249096934909,2.734990546489747,0.673430082622187,4.208046677717854,5.99584719078824,-3.003504092922096,-3.346808990330547,0.8387096774193549,0.8055555555555556,2026-08-31T16:53:27.944951+00:00,1806733
concrete,laplace,control,7,0,927,620,307,14,0.1221864951768488,38,65,2.685172127611194,2.3381438569005324,1.1484204103551978,6.464638501322713,4.882104906117728,-3.3434774655199844,-3.18502662299423,0.6842105263157895,0.8923076923076924,2026-08-31T16:53:28.027662+00:00,1806733
concrete,ensemble,gap,0,0,927,621,306,278,0.0048309178743961,37,66,4.968562687585199,2.1990133056468206,2.259450943214616,8.52171678736994,4.594776209734147,-3.726432341501616,-3.157443576324668,0.7567567567567568,0.8636363636363636,2026-08-31T16:54:10.647264+00:00,1806733
concrete,ensemble,gap,1,0,927,624,303,185,0.5080128205128205,40,63,4.081711994263093,2.193197407758002,1.8610782503320693,8.454763334710313,4.939399164993128,-3.746771900230345,-2.872058179882952,0.875,0.8888888888888888,2026-08-31T16:54:10.093876+00:00,1806733
concrete,ensemble,gap,2,0,927,617,310,156,0.5089141004862237,33,70,3.261566367149394,2.104069275206809,1.5501230903287702,8.600897799490316,3.97095522065665,-4.827848506003992,-2.8222156845103807,0.8484848484848485,0.8857142857142857,2026-08-31T16:54:11.486445+00:00,1806733
concrete,ensemble,gap,3,0,927,621,306,195,0.1320450885668277,37,66,4.170421059763274,1.8369738900378092,2.270266922344463,7.549152225395785,5.207801854048049,-3.783689174220283,-3.035547332158388,0.8378378378378378,0.9090909090909092,2026-08-31T16:54:10.129777+00:00,1806733
concrete,ensemble,gap,4,0,927,627,300,111,0.5103668261562998,43,60,5.644392751272836,1.6499067184608067,3.4210374975249955,9.919125298404348,4.43840801856271,-3.658325602829251,-3.049942007332558,0.8837209302325582,0.8833333333333333,2026-08-31T16:54:11.648527+00:00,1806733
concrete,ensemble,gap,5,0,927,616,311,284,0.0113636363636363,32,71,5.549949581887889,1.7728981601056422,3.1304390216960813,10.234829857109652,5.160090878187596,-5.515787246456511,-2.988252330429611,0.625,0.8309859154929577,2026-08-31T16:54:18.644873+00:00,1806733
concrete,ensemble,gap,6,0,927,615,312,302,0.0,31,72,5.408071101518419,2.190231964712445,2.4691773239773918,7.077624810411483,5.690356740321491,-3.320087489896182,-3.167920083611902,0.967741935483871,0.8888888888888888,2026-08-31T16:54:19.940273+00:00,1806733
concrete,ensemble,gap,7,0,927,622,305,14,0.1221864951768488,38,65,3.647366482858271,1.468248390020226,2.484161745144516,8.122228602791836,4.725056062472423,-3.54861588283357,-3.1142627603341784,0.8421052631578947,0.8769230769230769,2026-08-31T16:54:22.364237+00:00,1806733
concrete,ensemble,control,0,0,927,620,307,278,0.0048309178743961,37,66,2.108992036977368,2.6410493163501405,0.7985432244377544,4.149314924216417,4.6360332542271,-2.855980899802076,-3.1853173239362964,0.8918918918918919,0.9090909090909092,2026-08-31T16:55:05.105730+00:00,1806733
concrete,ensemble,control,1,0,927,620,307,185,0.5080128205128205,40,63,2.5766979537776926,2.369429239621654,1.0874762203023776,5.00771519388889,4.087260032529983,-3.3843368147839703,-2.865535937795453,0.925,0.8888888888888888,2026-08-31T16:55:05.179450+00:00,1806733
concrete,ensemble,control,2,0,927,620,307,156,0.5089141004862237,33,70,2.314595132004877,2.513718869873013,0.9207851998667632,5.452776124783194,3.917663097606989,-3.6918835705752255,-2.772429697764142,0.8484848484848485,0.9285714285714286,2026-08-31T16:55:05.259244+00:00,1806733
concrete,ensemble,control,3,0,927,620,307,195,0.1320450885668277,37,66,2.377407000497204,2.4905742610435646,0.9545617802622988,4.262507273957715,4.578102344421307,-2.965894685722832,-3.123698989404964,0.918918918918919,0.8939393939393939,2026-08-31T16:55:05.342701+00:00,1806733
concrete,ensemble,control,4,0,927,620,307,111,0.5103668261562998,43,60,2.565216675121385,2.367294053617538,1.0836071130248457,4.117998611636433,4.701696460395784,-2.9306166565292444,-3.1647620073619147,0.9534883720930232,0.8666666666666667,2026-08-31T16:55:05.418808+00:00,1806733
concrete,ensemble,control,5,0,927,620,307,284,0.0113636363636363,32,71,2.0934954907340018,2.61056485272935,0.8019319989485221,5.461768370386651,3.9378230513389463,-3.5588104304816395,-2.845356378831829,0.84375,0.9295774647887324,2026-08-31T16:55:05.498689+00:00,1806733
concrete,ensemble,control,6,0,927,620,307,302,0.0,31,72,1.8603049183658251,2.7037848302490457,0.6880373384573182,4.031146958019961,4.642486009289089,-2.9055550538306214,-3.1365281944961545,0.9032258064516128,0.9027777777777778,2026-08-31T16:55:05.574127+00:00,1806733
concrete,ensemble,control,7,0,927,620,307,14,0.1221864951768488,38,65,2.5085566118143943,2.415643215358844,1.038463211729613,4.976228545124108,4.140900861462753,-3.111001677135546,-3.041294968328024,0.868421052631579,0.9230769230769232,2026-08-31T16:55:05.648404+00:00,1806733
concrete,bbb,gap,0,0,927,621,306,278,0.0048309178743961,37,66,2.305871418896068,2.4754606948907227,0.9314918324719588,7.323716950653743,5.734405913194701,-3.5985741754173453,-3.1822628391655754,0.7567567567567568,0.9242424242424242,2026-08-31T16:58:32.726282+00:00,1806733
concrete,bbb,gap,1,0,927,624,303,185,0.5080128205128205,40,63,2.308478200663022,2.230099173771561,1.0351459826600022,6.891276869595125,6.704932624136611,-3.4900732388630566,-3.4151678233184506,0.85,0.873015873015873,2026-08-31T16:58:31.282599+00:00,1806733
concrete,bbb,gap,2,0,927,617,310,156,0.5089141004862237,33,70,2.262373935850672,2.223281179130838,1.017583361513957,6.326757404331211,5.267604066099548,-3.415872276747586,-3.097875947816512,0.8181818181818182,0.9142857142857144,2026-08-31T16:58:29.415772+00:00,1806733
concrete,bbb,gap,3,0,927,621,306,195,0.1320450885668277,37,66,2.315507838027925,2.276513119887442,1.017129142722626,8.784094288187971,5.436214587673696,-4.128108830353258,-3.1193482396619965,0.7027027027027027,0.9090909090909092,2026-08-31T16:58:33.568807+00:00,1806733
concrete,bbb,gap,4,0,927,627,300,111,0.5103668261562998,43,60,2.215520090736238,2.287418033906768,0.9685680788973527,9.128515948531682,5.28247381470407,-4.391151221847884,-3.108171436881011,0.813953488372093,0.9166666666666666,2026-08-31T16:58:38.768254+00:00,1806733
concrete,bbb,gap,5,0,927,616,311,284,0.0113636363636363,32,71,2.164882085650059,2.1515553690170237,1.0061939919487752,8.60557560813122,4.446147636545585,-4.383555895456444,-2.909772028209103,0.6875,0.9577464788732394,2026-08-31T16:58:37.127131+00:00,1806733
concrete,bbb,gap,6,0,927,615,312,302,0.0,31,72,1.961617427304601,2.1097892649754075,0.9297693660070198,6.56225793535902,5.529220944723733,-3.51229506952805,-3.177335835680505,0.8064516129032258,0.9027777777777778,2026-08-31T16:58:47.083350+00:00,1806733
concrete,bbb,gap,7,0,927,622,305,14,0.1221864951768488,38,65,2.382731672444638,2.391541614309457,0.996316208000686,8.328716667456565,4.837292926567659,-4.006110502291694,-2.990080506688489,0.7894736842105263,0.9230769230769232,2026-08-31T16:59:28.266878+00:00,1806733
concrete,bbb,control,0,0,927,620,307,278,0.0048309178743961,37,66,2.398308731364322,2.57992378233174,0.9296044897871852,5.000028426050561,5.625128738138494,-3.029838122810258,-3.149859411664295,0.918918918918919,0.9545454545454546,2026-08-31T17:02:56.963653+00:00,1806733
concrete,bbb,control,1,0,927,620,307,185,0.5080128205128205,40,63,2.5260715930254345,2.507452840846941,1.0074253648464249,5.391938974297378,5.419639654055974,-3.105848518168401,-3.107314142652174,0.925,0.9523809523809524,2026-08-31T17:02:57.038964+00:00,1806733
concrete,bbb,control,2,0,927,620,307,156,0.5089141004862237,33,70,2.47724887841902,2.5323311386649574,0.978248397531858,6.20222430809697,4.991359686910361,-3.274457800425091,-3.0276803471399285,0.8787878787878788,0.9714285714285714,2026-08-31T17:02:57.115296+00:00,1806733
concrete,bbb,control,3,0,927,620,307,195,0.1320450885668277,37,66,2.504776709994609,2.5202371882511234,0.99386546697724,5.267486044631851,5.486581724515274,-3.078955795764104,-3.1223237465235028,0.945945945945946,0.9393939393939394,2026-08-31T17:02:57.192958+00:00,1806733
concrete,bbb,control,4,0,927,620,307,111,0.5103668261562998,43,60,2.4945522480561246,2.5291107671326887,0.9863357036292468,5.495559720790095,5.345927984776756,-3.122652616839792,-3.0953444864952,0.9302325581395348,0.95,2026-08-31T17:02:57.274004+00:00,1806733
concrete,bbb,control,5,0,927,620,307,284,0.0113636363636363,32,71,2.461910363938052,2.5384684654698173,0.969840830180415,5.483645289832454,5.374870657546076,-3.12022368616343,-3.100670052909764,0.9375,0.943661971830986,2026-08-31T17:02:57.357522+00:00,1806733
concrete,bbb,control,6,0,927,620,307,302,0.0,31,72,2.4372213626865955,2.5480351451540315,0.956510104392325,4.580883459580344,5.728665815019341,-2.957006042132203,-3.1712158945517324,0.935483870967742,0.9444444444444444,2026-08-31T17:02:57.438074+00:00,1806733
concrete,bbb,control,7,0,927,620,307,14,0.1221864951768488,38,65,2.484851155061912,2.5321238277234164,0.981330821129705,6.008289713717718,5.0254806674655885,-3.234199319004066,-3.032233193717977,0.8947368421052632,0.9692307692307692,2026-08-31T17:02:57.520129+00:00,1806733
concrete,gp,gap,0,0,927,621,306,278,0.0048309178743961,37,66,4.530470038363243,2.766801243450771,1.637439642289886,7.554956565893336,4.922828615703672,-3.2502150167830464,-3.0459722230743176,0.972972972972973,0.9848484848484848,2026-08-31T16:58:41.626731+00:00,1806733
concrete,gp,gap,1,0,927,624,303,185,0.5080128205128205,40,63,4.523276953408788,2.7446353520433955,1.6480429540635275,7.605116787061631,6.4740534163289984,-3.321659164171268,-3.1438946118308926,0.9,0.9206349206349206,2026-08-31T16:58:43.778993+00:00,1806733
concrete,gp,gap,2,0,927,617,310,156,0.5089141004862237,33,70,2.9849783150019427,2.6534677762646144,1.124934827437026,6.741659084121361,4.902440415963928,-3.1800889987261947,-2.9689861893973,0.9393939393939394,0.9571428571428572,2026-08-31T16:58:44.996806+00:00,1806733
concrete,gp,gap,3,0,927,621,306,195,0.1320450885668277,37,66,4.552905695564296,2.848154220197712,1.5985460559956068,7.248572041961124,6.26448675092733,-3.265200309471656,-3.1857850832774925,0.945945945945946,0.9545454545454546,2026-08-31T16:58:49.125835+00:00,1806733
concrete,gp,gap,4,0,927,627,300,111,0.5103668261562998,43,60,5.530472989807435,2.56542835360493,2.155769808202219,7.761944354578584,5.503732245912508,-3.2159024931839286,-3.1696935243936863,0.9767441860465116,0.9333333333333332,2026-08-31T16:58:51.315036+00:00,1806733
concrete,gp,gap,5,0,927,616,311,284,0.0113636363636363,32,71,5.429781297205022,2.742993528904392,1.9795093353259887,6.681014677171443,5.429420227533354,-3.3600912786564314,-2.983691655729892,0.90625,0.9577464788732394,2026-08-31T16:58:53.511265+00:00,1806733
concrete,gp,gap,6,0,927,615,312,302,0.0,31,72,3.4077831573712305,2.762063451424895,1.2337816336598717,6.554219855195191,5.714905241220387,-3.2555186266882274,-3.114183654900027,0.967741935483871,0.9583333333333334,2026-08-31T16:58:55.679338+00:00,1806733
concrete,gp,gap,7,0,927,622,305,14,0.1221864951768488,38,65,3.955135720147257,2.454204439174937,1.6115754893984742,8.691095077952445,4.630544908865882,-3.543804083756591,-2.97367100181482,0.8157894736842105,0.9692307692307692,2026-08-31T16:58:56.195096+00:00,1806733
concrete,gp,control,0,0,927,620,307,278,0.0048309178743961,37,66,2.491522700446646,3.2077317086189616,0.7767241548761981,6.576241933949042,5.293461383548175,-3.154941687709968,-3.0900413116054075,0.918918918918919,0.9696969696969696,2026-08-31T16:58:58.123589+00:00,1806733
concrete,gp,control,1,0,927,620,307,185,0.5080128205128205,40,63,2.8447591221351045,3.017559806348781,0.9427349596020886,5.19958667400384,6.130949054519575,-3.0833488046578466,-3.132406616268442,0.925,0.9682539682539684,2026-08-31T16:58:58.206483+00:00,1806733
concrete,gp,control,2,0,927,620,307,156,0.5089141004862237,33,70,2.6454786656866056,3.094226238824563,0.8549726042952734,6.822419504823278,5.228366844163224,-3.23816258359462,-3.0545171964657607,0.8787878787878788,0.9857142857142858,2026-08-31T16:58:58.287491+00:00,1806733
concrete,gp,control,3,0,927,620,307,195,0.1320450885668277,37,66,2.8504468336286557,3.006516664259351,0.9480894842573095,5.156433078074582,6.112233353436494,-2.989768038970479,-3.1826386601411816,1.0,0.9242424242424242,2026-08-31T16:58:58.362551+00:00,1806733
concrete,gp,control,4,0,927,620,307,111,0.5103668261562998,43,60,2.866621504216136,3.01053180006806,0.9521977160817,5.814803533583378,5.767137396380567,-3.018532063140579,-3.1813115049363465,0.9767441860465116,0.9333333333333332,2026-08-31T16:58:58.448806+00:00,1806733
concrete,gp,control,5,0,927,620,307,284,0.0113636363636363,32,71,2.459295624278791,3.1718193339219165,0.7753580407235557,6.11954637818534,5.630829021970187,-3.2706439945911385,-3.0424642420325254,0.90625,0.971830985915493,2026-08-31T16:58:58.527015+00:00,1806733
concrete,gp,control,6,0,927,620,307,302,0.0,31,72,1.9822466878035423,3.367319241159272,0.5886720402313597,4.819355834012756,6.157080319520059,-2.9935913973496606,-3.16491994018592,0.967741935483871,0.9444444444444444,2026-08-31T16:58:58.599348+00:00,1806733
concrete,gp,control,7,0,927,620,307,14,0.1221864951768488,38,65,2.9651069129167458,2.941885692223708,1.0078933116791104,6.958499891948685,4.976125249375724,-3.261827786677125,-3.026555586422999,0.9210526315789472,0.9692307692307692,2026-08-31T16:58:58.672332+00:00,1806733
concrete,mcd,gap,0,1,927,619,308,278,0.0064620355411954,35,68,2.7070540146951947,2.8760931978628377,0.9412261107208724,7.140543999244439,5.439540877746553,-3.422476656555695,-3.13488959273541,0.9142857142857144,0.9705882352941176,2026-08-31T16:59:02.790760+00:00,1806733
concrete,mcd,gap,1,1,927,616,311,185,0.5064935064935064,32,71,2.7844593961377058,2.7165225014301178,1.0250087730441484,7.6304212203688975,6.569777331718161,-3.513459233217565,-3.31370173336685,0.875,0.9014084507042254,2026-08-31T16:59:04.187302+00:00,1806733
concrete,mcd,gap,2,1,927,620,307,156,0.5048387096774194,36,67,2.773802076063707,2.714136398233,1.021983301159644,8.04125308898687,5.629339741220325,-3.5966469452269525,-3.1675899301434742,0.8333333333333334,0.9552238805970148,2026-08-31T16:59:06.032267+00:00,1806733
concrete,mcd,gap,3,1,927,619,308,195,0.135702746365105,35,68,2.8170561711418944,3.0186179978167145,0.9332271169056156,6.380270084084012,5.87130401207552,-3.2862536373944176,-3.201983736175092,0.9428571428571428,0.9705882352941176,2026-08-31T16:59:07.652476+00:00,1806733
concrete,mcd,gap,4,1,927,619,308,111,0.5137318255250404,35,68,2.6875913862741903,2.9542233718912434,0.9097454890669422,7.016520169967228,6.126140718323672,-3.3745965107617986,-3.2384149176014176,0.8857142857142857,0.9558823529411764,2026-08-31T16:59:08.145028+00:00,1806733
concrete,mcd,gap,5,1,927,616,311,284,0.0097402597402597,32,71,3.079877781900908,2.8141716806432777,1.0944171612148743,7.574352770111346,6.006404343006248,-3.485990940945213,-3.214902386914892,0.875,0.971830985915493,2026-08-31T16:59:10.731863+00:00,1806733
concrete,mcd,gap,6,1,927,610,317,302,0.0,26,77,2.4571467855367293,2.6833570935125244,0.915698768336612,6.501974458034578,5.885173054276535,-3.284063871652656,-3.207739135303341,0.8461538461538461,0.948051948051948,2026-08-31T16:59:14.825329+00:00,1806733
concrete,mcd,gap,7,1,927,616,311,14,0.1201298701298701,32,71,2.738308505135556,2.839307024120281,0.9644284615482828,5.633930142649622,5.666194819361609,-3.147617372807464,-3.170616247300718,1.0,0.943661971830986,2026-08-31T16:59:16.114062+00:00,1806733
concrete,mcd,control,0,1,927,617,310,278,0.0064620355411954,35,68,2.771585013377912,2.939902784631744,0.9427471642485228,6.653659980016014,5.770097814804156,-3.335142526721173,-3.1800869542146484,0.9428571428571428,0.9558823529411764,2026-08-31T16:59:17.758543+00:00,1806733
concrete,mcd,control,1,1,927,617,310,185,0.5064935064935064,32,71,2.911821529153433,2.869585575919375,1.01471848534105,5.221649725441347,6.436018386925218,-3.1053293780913025,-3.2902163552523302,1.0,0.9295774647887324,2026-08-31T16:59:17.839971+00:00,1806733
concrete,mcd,control,2,1,927,617,310,156,0.5048387096774194,36,67,2.897739458550624,2.8746305121695976,1.0080389275363202,6.438891642912095,5.885664250941324,-3.2907514070545094,-3.201624636833953,0.9444444444444444,0.9552238805970148,2026-08-31T16:59:17.911877+00:00,1806733
concrete,mcd,control,3,1,927,617,310,195,0.135702746365105,35,68,2.708414319535809,2.9724171123445906,0.9111824542684924,6.167663119743328,6.041624312742183,-3.2546378084492837,-3.2215232062663564,0.9428571428571428,0.9558823529411764,2026-08-31T16:59:17.994495+00:00,1806733
concrete,mcd,control,4,1,927,617,310,111,0.5137318255250404,35,68,2.7355217763049944,2.958464744889863,0.9246423439826496,4.809923084933471,6.646259501445709,-3.044299088460904,-3.329785782730964,0.9714285714285714,0.9411764705882352,2026-08-31T16:59:18.078626+00:00,1806733
concrete,mcd,control,5,1,927,617,310,284,0.0097402597402597,32,71,3.0310322764255115,2.8158567884164665,1.0764156362263195,5.657169958270629,6.267927915857903,-3.168893839111001,-3.261567584088523,0.96875,0.943661971830986,2026-08-31T16:59:18.161446+00:00,1806733
concrete,mcd,control,6,1,927,617,310,302,0.0,26,77,2.6527496014934284,2.960355521874758,0.8960915612640584,5.43373902005469,6.289366551045296,-3.1243582606998817,-3.269384240826496,0.9615384615384616,0.948051948051948,2026-08-31T16:59:18.234079+00:00,1806733
concrete,mcd,control,7,1,927,617,310,14,0.1201298701298701,32,71,2.7549089190715623,2.9403067522943025,0.936946091397411,5.7507427110143565,6.229430729441875,-3.167385843777917,-3.262247243956955,0.96875,0.943661971830986,2026-08-31T16:59:18.307377+00:00,1806733
concrete,map,gap,0,1,927,619,308,278,0.0064620355411954,35,68,0.0,0.0,,8.119718798722161,4.586062139903977,-5.954334297227651,-3.245287962448705,0.7428571428571429,0.7794117647058824,2026-08-31T16:59:18.575874+00:00,1806733
concrete,map,gap,1,1,927,616,311,185,0.5064935064935064,32,71,0.0,0.0,,8.28113165459972,5.151426020286299,-6.489634868420154,-3.6928672986713926,0.625,0.8169014084507042,2026-08-31T16:59:18.497339+00:00,1806733
concrete,map,gap,2,1,927,620,307,156,0.5048387096774194,36,67,0.0,0.0,,9.5980209250837,6.752960844172431,-7.858365221638928,-4.872423161797497,0.5,0.7164179104477612,2026-08-31T16:59:21.818331+00:00,1806733
concrete,map,gap,3,1,927,619,308,195,0.135702746365105,35,68,0.0,0.0,,7.99290549875001,4.576177203272015,-5.810107571414833,-3.23506515587068,0.5714285714285714,0.7794117647058824,2026-08-31T16:59:25.862257+00:00,1806733
concrete,map,gap,4,1,927,619,308,111,0.5137318255250404,35,68,0.0,0.0,,11.28742214189406,4.700462202287902,-10.03249745770412,-3.3527026216637346,0.4285714285714285,0.7794117647058824,2026-08-31T16:59:27.112918+00:00,1806733
concrete,map,gap,5,1,927,616,311,284,0.0097402597402597,32,71,0.0,0.0,,11.479578818332238,4.621793761525249,-14.25893977930488,-3.7773840972611294,0.1875,0.7464788732394366,2026-08-31T16:59:29.431677+00:00,1806733
concrete,map,gap,6,1,927,610,317,302,0.0,26,77,0.0,0.0,,4.988674985506532,4.6486399984617375,-3.787652774344715,-3.5322953365976617,0.7692307692307693,0.7532467532467533,2026-08-31T16:59:29.548667+00:00,1806733
concrete,map,gap,7,1,927,616,311,14,0.1201298701298701,32,71,0.0,0.0,,6.842294238632859,5.7557261638653205,-5.049456477664295,-4.136209489765331,0.625,0.7464788732394366,2026-08-31T16:59:29.246685+00:00,1806733
concrete,map,control,0,1,927,617,310,278,0.0064620355411954,35,68,0.0,0.0,,5.442105220455205,4.488271646242598,-4.116935198804688,-3.3949297904953646,0.7142857142857143,0.8088235294117647,2026-08-31T16:59:32.765717+00:00,1806733
concrete,map,control,1,1,927,617,310,185,0.5064935064935064,32,71,0.0,0.0,,5.193021560158625,4.662481794976542,-3.915010229559294,-3.5164454981119926,0.75,0.7887323943661971,2026-08-31T16:59:32.843472+00:00,1806733
concrete,map,control,2,1,927,617,310,156,0.5048387096774194,36,67,0.0,0.0,,5.173514416166434,4.640606582432224,-3.8995957287880194,-3.50093300709672,0.7222222222222222,0.8059701492537313,2026-08-31T16:59:32.912723+00:00,1806733
concrete,map,control,3,1,927,617,310,195,0.135702746365105,35,68,0.0,0.0,,3.609864404776492,5.355481233565356,-2.8527003537508087,-4.045638901920157,0.8571428571428571,0.7352941176470589,2026-08-31T16:59:32.992354+00:00,1806733
concrete,map,control,4,1,927,617,310,111,0.5137318255250404,35,68,0.0,0.0,,3.6642146744147936,5.336449308284399,-2.882836092066267,-4.030127860140141,0.8285714285714286,0.75,2026-08-31T16:59:33.067584+00:00,1806733
concrete,map,control,5,1,927,617,310,284,0.0097402597402597,32,71,0.0,0.0,,4.68376617743029,4.899560378244442,-3.5316090334727304,-3.689246037193261,0.75,0.7887323943661971,2026-08-31T16:59:33.145526+00:00,1806733
concrete,map,control,6,1,927,617,310,302,0.0,26,77,0.0,0.0,,3.5315379439261867,5.200079492118664,-2.8100626192989293,-3.920601683247751,0.9230769230769232,0.7272727272727273,2026-08-31T16:59:33.226783+00:00,1806733
concrete,map,control,7,1,927,617,310,14,0.1201298701298701,32,71,0.0,0.0,,4.881129715840872,4.811950719438547,-3.6755052201423233,-3.6243914178492194,0.75,0.7887323943661971,2026-08-31T16:59:33.307559+00:00,1806733
concrete,laplace,gap,0,1,927,619,308,278,0.0064620355411954,35,68,4.959004851097876,2.8439817406031573,1.7436837868186033,8.119718798722161,4.586062139903977,-3.416860510927877,-2.9041138435077296,0.8857142857142857,0.8823529411764706,2026-08-31T16:59:38.049269+00:00,1806733
concrete,laplace,gap,1,1,927,616,311,185,0.5064935064935064,32,71,5.081491039246458,2.750769946037977,1.847297716250497,8.28113165459972,5.151426020286299,-3.4550070707306104,-2.9036135001107573,0.84375,0.9295774647887324,2026-08-31T16:59:39.029905+00:00,1806733
concrete,laplace,gap,2,1,927,620,307,156,0.5048387096774194,36,67,3.7337471771151542,3.0470546874040845,1.2253627060090913,9.5980209250837,6.752960844172431,-4.144170026466177,-3.160213096018144,0.6666666666666666,0.8656716417910447,2026-08-31T16:59:40.584056+00:00,1806733
concrete,laplace,gap,3,1,927,619,308,195,0.135702746365105,35,68,5.269651537973838,2.925180137573392,1.8014793243965213,7.99290549875001,4.576177203272015,-3.523001502909564,-2.9505245292999107,0.8285714285714286,0.8970588235294118,2026-08-31T16:59:41.398249+00:00,1806733
concrete,laplace,gap,4,1,927,619,308,111,0.5137318255250404,35,68,6.451294729638367,2.8302153959148675,2.279435953514409,11.28742214189406,4.700462202287902,-4.165553882504191,-2.950273119465629,0.6571428571428571,0.8970588235294118,2026-08-31T16:59:41.219193+00:00,1806733
concrete,laplace,gap,5,1,927,616,311,284,0.0097402597402597,32,71,5.268832277542161,2.239796891480016,2.35237056430622,11.479578818332238,4.621793761525249,-4.780348826384027,-3.019386333971032,0.625,0.8450704225352113,2026-08-31T16:59:41.845278+00:00,1806733
concrete,laplace,gap,6,1,927,610,317,302,0.0,26,77,4.406155395918974,2.524034521025997,1.7456795298219263,4.988674985506532,4.6486399984617375,-2.949197624556973,-2.9408721450140964,0.9230769230769232,0.8831168831168831,2026-08-31T16:59:45.586029+00:00,1806733
concrete,laplace,gap,7,1,927,616,311,14,0.1201298701298701,32,71,4.837334871813193,2.8602099023546974,1.6912517042301012,6.842294238632859,5.7557261638653205,-3.192627647356259,-3.078253449168278,0.9375,0.9154929577464788,2026-08-31T16:59:50.149955+00:00,1806733
concrete,laplace,control,0,1,927,617,310,278,0.0064620355411954,35,68,2.157599136054958,3.156182258642189,0.6836104379419368,5.442105220455205,4.488271646242598,-3.3181805712486807,-2.83783284279127,0.8,0.9264705882352942,2026-08-31T16:59:50.886432+00:00,1806733
concrete,laplace,control,1,1,927,617,310,185,0.5064935064935064,32,71,2.793342227686145,2.827456507938532,0.987934640141553,5.193021560158625,4.662481794976542,-3.133568784595582,-2.9413345379781903,0.84375,0.9014084507042254,2026-08-31T16:59:50.966500+00:00,1806733
concrete,laplace,control,2,1,927,617,310,156,0.5048387096774194,36,67,2.768637586056719,2.8427673171873207,0.9739233912383845,5.173514416166434,4.640606582432224,-3.058077452508996,-2.9704203733311387,0.8888888888888888,0.8805970149253731,2026-08-31T16:59:51.041424+00:00,1806733
concrete,laplace,control,3,1,927,617,310,195,0.135702746365105,35,68,2.131523175118734,3.1696037091240696,0.6724888568822969,3.609864404776492,5.355481233565356,-2.6480885461132666,-3.1827331498462623,0.9428571428571428,0.8529411764705882,2026-08-31T16:59:51.114690+00:00,1806733
concrete,laplace,control,4,1,927,617,310,111,0.5137318255250404,35,68,2.1128130530717457,3.179233919001195,0.6645667185557451,3.6642146744147936,5.336449308284399,-2.6855093469275677,-3.163472443544784,0.9142857142857144,0.8676470588235294,2026-08-31T16:59:51.194490+00:00,1806733
concrete,laplace,control,5,1,927,617,310,284,0.0097402597402597,32,71,2.512645600796048,2.9539676637199834,0.8506002390127144,4.68376617743029,4.899560378244442,-3.047070051263645,-2.9803198825785,0.84375,0.9014084507042254,2026-08-31T16:59:51.273085+00:00,1806733
concrete,laplace,control,6,1,927,617,310,302,0.0,26,77,1.8797015296779027,3.133300306207362,0.5999110669200899,3.5315379439261867,5.200079492118664,-2.6816297658449835,-3.1089166154745533,0.9230769230769232,0.8701298701298701,2026-08-31T16:59:51.341743+00:00,1806733
concrete,laplace,control,7,1,927,617,310,14,0.1201298701298701,32,71,2.4799960804375867,2.968682940501262,0.8353859708638469,4.881129715840872,4.811950719438547,-3.025000479411399,-2.9902667318640197,0.9375,0.8591549295774648,2026-08-31T16:59:51.422162+00:00,1806733
concrete,ensemble,gap,0,1,927,619,308,278,0.0064620355411954,35,68,4.650085485530388,1.8953488823954563,2.4534192774331496,7.768218648011143,4.027520470226103,-3.8902082087823033,-2.88410192856078,0.8571428571428571,0.8970588235294118,2026-08-31T17:00:33.235378+00:00,1806733
concrete,ensemble,gap,1,1,927,616,311,185,0.5064935064935064,32,71,4.225635983540371,1.985982282207256,2.12773095782301,8.946296778764014,4.935812289721318,-4.021104339953899,-3.0422103828812177,0.78125,0.8873239436619719,2026-08-31T17:00:34.936585+00:00,1806733
concrete,ensemble,gap,2,1,927,620,307,156,0.5048387096774194,36,67,3.5571429889349764,2.012692338028328,1.7673555573921556,8.063175253528165,4.733836514929474,-3.6821494749389223,-2.768174204518852,0.8055555555555556,0.8805970149253731,2026-08-31T17:00:35.437326+00:00,1806733
concrete,ensemble,gap,3,1,927,619,308,195,0.135702746365105,35,68,3.9873088202547593,1.7639506779290086,2.260442352581035,7.138266450066349,4.367667753792802,-3.243298739156576,-3.008497807165663,0.8571428571428571,0.8676470588235294,2026-08-31T17:00:35.679484+00:00,1806733
concrete,ensemble,gap,4,1,927,619,308,111,0.5137318255250404,35,68,4.5232411791246765,1.7021144256417453,2.6574248540425165,10.023716271752086,4.581111935408191,-4.015504949225073,-2.952533647662858,0.7714285714285715,0.8970588235294118,2026-08-31T17:00:39.595328+00:00,1806733
concrete,ensemble,gap,5,1,927,616,311,284,0.0097402597402597,32,71,6.8781062523158205,1.9090245547450968,3.602942788357284,10.587197742741038,3.964426341864197,-4.141365462471208,-2.859743414922814,0.8125,0.8732394366197183,2026-08-31T17:00:43.693713+00:00,1806733
concrete,ensemble,gap,6,1,927,610,317,302,0.0,26,77,4.103908096972915,1.8502442594657675,2.218035849038581,6.372270764367132,4.662567318378467,-3.266948449320654,-2.9687393497231214,0.9230769230769232,0.8441558441558441,2026-08-31T17:00:44.945053+00:00,1806733
concrete,ensemble,gap,7,1,927,616,311,14,0.1201298701298701,32,71,3.932395092395951,1.8636739975000525,2.1100230499920576,7.057662218012204,5.26278060427186,-3.4340180289755047,-3.078933251652665,0.8125,0.8028169014084507,2026-08-31T17:01:26.214639+00:00,1806733
concrete,ensemble,control,0,1,927,617,310,278,0.0064620355411954,35,68,1.6591960849429266,2.312145229370333,0.7176002890591675,5.736392977504232,4.356538506818474,-3.603802079629596,-2.8693907988268155,0.7428571428571429,0.9264705882352942,2026-08-31T17:01:29.031280+00:00,1806733
concrete,ensemble,control,1,1,927,617,310,185,0.5064935064935064,32,71,1.898714400125692,2.1766039121994787,0.8723288557388574,4.696220165182207,4.945583829776487,-3.050531685434601,-3.1497835658218607,0.84375,0.8732394366197183,2026-08-31T17:01:29.107269+00:00,1806733
concrete,ensemble,control,2,1,927,617,310,156,0.5048387096774194,36,67,2.023125824749312,2.126346401182237,0.951456368362401,4.906712004170313,4.849355434318857,-3.29592859694219,-3.023853994288664,0.8333333333333334,0.8805970149253731,2026-08-31T17:01:29.190016+00:00,1806733
concrete,ensemble,control,3,1,927,617,310,195,0.135702746365105,35,68,1.5911566890306603,2.3471655066781176,0.6779056204189806,4.019508126958949,5.253629902146011,-2.9729281307645747,-3.1941053313308707,0.8857142857142857,0.8529411764705882,2026-08-31T17:01:29.280537+00:00,1806733
concrete,ensemble,control,4,1,927,617,310,111,0.5137318255250404,35,68,1.552814072724647,2.366900676835624,0.6560537532992925,4.321127101053556,5.128916526000309,-2.8514526130615563,-3.256629494854483,0.8857142857142857,0.8529411764705882,2026-08-31T17:01:29.368756+00:00,1806733
concrete,ensemble,control,5,1,927,617,310,284,0.0097402597402597,32,71,1.8260546348052455,2.2093519754424964,0.8265114183264156,5.550572076249878,4.529146655860294,-3.379100156651063,-3.0016963675271167,0.8125,0.8873239436619719,2026-08-31T17:01:29.462481+00:00,1806733
concrete,ensemble,control,6,1,927,617,310,302,0.0,26,77,1.494428380725645,2.291462346380758,0.6521723488435298,2.7716236458239303,5.396714853321768,-2.490293613901727,-3.331220949945642,0.9615384615384616,0.8311688311688312,2026-08-31T17:01:29.555598+00:00,1806733
concrete,ensemble,control,7,1,927,617,310,14,0.1201298701298701,32,71,2.1500663994924096,2.0633185040341973,1.0420429009329404,4.91733667055361,4.847755170479963,-3.006657492136412,-3.169557850125269,0.90625,0.8450704225352113,2026-08-31T17:01:29.631311+00:00,1806733
concrete,bbb,gap,0,1,927,619,308,278,0.0064620355411954,35,68,2.665315898571444,2.876942175475128,0.9264405525047672,9.726630833605784,4.271085159612141,-4.285396175506204,-2.910064160774015,0.7142857142857143,0.9705882352941176,2026-08-31T17:04:55.330497+00:00,1806733
concrete,bbb,gap,1,1,927,616,311,185,0.5064935064935064,32,71,2.2806107997694647,2.2145766872210637,1.0298179389900757,9.496085008887196,6.6052964466890325,-4.610308421377959,-3.450952794067984,0.6875,0.8873239436619719,2026-08-31T17:04:54.038154+00:00,1806733
concrete,bbb,gap,2,1,927,620,307,156,0.5048387096774194,36,67,2.429989955312754,2.4867273759147843,0.9771838999515746,10.327463286434943,6.232022209019674,-4.912890889973717,-3.304572296739222,0.6666666666666666,0.8955223880597015,2026-08-31T17:05:01.066226+00:00,1806733
concrete,bbb,gap,3,1,927,619,308,195,0.135702746365105,35,68,2.991468939217257,3.158138893186757,0.9472252615839452,7.163535633939193,5.160514745562234,-3.4895491009382646,-3.0531084740499965,0.9142857142857144,0.9411764705882352,2026-08-31T17:05:02.701254+00:00,1806733
concrete,bbb,gap,4,1,927,619,308,111,0.5137318255250404,35,68,2.8334097810405,3.0732913815732315,0.921946353030172,10.15954728019971,5.170619329087842,-4.414820171147209,-3.054937519981271,0.6571428571428571,0.9264705882352942,2026-08-31T17:05:08.385025+00:00,1806733
concrete,bbb,gap,5,1,927,616,311,284,0.0097402597402597,32,71,2.366966422527166,2.55163464229504,0.9276274836895236,10.907098934252442,4.509001614995893,-5.303031878214316,-2.915914015331644,0.46875,0.9577464788732394,2026-08-31T17:05:49.332843+00:00,1806733
concrete,bbb,gap,6,1,927,610,317,302,0.0,26,77,2.445193999990371,2.5366121950108704,0.9639605158406536,6.721585334625623,5.268571295602968,-3.4990043146212364,-3.0938267838837707,0.8076923076923077,0.961038961038961,2026-08-31T17:05:52.110973+00:00,1806733
concrete,bbb,gap,7,1,927,616,311,14,0.1201298701298701,32,71,2.921065440139353,2.965347469111239,0.9850668329991162,7.0541688645297045,6.092729656983161,-3.434467887416498,-3.216213231196345,0.8125,0.9295774647887324,2026-08-31T17:07:19.212875+00:00,1806733
concrete,bbb,control,0,1,927,617,310,278,0.0064620355411954,35,68,2.5361634479971435,2.849283655955679,0.890105638550925,6.720560545150138,5.286318107139242,-3.427732393592196,-3.072531206660206,0.8285714285714286,0.9558823529411764,2026-08-31T17:09:19.514958+00:00,1806733
concrete,bbb,control,1,1,927,617,310,185,0.5064935064935064,32,71,2.706842421126684,2.7591274902652434,0.9810501438142922,5.004118184299313,6.143541382014355,-3.020019370905441,-3.27129768957249,0.96875,0.8873239436619719,2026-08-31T17:09:19.594996+00:00,1806733
concrete,bbb,control,2,1,927,617,310,156,0.5048387096774194,36,67,2.7121465190429497,2.7593990238707464,0.9828757985274948,5.980769523391043,5.721617510780393,-3.214706962009012,-3.1816911223327837,0.8888888888888888,0.9253731343283582,2026-08-31T17:09:19.672196+00:00,1806733
concrete,bbb,control,3,1,927,617,310,195,0.135702746365105,35,68,2.5908801723139825,2.821120636086718,0.9183868776019056,5.794062808349423,5.8234916985867695,-3.203805723798715,-3.187787580818615,0.9142857142857144,0.9117647058823528,2026-08-31T17:09:19.748943+00:00,1806733
concrete,bbb,control,4,1,927,617,310,111,0.5137318255250404,35,68,2.628046421601471,2.801990948953452,0.9379210959204028,5.779967083896695,5.83069694916548,-3.1956749480769093,-3.191972538910721,0.9142857142857144,0.9117647058823528,2026-08-31T17:09:19.829139+00:00,1806733
concrete,bbb,control,5,1,927,617,310,284,0.0097402597402597,32,71,2.600241158446898,2.807173129782893,0.926284571072394,6.157386463898448,5.65168484683176,-3.284747919865514,-3.151983413984851,0.84375,0.943661971830986,2026-08-31T17:09:19.909369+00:00,1806733
concrete,bbb,control,6,1,927,617,310,302,0.0,26,77,2.5360517411073618,2.812722909299932,0.9016358251010828,4.899309588853234,6.091290798562144,-3.010681286430912,-3.254870680278145,0.9615384615384616,0.8961038961038961,2026-08-31T17:09:19.990024+00:00,1806733
concrete,bbb,control,7,1,927,617,310,14,0.1201298701298701,32,71,2.675284667599888,2.773350703122391,0.964639872118555,6.337027416482511,5.561468527558916,-3.313693635156108,-3.138937457797541,0.90625,0.9154929577464788,2026-08-31T17:09:20.068285+00:00,1806733
concrete,gp,gap,0,1,927,619,308,278,0.0064620355411954,35,68,4.045594999591696,2.882446770450939,1.4035280862996788,6.401088112707344,5.840670695286076,-3.1823749846435847,-3.139817845521709,0.9428571428571428,0.9264705882352942,2026-08-31T17:05:06.843758+00:00,1806733
concrete,gp,gap,1,1,927,616,311,185,0.5064935064935064,32,71,5.941925845998293,2.683089316861832,2.2145836922596485,7.684238656181946,6.117365170617698,-3.466821522742136,-3.186780460025172,0.90625,0.9014084507042254,2026-08-31T17:05:11.190159+00:00,1806733
concrete,gp,gap,2,1,927,620,307,156,0.5048387096774194,36,67,3.1554423072637205,2.9387639164852426,1.0737311321821403,7.871055223592583,5.234623224631113,-3.579611950541145,-3.0216661252315413,0.8333333333333334,0.9552238805970148,2026-08-31T17:05:14.731873+00:00,1806733
concrete,gp,gap,3,1,927,619,308,195,0.135702746365105,35,68,3.690216671790784,3.046604299356804,1.211255650289031,7.008365366717059,5.9760420600083775,-3.22120562832447,-3.181531553641453,0.9142857142857144,0.9411764705882352,2026-08-31T17:05:18.873588+00:00,1806733
concrete,gp,gap,4,1,927,619,308,111,0.5137318255250404,35,68,5.0210369145657054,2.7958311899654484,1.7959013164266748,6.993595505725446,6.294030881294273,-3.210970411903036,-3.217370678748634,0.9428571428571428,0.8970588235294118,2026-08-31T17:05:21.238149+00:00,1806733
concrete,gp,gap,5,1,927,616,311,284,0.0097402597402597,32,71,4.991574396678952,2.510690867312484,1.9881278343207889,7.275844531276609,5.729876054637489,-3.3098416105704844,-3.122816960801162,0.90625,0.9014084507042254,2026-08-31T17:05:23.421262+00:00,1806733
concrete,gp,gap,6,1,927,610,317,302,0.0,26,77,3.102629371858867,2.634737118744265,1.1775859343939417,6.12298094631096,6.006092906155446,-3.1701219409309327,-3.195478084320285,0.8846153846153846,0.9090909090909092,2026-08-31T17:05:26.100660+00:00,1806733
concrete,gp,gap,7,1,927,616,311,14,0.1201298701298701,32,71,4.074864628890753,2.8029417632139824,1.453781410077648,6.353860133535907,6.217600210768011,-3.135312487400208,-3.1820969763686016,0.96875,0.943661971830986,2026-08-31T17:05:30.362108+00:00,1806733
concrete,gp,control,0,1,927,617,310,278,0.0064620355411954,35,68,2.278518582379749,3.0750712125282385,0.740964493146295,5.665961748146162,5.957391919855968,-3.121894357484268,-3.158647462603463,0.9428571428571428,0.9411764705882352,2026-08-31T17:05:32.814774+00:00,1806733
concrete,gp,control,1,1,927,617,310,185,0.5064935064935064,32,71,2.864048847069186,2.777513094774612,1.0311558395376696,5.096645058869683,6.173249011373106,-3.03886115413068,-3.194517930095818,0.96875,0.9295774647887324,2026-08-31T17:05:32.892347+00:00,1806733
concrete,gp,control,2,1,927,617,310,156,0.5048387096774194,36,67,2.592778483883318,2.918103991274805,0.8885147656271958,6.064681816903272,5.746993225859465,-3.2181002467476367,-3.1075032997920884,0.9444444444444444,0.9402985074626866,2026-08-31T17:05:32.962068+00:00,1806733
concrete,gp,control,3,1,927,617,310,195,0.135702746365105,35,68,2.059602381564214,3.187748668830352,0.6460993621306798,4.561437316227218,6.426884802571331,-2.946785324059574,-3.248777112160289,0.9428571428571428,0.9411764705882352,2026-08-31T17:05:33.040670+00:00,1806733
concrete,gp,control,4,1,927,617,310,111,0.5137318255250404,35,68,2.294878013506328,3.066650917095441,0.7483336302522189,4.489813976295819,6.452791816839517,-2.892941820721468,-3.2764906800549034,0.9714285714285714,0.9264705882352942,2026-08-31T17:05:33.110409+00:00,1806733
concrete,gp,control,5,1,927,617,310,284,0.0097402597402597,32,71,2.492511401290951,2.9449665914633942,0.8463632180127341,5.7562526720733445,5.906146608823257,-3.16105568341209,-3.1394443394337737,0.96875,0.9295774647887324,2026-08-31T17:05:33.187223+00:00,1806733
concrete,gp,control,6,1,927,617,310,302,0.0,26,77,1.8883619359003585,3.113708863659768,0.606467084299214,4.569557711203533,6.235697657387158,-2.9349091496818525,-3.21748950749684,0.9615384615384616,0.935064935064935,2026-08-31T17:05:33.269584+00:00,1806733
concrete,gp,control,7,1,927,617,310,14,0.1201298701298701,32,71,2.740629575304056,2.8331386820490363,0.967347483788519,5.2662528509268105,6.108750517483088,-3.021078459519352,-3.2025326656952893,0.96875,0.9295774647887324,2026-08-31T17:05:33.347836+00:00,1806733
concrete,mcd,gap,0,2,927,619,308,278,0.0064620355411954,35,68,2.82070584449102,2.904366359698956,0.9711949166025294,6.189523422732037,5.182398096205124,-3.245382821132216,-3.1069427371452805,1.0,0.9852941176470588,2026-08-31T17:05:36.864426+00:00,1806733
concrete,mcd,gap,1,2,927,610,317,185,0.5032786885245901,26,77,2.8807259226563864,2.777740459742601,1.0370752647363348,6.65275898447697,5.479297087231794,-3.2909789995064407,-3.132319968510463,0.8846153846153846,0.987012987012987,2026-08-31T17:05:39.073107+00:00,1806733
concrete,mcd,gap,2,2,927,620,307,156,0.5048387096774194,36,67,2.7260875205454096,2.781228655691415,0.9801738217268952,5.35958884536854,5.3968490880443625,-3.1038208490733035,-3.123971262975448,0.9444444444444444,0.9552238805970148,2026-08-31T17:05:42.665148+00:00,1806733
concrete,mcd,gap,3,2,927,629,298,195,0.1319554848966613,45,58,2.9168653788830663,3.203492721355896,0.9105266134797044,6.339180882971958,5.136242718633529,-3.273172632866065,-3.114186391592474,0.9111111111111112,0.9827586206896552,2026-08-31T17:05:45.019608+00:00,1806733
concrete,mcd,gap,4,2,927,619,308,111,0.4991922455573506,35,68,2.8452063439211708,2.9575283850348835,0.9620216523763344,7.954744535619007,5.059112774679696,-3.5361270613157267,-3.097906090116,0.8857142857142857,0.9852941176470588,2026-08-31T17:05:49.165849+00:00,1806733
concrete,mcd,gap,5,2,927,621,306,284,0.0096618357487922,37,66,3.134510131308754,3.1407752663230983,0.9980052265816272,6.345296639568281,5.538918211189249,-3.2712016333739986,-3.1486488244230144,0.945945945945946,0.9545454545454546,2026-08-31T17:05:50.655138+00:00,1806733
concrete,mcd,gap,6,2,927,612,315,302,0.0,28,75,2.8351368814676774,2.9199061022896378,0.9709685113656604,7.207179282215312,5.039287996107882,-3.4049513319815503,-3.087809309407919,0.8571428571428571,0.9866666666666668,2026-08-31T17:05:54.354662+00:00,1806733
concrete,mcd,gap,7,2,927,627,300,14,0.1180223285486443,43,60,2.961899256283574,3.0319060048271624,0.976909987172383,6.871298139376022,4.589517677536816,-3.3449523683794475,-3.028981627174875,0.9534883720930232,0.9666666666666668,2026-08-31T17:05:56.798158+00:00,1806733
concrete,mcd,control,0,2,927,620,307,278,0.0064620355411954,35,68,2.807601960747048,2.986740120478901,0.940022180536039,5.491966037988363,5.353868785496017,-3.146374975900965,-3.133444706884416,1.0,0.9705882352941176,2026-08-31T17:06:01.590567+00:00,1806733
concrete,mcd,control,1,2,927,620,307,185,0.5032786885245901,26,77,2.9796030971479173,2.90772358821904,1.0247202000974591,5.276348534015389,5.4426990650039855,-3.1218917708891896,-3.1432230932669505,0.9615384615384616,0.987012987012987,2026-08-31T17:06:01.665171+00:00,1806733
concrete,mcd,control,2,2,927,620,307,156,0.5048387096774194,36,67,2.8551246237421166,2.9638792591641154,0.963306657959923,5.085449764028824,5.563447276259261,-3.092999337787655,-3.1619311651390816,0.9722222222222222,0.9850746268656716,2026-08-31T17:06:01.739952+00:00,1806733
concrete,mcd,control,3,2,927,620,307,195,0.1319554848966613,45,58,2.757198239197037,3.056732345773195,0.9020083956678936,5.497648768710979,5.325149731611374,-3.149998523505664,-3.1284039770158487,0.9777777777777776,0.9827586206896552,2026-08-31T17:06:01.821053+00:00,1806733
concrete,mcd,control,4,2,927,620,307,111,0.4991922455573506,35,68,2.7952267543160203,2.993109712024283,0.933887168614868,5.769676682147756,5.20136324639345,-3.182306434920347,-3.114950573565617,0.9714285714285714,0.9852941176470588,2026-08-31T17:06:01.892871+00:00,1806733
concrete,mcd,control,5,2,927,620,307,284,0.0096618357487922,37,66,2.876436116636291,2.9535797045934724,0.9738813251468358,5.166691270256507,5.528303590096732,-3.1060994015398524,-3.155631611631811,0.972972972972973,0.9848484848484848,2026-08-31T17:06:01.970090+00:00,1806733
concrete,mcd,control,6,2,927,620,307,302,0.0,28,75,2.7487486722358083,2.991992453281458,0.9187017397791652,4.897504801584816,5.577585663968838,-3.0650504330011974,-3.1650126946752075,0.9642857142857144,0.9866666666666668,2026-08-31T17:06:02.049052+00:00,1806733
concrete,mcd,control,7,2,927,620,307,14,0.1180223285486443,43,60,2.788358911417224,3.024416060462855,0.9219495121284652,6.2044852615576405,4.742525212168976,-3.247460497347449,-3.05927604731223,0.9767441860465116,0.9833333333333332,2026-08-31T17:06:02.127771+00:00,1806733
concrete,map,gap,0,2,927,619,308,278,0.0064620355411954,35,68,0.0,0.0,,8.383597868155574,4.40724373315847,-5.848738263902781,-3.084244471699893,0.7142857142857143,0.8088235294117647,2026-08-31T17:05:59.932298+00:00,1806733
concrete,map,gap,1,2,927,610,317,185,0.5032786885245901,26,77,0.0,0.0,,13.297809900834766,4.794816171971545,-14.658342514382223,-3.546851406247903,0.5769230769230769,0.7662337662337663,2026-08-31T17:06:00.986077+00:00,1806733
concrete,map,gap,2,2,927,620,307,156,0.5048387096774194,36,67,0.0,0.0,,4.817468748641841,5.365448563206011,-3.6315446950223023,-4.05792682336859,0.7222222222222222,0.746268656716418,2026-08-31T17:06:03.112238+00:00,1806733
concrete,map,gap,3,2,927,629,298,195,0.1319554848966613,45,58,0.0,0.0,,9.284208296203447,3.522356173009024,-7.121312713146147,-2.721953456513676,0.6444444444444445,0.896551724137931,2026-08-31T17:06:05.059118+00:00,1806733
concrete,map,gap,4,2,927,619,308,111,0.4991922455573506,35,68,0.0,0.0,,9.546686881984266,3.237309613620016,-7.131020029448752,-2.6007163520152115,0.5142857142857142,0.9264705882352942,2026-08-31T17:06:07.562795+00:00,1806733
concrete,map,gap,5,2,927,621,306,284,0.0096618357487922,37,66,0.0,0.0,,10.008219779721914,4.674372578941142,-10.748874694840191,-3.7355420483473423,0.3513513513513513,0.7272727272727273,2026-08-31T17:06:10.701272+00:00,1806733
concrete,map,gap,6,2,927,612,315,302,0.0,28,75,0.0,0.0,,7.446011419301834,4.4814858667025135,-5.773183210923889,-3.305223491119084,0.7142857142857143,0.76,2026-08-31T17:06:11.472039+00:00,1806733
concrete,map,gap,7,2,927,627,300,14,0.1180223285486443,43,60,0.0,0.0,,7.887080825486974,5.203350112475266,-5.451540354185222,-3.5142780539564504,0.7906976744186046,0.8666666666666667,2026-08-31T17:06:12.881015+00:00,1806733
concrete,map,control,0,2,927,620,307,278,0.0064620355411954,35,68,0.0,0.0,,4.768320801968442,5.311015549544162,-3.259931330888709,-3.555469367651908,0.8857142857142857,0.7647058823529411,2026-08-31T17:06:13.779745+00:00,1806733
concrete,map,control,1,2,927,620,307,185,0.5032786885245901,26,77,0.0,0.0,,4.06883541050442,5.445620440144044,-2.9259539854513403,-3.633697531944153,0.8076923076923077,0.8051948051948052,2026-08-31T17:06:13.857735+00:00,1806733
concrete,map,control,2,2,927,620,307,156,0.5048387096774194,36,67,0.0,0.0,,3.796449550783636,5.723726636668587,-2.810202959792945,-3.801525478043112,0.8611111111111112,0.7761194029850746,2026-08-31T17:06:13.933074+00:00,1806733
concrete,map,control,3,2,927,620,307,195,0.1319554848966613,45,58,0.0,0.0,,4.924727094385354,5.2890208514971775,-3.341841987563013,-3.542872830018948,0.8444444444444444,0.7758620689655172,2026-08-31T17:06:14.012290+00:00,1806733
concrete,map,control,4,2,927,620,307,111,0.4991922455573506,35,68,0.0,0.0,,6.32925240268903,4.392136882215321,-4.195849156707043,-3.073746957304236,0.7428571428571429,0.8382352941176471,2026-08-31T17:06:14.082258+00:00,1806733
concrete,map,control,5,2,927,620,307,284,0.0096618357487922,37,66,0.0,0.0,,5.156706116061176,5.119732043565758,-3.468198263470713,-3.447669361106336,0.7837837837837838,0.8181818181818182,2026-08-31T17:06:14.160600+00:00,1806733
concrete,map,control,6,2,927,620,307,302,0.0,28,75,0.0,0.0,,3.930831428062017,5.515093198140831,-2.8663068835568803,-3.674838944557892,0.8571428571428571,0.7866666666666666,2026-08-31T17:06:14.237867+00:00,1806733
concrete,map,control,7,2,927,620,307,14,0.1180223285486443,43,60,0.0,0.0,,6.009477983139529,4.398796562269239,-3.982672316078192,-3.076910066501205,0.7674418604651163,0.8333333333333334,2026-08-31T17:06:14.319582+00:00,1806733
concrete,laplace,gap,0,2,927,619,308,278,0.0064620355411954,35,68,4.897077380561744,2.507726265503407,1.952795824618718,8.383597868155574,4.40724373315847,-3.5157336021331456,-2.9106246273142835,0.9142857142857144,0.8823529411764706,2026-08-31T17:06:16.653568+00:00,1806733
concrete,laplace,gap,1,2,927,610,317,185,0.5032786885245901,26,77,4.8347493595948485,2.3784882071624875,2.0326984784013944,13.297809900834766,4.794816171971545,-3.6006534390787843,-2.8710139217684856,0.7692307692307693,0.8441558441558441,2026-08-31T17:06:19.487530+00:00,1806733
concrete,laplace,gap,2,2,927,620,307,156,0.5048387096774194,36,67,3.327974604616826,2.696306825524594,1.234271475750663,4.817468748641841,5.365448563206011,-3.010774918550841,-2.989954834556732,0.9444444444444444,0.8507462686567164,2026-08-31T17:06:22.482752+00:00,1806733
concrete,laplace,gap,3,2,927,629,298,195,0.1319554848966613,45,58,5.476049075893067,2.6034855953320952,2.103352937965671,9.284208296203447,3.522356173009024,-3.542962311506673,-2.699084153723038,0.8888888888888888,0.913793103448276,2026-08-31T17:06:23.835622+00:00,1806733
concrete,laplace,gap,4,2,927,619,308,111,0.4991922455573506,35,68,6.061536192799378,2.383594210077125,2.5430235428383785,9.546686881984266,3.237309613620016,-3.600491327128835,-2.6378057716117125,0.9428571428571428,0.9558823529411764,2026-08-31T17:06:24.936504+00:00,1806733
concrete,laplace,gap,5,2,927,621,306,284,0.0096618357487922,37,66,4.764599896380005,2.2457992293062947,2.1215609277111307,10.008219779721914,4.674372578941142,-4.671422752633115,-2.810028204414009,0.6216216216216216,0.8939393939393939,2026-08-31T17:06:26.244702+00:00,1806733
concrete,laplace,gap,6,2,927,612,315,302,0.0,28,75,4.926762314466352,2.397811890003016,2.0546909184190234,7.446011419301834,4.4814858667025135,-3.278518908813121,-2.8977189387796005,0.8928571428571429,0.8666666666666667,2026-08-31T17:06:28.511835+00:00,1806733
concrete,laplace,gap,7,2,927,627,300,14,0.1180223285486443,43,60,4.051659853992947,2.549640787835961,1.5891100712394248,7.887080825486974,5.203350112475266,-3.053561697277998,-2.877596798582925,0.9302325581395348,0.9,2026-08-31T17:06:31.591763+00:00,1806733
concrete,laplace,control,0,2,927,620,307,278,0.0064620355411954,35,68,2.166734585315559,2.696674279474052,0.8034839809196941,4.768320801968442,5.311015549544162,-2.846707996600672,-3.129050231430432,0.9142857142857144,0.8970588235294118,2026-08-31T17:06:34.360627+00:00,1806733
concrete,laplace,control,1,2,927,620,307,185,0.5032786885245901,26,77,2.7692272736381804,2.4312941866972384,1.1389930880392567,4.06883541050442,5.445620440144044,-2.8747136657484287,-3.086592731283554,0.9615384615384616,0.8831168831168831,2026-08-31T17:06:34.440422+00:00,1806733
concrete,laplace,control,2,2,927,620,307,156,0.5048387096774194,36,67,2.479035166733625,2.5367805296696955,0.9772367525449316,3.796449550783636,5.723726636668587,-2.7841020493000976,-3.1669033110968554,0.9444444444444444,0.8805970149253731,2026-08-31T17:06:34.521735+00:00,1806733
concrete,laplace,control,3,2,927,620,307,195,0.1319554848966613,45,58,2.2701310456812616,2.707821800596954,0.838360576453295,4.924727094385354,5.2890208514971775,-2.918324076862538,-3.1221657268875638,0.8666666666666667,0.9310344827586208,2026-08-31T17:06:34.598947+00:00,1806733
concrete,laplace,control,4,2,927,620,307,111,0.4991922455573506,35,68,2.6970371516757403,2.4237244291416054,1.112765593005527,6.32925240268903,4.392136882215321,-3.331671931832387,-2.8794364412376368,0.8285714285714286,0.9411764705882352,2026-08-31T17:06:34.675366+00:00,1806733
concrete,laplace,control,5,2,927,620,307,284,0.0096618357487922,37,66,2.2113217213116845,2.687737239420421,0.8227447567711381,5.156706116061176,5.119732043565758,-3.0789754876370306,-3.0073954935715568,0.8648648648648649,0.9242424242424242,2026-08-31T17:06:34.749824+00:00,1806733
concrete,laplace,control,6,2,927,620,307,302,0.0,28,75,1.9965833711679848,2.71073636130102,0.7365464969856836,3.930831428062017,5.515093198140831,-2.752561842999424,-3.137846186857453,0.9642857142857144,0.88,2026-08-31T17:06:34.828799+00:00,1806733
concrete,laplace,control,7,2,927,620,307,14,0.1180223285486443,43,60,2.5785534109360047,2.4721960803338647,1.043021397634356,6.009477983139529,4.398796562269239,-3.231727396158614,-2.890765293057874,0.8372093023255814,0.95,2026-08-31T17:06:34.900348+00:00,1806733
concrete,ensemble,gap,0,2,927,619,308,278,0.0064620355411954,35,68,4.010825048601771,1.9580879011322927,2.048337588053352,7.681965993215332,3.846950436046103,-3.367155153988778,-2.735295723040675,0.8285714285714286,0.9117647058823528,2026-08-31T17:07:18.494647+00:00,1806733
concrete,ensemble,gap,1,2,927,610,317,185,0.5032786885245901,26,77,3.718296276518037,1.8590990210656992,2.000052839781811,6.650436381739536,4.045968620922461,-3.153715330078426,-2.7818312309358677,0.8461538461538461,0.8961038961038961,2026-08-31T17:07:18.853806+00:00,1806733
concrete,ensemble,gap,2,2,927,620,307,156,0.5048387096774194,36,67,2.3831689261398523,1.838924387345496,1.2959580842690213,4.066896552586259,6.087175765453971,-2.9094331195072964,-3.6564101036285073,0.8888888888888888,0.8507462686567164,2026-08-31T17:07:20.192206+00:00,1806733
concrete,ensemble,gap,3,2,927,629,298,195,0.1319554848966613,45,58,4.273269390090693,1.658925325296692,2.575926308995516,7.97996356229843,3.418852041154668,-3.487771852070296,-2.6533037925627068,0.8666666666666667,0.9482758620689656,2026-08-31T17:07:22.714594+00:00,1806733
concrete,ensemble,gap,4,2,927,619,308,111,0.4991922455573506,35,68,4.341838144781536,1.5871623463967142,2.7355980027113658,9.550236652115824,2.990872092829448,-3.711388509953792,-2.5483391216821447,0.7428571428571429,0.9705882352941176,2026-08-31T17:07:25.948954+00:00,1806733
concrete,ensemble,gap,5,2,927,621,306,284,0.0096618357487922,37,66,4.697944635310977,1.965487988443934,2.390217932102609,8.877194569902777,4.022379189982022,-4.394341154788502,-2.6749172766584373,0.7297297297297297,0.8939393939393939,2026-08-31T17:07:28.391544+00:00,1806733
concrete,ensemble,gap,6,2,927,612,315,302,0.0,28,75,3.267956558635434,1.8793033623876545,1.7389191250546672,7.42503086387979,3.563080819743174,-3.599687858717008,-2.702934750981738,0.8571428571428571,0.92,2026-08-31T17:08:12.359244+00:00,1806733
concrete,ensemble,gap,7,2,927,627,300,14,0.1180223285486443,43,60,3.2005411373886625,1.7050085401281792,1.8771408248477464,6.527396138167585,5.1726919657997525,-3.002211974657835,-3.273418696323309,0.9534883720930232,0.9,2026-08-31T17:08:13.765993+00:00,1806733
concrete,ensemble,control,0,2,927,620,307,278,0.0064620355411954,35,68,1.7471759195411354,1.893095374326902,0.9229201778396142,3.922599996674692,4.883290087527123,-2.6671858487300835,-2.9967037814582262,0.9714285714285714,0.8823529411764706,2026-08-31T17:08:12.341540+00:00,1806733
concrete,ensemble,control,1,2,927,620,307,185,0.5032786885245901,26,77,1.7702671592485295,1.8682428116585363,0.9475573240273684,3.883103161439068,4.791849726674117,-2.779596774130003,-2.9202317625627567,0.9230769230769232,0.9090909090909092,2026-08-31T17:08:12.419921+00:00,1806733
concrete,ensemble,control,2,2,927,620,307,156,0.5048387096774194,36,67,1.6523864519769265,1.946204930850742,0.849030040867598,3.220420129307736,5.164085747813867,-2.5642749938449065,-3.0569173442730704,0.9722222222222222,0.8805970149253731,2026-08-31T17:08:12.497681+00:00,1806733
concrete,ensemble,control,3,2,927,620,307,195,0.1319554848966613,45,58,1.665660655267318,1.9814985026058576,0.8406065677449753,4.190844018716967,4.859683481853144,-2.702888113970642,-3.0258171847591973,0.9333333333333332,0.896551724137931,2026-08-31T17:08:12.570097+00:00,1806733
concrete,ensemble,control,4,2,927,620,307,111,0.4991922455573506,35,68,1.881009058052402,1.8242106706813968,1.0311358705898748,6.071857597560077,3.576352609355561,-3.302928024910385,-2.669483543718366,0.8285714285714286,0.9558823529411764,2026-08-31T17:08:12.647205+00:00,1806733
concrete,ensemble,control,5,2,927,620,307,284,0.0096618357487922,37,66,1.6073819750955594,1.9758865084792936,0.8134991398532563,4.051164011155083,4.850585364205906,-2.8520359661410835,-2.9030610772347307,0.8648648648648649,0.9393939393939394,2026-08-31T17:08:12.725338+00:00,1806733
concrete,ensemble,control,6,2,927,620,307,302,0.0,28,75,1.3937292956479836,2.011429631467007,0.6929048244315102,3.0649416572077706,5.029344411771703,-2.535693327001772,-3.0150393158488367,0.9642857142857144,0.8933333333333333,2026-08-31T17:08:12.808204+00:00,1806733
concrete,ensemble,control,7,2,927,620,307,14,0.1180223285486443,43,60,1.8662605631013456,1.8272073070801869,1.0213731938734223,5.575828810088921,3.704134850676868,-3.115648992432729,-2.71924091950175,0.8837209302325582,0.9333333333333332,2026-08-31T17:08:12.886190+00:00,1806733
concrete,bbb,gap,0,2,927,619,308,278,0.0064620355411954,35,68,2.51180536934832,2.609635362566462,0.9625120066115558,9.71904740529906,4.519391956265985,-4.32232759299262,-2.946287178799136,0.6285714285714286,0.9558823529411764,2026-08-31T17:11:43.565544+00:00,1806733
concrete,bbb,gap,1,2,927,610,317,185,0.5032786885245901,26,77,2.3048105222182733,2.388328413722588,0.9650308177784735,7.008419070457641,5.432540254752743,-3.501614653465557,-3.1225870125243547,0.8076923076923077,0.8571428571428571,2026-08-31T17:11:49.227478+00:00,1806733
concrete,bbb,gap,2,2,927,620,307,156,0.5048387096774194,36,67,2.016967587727142,2.0642373255587034,0.9771006282822796,5.475272860838322,7.355429991819146,-3.2010417784167786,-3.812405488645545,0.9444444444444444,0.8507462686567164,2026-08-31T17:11:52.404230+00:00,1806733
concrete,bbb,gap,3,2,927,629,298,195,0.1319554848966613,45,58,2.034165336576048,2.174200895321331,0.9355921713367766,8.826555096577504,4.516937956389796,-4.2835145613231065,-2.931488818789209,0.7777777777777778,0.9655172413793104,2026-08-31T17:11:53.558989+00:00,1806733
concrete,bbb,gap,4,2,927,619,308,111,0.4991922455573506,35,68,2.1390280855304686,2.1827460842142354,0.9799711019985612,9.469610184477355,3.759131339296252,-4.674291172577794,-2.778123277424503,0.7428571428571429,0.9558823529411764,2026-08-31T17:12:39.499360+00:00,1806733
concrete,bbb,gap,5,2,927,621,306,284,0.0096618357487922,37,66,1.998943048824958,2.015719329151364,0.991677273674074,8.443804148467878,5.640038188831478,-4.307309075017592,-3.2186183983131578,0.6216216216216216,0.9090909090909092,2026-08-31T17:12:42.522761+00:00,1806733
concrete,bbb,gap,6,2,927,612,315,302,0.0,28,75,2.046618383210426,2.173982321221636,0.9414144555050292,8.211287614169377,4.875337700772836,-4.184848311328272,-3.021636888626274,0.7857142857142857,0.8933333333333333,2026-08-31T17:12:46.230344+00:00,1806733
concrete,bbb,gap,7,2,927,627,300,14,0.1180223285486443,43,60,2.3422055637181987,2.3335774158401303,1.003697390889842,7.714704572895193,4.315907155411752,-3.764046069594885,-2.889012264255778,0.8837209302325582,0.9333333333333332,2026-08-31T17:13:52.402656+00:00,1806733
concrete,bbb,control,0,2,927,620,307,278,0.0064620355411954,35,68,2.117160496755281,2.212554524151316,0.9568851179237604,4.808234298907765,5.418597440645787,-2.980468819208752,-3.119082195825264,0.9142857142857144,0.9411764705882352,2026-08-31T17:16:10.951488+00:00,1806733
concrete,bbb,control,1,2,927,620,307,185,0.5032786885245901,26,77,2.2979682678749374,2.140352598233453,1.073640048733827,5.914516026242364,4.962471605253192,-3.235513466832625,-3.016761660399688,0.8846153846153846,0.948051948051948,2026-08-31T17:16:11.033509+00:00,1806733
concrete,bbb,control,2,2,927,620,307,156,0.5048387096774194,36,67,2.138845019383734,2.202326930312087,0.971175073939019,5.322504028677828,5.162847773559917,-3.0882320550767126,-3.0632484179949646,0.9166666666666666,0.9402985074626866,2026-08-31T17:16:11.105038+00:00,1806733
concrete,bbb,control,3,2,927,620,307,195,0.1319554848966613,45,58,2.054129468677743,2.2779051541073425,0.9017625097225384,4.736684166805024,5.564825827518156,-2.9697075951723977,-3.1513302794080404,0.9555555555555556,0.913793103448276,2026-08-31T17:16:11.177618+00:00,1806733
concrete,bbb,control,4,2,927,620,307,111,0.4991922455573506,35,68,2.140725364371641,2.2004255481723063,0.9728688008325242,5.819071030591265,4.881801452560373,-3.206160420627297,-3.0029174009774837,0.8571428571428571,0.9705882352941176,2026-08-31T17:16:11.258538+00:00,1806733
concrete,bbb,control,5,2,927,620,307,284,0.0096618357487922,37,66,2.0838349868259955,2.23412773509337,0.9327286681479322,4.870786817367232,5.40471413286797,-2.989112147135814,-3.1184370991575627,0.972972972972973,0.9090909090909092,2026-08-31T17:16:11.343427+00:00,1806733
concrete,bbb,control,6,2,927,620,307,302,0.0,28,75,2.081256030763329,2.2170554155646807,0.938747861759349,3.343399865302852,5.765110628967699,-2.731008135511434,-3.199276935921388,1.0,0.9066666666666666,2026-08-31T17:16:11.426826+00:00,1806733
concrete,bbb,control,7,2,927,620,307,14,0.1180223285486443,43,60,2.1236310807288303,2.2206364759564097,0.9563164001501868,5.767032286323837,4.788194052291112,-3.2044687835144714,-2.9770306716217,0.8604651162790697,0.9833333333333332,2026-08-31T17:16:11.504316+00:00,1806733
concrete,gp,gap,0,2,927,619,308,278,0.0064620355411954,35,68,3.756590909099952,2.558060901627491,1.468530677557337,5.4518986521509865,5.0426171843283605,-3.100534227106827,-3.0703324997988504,0.9714285714285714,0.9705882352941176,2026-08-31T17:12:00.782597+00:00,1806733
concrete,gp,gap,1,2,927,610,317,185,0.5032786885245901,26,77,4.228981323652783,2.271790328755936,1.861519203653196,5.929687429044345,5.06895531895534,-3.2006804008001337,-3.046765373754205,0.9615384615384616,0.922077922077922,2026-08-31T17:12:05.408105+00:00,1806733
concrete,gp,gap,2,2,927,620,307,156,0.5048387096774194,36,67,2.540385047541353,2.2466389099880537,1.130749154324431,4.941027510528905,5.5672633236613365,-3.027848954383062,-3.142985570739109,0.9444444444444444,0.8955223880597015,2026-08-31T17:12:07.732693+00:00,1806733
concrete,gp,gap,3,2,927,629,298,195,0.1319554848966613,45,58,3.737520310901575,2.6580642404016044,1.4061060880668843,8.027743169523546,5.076418337131662,-3.4235409362894584,-3.0704263322407277,0.8444444444444444,0.9482758620689656,2026-08-31T17:12:14.924239+00:00,1806733
concrete,gp,gap,4,2,927,619,308,111,0.4991922455573506,35,68,4.341202270575867,2.318125017459697,1.872721375197075,8.24570852556872,4.7483462170796855,-3.42607563299847,-3.0099654778229854,0.8571428571428571,0.9705882352941176,2026-08-31T17:12:19.388287+00:00,1806733
concrete,gp,gap,5,2,927,621,306,284,0.0096618357487922,37,66,3.5475127586775854,2.389739116667936,1.4844770016670097,6.874422679922598,4.885817879401748,-3.450375414153096,-3.00719327772648,0.8918918918918919,0.9545454545454546,2026-08-31T17:12:22.509838+00:00,1806733
concrete,gp,gap,6,2,927,612,315,302,0.0,28,75,2.9944597376743904,2.3673045362961416,1.2649237526319654,7.978738655911968,5.152778215100794,-3.398375749989726,-3.077684287748826,0.8214285714285714,0.9333333333333332,2026-08-31T17:12:27.654123+00:00,1806733
concrete,gp,gap,7,2,927,627,300,14,0.1180223285486443,43,60,3.445236659868921,2.360400665163675,1.4595982413985726,8.66073397118475,5.204833613531862,-3.5462839007771634,-3.022237210554399,0.8837209302325582,0.9666666666666668,2026-08-31T17:12:32.081874+00:00,1806733
concrete,gp,control,0,2,927,620,307,278,0.0064620355411954,35,68,2.0317457191008232,2.623670390374698,0.7743906119284522,5.279672082719477,5.752021767520893,-3.0412764897107745,-3.191260296578225,0.9428571428571428,0.9411764705882352,2026-08-31T17:12:34.152227+00:00,1806733
concrete,gp,control,1,2,927,620,307,185,0.5032786885245901,26,77,2.5957569085498915,2.364039053139106,1.098017778134036,5.397497596271262,5.661440110772353,-3.139373247190981,-3.1406061413016992,0.9615384615384616,0.935064935064935,2026-08-31T17:12:34.233769+00:00,1806733
concrete,gp,control,2,2,927,620,307,156,0.5048387096774194,36,67,2.3748409819354666,2.4481553934974856,0.9700532034213398,5.339498891641759,5.729063327355093,-3.0921830346412063,-3.1661460904494474,0.9444444444444444,0.9402985074626866,2026-08-31T17:12:34.320722+00:00,1806733
concrete,gp,control,3,2,927,620,307,195,0.1319554848966613,45,58,2.1046597137021417,2.66915516547262,0.7885115638563769,5.511594591075752,5.660599964476303,-3.108149614860652,-3.165235252387362,0.9333333333333332,0.9482758620689656,2026-08-31T17:12:34.400718+00:00,1806733
concrete,gp,control,4,2,927,620,307,111,0.4991922455573506,35,68,2.42022513810831,2.423717748238492,0.9985589864443908,6.547705271999179,5.036511622753888,-3.293813810656737,-3.0612778519736854,0.9142857142857144,0.9558823529411764,2026-08-31T17:12:34.480601+00:00,1806733
concrete,gp,control,5,2,927,620,307,284,0.0096618357487922,37,66,2.083725851290004,2.612467124489064,0.7976084490240356,5.564495954629789,5.613566281535386,-3.131884469178641,-3.1450098779937363,0.918918918918919,0.9545454545454546,2026-08-31T17:12:34.558039+00:00,1806733
concrete,gp,control,6,2,927,620,307,302,0.0,28,75,1.8883462721414936,2.621959881253953,0.7202041059600011,4.427583563846677,5.9738945551182026,-2.933476645311005,-3.217507083179844,0.9285714285714286,0.9466666666666668,2026-08-31T17:12:34.638012+00:00,1806733
concrete,gp,control,7,2,927,620,307,14,0.1180223285486443,43,60,2.363552220459101,2.464799020571115,0.958922898269996,7.058840881973124,4.248299695210104,-3.43489107998209,-2.9291676811327747,0.8837209302325582,0.9833333333333332,2026-08-31T17:12:34.717591+00:00,1806733
concrete,mcd,gap,0,3,927,620,307,278,0.0048387096774193,36,67,3.038811873250172,2.95446325231924,1.028549558321539,7.13736779507381,5.427532327227787,-3.410959418526468,-3.144145481534561,0.8611111111111112,0.9552238805970148,2026-08-31T17:12:40.398162+00:00,1806733
concrete,mcd,gap,1,3,927,618,309,185,0.5097087378640777,34,69,2.73751307551085,2.6645761134024943,1.0273728199173937,7.545267735068119,6.1491893052474245,-3.5008861556666178,-3.2394494277070653,0.8529411764705882,0.9565217391304348,2026-08-31T17:12:43.702066+00:00,1806733
concrete,mcd,gap,2,3,927,624,303,156,0.5112179487179487,40,63,2.632452153085409,2.823763575069411,0.932249490122664,7.537908879845296,5.1435052963198205,-3.500051633418488,-3.092920067390618,0.875,0.9523809523809524,2026-08-31T17:12:46.586526+00:00,1806733
concrete,mcd,gap,3,3,927,622,305,195,0.1302250803858521,38,65,2.886266367021689,3.1522602971703018,0.9156180311672268,5.918060067622516,6.336518641862435,-3.206897181395666,-3.27685617852112,0.9473684210526316,0.9230769230769232,2026-08-31T17:12:51.577611+00:00,1806733
concrete,mcd,gap,4,3,927,624,303,111,0.5192307692307693,40,63,2.8110650922810407,3.0668876585346707,0.9165856090157996,7.637667319554096,5.788970141444536,-3.512734045117261,-3.2077107025254925,0.875,0.9365079365079364,2026-08-31T17:12:52.121727+00:00,1806733
concrete,mcd,gap,5,3,927,620,307,284,0.0112903225806451,36,67,2.9092830004239065,3.0646729618161523,0.9492963969309924,6.825974945124023,5.765553169744183,-3.3609310024930217,-3.19435199322376,0.9166666666666666,0.9253731343283582,2026-08-31T17:12:54.396334+00:00,1806733
concrete,mcd,gap,6,3,927,617,310,302,0.0,33,70,2.8858695530512604,2.842252795492949,1.0153458403233786,8.063825082952254,5.818007774292383,-3.596784568374208,-3.202456320640134,0.8484848484848485,0.9142857142857144,2026-08-31T17:12:55.692074+00:00,1806733
concrete,mcd,gap,7,3,927,620,307,14,0.1193548387096774,36,67,2.714987639509176,2.982249846232473,0.9103823554351308,6.92704342423816,5.957747228779544,-3.364018855999256,-3.2179282505235487,0.8888888888888888,0.9552238805970148,2026-08-31T17:12:57.441474+00:00,1806733
concrete,mcd,control,0,3,927,621,306,278,0.0048387096774193,36,67,2.8522804333641663,2.730106325031484,1.0447506777346018,6.770737056562671,6.42339460078236,-3.3472267065879926,-3.2849355007180354,0.8888888888888888,0.9253731343283582,2026-08-31T17:12:58.944997+00:00,1806733
concrete,mcd,control,1,3,927,621,306,185,0.5097087378640777,34,69,2.807469961982915,2.7557281256637727,1.0187761034324383,6.236176757238116,6.694695013147781,-3.2558842556515586,-3.331750366567002,0.9411764705882352,0.8985507246376812,2026-08-31T17:12:59.022997+00:00,1806733
concrete,mcd,control,2,3,927,621,306,156,0.5112179487179487,40,63,2.642846629981344,2.855323082205804,0.9255858457669464,7.925894863110577,5.494544472341327,-3.555997681253136,-3.14842750373255,0.85,0.9523809523809524,2026-08-31T17:12:59.096777+00:00,1806733
concrete,mcd,control,3,3,927,621,306,195,0.1302250803858521,38,65,2.6260965264536558,2.85857771343047,0.9186724272408102,4.8154341642148015,7.373136410610327,-3.0537276030521654,-3.454602939527597,1.0,0.8615384615384616,2026-08-31T17:12:59.173029+00:00,1806733
concrete,mcd,control,4,3,927,621,306,111,0.5192307692307693,40,63,2.597515102567512,2.8841050043733167,0.9006312525475897,6.1074054549074495,6.811227325719752,-3.22936011885478,-3.355816432239443,0.95,0.8888888888888888,2026-08-31T17:12:59.250824+00:00,1806733
concrete,mcd,control,5,3,927,621,306,284,0.0112903225806451,36,67,2.6082596811914738,2.861221953064572,0.9115894271668936,5.380878950508646,7.09469496104664,-3.123980024667985,-3.404888941749681,0.9722222222222222,0.8805970149253731,2026-08-31T17:12:59.325172+00:00,1806733
concrete,mcd,control,6,3,927,621,306,302,0.0,33,70,2.6873860901768043,2.8130782628912123,0.9553186363947,6.32145495971219,6.650518139833712,-3.278974919914673,-3.319780966115599,0.9393939393939394,0.9,2026-08-31T17:12:59.402928+00:00,1806733
concrete,mcd,control,7,3,927,621,306,14,0.1193548387096774,36,67,2.5057185590240363,2.916318675423196,0.859206018923986,7.1339287065330685,6.208585501406994,-3.3970836768290606,-3.258146680887013,0.8888888888888888,0.9253731343283582,2026-08-31T17:12:59.482576+00:00,1806733
concrete,map,gap,0,3,927,620,307,278,0.0048387096774193,36,67,0.0,0.0,,7.072093787380426,5.775019318707289,-5.190767703845956,-4.107324286938093,0.5833333333333334,0.746268656716418,2026-08-31T17:13:02.112436+00:00,1806733
concrete,map,gap,1,3,927,618,309,185,0.5097087378640777,34,69,0.0,0.0,,9.048908645371473,6.082712381290927,-7.717236393102205,-4.525325613664057,0.5882352941176471,0.7101449275362319,2026-08-31T17:13:02.940506+00:00,1806733
concrete,map,gap,2,3,927,624,303,156,0.5112179487179487,40,63,0.0,0.0,,7.064533413998962,4.9077944713467705,-5.407025095857959,-3.5926031538373837,0.6,0.7777777777777778,2026-08-31T17:13:05.241034+00:00,1806733
concrete,map,gap,3,3,927,622,305,195,0.1302250803858521,38,65,0.0,0.0,,8.885113351096232,5.038344142436816,-7.208905652069328,-3.623601977476637,0.5526315789473685,0.7846153846153846,2026-08-31T17:13:06.437860+00:00,1806733
concrete,map,gap,4,3,927,624,303,111,0.5192307692307693,40,63,0.0,0.0,,10.568834063615975,5.055581517360286,-8.123685277844276,-3.421522038808473,0.45,0.7619047619047619,2026-08-31T17:13:08.352429+00:00,1806733
concrete,map,gap,5,3,927,620,307,284,0.0112903225806451,36,67,0.0,0.0,,9.503322000384324,6.147779113288478,-10.786230024249674,-5.515194855583971,0.4166666666666667,0.7014925373134329,2026-08-31T17:13:10.058286+00:00,1806733
concrete,map,gap,6,3,927,617,310,302,0.0,33,70,0.0,0.0,,8.167434284366127,5.481025151094073,-7.060151207124774,-4.194710061416175,0.5151515151515151,0.7857142857142857,2026-08-31T17:13:13.045386+00:00,1806733
concrete,map,gap,7,3,927,620,307,14,0.1193548387096774,36,67,0.0,0.0,,8.620371767635662,5.2784655497197415,-7.310859208002999,-3.916559926624581,0.5833333333333334,0.7313432835820896,2026-08-31T17:13:13.489490+00:00,1806733
concrete,map,control,0,3,927,621,306,278,0.0048387096774193,36,67,0.0,0.0,,5.028161821416616,6.494260705420378,-3.5911569280084885,-4.697593118173568,0.8611111111111112,0.7313432835820896,2026-08-31T17:13:16.119714+00:00,1806733
concrete,map,control,1,3,927,621,306,185,0.5097087378640777,34,69,0.0,0.0,,6.18189440706694,5.942456258621179,-4.438252209274158,-4.248113234936426,0.7941176470588235,0.7681159420289855,2026-08-31T17:13:16.197883+00:00,1806733
concrete,map,control,2,3,927,621,306,156,0.5112179487179487,40,63,0.0,0.0,,6.679099134720894,5.565633605589861,-4.8570738195943886,-3.9640862784469695,0.775,0.7777777777777778,2026-08-31T17:13:16.280783+00:00,1806733
concrete,map,control,3,3,927,621,306,195,0.1302250803858521,38,65,0.0,0.0,,6.003581026962517,6.033606719106291,-4.29593883246522,-4.319610964496252,0.8421052631578947,0.7384615384615385,2026-08-31T17:13:16.375131+00:00,1806733
concrete,map,control,4,3,927,621,306,111,0.5192307692307693,40,63,0.0,0.0,,7.134997407739484,5.194002291890771,-5.269560326408829,-3.702190083644152,0.75,0.7936507936507936,2026-08-31T17:13:16.448600+00:00,1806733
concrete,map,control,5,3,927,621,306,284,0.0112903225806451,36,67,0.0,0.0,,5.433813851264506,6.316257277053595,-3.869119724279813,-4.548239973908379,0.8611111111111112,0.7313432835820896,2026-08-31T17:13:16.530241+00:00,1806733
concrete,map,control,6,3,927,621,306,302,0.0,33,70,0.0,0.0,,5.44240208579528,6.277475212396862,-3.875237605347245,-4.51625067642108,0.7878787878787878,0.7714285714285715,2026-08-31T17:13:16.607333+00:00,1806733
concrete,map,control,7,3,927,621,306,14,0.1193548387096774,36,67,0.0,0.0,,7.235537243173169,5.256427646151327,-5.364190668244057,-3.7449182726738592,0.7777777777777778,0.7761194029850746,2026-08-31T17:13:16.678028+00:00,1806733
concrete,laplace,gap,0,3,927,620,307,278,0.0048387096774193,36,67,5.2618607718002695,2.744020806100566,1.9175732050216188,7.072093787380426,5.775019318707289,-3.3563436511462736,-3.388664438131617,0.8888888888888888,0.8805970149253731,2026-08-31T17:13:18.282345+00:00,1806733
concrete,laplace,gap,1,3,927,618,309,185,0.5097087378640777,34,69,4.286500425923541,2.6676647609909048,1.6068362444205018,9.048908645371473,6.082712381290927,-3.591247671880057,-3.421594354021792,0.8235294117647058,0.8115942028985508,2026-08-31T17:13:20.613982+00:00,1806733
concrete,laplace,gap,2,3,927,624,303,156,0.5112179487179487,40,63,3.760994451669736,2.946066042982506,1.2766157977443784,7.064533413998962,4.9077944713467705,-3.633903025483092,-2.9599126677935885,0.85,0.873015873015873,2026-08-31T17:13:22.008568+00:00,1806733
concrete,laplace,gap,3,3,927,622,305,195,0.1302250803858521,38,65,4.87336576548891,2.557236558472374,1.9057156637867445,8.885113351096232,5.038344142436816,-3.351219475407188,-3.108679993928469,0.8947368421052632,0.8769230769230769,2026-08-31T17:13:24.704971+00:00,1806733
concrete,laplace,gap,4,3,927,624,303,111,0.5192307692307693,40,63,6.409992395009562,2.851186462327693,2.2481842137313177,10.568834063615975,5.055581517360286,-3.778013236123254,-3.106738077942698,0.775,0.9047619047619048,2026-08-31T17:13:25.408628+00:00,1806733
concrete,laplace,gap,5,3,927,620,307,284,0.0112903225806451,36,67,4.885951858676972,2.2838874418567,2.1393137722693147,9.503322000384324,6.147779113288478,-4.546114577983977,-3.754505366722198,0.7777777777777778,0.8507462686567164,2026-08-31T17:13:28.615101+00:00,1806733
concrete,laplace,gap,6,3,927,617,310,302,0.0,33,70,5.481639591831553,2.457993235721652,2.2301280215778045,8.167434284366127,5.481025151094073,-3.5346714956249934,-3.192724041561507,0.9090909090909092,0.8428571428571429,2026-08-31T17:13:30.045050+00:00,1806733
concrete,laplace,gap,7,3,927,620,307,14,0.1193548387096774,36,67,4.124988871400969,2.5609945508092995,1.6106980274899187,8.620371767635662,5.2784655497197415,-3.734922840811531,-3.1588380069989226,0.8055555555555556,0.835820895522388,2026-08-31T17:13:32.573318+00:00,1806733
concrete,laplace,control,0,3,927,621,306,278,0.0048387096774193,36,67,2.4209355584378374,2.8309523297861907,0.8551664868976017,5.028161821416616,6.494260705420378,-2.876698095846057,-3.574695294519597,0.9166666666666666,0.8059701492537313,2026-08-31T17:13:33.537439+00:00,1806733
concrete,laplace,control,1,3,927,621,306,185,0.5097087378640777,34,69,2.6150260660163918,2.7234289848533284,0.9601961646733465,6.18189440706694,5.942456258621179,-3.4787516095269173,-3.2577994414399387,0.8529411764705882,0.8405797101449275,2026-08-31T17:13:33.613416+00:00,1806733
concrete,laplace,control,2,3,927,621,306,156,0.5112179487179487,40,63,2.628824698419256,2.7249920359153443,0.9647091308052996,6.679099134720894,5.565633605589861,-3.702816322950291,-3.09449306770253,0.825,0.8571428571428571,2026-08-31T17:13:33.690859+00:00,1806733
concrete,laplace,control,3,3,927,621,306,195,0.1302250803858521,38,65,2.468071077055183,2.816012081097538,0.876441934898679,6.003581026962517,6.033606719106291,-3.488501146112424,-3.238502655861523,0.8947368421052632,0.8153846153846154,2026-08-31T17:13:33.774217+00:00,1806733
concrete,laplace,control,4,3,927,621,306,111,0.5192307692307693,40,63,2.7079271054368954,2.674768285427955,1.0123968944112238,7.134997407739484,5.194002291890771,-3.694221686235824,-3.099949979902191,0.825,0.8571428571428571,2026-08-31T17:13:33.850303+00:00,1806733
concrete,laplace,control,5,3,927,621,306,284,0.0112903225806451,36,67,2.041114229427165,3.0350354319411785,0.6725174302567165,5.433813851264506,6.316257277053595,-3.301143420415113,-3.3466351201242825,0.8611111111111112,0.835820895522388,2026-08-31T17:13:33.927219+00:00,1806733
concrete,laplace,control,6,3,927,621,306,302,0.0,33,70,2.296468624186764,2.8720574514467674,0.7995900719290776,5.44240208579528,6.277475212396862,-3.3495176823801973,-3.321880466638921,0.8787878787878788,0.8285714285714286,2026-08-31T17:13:34.011088+00:00,1806733
concrete,laplace,control,7,3,927,621,306,14,0.1193548387096774,36,67,2.958908444883937,2.541892271397242,1.1640573749639938,7.235537243173169,5.256427646151327,-3.5395483489124118,-3.2185369495884206,0.7777777777777778,0.8805970149253731,2026-08-31T17:13:34.092704+00:00,1806733
concrete,ensemble,gap,0,3,927,620,307,278,0.0048387096774193,36,67,5.150767899083792,2.2807113800831287,2.2584040857006875,5.954196527177875,5.112574651515545,-3.145003550517382,-3.228627722946637,0.9444444444444444,0.8656716417910447,2026-08-31T17:14:19.220060+00:00,1806733
concrete,ensemble,gap,1,3,927,618,309,185,0.5097087378640777,34,69,3.6428302041820193,2.006210094100196,1.8157770289835289,7.884516615434662,5.060390052608014,-3.7143560240835782,-3.220755143910988,0.7941176470588235,0.7971014492753623,2026-08-31T17:14:18.496493+00:00,1806733
concrete,ensemble,gap,2,3,927,624,303,156,0.5112179487179487,40,63,3.4554538663838827,2.157166572826472,1.6018484200115817,6.752555630768355,4.161870853506713,-3.798779470245207,-2.822810407922049,0.8,0.9047619047619048,2026-08-31T17:14:21.986441+00:00,1806733
concrete,ensemble,gap,3,3,927,622,305,195,0.1302250803858521,38,65,3.782402882972247,2.044217148484545,1.8502940775035983,8.23967964996483,4.846639713228885,-3.9238565616675496,-3.02517451191436,0.8157894736842105,0.8923076923076924,2026-08-31T17:14:24.595796+00:00,1806733
concrete,ensemble,gap,4,3,927,624,303,111,0.5192307692307693,40,63,4.914753884162915,1.879350640133745,2.6151340676975283,9.381729889036702,4.55489926992131,-4.354397789557068,-3.0845866051675204,0.875,0.8571428571428571,2026-08-31T17:14:27.409681+00:00,1806733
concrete,ensemble,gap,5,3,927,620,307,284,0.0112903225806451,36,67,4.985213393685648,1.78069055297891,2.7995955756298616,8.160799321867461,4.893986489023708,-4.857762564403909,-3.3819271176071157,0.75,0.8059701492537313,2026-08-31T17:14:27.513674+00:00,1806733
concrete,ensemble,gap,6,3,927,617,310,302,0.0,33,70,5.15869712977026,2.008756636522277,2.568104585681128,7.091737824563463,5.056738168818957,-3.3266651850272693,-3.133796741290631,0.8484848484848485,0.8428571428571429,2026-08-31T17:14:45.870684+00:00,1806733
concrete,ensemble,gap,7,3,927,620,307,14,0.1193548387096774,36,67,3.466065170852964,1.818762631623618,1.9057270644266489,7.767415307915967,5.064054381030782,-3.995146803480991,-3.125970942724189,0.75,0.835820895522388,2026-08-31T17:15:13.202220+00:00,1806733
concrete,ensemble,control,0,3,927,621,306,278,0.0048387096774193,36,67,2.191239223715449,2.619273067869088,0.8365829628821916,4.070583968700201,6.488874366163279,-2.689677260885455,-3.687668911967655,0.9166666666666666,0.8208955223880597,2026-08-31T17:15:13.594910+00:00,1806733
concrete,ensemble,control,1,3,927,621,306,185,0.5097087378640777,34,69,2.5850282984997377,2.412825296405709,1.0713698593721444,5.911759260876375,5.684090290417479,-3.2383819785628467,-3.388365380037283,0.8529411764705882,0.855072463768116,2026-08-31T17:15:13.674590+00:00,1806733
concrete,ensemble,control,2,3,927,621,306,156,0.5112179487179487,40,63,2.633338472110492,2.3657518843899266,1.1131084749361069,6.418066145265112,5.300363094532673,-3.5300523000459947,-3.217462007807452,0.825,0.873015873015873,2026-08-31T17:15:13.750279+00:00,1806733
concrete,ensemble,control,3,3,927,621,306,195,0.1302250803858521,38,65,2.592785719638004,2.3976930808421675,1.0813668106041796,5.432373070343026,5.943541642915855,-3.340965214937009,-3.3376233896323524,0.868421052631579,0.8461538461538461,2026-08-31T17:15:13.830517+00:00,1806733
concrete,ensemble,control,4,3,927,621,306,111,0.5192307692307693,40,63,2.5644108423246124,2.409515458857152,1.0642848681041162,6.975652663478766,4.832407466944633,-3.908694579140664,-2.9770542115568683,0.775,0.9047619047619048,2026-08-31T17:15:13.908162+00:00,1806733
concrete,ensemble,control,5,3,927,621,306,284,0.0112903225806451,36,67,1.8861324462130584,2.7832110378703727,0.677682152215187,5.137733764088479,6.068401530820891,-2.958990085549635,-3.542963513640633,0.8611111111111112,0.8507462686567164,2026-08-31T17:15:13.985737+00:00,1806733
concrete,ensemble,control,6,3,927,621,306,302,0.0,33,70,2.398322499787262,2.50330378725722,0.9580629055073726,5.151593391949985,6.025886095987624,-3.238243404332579,-3.386288087867631,0.9090909090909092,0.8285714285714286,2026-08-31T17:15:14.058580+00:00,1806733
concrete,ensemble,control,7,3,927,621,306,14,0.1193548387096774,36,67,3.049341027003948,2.158203442221536,1.412907127914282,7.289712261755456,4.738755472528177,-3.7398261798009975,-3.123409791356319,0.8055555555555556,0.8805970149253731,2026-08-31T17:15:14.146670+00:00,1806733
concrete,bbb,gap,0,3,927,620,307,278,0.0048387096774193,36,67,1.918637683553997,1.9780301614756464,0.9699739270520822,8.464591434710718,6.247495426300175,-4.1400899855620334,-3.393980578607558,0.75,0.835820895522388,2026-08-31T17:18:41.029363+00:00,1806733
concrete,bbb,gap,1,3,927,618,309,185,0.5097087378640777,34,69,1.9341387568881483,1.905499661210676,1.0150297038936635,8.767381958533594,6.353948346782542,-4.196309743984849,-3.375865616748403,0.7647058823529411,0.8115942028985508,2026-08-31T17:18:44.368144+00:00,1806733
concrete,bbb,gap,2,3,927,624,303,156,0.5112179487179487,40,63,2.1225939407218712,2.137391816679357,0.993076666691615,8.472427341822463,5.6474102713782734,-4.145047844373619,-3.195792886187295,0.8,0.873015873015873,2026-08-31T17:18:50.139533+00:00,1806733
concrete,bbb,gap,3,3,927,622,305,195,0.1302250803858521,38,65,2.2616004322323104,2.3108079311181773,0.9787055002610902,8.119410771308194,5.112350610732615,-3.90687672430242,-3.054355173568032,0.8157894736842105,0.8769230769230769,2026-08-31T17:18:44.407711+00:00,1806733
concrete,bbb,gap,4,3,927,624,303,111,0.5192307692307693,40,63,1.9595591334000848,2.1771244095009923,0.9000675959759348,7.490588798011422,4.951398102664832,-3.800291766579944,-3.015141492396729,0.775,0.9047619047619048,2026-08-31T17:19:06.918592+00:00,1806733
concrete,bbb,gap,5,3,927,620,307,284,0.0112903225806451,36,67,2.1380410640177008,2.139835395372398,0.9991614629057086,9.332183770390367,5.782528530864008,-4.801335927387108,-3.2948426952443706,0.5833333333333334,0.835820895522388,2026-08-31T17:19:34.962751+00:00,1806733
concrete,bbb,gap,6,3,927,617,310,302,0.0,33,70,1.9140954133186825,2.016660564501328,0.9491410934551556,9.56712928463298,4.853441734948601,-4.910913870554225,-3.010058810095513,0.6363636363636364,0.8857142857142857,2026-08-31T17:19:34.009777+00:00,1806733
concrete,bbb,gap,7,3,927,620,307,14,0.1193548387096774,36,67,2.008734935963594,2.0608429413640894,0.9747151981576996,7.702435247497837,5.289295858475146,-3.88972901929,-3.097193212964752,0.75,0.9253731343283582,2026-08-31T17:20:33.592926+00:00,1806733
concrete,bbb,control,0,3,927,621,306,278,0.0048387096774193,36,67,2.2412669928142863,2.3294158405405363,0.96215838915829,6.160786954919205,6.398900188348601,-3.267443819652092,-3.3248671760278983,0.8888888888888888,0.8955223880597015,2026-08-31T17:23:03.701505+00:00,1806733
concrete,bbb,control,1,3,927,621,306,185,0.5097087378640777,34,69,2.28718131363352,2.304236353536095,0.9925983982170916,5.92793055857467,6.499716015048144,-3.214025881206213,-3.3495246136280183,0.9411764705882352,0.8695652173913043,2026-08-31T17:23:03.810524+00:00,1806733
concrete,bbb,control,2,3,927,621,306,156,0.5112179487179487,40,63,2.250679702535468,2.329036269144628,0.9663566567651874,6.615681278981738,6.1192877266128685,-3.3756146493164394,-3.2598332115664586,0.875,0.9047619047619048,2026-08-31T17:23:03.924475+00:00,1806733
concrete,bbb,control,3,3,927,621,306,195,0.1302250803858521,38,65,2.2780092592661645,2.310648018544861,0.985874629533904,4.863003810768007,7.028636922997251,-3.001186109273169,-3.4822924022917547,1.0,0.8307692307692308,2026-08-31T17:23:04.015631+00:00,1806733
concrete,bbb,control,4,3,927,621,306,111,0.5192307692307693,40,63,2.209235576501725,2.355349999959702,0.9379648784849486,6.388298029016968,6.270811024239782,-3.3208248666792883,-3.294620375145603,0.925,0.873015873015873,2026-08-31T17:23:04.132793+00:00,1806733
concrete,bbb,control,5,3,927,621,306,284,0.0112903225806451,36,67,2.223291579460864,2.339074271596106,0.950500634571028,4.916386852632838,6.953595211476717,-3.004579553254056,-3.4661076773760966,0.9166666666666666,0.8805970149253731,2026-08-31T17:23:04.261079+00:00,1806733
concrete,bbb,control,6,3,927,621,306,302,0.0,33,70,2.2987793296070884,2.2985250740070904,1.0001106168485492,5.828770817355733,6.534093827378479,-3.1952071994039395,-3.3564605817287787,0.9090909090909092,0.8857142857142857,2026-08-31T17:23:04.387693+00:00,1806733
concrete,bbb,control,7,3,927,621,306,14,0.1193548387096774,36,67,2.2749216868543205,2.3113327213548462,0.9842467360219854,8.139871305564187,5.073338798406907,-3.792766278582591,-3.042604362274197,0.8333333333333334,0.9253731343283582,2026-08-31T17:23:04.508660+00:00,1806733
concrete,gp,gap,0,3,927,620,307,278,0.0048387096774193,36,67,4.540248199961649,2.8750355643524164,1.5791972302034154,5.012224615402976,5.826698810486437,-3.014330353740733,-3.236774637867697,1.0,0.9253731343283582,2026-08-31T17:18:54.128085+00:00,1806733
concrete,gp,gap,1,3,927,618,309,185,0.5097087378640777,34,69,5.046781476369131,3.0625132387508165,1.6479215216152625,7.127554054011396,6.240416006401227,-3.3843659364419927,-3.326264329936356,0.8823529411764706,0.8840579710144928,2026-08-31T17:18:54.400257+00:00,1806733
concrete,gp,gap,2,3,927,624,303,156,0.5112179487179487,40,63,3.012066038912488,2.9712155179098536,1.0137487572868398,7.170473933321151,5.031565015927163,-3.458220916770641,-3.0829612602156784,0.875,0.9365079365079364,2026-08-31T17:19:01.117674+00:00,1806733
concrete,gp,gap,3,3,927,622,305,195,0.1302250803858521,38,65,3.8341943697005454,2.865254914896794,1.338168673846827,5.645888607134357,6.125612385086502,-3.049781518566232,-3.258266092953383,0.9736842105263158,0.9076923076923076,2026-08-31T17:19:03.981045+00:00,1806733
concrete,gp,gap,4,3,927,624,303,111,0.5192307692307693,40,63,4.831822979655783,2.766422256620597,1.746596336872389,7.951984131140874,5.293706517038206,-3.351324744476943,-3.1049866292029527,0.925,0.9206349206349206,2026-08-31T17:19:04.562049+00:00,1806733
concrete,gp,gap,5,3,927,620,307,284,0.0112903225806451,36,67,4.666289613024795,2.6728865564531628,1.7457866297239402,6.278666653732127,5.922548340504089,-3.318525221719129,-3.319224021366716,0.9444444444444444,0.8955223880597015,2026-08-31T17:19:12.116645+00:00,1806733
concrete,gp,gap,6,3,927,617,310,302,0.0,33,70,3.963757488348004,2.574092478437943,1.5398659999788984,6.937746029010669,5.850908012958405,-3.3661183002133366,-3.210081536508546,0.8787878787878788,0.9,2026-08-31T17:19:15.343968+00:00,1806733
concrete,gp,gap,7,3,927,620,307,14,0.1193548387096774,36,67,3.7389354914146953,2.604876200419582,1.4353601490974677,7.270140220285465,5.3993665047188335,-3.438473895417306,-3.0675390966796434,0.8055555555555556,0.9402985074626866,2026-08-31T17:19:14.793103+00:00,1806733
concrete,gp,control,0,3,927,621,306,278,0.0048387096774193,36,67,2.46111866830479,2.9506857288784345,0.8340836315496972,5.31929894508709,6.277377952467335,-3.011945656813691,-3.324285729716569,0.9166666666666666,0.8805970149253731,2026-08-31T17:19:17.330020+00:00,1806733
concrete,gp,control,1,3,927,621,306,185,0.5097087378640777,34,69,2.604098387517898,2.866041604611869,0.9086045308370724,5.212655294566415,6.295782212840254,-3.071414650795252,-3.285928832018325,0.8823529411764706,0.8985507246376812,2026-08-31T17:19:17.405244+00:00,1806733
concrete,gp,control,2,3,927,621,306,156,0.5112179487179487,40,63,2.4739700960647943,2.97360971509898,0.8319753878603552,7.084597306420507,5.119405783114887,-3.406742790412366,-3.093451998727116,0.825,0.9365079365079364,2026-08-31T17:19:17.476763+00:00,1806733
concrete,gp,control,3,3,927,621,306,195,0.1302250803858521,38,65,2.525174423717934,2.928301350654555,0.8623342072199942,4.63362246978652,6.613398134437984,-2.9733154102111627,-3.3564800299735205,0.9473684210526316,0.8615384615384616,2026-08-31T17:19:17.550969+00:00,1806733
concrete,gp,control,4,3,927,621,306,111,0.5192307692307693,40,63,2.4709905612047978,2.9755014832640567,0.8304450779483995,5.897088334973168,5.999680689379774,-3.244499165934151,-3.1964638237926506,0.875,0.9047619047619048,2026-08-31T17:19:17.630446+00:00,1806733
concrete,gp,control,5,3,927,621,306,284,0.0112903225806451,36,67,2.112065451489405,3.1382367110478957,0.6730102429985788,4.890739370699702,6.461930656808118,-3.000689471431429,-3.3303338293249487,0.9166666666666666,0.8805970149253731,2026-08-31T17:19:17.709904+00:00,1806733
concrete,gp,control,6,3,927,621,306,302,0.0,33,70,2.3543328876003686,2.9800461514716483,0.7900323578672495,5.67296093174598,6.090698542650063,-3.1209021285261054,-3.25953453278488,0.8787878787878788,0.9,2026-08-31T17:19:17.781633+00:00,1806733
concrete,gp,control,7,3,927,621,306,14,0.1193548387096774,36,67,2.7294863250938586,2.8064881819469942,0.9725629142682812,6.875142719770958,5.404740171856473,-3.442155723810678,-3.093128081777889,0.8611111111111112,0.9104477611940298,2026-08-31T17:19:17.855783+00:00,1806733
concrete,mcd,gap,0,4,927,616,311,278,0.0032467532467532,32,71,2.9515445851179445,2.8879366414712586,1.0220253944401914,5.413033663788212,6.583030614355347,-3.132472012539104,-3.3074094462393213,0.96875,0.9154929577464788,2026-08-31T17:19:24.876567+00:00,1806733
concrete,mcd,gap,1,4,927,621,306,185,0.5040257648953301,37,66,2.79492169582315,2.796380211056141,0.9994784274229862,7.293246891389924,5.825335363918078,-3.4348022451910865,-3.1833554123252985,0.8918918918918919,0.9545454545454546,2026-08-31T17:19:27.215771+00:00,1806733
concrete,mcd,gap,2,4,927,617,310,156,0.5105348460291734,33,70,2.82723087186266,2.6977121846306087,1.0480105653857164,6.578155103313292,5.910267594075344,-3.3292023286294925,-3.1943235090358826,0.9090909090909092,0.9142857142857144,2026-08-31T17:19:27.270500+00:00,1806733
concrete,mcd,gap,3,4,927,612,315,195,0.1339869281045751,28,75,2.9515539057601807,3.220687972418649,0.9164358457064824,5.563634112152093,5.459151649920345,-3.1584834328589886,-3.1547515652304776,0.9642857142857144,0.9733333333333334,2026-08-31T17:19:29.288086+00:00,1806733
concrete,mcd,gap,4,4,927,620,307,111,0.5112903225806451,36,67,2.832146119948232,3.009750386585566,0.9409903666998716,5.7745459455175325,6.230584956007885,-3.1812696113830867,-3.267093276756498,0.9166666666666666,0.9253731343283582,2026-08-31T17:19:36.983223+00:00,1806733
concrete,mcd,gap,5,4,927,620,307,284,0.0112903225806451,36,67,2.9796811842173567,2.9232009648666177,1.019321360395527,6.780835230565772,6.695508070323963,-3.348662931598003,-3.3418163171360056,0.9444444444444444,0.9253731343283582,2026-08-31T17:19:39.078861+00:00,1806733
concrete,mcd,gap,6,4,927,611,316,302,0.0,27,76,2.698053684975043,2.9906659061120737,0.9021581713493928,6.842894489157496,5.697166350735898,-3.361065055405513,-3.180485082624428,0.8888888888888888,0.9473684210526316,2026-08-31T17:19:39.004518+00:00,1806733
concrete,mcd,gap,7,4,927,619,308,14,0.1211631663974151,35,68,2.855824653644468,2.9386889482896588,0.9718022913948008,6.52218209553308,6.175749231143143,-3.301463525397807,-3.242351252338468,0.9714285714285714,0.9264705882352942,2026-08-31T17:19:40.905427+00:00,1806733
concrete,mcd,control,0,4,927,617,310,278,0.0032467532467532,32,71,2.811992713738591,2.7700758465093247,1.0151320287067545,4.71645927138483,6.879108524689614,-3.0412065750556803,-3.3638914246606424,1.0,0.9014084507042254,2026-08-31T17:19:45.747424+00:00,1806733
concrete,mcd,control,1,4,927,617,310,185,0.5040257648953301,37,66,2.721294800229457,2.8177461262622288,0.9657700439603778,6.453812710748267,6.1921238999357975,-3.296336763395824,-3.2453097167733618,0.918918918918919,0.9393939393939394,2026-08-31T17:19:45.828307+00:00,1806733
concrete,mcd,control,2,4,927,617,310,156,0.5105348460291734,33,70,2.8016382684145205,2.7743584154873977,1.0098328510025372,6.305246178894982,6.278943119847011,-3.279120867042866,-3.2563416134324683,0.9090909090909092,0.9428571428571428,2026-08-31T17:19:45.902466+00:00,1806733
concrete,mcd,control,3,4,927,617,310,195,0.1339869281045751,28,75,2.6059689186879527,2.849226962913791,0.9146231425603708,7.087995321013868,5.960984441966708,-3.408790775387171,-3.2094501312246213,0.8571428571428571,0.96,2026-08-31T17:19:45.971806+00:00,1806733
concrete,mcd,control,4,4,927,617,310,111,0.5112903225806451,36,67,2.678573996455497,2.839261015961181,0.9434053373034864,5.742079397337951,6.561691183522809,-3.178153794154293,-3.309572611390042,0.9722222222222222,0.9104477611940298,2026-08-31T17:19:46.047426+00:00,1806733
concrete,mcd,control,5,4,927,617,310,284,0.0112903225806451,36,67,2.8009766618115344,2.7734924196504736,1.009909615027729,5.144772802678912,6.82274335302118,-3.100042442552566,-3.351542889862612,0.9444444444444444,0.9253731343283582,2026-08-31T17:19:46.122944+00:00,1806733
concrete,mcd,control,6,4,927,617,310,302,0.0,27,76,2.5499413271427978,2.8659307382755457,0.8897428305183392,6.905811759514552,6.052484010523408,-3.359543180703879,-3.229568890443193,0.8888888888888888,0.9473684210526316,2026-08-31T17:19:46.197055+00:00,1806733
concrete,mcd,control,7,4,927,617,310,14,0.1211631663974151,35,68,2.704344398510498,2.823633794028376,0.9577532342295378,6.751154084667315,6.034798947575155,-3.338751566145722,-3.224979363788045,0.9428571428571428,0.9264705882352942,2026-08-31T17:19:46.280007+00:00,1806733
concrete,map,gap,0,4,927,616,311,278,0.0032467532467532,32,71,0.0,0.0,,7.02207717884009,7.920303482201212,-4.988803387580082,-5.810823897360127,0.5,0.647887323943662,2026-08-31T17:19:46.364633+00:00,1806733
concrete,map,gap,1,4,927,621,306,185,0.5040257648953301,37,66,0.0,0.0,,7.989077479181631,7.134753241892168,-6.709842289741975,-5.728269948285965,0.5945945945945946,0.7272727272727273,2026-08-31T17:19:48.386613+00:00,1806733
concrete,map,gap,2,4,927,617,310,156,0.5105348460291734,33,70,0.0,0.0,,9.256830206887136,6.78644393121512,-8.396704116561274,-5.372832749731537,0.5151515151515151,0.7285714285714285,2026-08-31T17:19:49.719341+00:00,1806733
concrete,map,gap,3,4,927,612,315,195,0.1339869281045751,28,75,0.0,0.0,,8.70375047558898,7.201963718169843,-6.694434838237291,-5.201120326382349,0.5,0.76,2026-08-31T17:19:49.701623+00:00,1806733
concrete,map,gap,4,4,927,620,307,111,0.5112903225806451,36,67,0.0,0.0,,8.97376687705222,6.738071778452358,-7.246101028842728,-4.927820630068026,0.5277777777777778,0.8059701492537313,2026-08-31T17:19:51.518918+00:00,1806733
concrete,map,gap,5,4,927,620,307,284,0.0112903225806451,36,67,0.0,0.0,,10.040830974829818,7.342375059280813,-12.803283566999491,-7.625266210118457,0.3888888888888889,0.6716417910447762,2026-08-31T17:19:57.160432+00:00,1806733
concrete,map,gap,6,4,927,611,316,302,0.0,27,76,0.0,0.0,,7.788734532954662,6.78903282617371,-6.745299895310632,-5.564193293318583,0.4074074074074074,0.7368421052631579,2026-08-31T17:19:57.073961+00:00,1806733
concrete,map,gap,7,4,927,619,308,14,0.1211631663974151,35,68,0.0,0.0,,11.855554212158353,5.9147480837923645,-11.658933791380708,-4.333825678035452,0.5428571428571428,0.7352941176470589,2026-08-31T17:19:59.198856+00:00,1806733
concrete,map,control,0,4,927,617,310,278,0.0032467532467532,32,71,0.0,0.0,,5.430560619441684,8.252711824134439,-3.95113273552478,-6.627910831471521,0.625,0.704225352112676,2026-08-31T17:20:00.799388+00:00,1806733
concrete,map,control,1,4,927,617,310,185,0.5040257648953301,37,66,0.0,0.0,,5.769504972634833,8.300876750288813,-4.214275289870885,-6.68317774009164,0.6486486486486487,0.696969696969697,2026-08-31T17:20:00.871935+00:00,1806733
concrete,map,control,2,4,927,617,310,156,0.5105348460291734,33,70,0.0,0.0,,5.782365582645825,8.173080162073425,-4.224573363664814,-6.5372427938618864,0.6666666666666666,0.6857142857142857,2026-08-31T17:20:00.949068+00:00,1806733
concrete,map,control,3,4,927,617,310,195,0.1339869281045751,28,75,0.0,0.0,,10.922689972179672,5.702376330663862,-10.176815201348136,-4.160894545780307,0.5714285714285714,0.72,2026-08-31T17:20:01.023428+00:00,1806733
concrete,map,control,4,4,927,617,310,111,0.5112903225806451,36,67,0.0,0.0,,7.156040676442155,7.664422076886312,-5.456562632037573,-5.978830773401768,0.6388888888888888,0.7014925373134329,2026-08-31T17:20:01.098211+00:00,1806733
concrete,map,control,5,4,927,617,310,284,0.0112903225806451,36,67,0.0,0.0,,6.345443586857454,8.038897048176326,-4.697934974774864,-6.386451604169789,0.6944444444444444,0.6716417910447762,2026-08-31T17:20:01.181872+00:00,1806733
concrete,map,control,6,4,927,617,310,302,0.0,27,76,0.0,0.0,,4.94419879482416,8.207272780988841,-3.6013650924208807,-6.576066566788253,0.7777777777777778,0.6447368421052632,2026-08-31T17:20:01.266907+00:00,1806733
concrete,map,control,7,4,927,617,310,14,0.1211631663974151,35,68,0.0,0.0,,10.384859385351698,5.429685432280271,-9.38244834172739,-3.950473891335476,0.6285714285714286,0.7058823529411765,2026-08-31T17:20:01.359705+00:00,1806733
concrete,laplace,gap,0,4,927,616,311,278,0.0032467532467532,32,71,4.475350830903135,2.7838127029605437,1.6076335976711602,7.02207717884009,7.920303482201212,-3.405720309632766,-3.842618778604805,0.84375,0.8028169014084507,2026-08-31T17:20:02.007876+00:00,1806733
concrete,laplace,gap,1,4,927,621,306,185,0.5040257648953301,37,66,4.695886478245464,2.897065696861817,1.6209112839008724,7.989077479181631,7.134753241892168,-3.61901299171268,-3.458713507446305,0.8648648648648649,0.8484848484848485,2026-08-31T17:20:03.548410+00:00,1806733
concrete,laplace,gap,2,4,927,617,310,156,0.5105348460291734,33,70,4.694126469335758,3.047561687070085,1.5402892381970696,9.256830206887136,6.78644393121512,-3.644035872370559,-3.279764091227769,0.8181818181818182,0.8571428571428571,2026-08-31T17:20:09.045481+00:00,1806733
concrete,laplace,gap,3,4,927,612,315,195,0.1339869281045751,28,75,5.711660769752944,2.8337007249351456,2.0156189111620693,8.70375047558898,7.201963718169843,-3.661369540741428,-3.4951131197478134,0.8214285714285714,0.8666666666666667,2026-08-31T17:20:09.192857+00:00,1806733
concrete,laplace,gap,4,4,927,620,307,111,0.5112903225806451,36,67,6.4791301227092895,2.7698807163300603,2.339136874924268,8.97376687705222,6.738071778452358,-3.4484481587540725,-3.2121576266587457,0.9444444444444444,0.8656716417910447,2026-08-31T17:20:11.365221+00:00,1806733
concrete,laplace,gap,5,4,927,620,307,284,0.0112903225806451,36,67,4.904124909867004,2.3382487603254694,2.09734951775806,10.040830974829818,7.342375059280813,-4.336761271581096,-3.792434766830988,0.8055555555555556,0.835820895522388,2026-08-31T17:20:13.892903+00:00,1806733
concrete,laplace,gap,6,4,927,611,316,302,0.0,27,76,4.496667297912938,2.235985937984144,2.011044533655214,7.788734532954662,6.78903282617371,-3.753425830772231,-3.449112009708033,0.8148148148148148,0.8026315789473685,2026-08-31T17:20:13.835175+00:00,1806733
concrete,laplace,gap,7,4,927,619,308,14,0.1211631663974151,35,68,3.816835117384386,2.7405294136786726,1.3927364173993535,11.855554212158353,5.9147480837923645,-4.119646636765079,-3.3281764700340126,0.7714285714285715,0.8529411764705882,2026-08-31T17:20:15.413767+00:00,1806733
concrete,laplace,control,0,4,927,617,310,278,0.0032467532467532,32,71,2.3868642937332405,2.8322538364294547,0.842743776363737,5.430560619441684,8.252711824134439,-3.2464377966477724,-3.892786011007132,0.8125,0.8028169014084507,2026-08-31T17:20:20.644208+00:00,1806733
concrete,laplace,control,1,4,927,617,310,185,0.5040257648953301,37,66,2.3030996653012057,2.912954426815309,0.7906404728134218,5.769504972634833,8.300876750288813,-3.670909346421625,-3.703790461464165,0.7837837837837838,0.8181818181818182,2026-08-31T17:20:20.719039+00:00,1806733
concrete,laplace,control,2,4,927,617,310,156,0.5105348460291734,33,70,2.336659777229952,2.8622843876766657,0.8163618497484917,5.782365582645825,8.173080162073425,-3.667997765388293,-3.703284143091735,0.7878787878787878,0.8142857142857143,2026-08-31T17:20:20.795622+00:00,1806733
concrete,laplace,control,3,4,927,617,310,195,0.1339869281045751,28,75,2.5685801840283733,2.7406591284421404,0.9372125695501649,10.922689972179672,5.702376330663862,-4.587217938931597,-3.3577561864553376,0.7142857142857143,0.84,2026-08-31T17:20:20.875165+00:00,1806733
concrete,laplace,control,4,4,927,617,310,111,0.5112903225806451,36,67,2.920841748365472,2.571930997683552,1.135661007622744,7.156040676442155,7.664422076886312,-3.831808139766156,-3.616846615561992,0.8055555555555556,0.8059701492537313,2026-08-31T17:20:20.948734+00:00,1806733
concrete,laplace,control,5,4,927,617,310,284,0.0112903225806451,36,67,2.2237774259767025,2.946473021653637,0.7547251950498637,6.345443586857454,8.038897048176326,-3.7626357633327054,-3.65401386260086,0.75,0.835820895522388,2026-08-31T17:20:21.024634+00:00,1806733
concrete,laplace,control,6,4,927,617,310,302,0.0,27,76,2.4425054612244086,2.783184635959157,0.8775937570461106,4.94419879482416,8.207272780988841,-3.349583625858019,-3.8136191891587967,0.8888888888888888,0.7763157894736842,2026-08-31T17:20:21.102519+00:00,1806733
concrete,laplace,control,7,4,927,617,310,14,0.1211631663974151,35,68,2.7359718183164947,2.672215678601143,1.0238589048877698,10.384859385351698,5.429685432280271,-4.2534066385074585,-3.403008587154029,0.7142857142857143,0.8529411764705882,2026-08-31T17:20:21.179579+00:00,1806733
concrete,ensemble,gap,0,4,927,616,311,278,0.0032467532467532,32,71,4.38176564137224,2.1507281646437315,2.0373405218776592,6.218855950986768,6.648394496028973,-3.5029282173480865,-3.6945158405644736,0.8125,0.8028169014084507,2026-08-31T17:21:03.050666+00:00,1806733
concrete,ensemble,gap,1,4,927,621,306,185,0.5040257648953301,37,66,4.2583066244058125,2.648673831487179,1.6077127254339414,6.826956073371744,6.257793717250911,-3.291991992949953,-3.3953924797416137,0.8648648648648649,0.8787878787878788,2026-08-31T17:21:05.336766+00:00,1806733
concrete,ensemble,gap,2,4,927,617,310,156,0.5105348460291734,33,70,3.97921107651896,2.4272267719321565,1.63940638861336,5.663907344252907,5.774166555198241,-3.104630476051252,-3.3216959436414544,0.8484848484848485,0.8571428571428571,2026-08-31T17:21:07.785451+00:00,1806733
concrete,ensemble,gap,3,4,927,612,315,195,0.1339869281045751,28,75,5.140322217195083,2.05917901296427,2.496296914854132,8.30485944239111,5.640338558720852,-3.607827297297302,-3.3871891125177784,0.8214285714285714,0.8533333333333334,2026-08-31T17:21:07.185920+00:00,1806733
concrete,ensemble,gap,4,4,927,620,307,111,0.5112903225806451,36,67,4.225621541404868,1.9317316107815627,2.187478590618092,9.222867830969491,6.411210492041848,-4.076249351244432,-3.3550943465433614,0.8333333333333334,0.8208955223880597,2026-08-31T17:21:09.479798+00:00,1806733
concrete,ensemble,gap,5,4,927,620,307,284,0.0112903225806451,36,67,4.455001234088847,2.233386984595411,1.9947287527046695,8.035856926396356,6.109532127036868,-4.265872630878551,-3.5821257832043925,0.8055555555555556,0.8208955223880597,2026-08-31T17:21:14.482771+00:00,1806733
concrete,ensemble,gap,6,4,927,611,316,302,0.0,27,76,4.566029180501283,1.919448083831858,2.3788240062143107,7.502998189071928,6.239153448285308,-3.8967942307999857,-3.648404151347485,0.7037037037037037,0.8421052631578947,2026-08-31T17:21:28.237193+00:00,1806733
concrete,ensemble,gap,7,4,927,619,308,14,0.1211631663974151,35,68,3.217831890578764,1.9115532169726943,1.6833598259298317,8.26284069575189,5.408394311073538,-3.510170125455138,-3.323892256645423,0.8285714285714286,0.8676470588235294,2026-08-31T17:21:56.928029+00:00,1806733
concrete,ensemble,control,0,4,927,617,310,278,0.0032467532467532,32,71,2.171922112819201,2.7137191938553937,0.8003488782984732,3.9522891685060575,6.477325634183142,-2.8135375000066105,-3.8057912995535057,0.875,0.8169014084507042,2026-08-31T17:21:59.316729+00:00,1806733
concrete,ensemble,control,1,4,927,617,310,185,0.5040257648953301,37,66,1.989870704218744,2.856823550270513,0.6965325891514452,5.474040907832569,5.992428745740208,-3.714053737767927,-3.37612718138026,0.7837837837837838,0.8636363636363636,2026-08-31T17:21:59.393506+00:00,1806733
concrete,ensemble,control,2,4,927,617,310,156,0.5105348460291734,33,70,1.8927963499091465,2.8530470118135085,0.6634297794854809,5.448971091670488,5.974833525758278,-3.736352090283139,-3.38492518984524,0.7575757575757576,0.8714285714285714,2026-08-31T17:21:59.472657+00:00,1806733
concrete,ensemble,control,3,4,927,617,310,195,0.1339869281045751,28,75,2.183631765114546,2.680451746009868,0.8146506529599385,7.394360125627807,5.096107280603989,-3.882315764418231,-3.353860544863999,0.7857142857142857,0.8533333333333334,2026-08-31T17:21:59.550944+00:00,1806733
concrete,ensemble,control,4,4,927,617,310,111,0.5112903225806451,36,67,2.878159985441796,2.3665941925081,1.2161611798732346,5.754809780628507,5.841788280234018,-3.8298181541857392,-3.3189690853406537,0.9166666666666666,0.7910447761194029,2026-08-31T17:21:59.628911+00:00,1806733
concrete,ensemble,control,5,4,927,617,310,284,0.0112903225806451,36,67,1.8713488691646771,2.907567329612224,0.6436132536316038,5.168958180098215,6.129040611555418,-3.3252645394842677,-3.590072520105624,0.75,0.8805970149253731,2026-08-31T17:21:59.703979+00:00,1806733
concrete,ensemble,control,6,4,927,617,310,302,0.0,27,76,2.513406731743548,2.556757744958837,0.9830445362683404,5.224478424992358,6.006298462633197,-3.4205478606166624,-3.5248630267350074,0.8888888888888888,0.8157894736842105,2026-08-31T17:21:59.781696+00:00,1806733
concrete,ensemble,control,7,4,927,617,310,14,0.1211631663974151,35,68,2.5836943527624388,2.525680412165618,1.0229696284285934,6.975432516275603,5.110159827170041,-3.825505358400478,-3.32870139300726,0.8,0.8529411764705882,2026-08-31T17:21:59.864599+00:00,1806733
concrete,bbb,gap,0,4,927,616,311,278,0.0032467532467532,32,71,2.31832569144336,2.3549001524994515,0.9844687847944328,8.148188748842774,5.466795645365895,-3.917635817968096,-3.126473558354368,0.78125,0.8873239436619719,2026-08-31T17:25:34.660424+00:00,1806733
concrete,bbb,gap,1,4,927,621,306,185,0.5040257648953301,37,66,2.153263353385589,2.161747774021288,0.9960752032509712,7.541647151714471,7.331468134605047,-3.722198207610203,-3.637086964074741,0.7837837837837838,0.803030303030303,2026-08-31T17:25:36.851676+00:00,1806733
concrete,bbb,gap,2,4,927,617,310,156,0.5105348460291734,33,70,2.240074537951489,2.209568949571617,1.0138061264781018,7.116794600534527,6.059455803638571,-3.5775784506393578,-3.2789344272682124,0.7575757575757576,0.8428571428571429,2026-08-31T17:25:39.237452+00:00,1806733
concrete,bbb,gap,3,4,927,612,315,195,0.1339869281045751,28,75,2.051445539076764,2.136808222081075,0.9600513129244818,9.161220570482012,5.2220061911548274,-4.432404742211851,-3.093164032204778,0.7142857142857143,0.88,2026-08-31T17:25:43.571782+00:00,1806733
concrete,bbb,gap,4,4,927,620,307,111,0.5112903225806451,36,67,2.230012382666288,2.383079735827301,0.9357691012768926,6.450882665809628,5.641530865427146,-3.4402814594101603,-3.197990506519968,0.8611111111111112,0.8955223880597015,2026-08-31T17:25:59.577219+00:00,1806733
concrete,bbb,gap,5,4,927,620,307,284,0.0112903225806451,36,67,1.9233691917417195,2.0922825197172426,0.9192683940224524,8.018715307524692,6.735453975039558,-4.285891533185026,-3.6951455876113295,0.6666666666666666,0.8805970149253731,2026-08-31T17:26:30.685403+00:00,1806733
concrete,bbb,gap,6,4,927,611,316,302,0.0,27,76,1.9619290018182096,2.0432402248642525,0.9602047659122191,8.5240019896472,6.196091924927477,-4.639022374752269,-3.478314803083211,0.6296296296296297,0.8552631578947368,2026-08-31T17:26:40.780930+00:00,1806733
concrete,bbb,gap,7,4,927,619,308,14,0.1211631663974151,35,68,1.998870160655556,2.099458459575801,0.9520884547815398,7.666877692765959,5.611780565485944,-3.902720588720112,-3.1855639782267824,0.7714285714285715,0.8382352941176471,2026-08-31T17:27:46.220552+00:00,1806733
concrete,bbb,control,0,4,927,617,310,278,0.0032467532467532,32,71,2.4987903288527598,2.714719481810718,0.9204598654097644,4.377963833385402,6.108463022121356,-2.9180391978256086,-3.2533223862734197,1.0,0.8873239436619719,2026-08-31T17:30:03.293857+00:00,1806733
concrete,bbb,control,1,4,927,617,310,185,0.5040257648953301,37,66,2.6480198197490705,2.647418793956572,1.0002270233156425,5.505551724046449,5.695645887941575,-3.127407940663354,-3.161349241686185,0.945945945945946,0.9090909090909092,2026-08-31T17:30:03.367624+00:00,1806733
concrete,bbb,control,2,4,927,617,310,156,0.5105348460291734,33,70,2.641408452829193,2.6505699255497994,0.9965435838412352,5.433776339623345,5.717417466733204,-3.105183259332637,-3.169887088540789,0.9393939393939394,0.9142857142857144,2026-08-31T17:30:03.460225+00:00,1806733
concrete,bbb,control,3,4,927,617,310,195,0.1339869281045751,28,75,2.483240062392654,2.7090086931314,0.916660056753906,7.229876673068705,4.897597562892998,-3.545673070673091,-3.001123970359809,0.8571428571428571,0.9466666666666668,2026-08-31T17:30:03.539999+00:00,1806733
concrete,bbb,control,4,4,927,617,310,111,0.5112903225806451,36,67,2.633508639054898,2.655224816804074,0.9918213412243884,5.937802086160131,5.45443286694876,-3.226873387193562,-3.10739853458006,0.8611111111111112,0.9552238805970148,2026-08-31T17:30:03.621001+00:00,1806733
concrete,bbb,control,5,4,927,617,310,284,0.0112903225806451,36,67,2.5123864330092807,2.720305405127094,0.9235677833356732,4.355346814668538,6.20506564589918,-2.9084134250498974,-3.278511350060238,0.9722222222222222,0.8955223880597015,2026-08-31T17:30:03.698853+00:00,1806733
concrete,bbb,control,6,4,927,617,310,302,0.0,27,76,2.4659108655533264,2.7121944784461776,0.9091939701042576,5.28007833915809,5.74666582187998,-3.090264430613049,-3.170079001701052,0.9629629629629628,0.9078947368421052,2026-08-31T17:30:03.778772+00:00,1806733
concrete,bbb,control,7,4,927,617,310,14,0.1211631663974151,35,68,2.5468446242684,2.699511939447873,0.943446327112486,6.743096111283139,4.95739024768313,-3.404956020889076,-3.017495338598744,0.8571428571428571,0.9558823529411764,2026-08-31T17:30:03.858856+00:00,1806733
concrete,gp,gap,0,4,927,616,311,278,0.0032467532467532,32,71,4.022999296743265,2.967463263760092,1.355703150860812,4.70618380808265,7.2009944623532,-3.036793147256816,-3.344789929974182,0.96875,0.8873239436619719,2026-08-31T17:25:45.931941+00:00,1806733
concrete,gp,gap,1,4,927,621,306,185,0.5040257648953301,37,66,4.794369507807433,3.283331495057638,1.4602148808380584,7.2992005074602675,7.174510831858398,-3.303392466742127,-3.284201421882322,0.918918918918919,0.8939393939393939,2026-08-31T17:25:49.974704+00:00,1806733
concrete,gp,gap,2,4,927,617,310,156,0.5105348460291734,33,70,3.341626978343853,2.6788662264407934,1.2474034520132122,6.636183499563751,6.717747373322889,-3.3747096246142188,-3.1690763819271166,0.8787878787878788,0.9285714285714286,2026-08-31T17:25:55.819012+00:00,1806733
concrete,gp,gap,3,4,927,612,315,195,0.1339869281045751,28,75,4.793596480969275,2.9931545195967675,1.6015198846516818,7.240073235644258,5.660009753344135,-3.34171475851688,-3.116589474605153,0.9285714285714286,0.9466666666666668,2026-08-31T17:25:56.849225+00:00,1806733
concrete,gp,gap,4,4,927,620,307,111,0.5112903225806451,36,67,4.975973816105254,2.88544967644393,1.724505492758313,6.814242939885206,7.530564501353539,-3.1868570811837595,-3.3505103091494197,1.0,0.8955223880597015,2026-08-31T17:26:00.495879+00:00,1806733
concrete,gp,gap,5,4,927,620,307,284,0.0112903225806451,36,67,4.311678075431491,2.792743676108893,1.543886076017874,7.204364997243032,7.137659501413443,-3.552006841898641,-3.3328230030585786,0.9166666666666666,0.8955223880597015,2026-08-31T17:26:11.933125+00:00,1806733
concrete,gp,gap,6,4,927,611,316,302,0.0,27,76,3.480665465549156,2.580030443715068,1.3490792226998825,7.357929939698198,6.652233647965214,-3.534307920049859,-3.198200062498552,0.8888888888888888,0.9210526315789472,2026-08-31T17:26:11.030034+00:00,1806733
concrete,gp,gap,7,4,927,619,308,14,0.1211631663974151,35,68,3.924185197976809,2.8798202825840065,1.3626493367342056,9.716235597621663,6.279766368814834,-3.402102062743555,-3.2616762665311487,0.9142857142857144,0.9117647058823528,2026-08-31T17:26:11.991389+00:00,1806733
concrete,gp,control,0,4,927,617,310,278,0.0032467532467532,32,71,2.63892628298159,3.337744944851422,0.7906314971886087,4.366449843963951,7.514991510178736,-2.952300873556528,-3.425849772562404,0.90625,0.9014084507042254,2026-08-31T17:26:14.105031+00:00,1806733
concrete,gp,control,1,4,927,617,310,185,0.5040257648953301,37,66,2.4574826190016266,3.492404170254571,0.7036650110352187,6.147825222470922,6.9863473757356624,-3.3031775491598374,-3.265021098285237,0.8918918918918919,0.9090909090909092,2026-08-31T17:26:14.191481+00:00,1806733
concrete,gp,control,2,4,927,617,310,156,0.5105348460291734,33,70,2.7078564878179487,3.3152324005981364,0.8167923574013681,6.184198984390541,6.925911747453205,-3.310935177437077,-3.263544299290229,0.8484848484848485,0.9285714285714286,2026-08-31T17:26:14.295772+00:00,1806733
concrete,gp,control,3,4,927,617,310,195,0.1339869281045751,28,75,2.784579404669955,3.246097450788042,0.8578237242982196,8.487947740425879,5.890753227785413,-3.548873260621911,-3.177873473444348,0.8571428571428571,0.92,2026-08-31T17:26:14.393545+00:00,1806733
concrete,gp,control,4,4,927,617,310,111,0.5112903225806451,36,67,3.020240143838943,3.174580402412834,0.951382469804014,6.631033841325256,6.732521048694437,-3.24696925808119,-3.2957920673853254,0.9444444444444444,0.8805970149253731,2026-08-31T17:26:14.492371+00:00,1806733
concrete,gp,control,5,4,927,617,310,284,0.0112903225806451,36,67,2.388011507959368,3.5142853410943977,0.6795155419040924,6.035616739083832,7.027035331412402,-3.253253019073967,-3.2924157181951768,0.8888888888888888,0.9104477611940298,2026-08-31T17:26:14.592106+00:00,1806733
concrete,gp,control,6,4,927,617,310,302,0.0,27,76,2.573952405902759,3.3148528576379914,0.7764906970069365,6.289183144870533,6.836326100455936,-3.330076004408141,-3.260485653772629,0.925925925925926,0.8947368421052632,2026-08-31T17:26:14.691513+00:00,1806733
concrete,gp,control,7,4,927,617,310,14,0.1211631663974151,35,68,3.0861100837784154,3.1384070471708423,0.9833364625409026,7.845405543967143,6.02150145643727,-3.2915664396113717,-3.272119653225612,0.9142857142857144,0.8970588235294118,2026-08-31T17:26:14.804453+00:00,1806733
concrete,mcd,gap,0,5,927,620,307,278,0.0064516129032258,36,67,2.626516374115997,2.8294465635729047,0.928279193511025,7.259127964368812,6.468940689379888,-3.459466652695471,-3.2858353602120705,0.8888888888888888,0.9402985074626866,2026-08-31T17:26:24.406033+00:00,1806733
concrete,mcd,gap,1,5,927,620,307,185,0.5048387096774194,36,67,2.7318063689336425,2.70668975522778,1.00927945792729,8.165891867287332,6.074831235124366,-3.616482413581672,-3.231939372930853,0.8888888888888888,0.9253731343283582,2026-08-31T17:26:25.077523+00:00,1806733
concrete,mcd,gap,2,5,927,623,304,156,0.5088282504012841,39,64,2.749674515936183,2.6483039812281963,1.038277529855532,6.800701627327573,5.812321519720222,-3.369578067182858,-3.197307721193334,0.8974358974358975,0.9375,2026-08-31T17:26:25.300380+00:00,1806733
concrete,mcd,gap,3,5,927,617,310,195,0.1345218800648298,33,70,2.8187279335645603,3.0599117623868364,0.9211794824324788,6.535432950362725,5.909199371616623,-3.3097897527348468,-3.214892131014986,0.9696969696969696,0.9857142857142858,2026-08-31T17:26:28.206523+00:00,1806733
concrete,mcd,gap,4,5,927,609,318,111,0.5155993431855501,25,78,2.9414254915618936,3.031457054249669,0.9703008945610614,9.201893293640511,6.204262567677054,-3.820602689573685,-3.2550200674118885,0.8,0.935897435897436,2026-08-31T17:26:38.485708+00:00,1806733
concrete,mcd,gap,5,5,927,621,306,284,0.0112721417069243,37,66,2.857750194638841,2.9202022961469294,0.9786137756310612,6.573387951427295,6.147194799688047,-3.2944088026945155,-3.247956905787324,0.945945945945946,0.9545454545454546,2026-08-31T17:26:39.135045+00:00,1806733
concrete,mcd,gap,6,5,927,625,302,302,0.0,41,62,2.7075789712280827,2.921987519100262,0.9266223601330782,7.871797939401875,5.406965294203846,-3.5540842691869505,-3.128356686323385,0.8292682926829268,0.967741935483871,2026-08-31T17:26:39.433040+00:00,1806733
concrete,mcd,gap,7,5,927,617,310,14,0.1231766612641815,33,70,2.799902342710179,2.862891270259461,0.9779981418771893,5.961850270667575,6.854061885399495,-3.218628798389032,-3.359624599912747,0.9090909090909092,0.9,2026-08-31T17:26:42.305921+00:00,1806733
concrete,map,gap,0,5,927,620,307,278,0.0064516129032258,36,67,0.0,0.0,,8.341917407887394,5.796624572359614,-6.074398080388576,-3.9622221561847657,0.5277777777777778,0.8208955223880597,2026-08-31T17:26:43.228000+00:00,1806733
concrete,map,gap,1,5,927,620,307,185,0.5048387096774194,36,67,0.0,0.0,,11.806379674148689,5.8184452615136975,-12.287306893121224,-4.3995094333088645,0.6111111111111112,0.8208955223880597,2026-08-31T17:26:51.192271+00:00,1806733
concrete,map,gap,2,5,927,623,304,156,0.5088282504012841,39,64,0.0,0.0,,6.6259821973852295,4.093581679138103,-4.870553883078723,-3.047947942773299,0.6666666666666666,0.859375,2026-08-31T17:26:51.516300+00:00,1806733
concrete,map,gap,3,5,927,617,310,195,0.1345218800648298,33,70,0.0,0.0,,7.144935978960122,4.492435146392047,-4.831215056146496,-3.132817967056925,0.6666666666666666,0.8142857142857143,2026-08-31T17:26:52.105653+00:00,1806733
concrete,map,gap,4,5,927,609,318,111,0.5155993431855501,25,78,0.0,0.0,,10.016143805271678,4.018981217883827,-7.842874593546193,-2.935164447530749,0.4,0.8974358974358975,2026-08-31T17:26:53.341566+00:00,1806733
concrete,map,gap,5,5,927,621,306,284,0.0112721417069243,37,66,0.0,0.0,,8.395606897095162,5.2617616166348045,-8.34323153822523,-4.344375315890282,0.4594594594594595,0.7272727272727273,2026-08-31T17:26:54.651379+00:00,1806733
concrete,map,gap,6,5,927,625,302,302,0.0,41,62,0.0,0.0,,11.65871881771842,4.041056694080516,-11.878859883023784,-3.0786563326671077,0.4634146341463415,0.8548387096774194,2026-08-31T17:26:55.674428+00:00,1806733
concrete,map,gap,7,5,927,617,310,14,0.1231766612641815,33,70,0.0,0.0,,5.022033868651139,5.900078965276858,-3.5574589402407875,-4.169310217345896,0.7575757575757576,0.8285714285714286,2026-08-31T17:27:03.247594+00:00,1806733
concrete,laplace,gap,0,5,927,620,307,278,0.0064516129032258,36,67,5.074358113643357,2.5414444107777108,1.9966433623824755,8.341917407887394,5.796624572359614,-3.548573470909904,-3.134701396409708,0.8888888888888888,0.8955223880597015,2026-08-31T17:27:04.658103+00:00,1806733
concrete,laplace,gap,1,5,927,620,307,185,0.5048387096774194,36,67,4.713451258294003,2.478305713384332,1.901884514423927,11.806379674148689,5.8184452615136975,-3.647346367516597,-3.011989067807905,0.8333333333333334,0.9402985074626866,2026-08-31T17:27:05.112705+00:00,1806733
concrete,laplace,gap,2,5,927,623,304,156,0.5088282504012841,39,64,2.751048746458595,2.6110639166359064,1.053612180433731,6.6259821973852295,4.093581679138103,-3.4177221547838577,-2.8691264028070917,0.7948717948717948,0.921875,2026-08-31T17:27:06.066157+00:00,1806733
concrete,laplace,gap,3,5,927,617,310,195,0.1345218800648298,33,70,4.536449125743108,2.608214988911284,1.7392926369297126,7.144935978960122,4.492435146392047,-3.3389817082660147,-2.987989466965799,0.8181818181818182,0.9142857142857144,2026-08-31T17:27:07.358671+00:00,1806733
concrete,laplace,gap,4,5,927,609,318,111,0.5155993431855501,25,78,5.991500605347807,2.371973571183364,2.525955886750746,10.016143805271678,4.018981217883827,-3.7603399613417214,-2.8773311887644293,0.88,0.9102564102564102,2026-08-31T17:27:08.037687+00:00,1806733
concrete,laplace,gap,5,5,927,621,306,284,0.0112721417069243,37,66,5.002342531385096,2.326663792604102,2.150006609156994,8.395606897095162,5.2617616166348045,-3.995245711981184,-3.0094795630665,0.8108108108108109,0.8636363636363636,2026-08-31T17:27:15.379051+00:00,1806733
concrete,laplace,gap,6,5,927,625,302,302,0.0,41,62,4.554376565029974,2.2776427399896915,1.9996009405103572,11.65871881771842,4.041056694080516,-4.659583583516343,-2.744718897880105,0.7317073170731707,0.9032258064516128,2026-08-31T17:27:16.609651+00:00,1806733
concrete,laplace,gap,7,5,927,617,310,14,0.1231766612641815,33,70,3.784062974890965,2.5656269462372268,1.474907714249224,5.022033868651139,5.900078965276858,-2.857020651059141,-3.032019155194564,1.0,0.8857142857142857,2026-08-31T17:27:16.748454+00:00,1806733
concrete,ensemble,gap,0,5,927,620,307,278,0.0064516129032258,36,67,4.20902402984048,1.8640662177023892,2.2579798881975544,8.02079710290896,4.758189483933343,-3.959323052028962,-2.8337011200417583,0.75,0.9104477611940298,2026-08-31T17:28:00.476608+00:00,1806733
concrete,ensemble,gap,1,5,927,620,307,185,0.5048387096774194,36,67,4.263437389592521,1.9381900208639549,2.199700413116397,10.405284718090428,4.490776160799937,-3.703397911631787,-2.9355363725720567,0.8055555555555556,0.9402985074626866,2026-08-31T17:28:02.003646+00:00,1806733
concrete,ensemble,gap,2,5,927,623,304,156,0.5088282504012841,39,64,2.6247758658672886,2.0765612878114803,1.264001154829184,6.461863481532894,4.117328268853805,-3.572735050219213,-2.7103555980510445,0.8717948717948718,0.921875,2026-08-31T17:28:02.016820+00:00,1806733
concrete,ensemble,gap,3,5,927,617,310,195,0.1345218800648298,33,70,3.4719180586579577,1.710726003468668,2.029499786417168,7.127371386287461,4.19973103612796,-3.583975752258684,-2.9243624962172734,0.8484848484848485,0.9,2026-08-31T17:28:09.310752+00:00,1806733
concrete,ensemble,gap,4,5,927,609,318,111,0.5155993431855501,25,78,4.3227217392475765,1.508621421682968,2.865345591092888,11.38596315666472,4.091466696608495,-5.117290831413828,-2.9360261553659868,0.6,0.8846153846153846,2026-08-31T17:28:12.362830+00:00,1806733
concrete,ensemble,gap,5,5,927,621,306,284,0.0112721417069243,37,66,5.378068258418793,1.7567783759859268,3.0613242580473767,9.618251264960884,3.623901679196576,-4.370789191318466,-2.7805422188686024,0.8378378378378378,0.8787878787878788,2026-08-31T17:28:10.404054+00:00,1806733
concrete,ensemble,gap,6,5,927,625,302,302,0.0,41,62,5.064453980843043,1.6110538352425137,3.1435659504703546,8.986148731829358,3.6888225577463527,-3.464867905221516,-2.807714805125609,0.8292682926829268,0.935483870967742,2026-08-31T17:28:40.204685+00:00,1806733
concrete,ensemble,gap,7,5,927,617,310,14,0.1231766612641815,33,70,3.0142414017156725,1.890227815766512,1.5946445061138617,5.523712223576889,4.883888533130928,-2.957302573445209,-3.023612148542011,0.8787878787878788,0.8857142857142857,2026-08-31T17:28:55.570112+00:00,1806733
concrete,bbb,gap,0,5,927,620,307,278,0.0064516129032258,36,67,2.322242443159486,2.567006533970913,0.904649993066905,8.743250672893154,4.768631540654158,-3.975027406990231,-2.99330366519138,0.7222222222222222,0.9850746268656716,2026-08-31T17:32:28.107085+00:00,1806733
concrete,bbb,gap,1,5,927,620,307,185,0.5048387096774194,36,67,2.328938070928223,2.27442147515816,1.0239694341464445,10.694176215681294,6.740253429934433,-5.012693292620224,-3.47141976681013,0.8333333333333334,0.8656716417910447,2026-08-31T17:32:28.691509+00:00,1806733
concrete,bbb,gap,2,5,927,623,304,156,0.5088282504012841,39,64,2.4519369240213296,2.3953062665951403,1.023642345121356,7.894057730990412,4.77855576106226,-3.906719745691039,-2.984353096673809,0.7692307692307693,0.9375,2026-08-31T17:32:37.383184+00:00,1806733
concrete,bbb,gap,3,5,927,617,310,195,0.1345218800648298,33,70,2.123790335198944,2.2377041881248902,0.9490934264097698,7.829309933582394,5.07863742416711,-3.888183119054534,-3.033014748800112,0.7575757575757576,0.9,2026-08-31T17:32:38.739355+00:00,1806733
concrete,bbb,gap,4,5,927,609,318,111,0.5155993431855501,25,78,2.261065874480986,2.315133153464965,0.9766461471544048,8.998274990031641,4.241520531307167,-4.276044407266037,-2.8791073527533992,0.68,0.9615384615384616,2026-08-31T17:32:44.584682+00:00,1806733
concrete,bbb,gap,5,5,927,621,306,284,0.0112721417069243,37,66,2.412005229201242,2.480569967715524,0.9723592805658988,9.342418765167237,4.971397510271814,-4.608312742200343,-3.002731153216668,0.7297297297297297,0.9242424242424242,2026-08-31T17:33:13.057043+00:00,1806733
concrete,bbb,gap,6,5,927,625,302,302,0.0,41,62,1.8683888184112565,1.9684767618275627,0.9491546228245116,7.978928566631589,3.7042388197601857,-4.105478197273719,-2.7253628280937057,0.7560975609756098,0.9516129032258064,2026-08-31T17:33:29.219196+00:00,1806733
concrete,bbb,gap,7,5,927,617,310,14,0.1231766612641815,33,70,1.9465471815862625,2.1100375994660974,0.9225177703367926,6.373208413936413,5.807326850203664,-3.477821564169413,-3.2414501942319256,0.8787878787878788,0.9,2026-08-31T17:34:37.704202+00:00,1806733
concrete,gp,gap,0,5,927,620,307,278,0.0064516129032258,36,67,3.830580608733126,2.638847608394282,1.45161114895301,6.567934291357445,5.551330240057613,-3.216653201473745,-3.1560508606718938,0.9166666666666666,0.9104477611940298,2026-08-31T17:32:41.297504+00:00,1806733
concrete,gp,gap,1,5,927,620,307,185,0.5048387096774194,36,67,5.235181059891553,2.7546730549068865,1.9004727441487648,9.867149441627385,5.439749508481125,-3.560816367317643,-3.124630654393118,0.8611111111111112,0.9104477611940298,2026-08-31T17:32:42.148355+00:00,1806733
concrete,gp,gap,2,5,927,623,304,156,0.5088282504012841,39,64,2.4421005070681,2.659083579776865,0.9183993032941924,7.089637404786175,5.262445619191125,-3.405308787742196,-3.0679570370508564,0.8461538461538461,0.953125,2026-08-31T17:32:51.450018+00:00,1806733
concrete,gp,gap,3,5,927,617,310,195,0.1345218800648298,33,70,3.490367040442111,2.787329444351527,1.2522262294883288,5.85861278376204,5.608761047868587,-3.171507416436716,-3.1974930801317734,0.9393939393939394,0.9,2026-08-31T17:32:52.849869+00:00,1806733
concrete,gp,gap,4,5,927,609,318,111,0.5155993431855501,25,78,4.923228332037815,2.5160371305318945,1.956739140410474,9.539284309592457,5.4374999944582365,-3.5687216185958306,-3.1347480017631373,0.84,0.8974358974358975,2026-08-31T17:32:54.301846+00:00,1806733
concrete,gp,gap,5,5,927,621,306,284,0.0112721417069243,37,66,3.745821771471202,2.5694005884429223,1.4578582212208493,8.272624891450038,4.971078227428532,-3.557879760207921,-3.0522900074367696,0.8648648648648649,0.9393939393939394,2026-08-31T17:32:56.463829+00:00,1806733
concrete,gp,gap,6,5,927,625,302,302,0.0,41,62,3.85263697789786,2.4684500605288475,1.5607514364995745,7.591488955683801,5.153519907268787,-3.4634193331101253,-3.054450549114593,0.8292682926829268,0.935483870967742,2026-08-31T17:32:58.606464+00:00,1806733
concrete,gp,gap,7,5,927,617,310,14,0.1231766612641815,33,70,3.4904182666479904,2.5125594386528003,1.389188336383996,6.658401361700443,5.9122313386324254,-3.410325450182527,-3.2545032482559697,0.9090909090909092,0.8857142857142857,2026-08-31T17:33:02.358036+00:00,1806733
concrete,mcd,gap,0,6,927,619,308,278,0.0,35,68,2.7122306809041725,2.868197366596469,0.9456220525446708,7.089713279241734,6.066733390194002,-3.3998166466014026,-3.22395582820276,0.9142857142857144,0.9558823529411764,2026-08-31T17:33:06.313875+00:00,1806733
concrete,mcd,gap,1,6,927,617,310,185,0.5056726094003241,33,70,2.9707544264806915,2.7506036014366244,1.080037277973854,8.683316995930582,6.556208841295838,-3.723216806913376,-3.2933627238242797,0.8181818181818182,0.9428571428571428,2026-08-31T17:33:06.835513+00:00,1806733
concrete,mcd,gap,2,6,927,615,312,156,0.5040650406504065,31,72,2.838096344706345,2.6231644215952525,1.08193612315784,6.448161358800559,6.843274125615944,-3.270999001657088,-3.381559303506694,0.935483870967742,0.9166666666666666,2026-08-31T17:33:08.859289+00:00,1806733
concrete,mcd,gap,3,6,927,616,311,195,0.1314935064935065,32,71,2.9262649103528804,3.197246999832706,0.9152451814032496,5.7064101649041445,6.254227695363713,-3.1768977508360914,-3.257453060160137,1.0,0.943661971830986,2026-08-31T17:33:11.036685+00:00,1806733
concrete,mcd,gap,4,6,927,617,310,111,0.5153970826580226,33,70,2.8553439285843742,3.0051641511576594,0.950145744113322,6.190246269455718,6.399236892232683,-3.2498042696381213,-3.2805242225574824,0.9393939393939394,0.9142857142857144,2026-08-31T17:33:14.553569+00:00,1806733
concrete,mcd,gap,5,6,927,617,310,284,0.0113452188006482,33,70,2.992770255257417,2.9905529622603195,1.0007414324457982,7.75689943427661,6.653296866765317,-3.5148895811978518,-3.321950007931802,0.8787878787878788,0.9142857142857144,2026-08-31T17:33:18.358136+00:00,1806733
concrete,mcd,gap,6,6,927,622,305,302,0.0,38,65,2.9563654575540763,2.860072103788902,1.033668156001245,7.495443114519023,5.677148834231871,-3.479663735296489,-3.1686386289879533,0.8947368421052632,0.9384615384615383,2026-08-31T17:33:18.739569+00:00,1806733
concrete,mcd,gap,7,6,927,616,311,14,0.1217532467532467,32,71,2.946788105355956,2.989334873345527,0.985767145605218,9.271508403189523,4.273761888220528,-3.845341268779896,-2.9863159147770437,0.8125,1.0,2026-08-31T17:33:20.776741+00:00,1806733
concrete,map,gap,0,6,927,619,308,278,0.0,35,68,0.0,0.0,,8.859083774330696,5.6144492436689495,-6.435193481786548,-3.7874357221109656,0.6857142857142857,0.8088235294117647,2026-08-31T17:33:22.060541+00:00,1806733
concrete,map,gap,1,6,927,617,310,185,0.5056726094003241,33,70,0.0,0.0,,15.06649932784594,5.245399884210196,-19.565819875393803,-3.995143413986487,0.4242424242424242,0.8,2026-08-31T17:33:24.185619+00:00,1806733
concrete,map,gap,2,6,927,615,312,156,0.5040650406504065,31,72,0.0,0.0,,9.944636918459194,7.069299563468632,-8.554532864164468,-5.274368154298289,0.4838709677419355,0.75,2026-08-31T17:33:25.469896+00:00,1806733
concrete,map,gap,3,6,927,616,311,195,0.1314935064935065,32,71,0.0,0.0,,9.270453967182132,5.453210728417552,-6.398056348337315,-3.5651130275977283,0.6875,0.9014084507042254,2026-08-31T17:33:29.312062+00:00,1806733
concrete,map,gap,4,6,927,617,310,111,0.5153970826580226,33,70,0.0,0.0,,10.834357293586075,6.143422246172168,-8.61334487907735,-4.134092509177662,0.4848484848484848,0.8571428571428571,2026-08-31T17:33:29.893030+00:00,1806733
concrete,map,gap,5,6,927,617,310,284,0.0113452188006482,33,70,0.0,0.0,,12.384199203706922,5.054015275430148,-16.6691951029988,-4.223937627291386,0.303030303030303,0.7571428571428571,2026-08-31T17:33:31.305693+00:00,1806733
concrete,map,gap,6,6,927,622,305,302,0.0,38,65,0.0,0.0,,7.52145767249232,4.539513754874858,-5.723148874419152,-3.306962973023188,0.5526315789473685,0.8461538461538461,2026-08-31T17:33:33.204884+00:00,1806733
concrete,map,gap,7,6,927,616,311,14,0.1217532467532467,32,71,0.0,0.0,,9.798388190034938,3.719474699607098,-7.800937674717026,-2.813021618990335,0.65625,0.8732394366197183,2026-08-31T17:33:35.263687+00:00,1806733
concrete,laplace,gap,0,6,927,619,308,278,0.0,35,68,4.895811074172223,2.7445713486268795,1.7838162876041164,8.859083774330696,5.6144492436689495,-3.433579382765259,-3.0099506668598424,0.8571428571428571,0.9264705882352942,2026-08-31T17:33:37.675958+00:00,1806733
concrete,laplace,gap,1,6,927,617,310,185,0.5056726094003241,33,70,6.376004331670651,2.863696352760188,2.2264945532808,15.06649932784594,5.245399884210196,-4.4032273252027405,-2.792184479993961,0.7272727272727273,0.9,2026-08-31T17:33:41.436686+00:00,1806733
concrete,laplace,gap,2,6,927,615,312,156,0.5040650406504065,31,72,3.911870987588939,2.65580558649124,1.4729508091581245,9.944636918459194,7.069299563468632,-4.057227761867169,-3.0305386399385004,0.6774193548387096,0.8888888888888888,2026-08-31T17:33:41.690962+00:00,1806733
concrete,laplace,gap,3,6,927,616,311,195,0.1314935064935065,32,71,5.402275926786405,2.828386051840585,1.910020707134675,9.270453967182132,5.453210728417552,-3.476394680631579,-2.7803865964705965,0.875,0.9577464788732394,2026-08-31T17:33:41.793717+00:00,1806733
concrete,laplace,gap,4,6,927,617,310,111,0.5153970826580226,33,70,6.262194298010329,2.692508993260976,2.3257839857485507,10.834357293586075,6.143422246172168,-3.768937766369029,-2.847852938124873,0.9090909090909092,0.9285714285714286,2026-08-31T17:33:43.296733+00:00,1806733
concrete,laplace,gap,5,6,927,617,310,284,0.0113452188006482,33,70,6.174477576146153,2.282218835890232,2.7054713067152725,12.384199203706922,5.054015275430148,-4.705974570031509,-2.785733107857682,0.7272727272727273,0.9428571428571428,2026-08-31T17:33:46.407482+00:00,1806733
concrete,laplace,gap,6,6,927,622,305,302,0.0,38,65,4.354883238812874,2.300207069450434,1.8932570448335084,7.52145767249232,4.539513754874858,-3.339046778088716,-2.830963452710321,0.9473684210526316,0.953846153846154,2026-08-31T17:33:48.657074+00:00,1806733
concrete,laplace,gap,7,6,927,616,311,14,0.1217532467532467,32,71,5.509208518503443,2.639592268660298,2.087143754705568,9.798388190034938,3.719474699607098,-3.440326733094693,-2.7742919679200577,0.90625,0.943661971830986,2026-08-31T17:33:51.762096+00:00,1806733
concrete,ensemble,gap,0,6,927,619,308,278,0.0,35,68,4.113866702357096,2.034510405170798,2.022042596538962,5.749738433239971,6.04731068768901,-3.111430751506611,-2.8380289476028064,0.9714285714285714,0.8823529411764706,2026-08-31T17:34:38.004088+00:00,1806733
concrete,ensemble,gap,1,6,927,617,310,185,0.5056726094003241,33,70,4.297574051628854,1.9790512211956528,2.171532502848741,12.140365896242796,5.891679594948139,-4.641329752902969,-2.934935713677348,0.7575757575757576,0.8428571428571429,2026-08-31T17:34:38.316044+00:00,1806733
concrete,ensemble,gap,2,6,927,615,312,156,0.5040650406504065,31,72,3.2981151315234225,2.126310268682185,1.551097777262526,10.065714762695752,7.208943529744634,-4.6575175916883,-3.279400122575548,0.8064516129032258,0.8194444444444444,2026-08-31T17:34:38.442504+00:00,1806733
concrete,ensemble,gap,3,6,927,616,311,195,0.1314935064935065,32,71,3.8509952704852,1.7615508369889123,2.186139161937476,7.150037569704504,3.900935001070034,-3.427010011661805,-2.653562516698911,0.8125,0.9859154929577464,2026-08-31T17:34:39.980670+00:00,1806733
concrete,ensemble,gap,4,6,927,617,310,111,0.5153970826580226,33,70,4.185218543396012,1.6692250064124927,2.507282437848751,7.526693855298006,6.407259428822099,-3.398743197517675,-3.1484331022227576,0.8484848484848485,0.9428571428571428,2026-08-31T17:34:42.024979+00:00,1806733
concrete,ensemble,gap,5,6,927,617,310,284,0.0113452188006482,33,70,5.106124961821721,1.901247235932312,2.685671208520042,9.723364319432724,5.080280053285299,-3.562509802415062,-2.753257700270526,0.7878787878787878,0.9428571428571428,2026-08-31T17:34:44.386693+00:00,1806733
concrete,ensemble,gap,6,6,927,622,305,302,0.0,38,65,4.585599530007473,1.6737839908701622,2.739660287719399,7.594857081044626,4.503347643301041,-3.559034231522257,-2.8024190551840813,0.8947368421052632,0.9384615384615383,2026-08-31T17:34:47.491541+00:00,1806733
concrete,ensemble,gap,7,6,927,616,311,14,0.1217532467532467,32,71,3.847510112280768,1.775322675025378,2.1672173551356058,11.666230399735612,3.861619037261857,-4.525638050326465,-2.7282710014587708,0.75,0.9014084507042254,2026-08-31T17:35:31.700240+00:00,1806733
concrete,bbb,gap,0,6,927,619,308,278,0.0,35,68,1.8693736292640928,2.011949397624805,0.9291355098050532,8.788637820139266,5.603447291560829,-4.290372531427649,-3.168562371375206,0.7142857142857143,0.8823529411764706,2026-08-31T17:38:56.422476+00:00,1806733
concrete,bbb,gap,1,6,927,617,310,185,0.5056726094003241,33,70,2.131928674255235,2.21256009332294,0.9635574105711144,8.989174649585825,6.315865517389328,-4.453031861026809,-3.4220237732330125,0.696969696969697,0.9142857142857144,2026-08-31T17:38:57.453898+00:00,1806733
concrete,bbb,gap,2,6,927,615,312,156,0.5040650406504065,31,72,1.8125803232023168,1.926772519358212,0.9407339501634931,9.96591412782672,7.63232833177615,-5.123871942543065,-3.878793007596528,0.7419354838709677,0.8611111111111112,2026-08-31T17:38:58.696673+00:00,1806733
concrete,bbb,gap,3,6,927,616,311,195,0.1314935064935065,32,71,2.19943171330384,2.204288278991327,0.9977967647272936,6.779222434285719,5.759067788807242,-3.451542389632687,-3.205056860571828,0.8125,0.8873239436619719,2026-08-31T17:38:58.417649+00:00,1806733
concrete,bbb,gap,4,6,927,617,310,111,0.5153970826580226,33,70,1.990829450651768,1.982835650048857,1.0040314993341548,8.066456582062134,5.988660755805305,-4.12845926909423,-3.3308146463889248,0.8787878787878788,0.9142857142857144,2026-08-31T17:39:00.309638+00:00,1806733
concrete,bbb,gap,5,6,927,617,310,284,0.0113452188006482,33,70,2.126359059664375,2.0428183427169486,1.0408948339656658,11.952659976185446,6.0807737802013655,-6.498278117076643,-3.3911402721656803,0.696969696969697,0.8857142857142857,2026-08-31T17:38:58.934821+00:00,1806733
concrete,bbb,gap,6,6,927,622,305,302,0.0,38,65,1.970989599994368,2.028829531116074,0.9714909852037258,7.59616820996567,5.356139410576097,-3.8502565069208488,-3.133708874791872,0.8157894736842105,0.9230769230769232,2026-08-31T17:39:10.508314+00:00,1806733
concrete,bbb,gap,7,6,927,616,311,14,0.1217532467532467,32,71,2.032443110394297,2.1540129801671046,0.9435612176471768,10.191719236429286,4.244657679518801,-4.989814803046405,-2.871596741071597,0.625,0.943661971830986,2026-08-31T17:39:51.834498+00:00,1806733
concrete,gp,gap,0,6,927,619,308,278,0.0,35,68,3.974989954031466,2.699019536164478,1.472753309403697,5.356128041520563,7.113023238375274,-3.001882202485762,-3.2391212923696084,1.0,0.8823529411764706,2026-08-31T17:39:05.211555+00:00,1806733
concrete,gp,gap,1,6,927,617,310,185,0.5056726094003241,33,70,4.689689938508409,2.691943778898157,1.7421203129390588,7.997408414088333,6.9470058214070605,-3.356880145267134,-3.197661411029721,0.9090909090909092,0.8714285714285714,2026-08-31T17:39:04.865482+00:00,1806733
concrete,gp,gap,2,6,927,615,312,156,0.5040650406504065,31,72,2.9473593873155477,2.5065536997280007,1.1758612582827892,7.5992851949873375,7.909372198832838,-3.4492437205037807,-3.284682112502765,0.9032258064516128,0.875,2026-08-31T17:39:08.817875+00:00,1806733
concrete,gp,gap,3,6,927,616,311,195,0.1314935064935065,32,71,4.145937079436157,2.8523515146463154,1.4535154794728178,6.640317988410701,5.680724177632243,-3.188364510284039,-3.099173067883909,0.9375,0.943661971830986,2026-08-31T17:39:05.802628+00:00,1806733
concrete,gp,gap,4,6,927,617,310,111,0.5153970826580226,33,70,5.586103975003222,2.80978595281945,1.9880887970836008,6.002747109934671,6.937569732479587,-3.2088325495789665,-3.058133372921966,0.9393939393939394,0.9285714285714286,2026-08-31T17:39:06.901310+00:00,1806733
concrete,gp,gap,5,6,927,617,310,284,0.0113452188006482,33,70,4.34008538405339,2.3437435711991705,1.8517748431978829,10.83170101124748,6.557459496747142,-3.818299200160885,-3.138154326464309,0.8181818181818182,0.9142857142857144,2026-08-31T17:39:09.105600+00:00,1806733
concrete,gp,gap,6,6,927,622,305,302,0.0,38,65,3.512838257731389,2.55874865518207,1.3728735140190744,8.696709195825813,6.226883365627928,-3.494897605234889,-3.0975695628737765,0.8421052631578947,0.9230769230769232,2026-08-31T17:39:11.792493+00:00,1806733
concrete,gp,gap,7,6,927,616,311,14,0.1217532467532467,32,71,4.726819320272616,2.507527013257612,1.8850522029399188,10.661319321863024,4.516101840164969,-3.604303736692163,-2.941902213838808,0.875,0.9859154929577464,2026-08-31T17:39:11.637191+00:00,1806733
concrete,mcd,gap,0,7,927,623,304,278,0.0064205457463884,39,64,2.8629430175459416,2.920069658167959,0.9804365486753976,5.82708632999231,5.813747517533788,-3.1898033267770898,-3.1934462628547875,0.9487179487179488,0.984375,2026-08-31T17:39:18.914811+00:00,1806733
concrete,mcd,gap,1,7,927,621,306,185,0.5217391304347826,37,66,2.7160364082049053,2.735357549887476,0.9929365206082968,6.520321687794672,5.786337434610502,-3.2935405480897253,-3.182457587161907,0.8918918918918919,0.9545454545454546,2026-08-31T17:39:19.600641+00:00,1806733
concrete,mcd,gap,2,7,927,616,311,156,0.5048701298701299,32,71,2.618339052861071,2.678064838139742,0.977698155612932,4.84378514953668,6.173704751929213,-3.0363525986054243,-3.2418707665395226,0.96875,0.9577464788732394,2026-08-31T17:39:21.120919+00:00,1806733
concrete,mcd,gap,3,7,927,618,309,195,0.1326860841423948,34,69,2.725273568110066,3.190212090376942,0.8542609365473438,5.38953168098702,6.479453749320564,-3.1237620103958297,-3.3048437913923663,0.9705882352941176,0.9565217391304348,2026-08-31T17:39:21.536388+00:00,1806733
concrete,mcd,gap,4,7,927,619,308,111,0.5088852988691438,35,68,2.7955394672515745,3.1025729075963437,0.9010390893335568,7.395128133731215,5.930193854364596,-3.4599693275736083,-3.2193911797906813,0.8857142857142857,0.9705882352941176,2026-08-31T17:39:22.631026+00:00,1806733
concrete,mcd,gap,5,7,927,622,305,284,0.0096463022508038,38,65,3.2594318403138463,3.0367617030830654,1.073324863457253,8.096282615358481,4.549630576154363,-3.5936592746653453,-3.0132556826500982,0.8947368421052632,0.9846153846153848,2026-08-31T17:39:23.684174+00:00,1806733
concrete,mcd,gap,6,7,927,618,309,302,0.0,34,69,2.697066060873998,2.961111900611163,0.9108288208619651,8.205230464964242,5.632828911297944,-3.639164812230959,-3.161146240505844,0.8823529411764706,0.9565217391304348,2026-08-31T17:39:23.773397+00:00,1806733
concrete,mcd,gap,7,7,927,626,301,14,0.1230031948881789,42,61,2.775455177754992,3.027365890113215,0.9167888119566536,5.576993944059453,5.731947895953934,-3.13735056498704,-3.1937291521892845,0.9523809523809524,0.9672131147540984,2026-08-31T17:39:30.791208+00:00,1806733
concrete,map,gap,0,7,927,623,304,278,0.0064205457463884,39,64,0.0,0.0,,6.050252310964884,5.985320780742052,-4.659527052950706,-4.599701496767189,0.5897435897435898,0.71875,2026-08-31T17:39:30.366817+00:00,1806733
concrete,map,gap,1,7,927,621,306,185,0.5217391304347826,37,66,0.0,0.0,,8.795193837908506,6.632092380324466,-8.49268434238279,-5.603654968124132,0.4864864864864865,0.5757575757575758,2026-08-31T17:39:31.598667+00:00,1806733
concrete,map,gap,2,7,927,616,311,156,0.5048701298701299,32,71,0.0,0.0,,6.621134026352726,6.801749217138108,-5.957935940606382,-6.191007643877541,0.6875,0.6197183098591549,2026-08-31T17:39:32.295137+00:00,1806733
concrete,map,gap,3,7,927,618,309,195,0.1326860841423948,34,69,0.0,0.0,,6.544851404458298,5.870704658655275,-4.717888231849094,-4.175140487842249,0.6764705882352942,0.7971014492753623,2026-08-31T17:39:33.566273+00:00,1806733
concrete,map,gap,4,7,927,619,308,111,0.5088852988691438,35,68,0.0,0.0,,12.9770751877488,5.658783360495148,-12.583785085369804,-3.97499724357068,0.4571428571428571,0.7647058823529411,2026-08-31T17:39:34.151992+00:00,1806733
concrete,map,gap,5,7,927,622,305,284,0.0096463022508038,38,65,0.0,0.0,,10.785296337680409,4.193694922233431,-13.564870878530584,-3.506068135542549,0.2368421052631578,0.8615384615384616,2026-08-31T17:39:34.654919+00:00,1806733
concrete,map,gap,6,7,927,618,309,302,0.0,34,69,0.0,0.0,,10.394837234785468,4.988070017534642,-8.696967996290532,-3.5111855028547305,0.5588235294117647,0.782608695652174,2026-08-31T17:39:40.923765+00:00,1806733
concrete,map,gap,7,7,927,626,301,14,0.1230031948881789,42,61,0.0,0.0,,5.672772120343288,5.423821595515391,-4.27120401007088,-4.065080308707156,0.5714285714285714,0.7213114754098361,2026-08-31T17:39:41.114550+00:00,1806733
concrete,laplace,gap,0,7,927,623,304,278,0.0064205457463884,39,64,4.0199603631789,2.433413243677358,1.6519842544721102,6.050252310964884,5.985320780742052,-3.223369526981842,-3.786108039515189,0.8461538461538461,0.84375,2026-08-31T17:39:43.746170+00:00,1806733
concrete,laplace,gap,1,7,927,621,306,185,0.5217391304347826,37,66,3.77140177980682,2.4692368261195106,1.527355229726468,8.795193837908506,6.632092380324466,-4.010897580472401,-4.113793501606873,0.7297297297297297,0.7575757575757576,2026-08-31T17:39:43.674543+00:00,1806733
concrete,laplace,gap,2,7,927,616,311,156,0.5048701298701299,32,71,2.87676224929301,2.367763828026592,1.214970097626097,6.621134026352726,6.801749217138108,-3.603417735742666,-4.262699011541618,0.875,0.7746478873239436,2026-08-31T17:39:45.487565+00:00,1806733
concrete,laplace,gap,3,7,927,618,309,195,0.1326860841423948,34,69,5.107995803852024,2.7792145882232075,1.8379278179874696,6.544851404458298,5.870704658655275,-3.18145507136192,-3.545600758808169,0.9117647058823528,0.8695652173913043,2026-08-31T17:39:46.031231+00:00,1806733
concrete,laplace,gap,4,7,927,619,308,111,0.5088852988691438,35,68,4.993474477997551,2.333492707569587,2.139914327479697,12.9770751877488,5.658783360495148,-4.583141959287218,-3.556137252370896,0.7142857142857143,0.8529411764705882,2026-08-31T17:39:46.445832+00:00,1806733
concrete,laplace,gap,5,7,927,622,305,284,0.0096463022508038,38,65,4.65148785001763,2.083636900504372,2.2323888816192854,10.785296337680409,4.193694922233431,-5.1598211070124735,-2.8621559533238123,0.6578947368421053,0.8923076923076924,2026-08-31T17:39:52.678872+00:00,1806733
concrete,laplace,gap,6,7,927,618,309,302,0.0,34,69,4.805764021464279,2.5849805994188038,1.859110285990072,10.394837234785468,4.988070017534642,-3.9267110603338815,-3.026575623654715,0.8529411764705882,0.8840579710144928,2026-08-31T17:39:52.958036+00:00,1806733
concrete,laplace,gap,7,7,927,626,301,14,0.1230031948881789,42,61,3.8181903882598593,2.633668556906249,1.4497611623328408,5.672772120343288,5.423821595515391,-3.265941646102984,-3.4608463215559717,0.9047619047619048,0.8852459016393442,2026-08-31T17:39:55.564847+00:00,1806733
concrete,ensemble,gap,0,7,927,623,304,278,0.0064205457463884,39,64,4.601581054060849,2.3049104917830903,1.9964250544501807,7.626587912446366,5.626455096607559,-3.770166248234229,-3.612034745343809,0.8461538461538461,0.84375,2026-08-31T17:40:38.268344+00:00,1806733
concrete,ensemble,gap,1,7,927,621,306,185,0.5217391304347826,37,66,3.556076532810025,2.196507011737297,1.6189688964377107,8.13832257789122,5.738044629552482,-4.042139202209,-3.718208910623069,0.7027027027027027,0.8333333333333334,2026-08-31T17:40:40.952081+00:00,1806733
concrete,ensemble,gap,2,7,927,616,311,156,0.5048701298701299,32,71,2.854633285590087,2.057348228100824,1.3875304368017711,5.509430738222889,6.107427630397471,-3.1846272248112424,-4.313767415512141,0.90625,0.8169014084507042,2026-08-31T17:40:40.732463+00:00,1806733
concrete,ensemble,gap,3,7,927,618,309,195,0.1326860841423948,34,69,3.7108394429228495,1.9188670805094388,1.9338699801643695,5.888798522732093,5.77523111543922,-3.127328735899146,-3.7436826511503294,0.8529411764705882,0.8695652173913043,2026-08-31T17:40:40.887427+00:00,1806733
concrete,ensemble,gap,4,7,927,619,308,111,0.5088852988691438,35,68,4.078113259730247,1.6923179839504825,2.409779544037259,9.334824349945604,4.980865838730447,-4.061817888496045,-3.3716206357127225,0.7142857142857143,0.8529411764705882,2026-08-31T17:40:46.332121+00:00,1806733
concrete,ensemble,gap,5,7,927,622,305,284,0.0096463022508038,38,65,5.231840381170795,2.1131772314957584,2.4758171265490927,9.392398514594486,3.805454991168646,-4.761756157653613,-2.6324932565187047,0.7105263157894737,0.9384615384615383,2026-08-31T17:40:47.441512+00:00,1806733
concrete,ensemble,gap,6,7,927,618,309,302,0.0,34,69,3.715051285983163,1.8980767755425416,1.9572713463717824,9.59225438184156,4.782644363130566,-4.370650813080298,-3.232492112905189,0.6764705882352942,0.855072463768116,2026-08-31T17:40:47.326195+00:00,1806733
concrete,ensemble,gap,7,7,927,626,301,14,0.1230031948881789,42,61,2.7029650734420194,1.8961876907755275,1.4254733782901658,6.669360737904257,5.326817119924355,-3.725426227418312,-3.455612613077986,0.6904761904761905,0.8852459016393442,2026-08-31T17:40:49.559061+00:00,1806733
concrete,bbb,gap,0,7,927,623,304,278,0.0064205457463884,39,64,2.254860992551852,2.440505741121373,0.9239318533689576,7.741921316167494,6.351474979954337,-3.672533287850497,-3.2981927883944184,0.7692307692307693,0.9375,2026-08-31T17:44:59.130264+00:00,1806733
concrete,bbb,gap,1,7,927,621,306,185,0.5217391304347826,37,66,1.9811820419047823,2.08328506570598,0.9509894130755472,7.759894400743324,5.780287140982089,-3.86096863880156,-3.2030366068378906,0.7837837837837838,0.9090909090909092,2026-08-31T17:45:04.776640+00:00,1806733
concrete,bbb,gap,2,7,927,616,311,156,0.5048701298701299,32,71,1.8945243237866491,1.952446528884887,0.9703335255325436,5.4144524806639645,7.106701498650545,-3.147693057388235,-3.66300280656834,0.90625,0.8309859154929577,2026-08-31T17:45:01.968669+00:00,1806733
concrete,bbb,gap,3,7,927,618,309,195,0.1326860841423948,34,69,2.1551431479473377,2.236180425713716,0.9637608500483524,7.189937811561953,6.187359996477631,-3.624279300101599,-3.320045887481918,0.9117647058823528,0.8840579710144928,2026-08-31T17:45:04.033679+00:00,1806733
concrete,bbb,gap,4,7,927,619,308,111,0.5088852988691438,35,68,1.955566778283896,1.9935626403387292,0.9809407232629632,9.017729831868204,6.063036689054802,-4.465632500250001,-3.330577031923656,0.6,0.8970588235294118,2026-08-31T17:45:06.415559+00:00,1806733
concrete,bbb,gap,5,7,927,622,305,284,0.0096463022508038,38,65,1.9028618318639736,1.9546307929120597,0.9735147111997764,8.52256379325494,4.165702530335838,-4.316948939710597,-2.8370759271053734,0.6052631578947368,0.953846153846154,2026-08-31T17:45:14.087370+00:00,1806733
concrete,bbb,gap,6,7,927,618,309,302,0.0,34,69,1.7631523889840293,1.8786121078783191,0.9385398835608014,9.136104124228371,4.9320096937820255,-4.783266183261808,-3.052411269803809,0.6764705882352942,0.8840579710144928,2026-08-31T17:45:09.200118+00:00,1806733
concrete,bbb,gap,7,7,927,626,301,14,0.1230031948881789,42,61,2.1503169488536464,2.098526991191591,1.0246791953972667,8.14753352489206,6.723561470871879,-4.056962915693122,-3.52186690580961,0.6904761904761905,0.8524590163934426,2026-08-31T17:45:17.173175+00:00,1806733
concrete,gp,gap,0,7,927,623,304,278,0.0064205457463884,39,64,4.131726743928716,2.6750153991309062,1.544561853838705,6.240275901524493,6.190109505056832,-3.116377479967281,-3.3219975067281364,0.9487179487179488,0.890625,2026-08-31T17:45:06.275986+00:00,1806733
concrete,gp,gap,1,7,927,621,306,185,0.5217391304347826,37,66,4.650539154627618,2.6808515546806984,1.734724605138205,7.37875176182945,6.146737223422164,-3.3979918448751976,-3.3846362043874008,0.8648648648648649,0.8636363636363636,2026-08-31T17:45:11.317276+00:00,1806733
concrete,gp,gap,2,7,927,616,311,156,0.5048701298701299,32,71,2.9059904890378987,2.5282772001893594,1.1493955207206907,4.8523528212578535,6.611034479108058,-3.0750254741370378,-3.442051586881856,0.90625,0.8309859154929577,2026-08-31T17:45:13.183598+00:00,1806733
concrete,gp,gap,3,7,927,618,309,195,0.1326860841423948,34,69,3.718347015298755,2.74049191086306,1.3568173657289653,4.415611529333135,6.721852461629834,-2.959024569903669,-3.40513004887452,0.9705882352941176,0.8985507246376812,2026-08-31T17:45:14.761262+00:00,1806733
concrete,gp,gap,4,7,927,619,308,111,0.5088852988691438,35,68,4.803872536393665,2.554172186364405,1.8807943184251297,9.017358585875714,5.992400636281796,-3.480706805094254,-3.269116157667032,0.8857142857142857,0.9117647058823528,2026-08-31T17:45:16.390049+00:00,1806733
concrete,gp,gap,5,7,927,622,305,284,0.0096463022508038,38,65,4.313219285586481,2.5375612647074064,1.6997498131670987,6.9426684575590025,4.954253556422063,-3.563421918949768,-3.009366975438873,0.8157894736842105,0.9230769230769232,2026-08-31T17:45:17.449629+00:00,1806733
concrete,gp,gap,6,7,927,618,309,302,0.0,34,69,3.070653765592935,2.6160008681418376,1.1737969214719872,8.597914914575323,5.898095446273897,-3.719786069973686,-3.193092480320518,0.7941176470588235,0.9130434782608696,2026-08-31T17:45:18.482791+00:00,1806733
concrete,gp,gap,7,7,927,626,301,14,0.1230031948881789,42,61,3.595881794856775,2.502086118031789,1.4371534892193862,6.8796584990760845,5.7370943359190685,-3.4271947651141383,-3.1863274330820768,0.8095238095238095,0.9344262295081968,2026-08-31T17:45:19.914942+00:00,1806733
concrete,mcd,gap,0,8,927,617,310,278,0.006482982171799,33,70,2.6410233742579408,2.725724952319337,0.9689251191726724,7.679454880943793,5.158767307593648,-3.4841308558197666,-3.104503305269303,0.9393939393939394,0.9857142857142858,2026-08-31T17:45:26.477336+00:00,1806733
concrete,mcd,gap,1,8,927,622,305,185,0.5096463022508039,38,65,2.6159490143367528,2.7552721566239167,0.9494339817022364,8.292077669009057,5.302553094386745,-3.6460703745633136,-3.0906490895862024,0.8421052631578947,0.9846153846153848,2026-08-31T17:45:26.997735+00:00,1806733
concrete,mcd,gap,2,8,927,618,309,156,0.5032362459546925,34,69,2.7227320213193624,2.6830783671363325,1.0147791636162131,8.233819936008656,4.648876797085774,-3.62351680825272,-3.019062150084408,0.8823529411764706,0.9855072463768116,2026-08-31T17:45:26.968652+00:00,1806733
concrete,mcd,gap,3,8,927,610,317,195,0.1344262295081967,26,77,2.7205605207204,3.0481472379321017,0.8925292344362141,7.163650594537985,5.43988646254042,-3.394022110737676,-3.150778318464143,0.9230769230769232,0.974025974025974,2026-08-31T17:45:28.585495+00:00,1806733
concrete,mcd,gap,4,8,927,621,306,111,0.5169082125603864,37,66,2.847847063969255,3.0244593134698574,0.9416053478669608,6.787465058822769,4.977794462001535,-3.3299689021123084,-3.090692445963509,0.918918918918919,0.9696969696969696,2026-08-31T17:45:29.333644+00:00,1806733
concrete,mcd,gap,5,8,927,622,305,284,0.0112540192926045,38,65,2.903175944284696,2.8304883091080595,1.0256802456815453,7.8845918624742,5.3779444047155085,-3.553328555831679,-3.1181012536706816,0.8947368421052632,0.9846153846153848,2026-08-31T17:45:29.262301+00:00,1806733
concrete,mcd,gap,6,8,927,620,307,302,0.0,36,67,2.763793297426,2.780207514302849,0.9940960461431722,5.902100374914458,5.850830011108532,-3.191251433681189,-3.188123590227021,0.9444444444444444,0.9552238805970148,2026-08-31T17:45:29.938955+00:00,1806733
concrete,mcd,gap,7,8,927,620,307,14,0.1193548387096774,36,67,2.704569646956472,2.829264032493972,0.9559269180587636,6.963586417435704,5.077175624719018,-3.3765944723375543,-3.0940385794982825,0.9444444444444444,0.9552238805970148,2026-08-31T17:45:31.449480+00:00,1806733
concrete,map,gap,0,8,927,617,310,278,0.006482982171799,33,70,0.0,0.0,,8.304093236714408,4.273355212559894,-5.9571578382522095,-3.049077692496187,0.5151515151515151,0.8,2026-08-31T17:45:37.704297+00:00,1806733
concrete,map,gap,1,8,927,622,305,185,0.5096463022508039,38,65,0.0,0.0,,13.543899250334045,5.365782434702466,-14.842661884658394,-3.9297103411727594,0.4736842105263157,0.7692307692307693,2026-08-31T17:45:37.715248+00:00,1806733
concrete,map,gap,2,8,927,618,309,156,0.5032362459546925,34,69,0.0,0.0,,13.6059302751399,4.580540398715699,-14.148585499476509,-3.316121057298395,0.5882352941176471,0.8260869565217391,2026-08-31T17:45:37.458983+00:00,1806733
concrete,map,gap,3,8,927,610,317,195,0.1344262295081967,26,77,0.0,0.0,,11.663285042972598,4.087837873622335,-9.4634118828567,-2.9391999768554458,0.5769230769230769,0.8831168831168831,2026-08-31T17:45:39.011643+00:00,1806733
concrete,map,gap,4,8,927,621,306,111,0.5169082125603864,37,66,0.0,0.0,,9.958319664500944,3.9717238347379102,-8.681871914760974,-2.991177032380228,0.5405405405405406,0.803030303030303,2026-08-31T17:45:39.754495+00:00,1806733
concrete,map,gap,5,8,927,622,305,284,0.0112540192926045,38,65,0.0,0.0,,11.022065300682664,4.441147302015692,-12.510258740123664,-3.5271406889113988,0.2894736842105263,0.7538461538461538,2026-08-31T17:45:39.858637+00:00,1806733
concrete,map,gap,6,8,927,620,307,302,0.0,36,67,0.0,0.0,,8.202402101054211,4.40897386666783,-6.685559192753043,-3.2779212768761767,0.6111111111111112,0.7761194029850746,2026-08-31T17:45:39.858656+00:00,1806733
concrete,map,gap,7,8,927,620,307,14,0.1193548387096774,36,67,0.0,0.0,,6.669730409603187,4.567670195218436,-4.80668423985633,-3.286640647182239,0.6111111111111112,0.8059701492537313,2026-08-31T17:45:42.028458+00:00,1806733
concrete,laplace,gap,0,8,927,617,310,278,0.006482982171799,33,70,5.163977091368432,2.426724110388157,2.1279621648224563,8.304093236714408,4.273355212559894,-3.4999296703618974,-2.851625548851237,0.8181818181818182,0.9,2026-08-31T17:45:49.331449+00:00,1806733
concrete,laplace,gap,1,8,927,622,305,185,0.5096463022508039,38,65,6.72346326023758,2.8804860703041366,2.3341419108226003,13.543899250334045,5.365782434702466,-4.13575819221596,-3.033743584159165,0.7894736842105263,0.8923076923076924,2026-08-31T17:45:49.743460+00:00,1806733
concrete,laplace,gap,2,8,927,618,309,156,0.5032362459546925,34,69,3.783638735849443,2.700485452120599,1.401095767014142,13.6059302751399,4.580540398715699,-4.613926583845019,-2.879587765546422,0.6764705882352942,0.9130434782608696,2026-08-31T17:45:49.475486+00:00,1806733
concrete,laplace,gap,3,8,927,610,317,195,0.1344262295081967,26,77,6.130838799663493,2.9222682748016373,2.0979726100197467,11.663285042972598,4.087837873622335,-3.611574756192441,-2.786274363271375,0.8076923076923077,0.922077922077922,2026-08-31T17:45:50.840160+00:00,1806733
concrete,laplace,gap,4,8,927,621,306,111,0.5169082125603864,37,66,8.451386469616802,2.490119366609351,3.393968410889699,9.958319664500944,3.9717238347379102,-3.6196000104272823,-2.8747164535612515,0.8648648648648649,0.9090909090909092,2026-08-31T17:45:51.990192+00:00,1806733
concrete,laplace,gap,5,8,927,622,305,284,0.0112540192926045,38,65,4.951714945493816,2.219198621101396,2.2313076884647045,11.022065300682664,4.441147302015692,-4.833041990505151,-2.992721204799905,0.6052631578947368,0.8615384615384616,2026-08-31T17:45:52.003676+00:00,1806733
concrete,laplace,gap,6,8,927,620,307,302,0.0,36,67,4.684652488194494,2.603824724014185,1.7991427936717654,8.202402101054211,4.40897386666783,-3.4775779051475406,-3.002696568796944,0.9166666666666666,0.8955223880597015,2026-08-31T17:45:51.667584+00:00,1806733
concrete,laplace,gap,7,8,927,620,307,14,0.1193548387096774,36,67,4.337381489587853,2.589534227148134,1.674965885415089,6.669730409603187,4.567670195218436,-3.429485278698916,-2.8472044377564645,0.9166666666666666,0.8955223880597015,2026-08-31T17:45:53.575116+00:00,1806733
concrete,ensemble,gap,0,8,927,617,310,278,0.006482982171799,33,70,4.921543134676053,1.7425598188323772,2.8243180414740605,6.808110202606857,4.007433616066065,-3.434924784912337,-2.809311735121424,0.8181818181818182,0.9142857142857144,2026-08-31T17:46:42.670515+00:00,1806733
concrete,ensemble,gap,1,8,927,622,305,185,0.5096463022508039,38,65,5.593775167795701,2.5322612638721,2.2090039632175307,9.872133424056273,4.066792246476737,-4.024484146567577,-2.6573589045780315,0.8157894736842105,0.953846153846154,2026-08-31T17:46:43.608130+00:00,1806733
concrete,ensemble,gap,2,8,927,618,309,156,0.5032362459546925,34,69,3.53261901933083,2.40145550618768,1.4710324676965914,9.649285502923394,3.7947293121236334,-4.10857942721963,-2.765249357178834,0.7647058823529411,0.8985507246376812,2026-08-31T17:46:43.824592+00:00,1806733
concrete,ensemble,gap,3,8,927,610,317,195,0.1344262295081967,26,77,4.084641589471049,1.9355350350574088,2.1103423681245306,10.027802141098038,4.792963431884291,-3.933828681845781,-2.753499664247571,0.7692307692307693,0.9090909090909092,2026-08-31T17:46:44.405175+00:00,1806733
concrete,ensemble,gap,4,8,927,621,306,111,0.5169082125603864,37,66,4.193849374601154,1.8314745540226711,2.289875862806685,10.13311407015124,4.048709198904024,-4.872932741082702,-2.841936934244844,0.7567567567567568,0.8939393939393939,2026-08-31T17:46:46.120780+00:00,1806733
concrete,ensemble,gap,5,8,927,622,305,284,0.0112540192926045,38,65,4.9366405852912285,1.856623335718335,2.658934900966987,10.274978280841818,4.534742746734288,-4.928513869770801,-3.041547072637558,0.631578947368421,0.8615384615384616,2026-08-31T17:46:46.279807+00:00,1806733
concrete,ensemble,gap,6,8,927,620,307,302,0.0,36,67,4.356258886261938,2.1607658587556955,2.016071694491945,7.198508174299574,4.606721834543631,-3.452679035493544,-2.985691458643543,0.8888888888888888,0.8656716417910447,2026-08-31T17:46:44.804513+00:00,1806733
concrete,ensemble,gap,7,8,927,620,307,14,0.1193548387096774,36,67,3.16595998690264,1.736087775680371,1.8236174640777616,7.488959697372012,4.101269381948226,-3.6394210821201383,-2.8001416382854267,0.7777777777777778,0.9253731343283582,2026-08-31T17:46:47.141030+00:00,1806733
concrete,bbb,gap,0,8,927,617,310,278,0.006482982171799,33,70,2.007742340589086,2.1141201908677973,0.9496822126110792,6.908035242685515,4.7769564551558,-3.499639630099617,-2.9845772186862307,0.8181818181818182,0.9428571428571428,2026-08-31T17:51:02.100733+00:00,1806733
concrete,bbb,gap,1,8,927,622,305,185,0.5096463022508039,38,65,2.209309762239806,2.157533625315196,1.0239978354529915,9.796327531926844,5.2854951825792185,-4.6538041437153845,-3.089773266687047,0.631578947368421,0.9230769230769232,2026-08-31T17:51:03.920958+00:00,1806733
concrete,bbb,gap,2,8,927,618,309,156,0.5032362459546925,34,69,2.343682093959619,2.2697742979059945,1.0325617380202996,9.159128899912853,4.554971115820265,-4.13207590640369,-2.949456164859484,0.7647058823529411,0.9710144927536232,2026-08-31T17:51:01.585195+00:00,1806733
concrete,bbb,gap,3,8,927,610,317,195,0.1344262295081967,26,77,2.23169522818509,2.418166769538593,0.922887228580565,8.64800780763451,5.5597318615021045,-3.9553829883315688,-3.1409767306536267,0.7307692307692307,0.974025974025974,2026-08-31T17:51:00.232761+00:00,1806733
concrete,bbb,gap,4,8,927,621,306,111,0.5169082125603864,37,66,2.268521142412296,2.2859123880771257,0.9923919894062698,8.419316483220722,4.184319547532467,-4.032234470348089,-2.869189811721192,0.7297297297297297,0.9545454545454546,2026-08-31T17:51:04.457396+00:00,1806733
concrete,bbb,gap,5,8,927,622,305,284,0.0112540192926045,38,65,2.167412680140166,2.242121725422824,0.9666793089618856,12.039444364273503,5.242731540565554,-5.80844479696858,-3.096841795937885,0.5,0.9384615384615383,2026-08-31T17:51:04.420778+00:00,1806733
concrete,bbb,gap,6,8,927,620,307,302,0.0,36,67,1.9061984361637967,2.003530813668845,0.9514195754609764,5.954874740188577,5.905544476748911,-3.354985270037237,-3.343267768666005,0.8055555555555556,0.8955223880597015,2026-08-31T17:51:02.699525+00:00,1806733
concrete,bbb,gap,7,8,927,620,307,14,0.1193548387096774,36,67,2.26075892845164,2.392913146177883,0.9447726642576524,6.77973764495936,4.646948273156984,-3.478807388162986,-2.9624217470310894,0.7777777777777778,0.9402985074626866,2026-08-31T17:51:04.854055+00:00,1806733
concrete,gp,gap,0,8,927,617,310,278,0.006482982171799,33,70,4.054249877300571,2.5000681063557786,1.621655772894221,6.049742357330674,4.952338959623344,-3.098833801257589,-3.026465561364504,1.0,0.9714285714285714,2026-08-31T17:51:11.104450+00:00,1806733
concrete,gp,gap,1,8,927,622,305,185,0.5096463022508039,38,65,5.463917523734105,2.5815584990864977,2.1165189654495724,9.54979961603108,5.274875424947589,-3.589909764541295,-2.919152605985663,0.8947368421052632,0.9692307692307692,2026-08-31T17:51:14.301405+00:00,1806733
concrete,gp,gap,2,8,927,618,309,156,0.5032362459546925,34,69,3.2183689341305346,2.4928458441534525,1.2910421002079506,9.223633893685216,4.517450990516475,-3.5872077917906777,-2.9248103952423614,0.7941176470588235,1.0,2026-08-31T17:51:15.153785+00:00,1806733
concrete,gp,gap,3,8,927,610,317,195,0.1344262295081967,26,77,3.626603177723089,2.7844797360745304,1.3024347531563496,7.121508464931574,5.30820071667755,-3.29140727334768,-2.982761622488244,0.9230769230769232,0.974025974025974,2026-08-31T17:51:14.415926+00:00,1806733
concrete,gp,gap,4,8,927,621,306,111,0.5169082125603864,37,66,5.560030679899032,2.4789205892548813,2.24292407913328,7.540676018824754,4.5460055399362265,-3.298809115426379,-2.975898652198444,0.972972972972973,0.9696969696969696,2026-08-31T17:51:15.989458+00:00,1806733
concrete,gp,gap,5,8,927,622,305,284,0.0112540192926045,38,65,4.221610938767846,2.485250809493313,1.6986659546158795,7.55511410493624,4.915637934320874,-3.511969685436037,-2.921943705081668,0.868421052631579,1.0,2026-08-31T17:51:16.168352+00:00,1806733
concrete,gp,gap,6,8,927,620,307,302,0.0,36,67,3.23005335825638,2.579512020001489,1.2521955056656473,6.188381249993913,5.753354300802196,-3.19592085271122,-3.071272005482533,0.9444444444444444,0.9402985074626866,2026-08-31T17:51:16.430276+00:00,1806733
concrete,gp,gap,7,8,927,620,307,14,0.1193548387096774,36,67,3.331916377165587,2.624347723048074,1.2696169596366218,7.219813475870548,4.862975484622486,-3.277597442880378,-3.004549677231103,0.8611111111111112,0.9701492537313432,2026-08-31T17:51:16.711366+00:00,1806733
concrete,mcd,gap,0,9,927,627,300,278,0.0047846889952153,43,60,2.837851578881598,2.806828857831447,1.0110525873223777,6.423886639390408,4.823670438246635,-3.2880464249283965,-3.061427051656377,0.9302325581395348,1.0,2026-08-31T17:51:24.761252+00:00,1806733
concrete,mcd,gap,1,9,927,611,316,185,0.5106382978723404,27,76,2.849949408392224,2.6332647761568952,1.0822874456823774,7.190283777405769,5.8662862756119445,-3.390008090864945,-3.197625036061047,0.925925925925926,0.9473684210526316,2026-08-31T17:51:26.765908+00:00,1806733
concrete,mcd,gap,2,9,927,616,311,156,0.5146103896103896,32,71,2.7374468262080605,2.751877774484236,0.9947559632153792,6.503684328459218,5.174458775360416,-3.306947609980689,-3.0846307704399623,0.90625,0.9859154929577464,2026-08-31T17:51:26.704541+00:00,1806733
concrete,mcd,gap,3,9,927,625,302,195,0.1328,41,62,2.834917341663008,3.044206166273569,0.9312501147493724,5.755912225818437,6.120316643796395,-3.187877877250524,-3.24070502207998,0.975609756097561,0.9516129032258064,2026-08-31T17:51:27.101792+00:00,1806733
concrete,mcd,gap,4,9,927,629,298,111,0.5214626391096979,45,58,2.792687411230435,2.896672053986469,0.964102031290381,6.303258033519976,6.291182318744539,-3.253774212344044,-3.274750235124654,0.9111111111111112,0.9482758620689656,2026-08-31T17:51:28.309795+00:00,1806733
concrete,mcd,gap,5,9,927,613,314,284,0.0114192495921696,29,74,3.1645325433667177,2.969513745670344,1.0656736470678805,7.2226556493945075,5.832271544634365,-3.394024495129337,-3.189296486264383,0.896551724137931,0.972972972972973,2026-08-31T17:51:27.690322+00:00,1806733
concrete,mcd,gap,6,9,927,619,308,302,0.0,35,68,2.9118458699597074,2.852631346899674,1.020757860325832,8.891619871291361,4.5192082931611655,-3.754554976557048,-3.0183153516397225,0.8571428571428571,0.9852941176470588,2026-08-31T17:51:28.014822+00:00,1806733
concrete,mcd,gap,7,9,927,622,305,14,0.1157556270096463,38,65,2.8813404555820257,2.959289901548911,0.9736594086554052,6.298156635472332,4.775131777288873,-3.2642043984629567,-3.0421951514181957,0.9736842105263158,0.9846153846153848,2026-08-31T17:51:28.803488+00:00,1806733
concrete,map,gap,0,9,927,627,300,278,0.0047846889952153,43,60,0.0,0.0,,9.456388260915306,4.934936702103641,-7.409003281352108,-3.4530711457819327,0.627906976744186,0.8333333333333334,2026-08-31T17:51:35.687861+00:00,1806733
concrete,map,gap,1,9,927,611,316,185,0.5106382978723404,27,76,0.0,0.0,,10.553518213512517,4.729033810786202,-9.153844906663595,-3.389202262956712,0.4814814814814814,0.7368421052631579,2026-08-31T17:51:37.741156+00:00,1806733
concrete,map,gap,2,9,927,616,311,156,0.5146103896103896,32,71,0.0,0.0,,7.077348228929929,4.955000416239549,-5.862859950810078,-3.807964188765824,0.5625,0.7746478873239436,2026-08-31T17:51:37.457624+00:00,1806733
concrete,map,gap,3,9,927,625,302,195,0.1328,41,62,0.0,0.0,,6.20842023484811,5.946131569301919,-4.220198468821948,-4.036510355374286,0.7317073170731707,0.8548387096774194,2026-08-31T17:51:37.486046+00:00,1806733
concrete,map,gap,4,9,927,629,298,111,0.5214626391096979,45,58,0.0,0.0,,11.825732576255389,5.357010997755672,-10.15634402532376,-3.668007098505449,0.5333333333333333,0.7586206896551724,2026-08-31T17:51:38.649512+00:00,1806733
concrete,map,gap,5,9,927,613,314,284,0.0114192495921696,29,74,0.0,0.0,,10.58597300905772,4.8992236526390425,-13.375120637895412,-4.203256396730595,0.3793103448275862,0.7297297297297297,2026-08-31T17:51:39.057768+00:00,1806733
concrete,map,gap,6,9,927,619,308,302,0.0,35,68,0.0,0.0,,10.317003515697174,4.53726159690623,-9.080172058106672,-3.3064938841612066,0.6,0.7352941176470589,2026-08-31T17:51:38.779601+00:00,1806733
concrete,map,gap,7,9,927,622,305,14,0.1157556270096463,38,65,0.0,0.0,,7.581231930206879,4.707813348357656,-5.448385187593196,-3.314746302138081,0.5526315789473685,0.8307692307692308,2026-08-31T17:51:39.513945+00:00,1806733
concrete,laplace,gap,0,9,927,627,300,278,0.0047846889952153,43,60,6.202662357698051,2.7986874340528627,2.2162754876545074,9.456388260915306,4.934936702103641,-3.3978660294107352,-3.008581753232284,0.9302325581395348,0.9166666666666666,2026-08-31T17:51:47.587884+00:00,1806733
concrete,laplace,gap,1,9,927,611,316,185,0.5106382978723404,27,76,4.828362247327471,2.8493058335833865,1.6945749348553272,10.553518213512517,4.729033810786202,-3.425324714303799,-3.022696295589779,0.925925925925926,0.881578947368421,2026-08-31T17:51:49.355154+00:00,1806733
concrete,laplace,gap,2,9,927,616,311,156,0.5146103896103896,32,71,3.867219589882343,2.966241397053249,1.3037440559369684,7.077348228929929,4.955000416239549,-3.71922931830234,-3.00019133582016,0.75,0.8591549295774648,2026-08-31T17:51:49.381698+00:00,1806733
concrete,laplace,gap,3,9,927,625,302,195,0.1328,41,62,6.102834086147029,2.888998455389675,2.112439373154273,6.20842023484811,5.946131569301919,-3.223530859540202,-3.011016849953238,0.926829268292683,0.9193548387096774,2026-08-31T17:51:49.860928+00:00,1806733
concrete,laplace,gap,4,9,927,629,298,111,0.5214626391096979,45,58,7.876731373260446,2.7273097605257446,2.888095619817693,11.825732576255389,5.357010997755672,-3.8434193451454246,-3.0437727814520543,0.8444444444444444,0.8620689655172413,2026-08-31T17:51:50.866401+00:00,1806733
concrete,laplace,gap,5,9,927,613,314,284,0.0114192495921696,29,74,6.901699308741564,2.5155971086315567,2.7435630630438967,10.58597300905772,4.8992236526390425,-3.7512905021160994,-3.036363536179158,0.896551724137931,0.8783783783783784,2026-08-31T17:51:50.880630+00:00,1806733
concrete,laplace,gap,6,9,927,619,308,302,0.0,35,68,6.841169562598061,2.9033603760952764,2.356293630967967,10.317003515697174,4.53726159690623,-3.422230157049492,-2.9898444140692084,0.9142857142857144,0.8970588235294118,2026-08-31T17:51:51.072196+00:00,1806733
concrete,laplace,gap,7,9,927,622,305,14,0.1157556270096463,38,65,5.253958679251929,2.854735615042507,1.8404361691384503,7.581231930206879,4.707813348357656,-3.37051847220264,-2.9768331950628086,0.868421052631579,0.9076923076923076,2026-08-31T17:51:51.308639+00:00,1806733
concrete,ensemble,gap,0,9,927,627,300,278,0.0047846889952153,43,60,4.948212278750129,2.06687537518708,2.394054493151165,5.571163551233941,4.683777067362701,-3.3042488921689186,-3.032344265177521,0.8837209302325582,0.8666666666666667,2026-08-31T17:52:42.976960+00:00,1806733
concrete,ensemble,gap,1,9,927,611,316,185,0.5106382978723404,27,76,3.5423448380044857,2.1735775618674373,1.6297301279467875,7.445304226956111,4.4176583715564846,-3.0623529866957857,-2.886937165195187,0.8888888888888888,0.868421052631579,2026-08-31T17:52:43.660958+00:00,1806733
concrete,ensemble,gap,2,9,927,616,311,156,0.5146103896103896,32,71,3.6333298887003354,2.337269338047331,1.5545191260395328,5.402283908139624,5.389824690758156,-3.339010540090038,-2.996055861326444,0.8125,0.8591549295774648,2026-08-31T17:52:44.783792+00:00,1806733
concrete,ensemble,gap,3,9,927,625,302,195,0.1328,41,62,4.856673908010182,1.9576481755634372,2.4808716748158117,5.865939205498256,5.172572544417513,-3.18481913538336,-3.078103841821911,0.926829268292683,0.8387096774193549,2026-08-31T17:52:44.956205+00:00,1806733
concrete,ensemble,gap,4,9,927,629,298,111,0.5214626391096979,45,58,4.86809703380866,1.834430365379956,2.6537377082723745,8.444170655189566,4.94396315229118,-3.403149383643736,-2.908338981990715,0.8888888888888888,0.896551724137931,2026-08-31T17:52:45.748671+00:00,1806733
concrete,ensemble,gap,5,9,927,613,314,284,0.0114192495921696,29,74,4.3746573639541655,1.9037048982231533,2.297970325147194,9.50662003657044,4.472321236305019,-3.991558626235308,-3.107377107506058,0.7241379310344828,0.8243243243243243,2026-08-31T17:52:45.316940+00:00,1806733
concrete,ensemble,gap,6,9,927,619,308,302,0.0,35,68,5.058092447202811,1.9299077540879657,2.620898556673845,9.289600822270785,4.331825840825506,-3.5084217294018503,-2.988160285716957,0.8571428571428571,0.8970588235294118,2026-08-31T17:52:46.017179+00:00,1806733
concrete,ensemble,gap,7,9,927,622,305,14,0.1157556270096463,38,65,3.29592490714132,2.1086782679916385,1.5630288210256211,5.832705837887751,4.288625429847561,-3.144402387019731,-2.879177565054387,0.8421052631578947,0.8769230769230769,2026-08-31T17:52:46.446747+00:00,1806733
concrete,bbb,gap,0,9,927,627,300,278,0.0047846889952153,43,60,2.239713175969365,2.281052729260672,0.9818769847969688,7.772865675055204,3.9333866126159545,-3.7772820194885495,-2.830374897564522,0.7906976744186046,0.9833333333333332,2026-08-31T17:56:59.509694+00:00,1806733
concrete,bbb,gap,1,9,927,611,316,185,0.5106382978723404,27,76,2.4008555594023,2.3913603882563272,1.003970614882057,7.243990284772903,5.300408138186312,-3.556284939329871,-3.075886099444952,0.8518518518518519,0.9342105263157896,2026-08-31T17:57:01.773580+00:00,1806733
concrete,bbb,gap,2,9,927,616,311,156,0.5146103896103896,32,71,2.2581502227642,2.2475694490443594,1.004707651514101,6.528153145053233,5.592412530717946,-3.357776655530364,-3.1666688161778995,0.8125,0.9154929577464788,2026-08-31T17:57:02.432258+00:00,1806733
concrete,bbb,gap,3,9,927,625,302,195,0.1328,41,62,2.3207792194383563,2.5032870399255533,0.927092731446161,8.705857609720557,4.549243078471674,-3.9447965018395754,-2.9543856299491305,0.6829268292682927,0.9838709677419356,2026-08-31T17:56:59.171435+00:00,1806733
concrete,bbb,gap,4,9,927,629,298,111,0.5214626391096979,45,58,2.31126184508398,2.418271016289185,0.9557497193307104,5.86577905128633,5.705377132618333,-3.220724127532512,-3.190948918435164,0.8888888888888888,0.913793103448276,2026-08-31T17:57:04.013052+00:00,1806733
concrete,bbb,gap,5,9,927,613,314,284,0.0114192495921696,29,74,1.900934774599348,1.9841093152791425,0.9580796581925768,7.534142380211988,4.684762101669051,-4.09231584075502,-3.00136555005766,0.6896551724137931,0.918918918918919,2026-08-31T17:57:04.165054+00:00,1806733
concrete,bbb,gap,6,9,927,619,308,302,0.0,35,68,2.2040423900091644,2.347079736429231,0.9390573127107822,8.323840332757396,5.036870844983181,-3.943818264685729,-3.042084509535836,0.8,0.9117647058823528,2026-08-31T17:57:03.410427+00:00,1806733
concrete,bbb,gap,7,9,927,622,305,14,0.1157556270096463,38,65,2.2762467126203774,2.259875194485998,1.0072444346370657,7.202167692047525,5.22362817460167,-3.566969190279938,-3.071452236710865,0.9210526315789472,0.8769230769230769,2026-08-31T17:57:01.104898+00:00,1806733
concrete,gp,gap,0,9,927,627,300,278,0.0047846889952153,43,60,4.413631665304043,2.610513163316198,1.6907141964751864,5.526696360013712,5.084613868268601,-3.0696959235079606,-3.0598158005398943,1.0,0.95,2026-08-31T17:57:14.313224+00:00,1806733
concrete,gp,gap,1,9,927,611,316,185,0.5106382978723404,27,76,4.8220446385470455,2.624597640720027,1.837250999442404,7.294304017412524,5.818000945127469,-3.23607177975783,-3.1198530280434413,0.925925925925926,0.9342105263157896,2026-08-31T17:57:16.449648+00:00,1806733
concrete,gp,gap,2,9,927,616,311,156,0.5146103896103896,32,71,2.878412443000085,2.502710598280458,1.1501179740788894,6.863538149579072,5.849078778350983,-3.383211697771327,-3.110746844429792,0.875,0.8873239436619719,2026-08-31T17:57:16.180709+00:00,1806733
concrete,gp,gap,3,9,927,625,302,195,0.1328,41,62,4.242479269765541,2.7722812825910044,1.5303206411293422,5.430390840199213,6.307579877780597,-3.0964461850216134,-3.2198420474648106,1.0,0.9032258064516128,2026-08-31T17:57:16.656237+00:00,1806733
concrete,gp,gap,4,9,927,629,298,111,0.5214626391096979,45,58,5.78450055907219,2.498966129631204,2.314757487299703,6.939189551625167,5.752402824036942,-3.2131654140341754,-3.135950204240899,0.9555555555555556,0.913793103448276,2026-08-31T17:57:19.221636+00:00,1806733
concrete,gp,gap,5,9,927,613,314,284,0.0114192495921696,29,74,4.755527373768528,2.3844295276718364,1.9944088590497528,8.28376583207794,5.346137028931309,-3.4613604984648068,-3.0282666535939065,0.896551724137931,0.918918918918919,2026-08-31T17:57:21.189605+00:00,1806733
concrete,gp,gap,6,9,927,619,308,302,0.0,35,68,3.885043848038196,2.523624217656152,1.5394700291973262,8.641525995109147,5.296118409688898,-3.5591846670235845,-3.0784928442526605,0.8285714285714286,0.9411764705882352,2026-08-31T17:57:20.997694+00:00,1806733
concrete,gp,gap,7,9,927,622,305,14,0.1157556270096463,38,65,4.78887444148221,2.56813763233294,1.864726555613733,6.761845456413179,4.998061537078732,-3.3092408658461268,-2.976430481532365,0.9473684210526316,0.953846153846154,2026-08-31T17:57:20.512910+00:00,1806733
concrete,mcd,gap,0,10,927,615,312,278,0.0048780487804878,31,72,2.689045641851662,2.81639128698893,0.9547841076893062,5.851114242739692,5.108505258000718,-3.200466579617694,-3.0945058164644488,0.935483870967742,0.9861111111111112,2026-08-31T17:57:27.640852+00:00,1806733
concrete,mcd,gap,1,10,927,621,306,185,0.5152979066022544,37,66,2.646033278220388,2.778020079044888,0.9524888960234305,7.293814953449578,4.0522783150710575,-3.4275585045203014,-2.9574927798485096,0.8918918918918919,0.9848484848484848,2026-08-31T17:57:28.879459+00:00,1806733
concrete,mcd,gap,2,10,927,617,310,156,0.5089141004862237,33,70,2.75621945199586,2.658280713949753,1.036842887785386,5.397922613695581,4.911537750688823,-3.110515971770845,-3.042177240999984,0.9393939393939394,0.9857142857142858,2026-08-31T17:57:28.942817+00:00,1806733
concrete,mcd,gap,3,10,927,627,300,195,0.1307814992025518,43,60,2.7676797123807746,2.930899368480905,0.9443107266474564,6.012940615202175,4.951683603344189,-3.217959273131761,-3.092043007260701,0.9767441860465116,0.9833333333333332,2026-08-31T17:57:28.793521+00:00,1806733
concrete,mcd,gap,4,10,927,626,301,111,0.5079872204472844,42,61,2.797275671026484,2.9068249603160514,0.9623130767125184,7.710269406956256,4.971242232985992,-3.519901531096636,-3.0806480524157505,0.8571428571428571,0.9508196721311476,2026-08-31T17:57:31.405620+00:00,1806733
concrete,mcd,gap,5,10,927,618,309,284,0.0113268608414239,34,69,2.9987383610532854,2.9791740078157365,1.0065670394499358,6.2008631951848745,4.832273541074581,-3.253278240719112,-3.052253213766196,0.9705882352941176,0.9710144927536232,2026-08-31T17:57:32.424373+00:00,1806733
concrete,mcd,gap,6,10,927,619,308,302,0.0,35,68,2.662817900212448,2.835429867200099,0.9391231752954272,6.773378507155631,4.604791798822488,-3.3419227299382963,-3.0274941919522056,0.9428571428571428,0.9852941176470588,2026-08-31T17:57:32.952650+00:00,1806733
concrete,mcd,gap,7,10,927,622,305,14,0.1286173633440514,38,65,2.8982277943985544,2.8442765397266614,1.0189683576538158,5.648652941892835,4.590122746805553,-3.1638424121741684,-3.0240182126875794,0.9736842105263158,0.9846153846153848,2026-08-31T17:57:32.807854+00:00,1806733
concrete,map,gap,0,10,927,615,312,278,0.0048780487804878,31,72,0.0,0.0,,7.491888136364225,4.1056549773596345,-5.127709572782075,-2.9526718456434144,0.6774193548387096,0.875,2026-08-31T17:57:37.576672+00:00,1806733
concrete,map,gap,1,10,927,621,306,185,0.5152979066022544,37,66,0.0,0.0,,9.404782895877212,4.191504723239139,-8.366587404000724,-3.1673077971021586,0.6756756756756757,0.8787878787878788,2026-08-31T17:57:39.402902+00:00,1806733
concrete,map,gap,2,10,927,617,310,156,0.5089141004862237,33,70,0.0,0.0,,6.938439470166781,3.7927376658406806,-5.354791748396639,-2.9237390096642195,0.7878787878787878,0.8857142857142857,2026-08-31T17:57:39.312456+00:00,1806733
concrete,map,gap,3,10,927,627,300,195,0.1307814992025518,43,60,0.0,0.0,,7.644802290193596,4.564822933739971,-5.238163329409261,-3.168935403540873,0.6046511627906976,0.85,2026-08-31T17:57:39.497389+00:00,1806733
concrete,map,gap,4,10,927,626,301,111,0.5079872204472844,42,61,0.0,0.0,,10.45295376601835,4.606355648611387,-8.509232896366926,-3.2489050599658897,0.3809523809523809,0.918032786885246,2026-08-31T17:57:42.246775+00:00,1806733
concrete,map,gap,5,10,927,618,309,284,0.0113268608414239,34,69,0.0,0.0,,6.865097261009824,4.172203296615706,-6.052668163015522,-3.3528917684035253,0.5294117647058824,0.8405797101449275,2026-08-31T17:57:42.803448+00:00,1806733
concrete,map,gap,6,10,927,619,308,302,0.0,35,68,0.0,0.0,,9.01399960476397,4.054028663642207,-7.695953123028995,-3.065874934087358,0.4857142857142857,0.8823529411764706,2026-08-31T17:57:42.719700+00:00,1806733
concrete,map,gap,7,10,927,622,305,14,0.1286173633440514,38,65,0.0,0.0,,5.89089035314346,3.578286751333896,-4.06671210938448,-2.748251161224661,0.7631578947368421,0.9076923076923076,2026-08-31T17:57:43.703330+00:00,1806733
concrete,laplace,gap,0,10,927,615,312,278,0.0048780487804878,31,72,4.987649418268893,2.5565318128267824,1.9509436155828623,7.491888136364225,4.1056549773596345,-3.371399800921742,-2.810417769700353,0.8709677419354839,0.9444444444444444,2026-08-31T17:57:49.347472+00:00,1806733
concrete,laplace,gap,1,10,927,621,306,185,0.5152979066022544,37,66,5.974219611105668,2.321647920206946,2.57326684167216,9.404782895877212,4.191504723239139,-3.481293613755674,-2.715501299700717,0.8918918918918919,0.9696969696969696,2026-08-31T17:57:50.905229+00:00,1806733
concrete,laplace,gap,2,10,927,617,310,156,0.5089141004862237,33,70,3.3295868442006653,2.2058977108448907,1.5094021938693547,6.938439470166781,3.7927376658406806,-3.2439250046233963,-2.6743379186035723,0.8484848484848485,0.9571428571428572,2026-08-31T17:57:50.966187+00:00,1806733
concrete,laplace,gap,3,10,927,627,300,195,0.1307814992025518,43,60,5.650313096783625,2.6255968954625137,2.152010884286291,7.644802290193596,4.564822933739971,-3.3372886103844666,-2.902318702877099,0.9534883720930232,0.9333333333333332,2026-08-31T17:57:50.978896+00:00,1806733
concrete,laplace,gap,4,10,927,626,301,111,0.5079872204472844,42,61,6.08824088307415,2.184713172830932,2.7867460858420423,10.45295376601835,4.606355648611387,-3.879631872462929,-2.665868518344804,0.8095238095238095,0.9344262295081968,2026-08-31T17:57:54.170072+00:00,1806733
concrete,laplace,gap,5,10,927,618,309,284,0.0113268608414239,34,69,4.841145166571935,2.086583118992483,2.3201305150544425,6.865097261009824,4.172203296615706,-3.56091166476418,-2.819569339240352,0.8529411764705882,0.9130434782608696,2026-08-31T17:57:54.298298+00:00,1806733
concrete,laplace,gap,6,10,927,619,308,302,0.0,35,68,5.003171733673711,2.212553882464473,2.261265487510245,9.01399960476397,4.054028663642207,-3.695235146318736,-2.795592479247313,0.8285714285714286,0.9264705882352942,2026-08-31T17:57:54.494213+00:00,1806733
concrete,laplace,gap,7,10,927,622,305,14,0.1286173633440514,38,65,3.9528658972632,2.2581676808553817,1.7504749229985774,5.89089035314346,3.578286751333896,-2.977653033471131,-2.62577890481834,0.9473684210526316,0.9384615384615383,2026-08-31T17:57:55.653019+00:00,1806733
concrete,ensemble,gap,0,10,927,615,312,278,0.0048780487804878,31,72,4.006645063858368,1.7120966225256475,2.3401979836557665,5.048183831469633,3.8293362464313314,-3.082873663536326,-2.7657610454915598,0.935483870967742,0.9305555555555556,2026-08-31T17:58:42.146674+00:00,1806733
concrete,ensemble,gap,1,10,927,621,306,185,0.5152979066022544,37,66,4.263750301908432,1.7092354511880452,2.4945365478727983,8.958306514382711,4.04607731722508,-3.791199294540998,-2.82884100573774,0.8378378378378378,0.9242424242424242,2026-08-31T17:58:44.846056+00:00,1806733
concrete,ensemble,gap,2,10,927,617,310,156,0.5089141004862237,33,70,3.6204923511135294,1.7990455521112714,2.012451739682021,7.466013953694825,3.886130088993061,-3.163656467141666,-2.7957724502924512,0.8181818181818182,0.9,2026-08-31T17:58:45.033930+00:00,1806733
concrete,ensemble,gap,3,10,927,627,300,195,0.1307814992025518,43,60,4.37149502370963,1.832685344240964,2.385294910251031,8.228505526641147,4.037743333061088,-3.605022490035003,-2.8895611196895428,0.8604651162790697,0.95,2026-08-31T17:58:44.389853+00:00,1806733
concrete,ensemble,gap,4,10,927,626,301,111,0.5079872204472844,42,61,4.705162754579312,1.470312179773918,3.200111390835924,9.597053718515015,3.7993758904668495,-4.956143371934118,-2.631223811370808,0.7380952380952381,0.9016393442622952,2026-08-31T17:58:47.750288+00:00,1806733
concrete,ensemble,gap,5,10,927,618,309,284,0.0113268608414239,34,69,4.90883714682094,1.7844288407041946,2.7509290563157176,5.882188889715347,3.5712964289553546,-3.639221339357485,-2.701385381378276,0.9117647058823528,0.9130434782608696,2026-08-31T17:58:47.462962+00:00,1806733
concrete,ensemble,gap,6,10,927,619,308,302,0.0,35,68,5.700993470556526,1.6235776695304476,3.511377113363047,9.575454567199046,3.790519644737884,-3.604374042623264,-2.8568312728456347,0.8571428571428571,0.9411764705882352,2026-08-31T17:58:47.239572+00:00,1806733
concrete,ensemble,gap,7,10,927,622,305,14,0.1286173633440514,38,65,3.6889581354252834,1.60370833935548,2.300267476882893,4.839726544854216,3.039616406158389,-3.0415505159884137,-2.5149833663314616,0.9473684210526316,0.9692307692307692,2026-08-31T17:58:49.271219+00:00,1806733
concrete,bbb,gap,0,10,927,615,312,278,0.0048780487804878,31,72,2.172885187002308,2.2534799006097117,0.9642354415561472,6.252937803094297,4.4937890316993565,-3.314004944203822,-2.948024972749897,0.8709677419354839,0.9305555555555556,2026-08-31T18:03:03.176879+00:00,1806733
concrete,bbb,gap,1,10,927,621,306,185,0.5152979066022544,37,66,2.306110485096957,2.197241340995317,1.0495481047395203,6.851276629830974,4.591353940291001,-3.4753130782435826,-2.937755224553773,0.8108108108108109,0.9393939393939394,2026-08-31T18:03:03.231636+00:00,1806733
concrete,bbb,gap,2,10,927,617,310,156,0.5089141004862237,33,70,2.218975441239197,2.170927305589071,1.0221325401022991,8.879237038163215,4.437405965041277,-4.418018906980939,-2.904544633669969,0.6666666666666666,0.9571428571428572,2026-08-31T18:03:05.919938+00:00,1806733
concrete,bbb,gap,3,10,927,627,300,195,0.1307814992025518,43,60,2.169541902077473,2.34503090460688,0.9251655907030248,8.489245782411748,4.343183525531368,-3.961435913087988,-2.901853839575167,0.813953488372093,0.9666666666666668,2026-08-31T18:03:05.433876+00:00,1806733
concrete,bbb,gap,4,10,927,626,301,111,0.5079872204472844,42,61,2.2994703178105227,2.353264720243998,0.9771405222834864,8.392568283441467,3.927938133737951,-4.043116833073837,-2.8212883758954272,0.6904761904761905,0.9836065573770492,2026-08-31T18:03:10.208467+00:00,1806733
concrete,bbb,gap,5,10,927,618,309,284,0.0113268608414239,34,69,2.429479015508906,2.381463847676227,1.0201620393605937,7.332869965911061,4.126660060783525,-3.7243685931633457,-2.836757528717689,0.7941176470588235,0.9565217391304348,2026-08-31T18:03:11.964104+00:00,1806733
concrete,bbb,gap,6,10,927,619,308,302,0.0,35,68,2.1767351856947434,2.301661625705527,0.9457233684501778,8.541892583168066,4.88393736598183,-4.1571038043195285,-2.9973620961416647,0.7142857142857143,0.9411764705882352,2026-08-31T18:03:08.222609+00:00,1806733
concrete,bbb,gap,7,10,927,622,305,14,0.1286173633440514,38,65,2.3200961692521056,2.3493920792059177,0.9875304295893796,5.25339060986999,3.97472685232926,-3.0883346659778965,-2.8287898190654617,0.9210526315789472,0.9692307692307692,2026-08-31T18:03:15.020910+00:00,1806733
concrete,gp,gap,0,10,927,615,312,278,0.0048780487804878,31,72,3.6602593224801967,2.434908688457286,1.50324295109369,5.013774727416183,5.080686823308348,-2.9933300092959017,-3.058092521878128,1.0,0.9444444444444444,2026-08-31T18:03:21.574602+00:00,1806733
concrete,gp,gap,1,10,927,621,306,185,0.5152979066022544,37,66,5.395754540662227,2.402308163099667,2.2460709344217333,7.952268587286658,4.640623175310139,-3.463672663809188,-2.9155470446597085,0.8648648648648649,0.9393939393939394,2026-08-31T18:03:18.916383+00:00,1806733
concrete,gp,gap,2,10,927,617,310,156,0.5089141004862237,33,70,2.828194480486196,2.231444116899797,1.2674278773404728,6.011640493498645,4.651878348364085,-3.197121668737161,-2.9402269158295216,0.9090909090909092,0.9142857142857144,2026-08-31T18:03:26.511871+00:00,1806733
concrete,gp,gap,3,10,927,627,300,195,0.1307814992025518,43,60,3.906786068224264,2.7030226185383155,1.445339762024224,5.7063897659760165,5.392408723921283,-3.1095196187782426,-3.074013305615144,0.9767441860465116,0.95,2026-08-31T18:03:29.309758+00:00,1806733
concrete,gp,gap,4,10,927,626,301,111,0.5079872204472844,42,61,5.101869572031775,2.383223997447592,2.140742782674152,7.028946103381204,4.990424213823249,-3.3379451178873025,-2.971493898985907,0.9523809523809524,0.9344262295081968,2026-08-31T18:03:30.846391+00:00,1806733
concrete,gp,gap,5,10,927,618,309,284,0.0113268608414239,34,69,4.199803281893429,2.254449626556372,1.8628951529551572,6.095557165161086,4.577262655218208,-3.3037226663925856,-2.9178047085903067,0.9705882352941176,0.9565217391304348,2026-08-31T18:03:33.819210+00:00,1806733
concrete,gp,gap,6,10,927,619,308,302,0.0,35,68,3.1956856948547485,2.3138648022489683,1.3811030323589744,7.326415645575429,4.31627965314256,-3.4120509616267256,-2.8891100544442403,0.8857142857142857,0.9705882352941176,2026-08-31T18:03:33.987060+00:00,1806733
concrete,gp,gap,7,10,927,622,305,14,0.1286173633440514,38,65,3.780036536558312,2.2213729776873543,1.701666750485848,6.675524627691766,3.955089990322661,-3.450795786659925,-2.855004116131801,0.9210526315789472,0.9846153846153848,2026-08-31T18:03:36.821163+00:00,1806733
concrete,mcd,gap,0,11,927,616,311,278,0.0048701298701298,32,71,2.8900857738869847,2.8720971814624847,1.0062632255414632,5.632928389031717,5.314457886162487,-3.163450451739056,-3.1151051258562927,1.0,0.9577464788732394,2026-08-31T18:03:37.391215+00:00,1806733
concrete,mcd,gap,1,11,927,621,306,185,0.5136876006441223,37,66,2.7502387838311675,2.6393929165175325,1.0419967283461105,6.699051664739057,5.401330138648127,-3.332373169213819,-3.1094297400460817,0.918918918918919,0.9696969696969696,2026-08-31T18:03:38.759440+00:00,1806733
concrete,mcd,gap,2,11,927,626,301,156,0.5079872204472844,42,61,2.818982018251614,2.695113624750898,1.045960360395627,6.981444465767207,4.632972902353193,-3.378742671519114,-3.003810151106297,0.8809523809523809,0.9836065573770492,2026-08-31T18:03:41.377221+00:00,1806733
concrete,mcd,gap,3,11,927,614,313,195,0.1286644951140065,30,73,2.8028128145964493,3.070166610253947,0.9129187990109164,8.610754345744112,4.059758052548485,-3.658215349237968,-3.010483602811574,0.8666666666666667,1.0,2026-08-31T18:03:42.746215+00:00,1806733
concrete,mcd,gap,4,11,927,616,311,111,0.5016233766233766,32,71,2.8152352810689893,2.9351928777491576,0.959131272909003,4.875166422035218,5.243557176791555,-3.067759011798844,-3.115281568194128,0.9375,0.9577464788732394,2026-08-31T18:03:43.942763+00:00,1806733
concrete,mcd,gap,5,11,927,618,309,284,0.0097087378640776,34,69,3.10746587289179,2.926577804165479,1.0618087338969249,7.4429693416386575,4.661277195943245,-3.4334745056392704,-3.0272034903247937,0.9117647058823528,0.9710144927536232,2026-08-31T18:03:46.349237+00:00,1806733
concrete,mcd,gap,6,11,927,622,305,302,0.0,38,65,2.635258586503648,2.940431055417039,0.8962150571933376,6.814644086305727,5.481779489994466,-3.364705756208142,-3.136225789297817,0.9210526315789472,0.9692307692307692,2026-08-31T18:03:46.898992+00:00,1806733
concrete,mcd,gap,7,11,927,616,311,14,0.1103896103896103,32,71,2.813898048309233,2.897174525441797,0.9712559680470528,6.207967646638954,4.4143788154245085,-3.2496675646963125,-3.0087238907175267,0.9375,0.9859154929577464,2026-08-31T18:03:48.933895+00:00,1806733
concrete,map,gap,0,11,927,616,311,278,0.0048701298701298,32,71,0.0,0.0,,7.189746227269329,5.425349302812401,-4.799246365291042,-3.609861592772894,0.6875,0.9295774647887324,2026-08-31T18:03:48.555701+00:00,1806733
concrete,map,gap,1,11,927,621,306,185,0.5136876006441223,37,66,0.0,0.0,,9.117350938957635,4.491823823327192,-7.421576735424866,-3.263703506586938,0.4594594594594595,0.8181818181818182,2026-08-31T18:03:49.008896+00:00,1806733
concrete,map,gap,2,11,927,626,301,156,0.5079872204472844,42,61,0.0,0.0,,5.5681637705468825,4.653585776343643,-4.241853378843961,-3.521946934276151,0.7142857142857143,0.8852459016393442,2026-08-31T18:03:52.128751+00:00,1806733
concrete,map,gap,3,11,927,614,313,195,0.1286644951140065,30,73,0.0,0.0,,10.129121282539218,4.156909394435422,-7.162852847958328,-2.931305904560994,0.4333333333333333,0.8767123287671232,2026-08-31T18:03:53.466028+00:00,1806733
concrete,map,gap,4,11,927,616,311,111,0.5016233766233766,32,71,0.0,0.0,,9.065673012000117,3.851873643165289,-6.59668065688172,-2.842881296360411,0.5625,0.9295774647887324,2026-08-31T18:03:54.898027+00:00,1806733
concrete,map,gap,5,11,927,618,309,284,0.0097087378640776,34,69,0.0,0.0,,9.219573018738602,4.012071666736394,-9.968759766012823,-3.298189622182119,0.3529411764705882,0.8405797101449275,2026-08-31T18:03:57.441450+00:00,1806733
concrete,map,gap,6,11,927,622,305,302,0.0,38,65,0.0,0.0,,7.873125587862695,5.410109147599499,-5.96319641280427,-3.83958553724093,0.6842105263157895,0.9076923076923076,2026-08-31T18:03:57.936440+00:00,1806733
concrete,map,gap,7,11,927,616,311,14,0.1103896103896103,32,71,0.0,0.0,,6.819330721157491,4.846091007622292,-4.880531554477484,-3.4326532477171323,0.65625,0.8309859154929577,2026-08-31T18:03:59.306720+00:00,1806733
concrete,laplace,gap,0,11,927,616,311,278,0.0048701298701298,32,71,4.876053434750447,2.682952182626576,1.817420923982645,7.189746227269329,5.425349302812401,-3.3927779253501957,-2.8315685565209634,0.875,0.943661971830986,2026-08-31T18:04:01.202126+00:00,1806733
concrete,laplace,gap,1,11,927,621,306,185,0.5136876006441223,37,66,6.377998471643653,2.660984681713363,2.396856515362188,9.117350938957635,4.491823823327192,-3.5749061670148854,-2.8175861561378426,0.918918918918919,0.9393939393939394,2026-08-31T18:04:01.033384+00:00,1806733
concrete,laplace,gap,2,11,927,626,301,156,0.5079872204472844,42,61,3.825840670413984,2.774778761342344,1.3787912476896618,5.5681637705468825,4.653585776343643,-2.965886847320262,-2.6474312923039647,0.9047619047619048,0.9672131147540984,2026-08-31T18:04:04.551480+00:00,1806733
concrete,laplace,gap,3,11,927,614,313,195,0.1286644951140065,30,73,6.044044867944533,2.780499362570394,2.1737263994037384,10.129121282539218,4.156909394435422,-3.878061593645276,-2.7214145296292727,0.8,0.9863013698630136,2026-08-31T18:04:06.261892+00:00,1806733
concrete,laplace,gap,4,11,927,616,311,111,0.5016233766233766,32,71,6.812824013298902,2.591245622573918,2.629169521387029,9.065673012000117,3.851873643165289,-3.38388462788025,-2.6057970583928824,0.9375,0.9577464788732394,2026-08-31T18:04:07.116051+00:00,1806733
concrete,laplace,gap,5,11,927,618,309,284,0.0097087378640776,34,69,5.805247925814887,2.437901820328973,2.381247627532236,9.219573018738602,4.012071666736394,-3.705394853269412,-2.6110990732214114,0.8529411764705882,0.9130434782608696,2026-08-31T18:04:09.625078+00:00,1806733
concrete,laplace,gap,6,11,927,622,305,302,0.0,38,65,4.331479924334121,2.443916089562297,1.7723521453266773,7.873125587862695,5.410109147599499,-3.4661306226561392,-2.746364798383415,0.868421052631579,0.9384615384615383,2026-08-31T18:04:10.460699+00:00,1806733
concrete,laplace,gap,7,11,927,616,311,14,0.1103896103896103,32,71,4.65242706894747,3.396861424665817,1.3696252179039583,6.819330721157491,4.846091007622292,-3.2452273584698537,-2.8003027182722318,0.9375,0.971830985915493,2026-08-31T18:04:11.759362+00:00,1806733
concrete,ensemble,gap,0,11,927,616,311,278,0.0048701298701298,32,71,3.664973780402423,1.8536634650075952,1.977151651088622,5.989923239673088,4.189014313762708,-3.406376722871768,-2.6541179991034234,0.875,0.943661971830986,2026-08-31T18:04:56.757194+00:00,1806733
concrete,ensemble,gap,1,11,927,621,306,185,0.5136876006441223,37,66,4.902006909764595,2.066898066464404,2.371673276636169,7.768899054222109,3.902272994525453,-3.928835939857585,-2.5418235531300426,0.8378378378378378,0.9696969696969696,2026-08-31T18:04:56.917585+00:00,1806733
concrete,ensemble,gap,2,11,927,626,301,156,0.5079872204472844,42,61,2.7991888427401896,2.289140386490384,1.2228122221161766,8.01253546306564,5.238824284373437,-4.183690359108575,-2.8211768958911936,0.9047619047619048,0.9344262295081968,2026-08-31T18:05:00.282402+00:00,1806733
concrete,ensemble,gap,3,11,927,614,313,195,0.1286644951140065,30,73,5.063538152606616,1.888145881754796,2.681751554016943,10.71896587402057,3.5939133425245897,-4.931579885996868,-2.631103614830066,0.8666666666666667,0.9726027397260274,2026-08-31T18:05:01.862394+00:00,1806733
concrete,ensemble,gap,4,11,927,616,311,111,0.5016233766233766,32,71,4.397728538680541,1.696717203677207,2.591904254374019,7.128939407562988,5.016747489814725,-3.482462752693793,-2.881731905278064,0.84375,0.9577464788732394,2026-08-31T18:05:02.849496+00:00,1806733
concrete,ensemble,gap,5,11,927,618,309,284,0.0097087378640776,34,69,4.8156152754703845,1.7681451920286295,2.72354063296427,8.447480078326667,4.238616559222754,-3.7871482761766817,-2.5146030111725914,0.8235294117647058,0.9420289855072465,2026-08-31T18:05:06.010908+00:00,1806733
concrete,ensemble,gap,6,11,927,622,305,302,0.0,38,65,4.120447290659095,1.7415368224298309,2.365983444961075,7.810610789076287,4.296646173880024,-3.4587964712215524,-2.58158694808516,0.7894736842105263,0.9230769230769232,2026-08-31T18:05:05.403935+00:00,1806733
concrete,ensemble,gap,7,11,927,616,311,14,0.1103896103896103,32,71,3.152057697332989,2.295062985461094,1.3734079270594477,5.973455099692625,4.555019064118476,-3.1582521283870024,-2.702838418063212,0.9375,0.9577464788732394,2026-08-31T18:05:06.944713+00:00,1806733
concrete,bbb,gap,0,11,927,616,311,278,0.0048701298701298,32,71,2.2038702669739,2.3424632164876225,0.940834524726696,6.314403233716332,5.212643891352475,-3.333275474776482,-3.0665025738207143,0.84375,0.971830985915493,2026-08-31T18:09:17.758425+00:00,1806733
concrete,bbb,gap,1,11,927,621,306,185,0.5136876006441223,37,66,2.1764690778098474,1.9851716627737617,1.0963631602361266,9.708925645108266,4.8493350023517925,-4.517183044832675,-3.000922603968736,0.6756756756756757,0.9393939393939394,2026-08-31T18:09:21.252761+00:00,1806733
concrete,bbb,gap,2,11,927,626,301,156,0.5079872204472844,42,61,2.104223647189536,2.1415306376359187,0.9825792870805872,8.556889552205954,5.295571370559688,-4.180596671753784,-3.0885252984694733,0.8333333333333334,0.9344262295081968,2026-08-31T18:09:24.855022+00:00,1806733
concrete,bbb,gap,3,11,927,614,313,195,0.1286644951140065,30,73,2.3092558687198115,2.4509552350955404,0.9421860651117908,10.004387646973353,4.717816884813984,-4.454326280269596,-2.983700384553535,0.7,0.9315068493150684,2026-08-31T18:09:24.873017+00:00,1806733
concrete,bbb,gap,4,11,927,616,311,111,0.5016233766233766,32,71,2.234842302580142,2.256398977361061,0.9904464259214784,5.358131433337103,4.437087794963687,-3.1228552828554945,-2.92235356629384,0.9375,0.9577464788732394,2026-08-31T18:09:27.699025+00:00,1806733
concrete,bbb,gap,5,11,927,618,309,284,0.0097087378640776,34,69,2.009369495557254,2.022163315739637,0.9936732013271125,8.81995746075405,5.859519478883926,-4.589429015498321,-3.3620630760585524,0.6764705882352942,0.9130434782608696,2026-08-31T18:09:31.111138+00:00,1806733
concrete,bbb,gap,6,11,927,622,305,302,0.0,38,65,2.078484823884761,2.051495518897001,1.0131559171049376,7.45186200966011,5.4921070566717,-3.8658606799971102,-3.1837413943246204,0.8157894736842105,0.9230769230769232,2026-08-31T18:09:33.131301+00:00,1806733
concrete,bbb,gap,7,11,927,616,311,14,0.1103896103896103,32,71,2.215162479277533,2.3603661171671364,0.9384825782604124,6.456552015663427,4.563435526845525,-3.393880791088047,-2.9455311604784287,0.875,0.943661971830986,2026-08-31T18:09:31.858057+00:00,1806733
concrete,gp,gap,0,11,927,616,311,278,0.0048701298701298,32,71,3.892106856139004,2.6044819649243425,1.4943881004190656,4.917673906127701,6.001248559978364,-2.9962014222891504,-3.0337584119089067,1.0,0.943661971830986,2026-08-31T18:09:30.495149+00:00,1806733
concrete,gp,gap,1,11,927,621,306,185,0.5136876006441223,37,66,5.277275113749845,2.384630082260808,2.2130372140347205,7.176073413227625,5.639161065817262,-3.3185456751770457,-2.967433730982308,0.972972972972973,0.9545454545454546,2026-08-31T18:09:37.342365+00:00,1806733
concrete,gp,gap,2,11,927,626,301,156,0.5079872204472844,42,61,2.818141257759786,2.424980158777138,1.1621296147762754,6.7913481956457,5.568910848352187,-3.295080559289473,-2.9289106029992187,0.9047619047619048,0.9672131147540984,2026-08-31T18:09:40.849748+00:00,1806733
concrete,gp,gap,3,11,927,614,313,195,0.1286644951140065,30,73,4.889204595923933,2.7591920765190583,1.771969641958401,8.024464356222902,4.648227861035912,-3.257828845077632,-2.95248196934272,0.9333333333333332,0.9863013698630136,2026-08-31T18:09:39.726651+00:00,1806733
concrete,gp,gap,4,11,927,616,311,111,0.5016233766233766,32,71,4.74713783161338,2.489829797020929,1.9066113825504505,6.850831503755405,5.762496325371901,-3.256751068671935,-2.9425440616564438,0.9375,0.9577464788732394,2026-08-31T18:09:42.543864+00:00,1806733
concrete,gp,gap,5,11,927,618,309,284,0.0097087378640776,34,69,4.02899860716326,2.389741348006479,1.6859559343207784,6.484877118780396,5.626024739310255,-3.188721590787949,-2.919363303856904,0.9411764705882352,0.9710144927536232,2026-08-31T18:09:49.073121+00:00,1806733
concrete,gp,gap,6,11,927,622,305,302,0.0,38,65,3.04702098167757,2.576151594982376,1.1827801545577974,6.712735632979931,5.89049407728244,-3.2851496751796025,-3.0148472414185647,0.8947368421052632,0.953846153846154,2026-08-31T18:09:48.661987+00:00,1806733
concrete,gp,gap,7,11,927,616,311,14,0.1103896103896103,32,71,3.2573182453374807,2.813812126001899,1.1576175307644836,8.390361528074243,5.057855572885586,-3.456719314988492,-2.9193000003721283,0.875,0.9577464788732394,2026-08-31T18:09:47.623784+00:00,1806733
concrete,mcd,gap,0,12,927,624,303,278,0.0,40,63,2.766415949246837,2.730929637002136,1.012994224297795,6.29759203366549,5.190890577309992,-3.258392107787293,-3.115383379461529,0.975,0.984126984126984,2026-08-31T18:09:49.708596+00:00,1806733
concrete,mcd,gap,1,12,927,619,308,185,0.5008077544426495,35,68,2.5862338457223357,2.564663037943612,1.0084107765658057,5.6691020868989925,6.773687637690546,-3.157199542513505,-3.3404365962851945,0.9428571428571428,0.8970588235294118,2026-08-31T18:09:52.067964+00:00,1806733
concrete,mcd,gap,2,12,927,618,309,156,0.5161812297734628,34,69,2.6420342251827087,2.6238066929250428,1.0069469798620514,7.598212027302312,4.677963736100552,-3.509949961441725,-3.01287455859385,0.9117647058823528,1.0,2026-08-31T18:09:53.649673+00:00,1806733
concrete,mcd,gap,3,12,927,610,317,195,0.1344262295081967,26,77,2.915332839425598,2.9787493952830624,0.9787103420120248,5.374596308901023,6.280487888841268,-3.135867746284013,-3.2465994913665543,0.9615384615384616,0.961038961038961,2026-08-31T18:09:54.490727+00:00,1806733
concrete,mcd,gap,4,12,927,625,302,111,0.5168,41,62,2.8560035631485947,2.881527313874926,0.9911422839535716,8.156567003293455,5.117759617992912,-3.5774571030849884,-3.104787012440345,0.8780487804878049,0.9838709677419356,2026-08-31T18:09:55.763496+00:00,1806733
concrete,mcd,gap,5,12,927,617,310,284,0.0081037277147487,33,70,3.082768672076788,2.837017803548758,1.0866229560564005,5.721488865378633,5.902387722108509,-3.1608360463321965,-3.192830276627338,0.9393939393939394,0.9714285714285714,2026-08-31T18:09:59.835460+00:00,1806733
concrete,mcd,gap,6,12,927,618,309,302,0.0,34,69,2.677448027228341,2.7498122932937377,0.973683925174864,6.376888791837489,6.5936260030972,-3.278536251525868,-3.3252772998630995,0.9117647058823528,0.9420289855072465,2026-08-31T18:10:00.879557+00:00,1806733
concrete,mcd,gap,7,12,927,619,308,14,0.1163166397415185,35,68,2.8552884282617814,2.81663982618416,1.0137215279420304,8.400080603641134,4.589400453437489,-3.645822896604936,-3.0289333914150194,0.8857142857142857,0.9705882352941176,2026-08-31T18:10:00.619772+00:00,1806733
concrete,map,gap,0,12,927,624,303,278,0.0,40,63,0.0,0.0,,7.03567409476241,4.642887405772351,-4.537070716413228,-3.1456565130691083,0.775,0.873015873015873,2026-08-31T18:10:01.058729+00:00,1806733
concrete,map,gap,1,12,927,619,308,185,0.5008077544426495,35,68,0.0,0.0,,9.582049899832896,5.37053950078407,-7.928524153383208,-3.8192214517716,0.7142857142857143,0.8382352941176471,2026-08-31T18:10:03.092372+00:00,1806733
concrete,map,gap,2,12,927,618,309,156,0.5161812297734628,34,69,0.0,0.0,,8.769493137686903,3.7910315050350736,-7.523800797322795,-2.933262141336539,0.5882352941176471,0.927536231884058,2026-08-31T18:10:04.606265+00:00,1806733
concrete,map,gap,3,12,927,610,317,195,0.1344262295081967,26,77,0.0,0.0,,5.3783169019275885,4.371147173195684,-3.6891879848889513,-3.1122179060438637,0.6923076923076923,0.8441558441558441,2026-08-31T18:10:05.116984+00:00,1806733
concrete,map,gap,4,12,927,625,302,111,0.5168,41,62,0.0,0.0,,10.343884685906918,3.947813400445949,-8.228376574139011,-2.9018519649447483,0.4878048780487805,0.8870967741935484,2026-08-31T18:10:06.524003+00:00,1806733
concrete,map,gap,5,12,927,617,310,284,0.0081037277147487,33,70,0.0,0.0,,8.63500378798493,4.458704564780294,-8.207987448283076,-3.508031891210377,0.4545454545454545,0.8428571428571429,2026-08-31T18:10:10.938411+00:00,1806733
concrete,map,gap,6,12,927,618,309,302,0.0,34,69,0.0,0.0,,8.40977380925491,5.168965071487227,-6.768895547516129,-3.746530982654638,0.7647058823529411,0.8115942028985508,2026-08-31T18:10:11.724342+00:00,1806733
concrete,map,gap,7,12,927,619,308,14,0.1163166397415185,35,68,0.0,0.0,,10.77394641470508,5.059418279901997,-9.27063594964066,-3.5678295896079293,0.5428571428571428,0.8382352941176471,2026-08-31T18:10:11.919022+00:00,1806733
concrete,laplace,gap,0,12,927,624,303,278,0.0,40,63,4.6154397827959865,2.572802084911124,1.793935028995992,7.03567409476241,4.642887405772351,-3.2009849191587767,-2.9120929038407097,0.9,0.9047619047619048,2026-08-31T18:10:13.169473+00:00,1806733
concrete,laplace,gap,1,12,927,619,308,185,0.5008077544426495,35,68,4.035322925359562,2.4774429908788744,1.628825745018669,9.582049899832896,5.37053950078407,-3.715652074567137,-2.927790647143093,0.8571428571428571,0.8970588235294118,2026-08-31T18:10:15.351740+00:00,1806733
concrete,laplace,gap,2,12,927,618,309,156,0.5161812297734628,34,69,4.50592675187583,2.773479242489777,1.6246477286885403,8.769493137686903,3.7910315050350736,-3.647020933178213,-2.6509399442109856,0.8529411764705882,0.9420289855072465,2026-08-31T18:10:16.673523+00:00,1806733
concrete,laplace,gap,3,12,927,610,317,195,0.1344262295081967,26,77,5.994658012706227,2.764055909414318,2.1687904330330454,5.3783169019275885,4.371147173195684,-3.0679076701968486,-2.8037725430225784,0.9615384615384616,0.948051948051948,2026-08-31T18:10:17.050580+00:00,1806733
concrete,laplace,gap,4,12,927,625,302,111,0.5168,41,62,6.970267499859629,2.4266583300976605,2.872372848459104,10.343884685906918,3.947813400445949,-3.6360687014076185,-2.787949584633937,0.8536585365853658,0.9516129032258064,2026-08-31T18:10:18.971725+00:00,1806733
concrete,laplace,gap,5,12,927,617,310,284,0.0081037277147487,33,70,5.48879032989019,2.336959392066889,2.3486887913083123,8.63500378798493,4.458704564780294,-3.825176511144072,-2.7458292443346264,0.7878787878787878,0.9428571428571428,2026-08-31T18:10:23.014368+00:00,1806733
concrete,laplace,gap,6,12,927,618,309,302,0.0,34,69,4.875316897344413,2.472083185354986,1.9721492085001693,8.40977380925491,5.168965071487227,-3.1782435811653995,-2.919575846816185,0.9117647058823528,0.9130434782608696,2026-08-31T18:10:23.819347+00:00,1806733
concrete,laplace,gap,7,12,927,619,308,14,0.1163166397415185,35,68,5.743966183321413,3.0006586577114183,1.9142351191995612,10.77394641470508,5.059418279901997,-3.4926706325366865,-2.9580181970471133,0.8285714285714286,0.9411764705882352,2026-08-31T18:10:24.504063+00:00,1806733
concrete,ensemble,gap,0,12,927,624,303,278,0.0,40,63,4.756857622115611,2.1404465253217304,2.22236695280234,6.856700893504836,3.887489960107228,-3.1608096615914443,-2.7370414176762763,0.9,0.9365079365079364,2026-08-31T18:11:11.495083+00:00,1806733
concrete,ensemble,gap,1,12,927,619,308,185,0.5008077544426495,35,68,3.1548430785178336,1.8668189347533863,1.6899566528848176,8.152376298201242,4.783233207500286,-3.742108040689271,-2.925791133502152,0.8,0.8823529411764706,2026-08-31T18:11:13.343576+00:00,1806733
concrete,ensemble,gap,2,12,927,618,309,156,0.5161812297734628,34,69,3.8701685737054383,2.013722237394469,1.9218979171193948,6.13340062719555,3.795399909423152,-3.441233134536964,-2.693788573154519,0.8823529411764706,0.9420289855072465,2026-08-31T18:11:13.694503+00:00,1806733
concrete,ensemble,gap,3,12,927,610,317,195,0.1344262295081967,26,77,3.925752013212129,1.8897653102358225,2.077375424317762,6.611387332174892,4.536249898724396,-3.285159635004138,-2.815406117796526,0.8461538461538461,0.961038961038961,2026-08-31T18:11:14.680544+00:00,1806733
concrete,ensemble,gap,4,12,927,625,302,111,0.5168,41,62,5.07610675648692,1.6422415833002324,3.0909622604282294,10.15375148503376,4.040535144812506,-3.902016622215914,-2.8402836933559543,0.8292682926829268,0.9032258064516128,2026-08-31T18:11:17.286437+00:00,1806733
concrete,ensemble,gap,5,12,927,617,310,284,0.0081037277147487,33,70,5.141022425065793,1.6535890939889246,3.1090084252214027,8.884922901083213,4.03731854932754,-3.8214032348714553,-2.834953953319705,0.7878787878787878,0.9142857142857144,2026-08-31T18:11:21.020277+00:00,1806733
concrete,ensemble,gap,6,12,927,618,309,302,0.0,34,69,4.734076551141806,1.8797671819506283,2.518437706859671,8.863178160116439,4.772524461703057,-3.3674604658284126,-2.9364130742388843,0.8823529411764706,0.9130434782608696,2026-08-31T18:11:21.556519+00:00,1806733
concrete,ensemble,gap,7,12,927,619,308,14,0.1163166397415185,35,68,4.235794114354191,2.110853296465329,2.0066738514927227,7.525241410869006,4.349462350827077,-3.43771791450153,-2.7084663045299626,0.8571428571428571,0.9558823529411764,2026-08-31T18:11:22.105418+00:00,1806733
concrete,bbb,gap,0,12,927,624,303,278,0.0,40,63,2.016192801671595,2.192772896394096,0.9194717815908444,7.930458103879372,4.83397538910342,-3.81682876030373,-2.992403918367455,0.725,0.9047619047619048,2026-08-31T18:15:33.577538+00:00,1806733
concrete,bbb,gap,1,12,927,619,308,185,0.5008077544426495,35,68,2.540631147298128,2.462668850646107,1.0316576451728643,7.591809708171576,5.851015288065461,-3.6442738230770937,-3.172833897017036,0.8,0.9264705882352942,2026-08-31T18:15:37.583013+00:00,1806733
concrete,bbb,gap,2,12,927,618,309,156,0.5161812297734628,34,69,1.9057394427991752,1.9099312112865716,0.9978052777698876,6.022361896450917,5.10189964580419,-3.28633587816172,-3.0468581972975586,0.8823529411764706,0.9130434782608696,2026-08-31T18:15:36.442649+00:00,1806733
concrete,bbb,gap,3,12,927,610,317,195,0.1344262295081967,26,77,2.121753901337612,2.294602842000324,0.9246715215814733,9.681625036917357,5.127756010324593,-4.5127498948505735,-3.043334546658873,0.6153846153846154,0.935064935064935,2026-08-31T18:15:37.279060+00:00,1806733
concrete,bbb,gap,4,12,927,625,302,111,0.5168,41,62,2.07506652841529,2.123273883199837,0.9772957435373824,8.39572960669441,3.809394486756145,-3.991502688385321,-2.7753915523346,0.8536585365853658,0.9838709677419356,2026-08-31T18:15:41.293146+00:00,1806733
concrete,bbb,gap,5,12,927,617,310,284,0.0081037277147487,33,70,2.162595839620279,2.2994082648867016,0.9405010291753632,7.300876790462837,5.112694950559673,-3.6975417779680577,-3.0610926215213583,0.7878787878787878,0.9285714285714286,2026-08-31T18:15:43.786968+00:00,1806733
concrete,bbb,gap,6,12,927,618,309,302,0.0,34,69,2.2706980243072525,2.295506056100128,0.9891927831220704,6.907864421816612,5.978804485335874,-3.4553097175454006,-3.2288418178609097,0.8823529411764706,0.9420289855072465,2026-08-31T18:15:42.943714+00:00,1806733
concrete,bbb,gap,7,12,927,619,308,14,0.1163166397415185,35,68,2.302614860168218,2.4085115272588618,0.9560323187611376,6.068307626100887,4.397581137068383,-3.2805867286721124,-2.9013779725525475,0.9428571428571428,0.9117647058823528,2026-08-31T18:15:45.268377+00:00,1806733
concrete,gp,gap,0,12,927,624,303,278,0.0,40,63,3.893719524918692,2.645864197150664,1.4716248585667566,4.682183941368347,5.693728325419142,-2.929635870755136,-3.1556217645702502,1.0,0.9523809523809524,2026-08-31T18:15:46.195148+00:00,1806733
concrete,gp,gap,1,12,927,619,308,185,0.5008077544426495,35,68,3.730496930665261,2.5083050865819523,1.487258049517724,6.607806959849565,7.040007042249845,-3.183898486669549,-3.29206361176219,0.9428571428571428,0.8970588235294118,2026-08-31T18:15:52.075042+00:00,1806733
concrete,gp,gap,2,12,927,618,309,156,0.5161812297734628,34,69,3.0310801600566486,2.41523440178048,1.254983846628789,8.04623867594537,4.719748361486631,-3.5277548604115943,-2.958736634930843,0.8529411764705882,0.9420289855072465,2026-08-31T18:15:48.548641+00:00,1806733
concrete,gp,gap,3,12,927,610,317,195,0.1344262295081967,26,77,4.138706583345648,2.8435290830036712,1.455482417283335,5.326083815555879,6.316925086138582,-3.024613279224785,-3.161334055834657,0.9615384615384616,0.922077922077922,2026-08-31T18:15:52.940185+00:00,1806733
concrete,gp,gap,4,12,927,625,302,111,0.5168,41,62,5.236086413320947,2.511924551352359,2.084491912984395,6.628682786767224,5.180156797858617,-3.234219349854727,-3.058035455308469,0.951219512195122,0.9193548387096774,2026-08-31T18:15:56.603650+00:00,1806733
concrete,gp,gap,5,12,927,617,310,284,0.0081037277147487,33,70,4.185736487906234,2.483470349988836,1.6854384784279992,9.380433375503308,5.273942570051079,-3.462220376073202,-3.0280465955472877,0.9090909090909092,0.9428571428571428,2026-08-31T18:15:55.915975+00:00,1806733
concrete,gp,gap,6,12,927,618,309,302,0.0,34,69,3.403653845154574,2.58279580587422,1.3178176290256562,7.802326149313916,6.233579720307334,-3.2928502462837645,-3.174919115305374,0.8823529411764706,0.9130434782608696,2026-08-31T18:15:56.609008+00:00,1806733
concrete,gp,gap,7,12,927,619,308,14,0.1163166397415185,35,68,4.390046146311511,2.7721955151399453,1.5835990363363293,9.338304250064688,5.178165516622005,-3.568462168630253,-3.0015287835261484,0.8285714285714286,0.9705882352941176,2026-08-31T18:15:56.977992+00:00,1806733
concrete,mcd,gap,0,13,927,618,309,278,0.0048543689320388,34,69,2.763455298454944,2.815151071278636,0.9816365901812112,6.562384257221441,4.680427875689118,-3.3122138503806373,-3.0468893291192307,0.9117647058823528,0.9710144927536232,2026-08-31T18:16:01.632203+00:00,1806733
concrete,mcd,gap,1,13,927,620,307,185,0.5096774193548387,36,67,2.8176161499240298,2.6460375853045317,1.0648435855833664,5.186085281732782,5.638737561328991,-3.079675693812173,-3.152408880472546,0.9722222222222222,0.9552238805970148,2026-08-31T18:16:02.932072+00:00,1806733
concrete,mcd,gap,2,13,927,616,311,156,0.5243506493506493,32,71,2.6629861313218104,2.588777323814642,1.0286655815564003,6.261970831067,4.600679531919167,-3.2701399555797543,-3.0060543632513514,0.875,0.971830985915493,2026-08-31T18:16:04.774618+00:00,1806733
concrete,mcd,gap,3,13,927,622,305,195,0.135048231511254,38,65,2.879266194556654,3.086775241081492,0.9327748117961012,6.086571959019757,5.369575792857487,-3.228031610395196,-3.1456169288592277,0.9473684210526316,0.9846153846153848,2026-08-31T18:16:05.975814+00:00,1806733
concrete,mcd,gap,4,13,927,618,309,111,0.5194174757281553,34,69,2.6220594140197075,2.9570628811541506,0.8867107394741331,6.841053190789697,5.402154035719171,-3.3642185750963813,-3.144009121330881,0.9117647058823528,0.9420289855072465,2026-08-31T18:16:07.782023+00:00,1806733
concrete,mcd,gap,5,13,927,620,307,284,0.0096774193548387,36,67,2.8646909918655843,2.852914714336266,1.0041278056684069,7.234748907524262,4.455881955800596,-3.423264504134099,-3.0086455795630123,0.8888888888888888,1.0,2026-08-31T18:16:09.010420+00:00,1806733
concrete,mcd,gap,6,13,927,623,304,302,0.0,39,64,2.6527574455833083,2.856545373014895,0.9286593066727652,5.708791014485676,5.386737061478612,-3.155169272602748,-3.1321412567932523,0.9743589743589745,0.953125,2026-08-31T18:16:08.353611+00:00,1806733
concrete,mcd,gap,7,13,927,626,301,14,0.121405750798722,42,61,2.771642787413563,2.894883546791626,0.957428077024152,5.610670984249767,4.7537266611893125,-3.143173273866194,-3.042334611708509,0.9523809523809524,0.9672131147540984,2026-08-31T18:16:08.591809+00:00,1806733
concrete,map,gap,0,13,927,618,309,278,0.0048543689320388,34,69,0.0,0.0,,8.734473281481877,4.94813612637948,-6.720757819781338,-3.487442775568664,0.5294117647058824,0.8260869565217391,2026-08-31T18:16:12.584641+00:00,1806733
concrete,map,gap,1,13,927,620,307,185,0.5096774193548387,36,67,0.0,0.0,,7.285945588956847,5.101099202912651,-5.56148296866878,-3.70032472144261,0.6944444444444444,0.7313432835820896,2026-08-31T18:16:13.697326+00:00,1806733
concrete,map,gap,2,13,927,616,311,156,0.5243506493506493,32,71,0.0,0.0,,5.39929569298043,4.200806847326841,-3.9960950995522704,-3.162921806934279,0.75,0.8450704225352113,2026-08-31T18:16:15.674950+00:00,1806733
concrete,map,gap,3,13,927,622,305,195,0.135048231511254,38,65,0.0,0.0,,10.20558884953381,4.152251541461274,-8.561605663495177,-3.0452564053376947,0.4736842105263157,0.8923076923076924,2026-08-31T18:16:16.868729+00:00,1806733
concrete,map,gap,4,13,927,618,309,111,0.5194174757281553,34,69,0.0,0.0,,8.864747664380982,4.703268354982636,-6.871058147289383,-3.3413880696549056,0.6470588235294118,0.855072463768116,2026-08-31T18:16:18.650274+00:00,1806733
concrete,map,gap,5,13,927,620,307,284,0.0096774193548387,36,67,0.0,0.0,,10.23265235191205,3.642501039429043,-11.498151634502774,-2.9938846055100643,0.1666666666666666,0.8208955223880597,2026-08-31T18:16:18.911586+00:00,1806733
concrete,map,gap,6,13,927,623,304,302,0.0,39,64,0.0,0.0,,9.942696417515124,4.198757354662127,-9.952043676978333,-3.2713522712661103,0.4102564102564102,0.78125,2026-08-31T18:16:19.620154+00:00,1806733
concrete,map,gap,7,13,927,626,301,14,0.121405750798722,42,61,0.0,0.0,,6.436240963275777,5.0529855973124045,-4.645623760550804,-3.6060476607989,0.6190476190476191,0.8032786885245902,2026-08-31T18:16:19.971354+00:00,1806733
concrete,laplace,gap,0,13,927,618,309,278,0.0048543689320388,34,69,5.042580770500825,2.631495758870184,1.9162412682989935,8.734473281481877,4.94813612637948,-3.6460197615952152,-3.088211628470981,0.7647058823529411,0.8985507246376812,2026-08-31T18:16:24.486170+00:00,1806733
concrete,laplace,gap,1,13,927,620,307,185,0.5096774193548387,36,67,5.671369510112235,2.452493517777251,2.3124911315779224,7.285945588956847,5.101099202912651,-3.0838151320176594,-3.1264832128093603,0.9444444444444444,0.8656716417910447,2026-08-31T18:16:25.981175+00:00,1806733
concrete,laplace,gap,2,13,927,616,311,156,0.5243506493506493,32,71,3.4909592021869225,2.363359988261875,1.4771169942478108,5.39929569298043,4.200806847326841,-3.428185368809622,-2.755448999350818,0.90625,0.9014084507042254,2026-08-31T18:16:27.439253+00:00,1806733
concrete,laplace,gap,3,13,927,622,305,195,0.135048231511254,38,65,5.555485871009159,2.505051675274144,2.2177130818673376,10.20558884953381,4.152251541461274,-3.8882007149942455,-2.834101306425725,0.7631578947368421,0.9384615384615383,2026-08-31T18:16:28.910101+00:00,1806733
concrete,laplace,gap,4,13,927,618,309,111,0.5194174757281553,34,69,7.336534042672175,2.605692038184449,2.8155798671373327,8.864747664380982,4.703268354982636,-3.279453354502448,-2.8647936484997056,0.9705882352941176,0.9565217391304348,2026-08-31T18:16:31.267719+00:00,1806733
concrete,laplace,gap,5,13,927,620,307,284,0.0096774193548387,36,67,5.973301342949857,2.0510474258528366,2.912317515264732,10.23265235191205,3.642501039429043,-4.279515024930933,-2.7265825947012297,0.7222222222222222,0.9402985074626866,2026-08-31T18:16:31.354549+00:00,1806733
concrete,laplace,gap,6,13,927,623,304,302,0.0,39,64,5.229750268893191,2.317659727698395,2.256478898257733,9.942696417515124,4.198757354662127,-3.9052232020159616,-3.01659582512346,0.7948717948717948,0.875,2026-08-31T18:16:31.774617+00:00,1806733
concrete,laplace,gap,7,13,927,626,301,14,0.121405750798722,42,61,4.772516653462359,2.477650014751505,1.9262271204761003,6.436240963275777,5.0529855973124045,-3.251711301434492,-3.139775107026786,0.9285714285714286,0.8688524590163934,2026-08-31T18:16:32.028942+00:00,1806733
concrete,ensemble,gap,0,13,927,618,309,278,0.0048543689320388,34,69,4.447077698876512,1.7923026627259238,2.481209112367732,6.240291125818142,4.133757919352267,-3.1283455078614195,-2.8466902610205205,0.9117647058823528,0.8985507246376812,2026-08-31T18:17:17.659225+00:00,1806733
concrete,ensemble,gap,1,13,927,620,307,185,0.5096774193548387,36,67,4.444058762093111,1.645251802729701,2.701142010432568,6.139159168610958,4.028215697305004,-2.942272735795706,-2.90330815364924,0.9166666666666666,0.835820895522388,2026-08-31T18:17:20.346872+00:00,1806733
concrete,ensemble,gap,2,13,927,616,311,156,0.5243506493506493,32,71,3.457430572319473,1.9281946173302331,1.7930921190448144,4.680398557567315,3.6339497401394336,-3.0095479681291906,-2.6140089607703167,0.875,0.9014084507042254,2026-08-31T18:17:21.812330+00:00,1806733
concrete,ensemble,gap,3,13,927,622,305,195,0.135048231511254,38,65,4.619297315056173,1.6525329328565734,2.7952830610590262,8.157544463528025,4.316326656130935,-3.74174967349523,-2.92545134817297,0.7631578947368421,0.8615384615384616,2026-08-31T18:17:23.640348+00:00,1806733
concrete,ensemble,gap,4,13,927,618,309,111,0.5194174757281553,34,69,3.896323630629813,1.7188399485542347,2.2668332987647406,7.477578610780806,4.159192051622743,-3.4001396141481903,-2.827962874210596,0.8529411764705882,0.8985507246376812,2026-08-31T18:17:24.913692+00:00,1806733
concrete,ensemble,gap,5,13,927,620,307,284,0.0096774193548387,36,67,5.754881854125895,1.5764841608105349,3.6504533297480615,9.248439113979424,2.962497629634429,-4.433624991665238,-2.562960933559546,0.75,0.9402985074626866,2026-08-31T18:17:24.502334+00:00,1806733
concrete,ensemble,gap,6,13,927,623,304,302,0.0,39,64,5.010748580853887,1.9548594650278197,2.5632270096626,6.53587376270088,4.082037266761001,-3.549183469235728,-2.9464876130461493,0.9230769230769232,0.875,2026-08-31T18:17:26.840623+00:00,1806733
concrete,ensemble,gap,7,13,927,626,301,14,0.121405750798722,42,61,2.686702293562945,1.5067886516235676,1.78306512374381,5.273308640122014,4.463959913302509,-3.1178892894988763,-3.0496233875194982,0.8571428571428571,0.8524590163934426,2026-08-31T18:17:26.116717+00:00,1806733
concrete,bbb,gap,0,13,927,618,309,278,0.0048543689320388,34,69,2.20895113328503,2.3864741766533304,0.9256128370861948,7.019665152613633,4.804502286291879,-3.497137170993268,-2.995462610789143,0.7941176470588235,0.9565217391304348,2026-08-31T18:21:37.245090+00:00,1806733
concrete,bbb,gap,1,13,927,620,307,185,0.5096774193548387,36,67,2.5961599671882296,2.4955296355924044,1.040324238254112,7.828569397274093,4.769325750404846,-3.701285596383398,-2.985427900928875,0.8333333333333334,0.9701492537313432,2026-08-31T18:21:40.740999+00:00,1806733
concrete,bbb,gap,2,13,927,616,311,156,0.5243506493506493,32,71,2.1754180427342185,2.294853855552169,0.9479549372919815,7.033517880600484,5.000412857017744,-3.5278140653615973,-3.021539194549061,0.8125,0.971830985915493,2026-08-31T18:21:40.397606+00:00,1806733
concrete,bbb,gap,3,13,927,622,305,195,0.135048231511254,38,65,2.3139822455291266,2.332144901871487,0.9922120377992872,7.628172117297747,5.133552063426021,-3.6696003981724914,-3.061191947221856,0.8157894736842105,0.9384615384615383,2026-08-31T18:21:46.719631+00:00,1806733
concrete,bbb,gap,4,13,927,618,309,111,0.5194174757281553,34,69,2.437891500869527,2.562149182892409,0.9515025577540306,7.809897192526041,4.743895494412653,-3.74408203707574,-2.9855865747730026,0.7647058823529411,0.927536231884058,2026-08-31T18:21:43.794516+00:00,1806733
concrete,bbb,gap,5,13,927,620,307,284,0.0096774193548387,36,67,2.0078095602074377,2.0323512456254806,0.9879244862467216,7.341568244453526,3.5849975910891905,-3.943338689526205,-2.700318706636519,0.6666666666666666,0.9850746268656716,2026-08-31T18:21:40.740999+00:00,1806733
concrete,bbb,gap,6,13,927,623,304,302,0.0,39,64,1.978101383868841,2.1269025413730107,0.9300385633052504,6.005098525276071,4.600490721308825,-3.303500367271724,-2.9404216377679155,0.8717948717948718,0.921875,2026-08-31T18:21:46.772061+00:00,1806733
concrete,bbb,gap,7,13,927,626,301,14,0.121405750798722,42,61,2.1696713671130703,2.152097079911952,1.0081661219492188,5.843285870777062,4.726719199578241,-3.2131906895374764,-2.9661580347878065,0.9285714285714286,0.9344262295081968,2026-08-31T18:21:49.397598+00:00,1806733
concrete,gp,gap,0,13,927,618,309,278,0.0048543689320388,34,69,4.082497977438076,2.712029299931393,1.5053295985929624,5.33061927529296,4.943548129075812,-3.0847007660476007,-3.048967194461793,0.9411764705882352,0.9420289855072465,2026-08-31T18:21:50.779358+00:00,1806733
concrete,gp,gap,1,13,927,620,307,185,0.5096774193548387,36,67,4.829882662479683,2.4412928743046987,1.978411813394276,6.846456890778801,5.449176478540003,-3.110851391757255,-3.1109080897359838,0.9444444444444444,0.8805970149253731,2026-08-31T18:21:53.788691+00:00,1806733
concrete,gp,gap,2,13,927,616,311,156,0.5243506493506493,32,71,2.8896062522798656,2.406842508429574,1.20057969815619,6.112485918192013,4.881232078259958,-3.301788897086589,-2.955334095216503,0.875,0.9154929577464788,2026-08-31T18:21:54.931343+00:00,1806733
concrete,gp,gap,3,13,927,622,305,195,0.135048231511254,38,65,4.29155296726793,2.590425755162221,1.6566979226158824,5.651753112365373,5.340207520642995,-3.1130006687160874,-3.111398503289778,0.9736842105263158,0.9076923076923076,2026-08-31T18:21:54.174912+00:00,1806733
concrete,gp,gap,4,13,927,618,309,111,0.5194174757281553,34,69,5.235389738644502,2.770078980517943,1.889978508001097,6.222335570858744,5.717056832242461,-3.163553394481925,-3.0974583737933066,0.9411764705882352,0.8985507246376812,2026-08-31T18:21:57.811396+00:00,1806733
concrete,gp,gap,5,13,927,620,307,284,0.0096774193548387,36,67,4.658167154164547,2.4021356017773585,1.9391774347451212,7.688525144627102,4.226603980891258,-3.5653650344976406,-2.828786850309361,0.8611111111111112,0.9850746268656716,2026-08-31T18:21:59.823138+00:00,1806733
concrete,gp,gap,6,13,927,623,304,302,0.0,39,64,3.335818981091161,2.5507443498068403,1.3077825621151613,6.647104181913767,5.239581507856982,-3.2681433743507182,-3.106425497282629,0.8974358974358975,0.90625,2026-08-31T18:22:01.618904+00:00,1806733
concrete,gp,gap,7,13,927,626,301,14,0.121405750798722,42,61,3.7031246396723865,2.3844999880507096,1.5529983888570411,6.332582280030173,5.080301510182738,-3.183899211118037,-3.064607237806203,0.9285714285714286,0.9344262295081968,2026-08-31T18:22:00.747711+00:00,1806733
concrete,mcd,gap,0,14,927,618,309,278,0.0064724919093851,34,69,2.869590917016245,2.9638671642880228,0.9681914734885142,7.0387095454439965,5.69993809757857,-3.405166082821662,-3.1675390319687877,0.8823529411764706,0.9130434782608696,2026-08-31T18:22:05.732168+00:00,1806733
concrete,mcd,gap,1,14,927,611,316,185,0.4991816693944353,27,76,2.664290619224289,2.730544942844774,0.9757358604207926,7.544251075657359,6.601259136032484,-3.5138258722383173,-3.3121807896333864,0.8888888888888888,0.9210526315789472,2026-08-31T18:22:07.395493+00:00,1806733
concrete,mcd,gap,2,14,927,618,309,156,0.5161812297734628,34,69,2.90563433101984,2.7534143030381317,1.055284098660252,7.54829710337845,5.997072673936063,-3.508352339775484,-3.223316312682753,0.8823529411764706,0.927536231884058,2026-08-31T18:22:07.883401+00:00,1806733
concrete,mcd,gap,3,14,927,629,298,195,0.1271860095389507,45,58,2.856869507569961,2.949650884129261,0.9685449633858314,6.941067797699573,5.870776915255308,-3.3763686967507307,-3.197118572579262,0.9111111111111112,0.9655172413793104,2026-08-31T18:22:08.373617+00:00,1806733
concrete,mcd,gap,4,14,927,620,307,111,0.5032258064516129,36,67,2.88356026675124,3.013676866035649,0.9568246348004882,7.7277228214913025,6.507666091714167,-3.5246935291369503,-3.299564677155468,0.8888888888888888,0.9104477611940298,2026-08-31T18:22:09.824355+00:00,1806733
concrete,mcd,gap,5,14,927,614,313,284,0.011400651465798,30,73,2.96930809872079,2.925126146498446,1.0151042895279003,8.258517821949642,5.666979481667584,-3.6067195418275193,-3.16447189352666,0.8666666666666667,0.9452054794520548,2026-08-31T18:22:12.131102+00:00,1806733
concrete,mcd,gap,6,14,927,614,313,302,0.0,30,73,2.6377600267219408,2.7620948390509064,0.954985321079095,5.594076950467163,6.443890509360487,-3.1548774172138256,-3.2903430560953053,0.9333333333333332,0.8904109589041096,2026-08-31T18:22:12.747684+00:00,1806733
concrete,mcd,gap,7,14,927,624,303,14,0.1201923076923077,40,63,2.848581227918196,2.880884889863622,0.9887868959780078,7.728047060183889,5.4260569893060655,-3.5151075786341544,-3.130894087684759,0.875,0.9365079365079364,2026-08-31T18:22:13.334355+00:00,1806733
concrete,map,gap,0,14,927,618,309,278,0.0064724919093851,34,69,0.0,0.0,,8.286602202104131,5.44188609624362,-6.054638459191534,-3.7402472518503633,0.5294117647058824,0.855072463768116,2026-08-31T18:22:16.776820+00:00,1806733
concrete,map,gap,1,14,927,611,316,185,0.4991816693944353,27,76,0.0,0.0,,13.281008290553578,6.620356811770754,-13.396872784156598,-4.786396980923283,0.5555555555555556,0.7763157894736842,2026-08-31T18:22:18.603318+00:00,1806733
concrete,map,gap,2,14,927,618,309,156,0.5161812297734628,34,69,0.0,0.0,,7.208612312726738,6.611852799859191,-5.927075948880204,-5.279068593607664,0.6176470588235294,0.782608695652174,2026-08-31T18:22:18.816967+00:00,1806733
concrete,map,gap,3,14,927,629,298,195,0.1271860095389507,45,58,0.0,0.0,,7.348998831158631,5.201819136200911,-5.06278917186614,-3.5388495415245007,0.6222222222222222,0.7758620689655172,2026-08-31T18:22:19.488475+00:00,1806733
concrete,map,gap,4,14,927,620,307,111,0.5032258064516129,36,67,0.0,0.0,,9.452865899366165,4.484834926660348,-7.234051095421879,-3.170526190679287,0.6111111111111112,0.8208955223880597,2026-08-31T18:22:20.174070+00:00,1806733
concrete,map,gap,5,14,927,614,313,284,0.011400651465798,30,73,0.0,0.0,,9.545207965210466,7.807884483922377,-10.572678397226806,-7.649722974118448,0.3666666666666666,0.7808219178082192,2026-08-31T18:22:23.156597+00:00,1806733
concrete,map,gap,6,14,927,614,313,302,0.0,30,73,0.0,0.0,,6.347397178890309,6.663970367855858,-5.356010393160246,-5.721218393973114,0.6666666666666666,0.8082191780821918,2026-08-31T18:22:23.614415+00:00,1806733
concrete,map,gap,7,14,927,624,303,14,0.1201923076923077,40,63,0.0,0.0,,10.360568540144838,6.159085316206514,-8.69231197811074,-4.33703570452901,0.55,0.7301587301587301,2026-08-31T18:22:24.251787+00:00,1806733
concrete,laplace,gap,0,14,927,618,309,278,0.0064724919093851,34,69,4.703008194215589,3.1504968280402417,1.4927830278569374,8.286602202104131,5.44188609624362,-3.5667653258281065,-2.998727636320195,0.8823529411764706,0.9420289855072465,2026-08-31T18:22:28.773184+00:00,1806733
concrete,laplace,gap,1,14,927,611,316,185,0.4991816693944353,27,76,4.0396157299989,2.6452054231316127,1.5271463209146416,13.281008290553578,6.620356811770754,-3.959049135485199,-3.245715561615297,0.7037037037037037,0.8552631578947368,2026-08-31T18:22:30.341946+00:00,1806733
concrete,laplace,gap,2,14,927,618,309,156,0.5161812297734628,34,69,3.083584992343655,2.7242906593773384,1.131885462268713,7.208612312726738,6.611852799859191,-3.625069084239251,-3.2209014562434466,0.7647058823529411,0.8840579710144928,2026-08-31T18:22:30.903808+00:00,1806733
concrete,laplace,gap,3,14,927,629,298,195,0.1271860095389507,45,58,5.58507845418097,2.9598103569091005,1.8869717247740867,7.348998831158631,5.201819136200911,-3.4599181484291344,-3.13036266955865,0.8444444444444444,0.913793103448276,2026-08-31T18:22:31.952981+00:00,1806733
concrete,laplace,gap,4,14,927,620,307,111,0.5032258064516129,36,67,5.670481228431657,2.7505949453318936,2.061547171114809,9.452865899366165,4.484834926660348,-3.492580974080445,-2.912288843227122,0.8888888888888888,0.9402985074626866,2026-08-31T18:22:32.248448+00:00,1806733
concrete,laplace,gap,5,14,927,614,313,284,0.011400651465798,30,73,5.524219128558014,2.5372451492041304,2.177250838489462,9.545207965210466,7.807884483922377,-4.144710115147928,-3.105995631244083,0.8,0.9041095890410958,2026-08-31T18:22:35.209558+00:00,1806733
concrete,laplace,gap,6,14,927,614,313,302,0.0,30,73,4.808117483368813,2.757210262383028,1.7438341750596875,6.347397178890309,6.663970367855858,-3.120068866585672,-3.279699296060648,0.8666666666666667,0.8904109589041096,2026-08-31T18:22:35.530271+00:00,1806733
concrete,laplace,gap,7,14,927,624,303,14,0.1201923076923077,40,63,5.419899320665911,2.931712171552654,1.848714677128586,10.360568540144838,6.159085316206514,-3.752936313802461,-3.217151292242893,0.825,0.8888888888888888,2026-08-31T18:22:36.269097+00:00,1806733
concrete,ensemble,gap,0,14,927,618,309,278,0.0064724919093851,34,69,4.422741794293059,2.2759627409134784,1.9432399813882504,6.878303405435547,7.0051319577326,-3.526240326409207,-3.147723803839129,0.8529411764705882,0.8695652173913043,2026-08-31T18:23:23.364948+00:00,1806733
concrete,ensemble,gap,1,14,927,611,316,185,0.4991816693944353,27,76,3.284176362365626,2.056701480422516,1.5968172307100907,9.993375732913638,6.135309771600154,-5.4563712510356845,-3.447961809687261,0.7777777777777778,0.881578947368421,2026-08-31T18:23:24.601722+00:00,1806733
concrete,ensemble,gap,2,14,927,618,309,156,0.5161812297734628,34,69,2.8406273426427973,2.465812166587239,1.1520047557289468,6.891151941161911,5.308599244110695,-3.632298481122731,-3.1285571877649625,0.7647058823529411,0.8695652173913043,2026-08-31T18:23:24.969933+00:00,1806733
concrete,ensemble,gap,3,14,927,629,298,195,0.1271860095389507,45,58,3.78088320572902,2.1791359717157515,1.735037764877116,7.363121045568035,5.979983030906237,-3.610026864722769,-3.1022257128461708,0.8888888888888888,0.896551724137931,2026-08-31T18:23:25.883514+00:00,1806733
concrete,ensemble,gap,4,14,927,620,307,111,0.5032258064516129,36,67,5.262362373310888,2.1733932858640936,2.4212655884867558,9.525632787223683,6.61162851735167,-3.513655322139796,-2.9924470782189285,0.8611111111111112,0.8955223880597015,2026-08-31T18:23:26.330720+00:00,1806733
concrete,ensemble,gap,5,14,927,614,313,284,0.011400651465798,30,73,4.703211856225121,1.8748413721809885,2.508591887298663,9.073038570588356,5.651627297104911,-4.119592182655929,-3.0481144467828614,0.8,0.8904109589041096,2026-08-31T18:23:29.821929+00:00,1806733
concrete,ensemble,gap,6,14,927,614,313,302,0.0,30,73,4.534296623134452,1.9920527930398984,2.2761929999932664,7.217458272325986,6.766190065834925,-3.282118143494256,-3.583240617830457,0.8666666666666667,0.8493150684931506,2026-08-31T18:23:29.943070+00:00,1806733
concrete,ensemble,gap,7,14,927,624,303,14,0.1201923076923077,40,63,3.4785164262179946,1.6316631811310278,2.1318838755721474,9.169388615523085,5.072291427857514,-3.6077960476449342,-2.957226745755208,0.8,0.873015873015873,2026-08-31T18:23:30.568207+00:00,1806733
concrete,bbb,gap,0,14,927,618,309,278,0.0064724919093851,34,69,2.5114111047775465,2.566400795034479,0.9785732258331094,8.572056699903074,6.448330001293053,-3.9255420080341614,-3.3250752543812143,0.7352941176470589,0.8840579710144928,2026-08-31T18:27:42.396718+00:00,1806733
concrete,bbb,gap,1,14,927,611,316,185,0.4991816693944353,27,76,2.213810152471252,2.2880613804371097,0.9675484108071992,9.07962704722365,6.156022794005967,-4.348267988248426,-3.2828647559999227,0.7037037037037037,0.868421052631579,2026-08-31T18:27:47.568021+00:00,1806733
concrete,bbb,gap,2,14,927,618,309,156,0.5161812297734628,34,69,2.1949754801417014,2.231336715380646,0.9837042813895788,9.55829364871738,6.6288058685213,-4.571154392529183,-3.469778457191396,0.7058823529411765,0.8695652173913043,2026-08-31T18:27:43.666730+00:00,1806733
concrete,bbb,gap,3,14,927,629,298,195,0.1271860095389507,45,58,2.1353663665410565,2.157148238299317,0.989902468744831,8.435758501595084,6.505570367033116,-3.974182531395924,-3.373231234792282,0.8222222222222222,0.896551724137931,2026-08-31T18:27:48.985417+00:00,1806733
concrete,bbb,gap,4,14,927,620,307,111,0.5032258064516129,36,67,2.3969764539511265,2.316529451805801,1.034727381550282,9.39659042957298,5.99196981551454,-4.3105598944363726,-3.253839154456564,0.75,0.9253731343283582,2026-08-31T18:27:46.559188+00:00,1806733
concrete,bbb,gap,5,14,927,614,313,284,0.011400651465798,30,73,2.229977962696693,2.1448197186027973,1.0397041501228692,8.869277876923885,5.951646611791714,-4.388180070262218,-3.301388891722504,0.6333333333333333,0.9452054794520548,2026-08-31T18:27:54.066674+00:00,1806733
concrete,bbb,gap,6,14,927,614,313,302,0.0,30,73,1.909367125726108,1.8930440557004615,1.0086226572363666,7.055316095206208,5.936191878956104,-3.7966885592015847,-3.3492307874149,0.8333333333333334,0.8904109589041096,2026-08-31T18:27:53.953190+00:00,1806733
concrete,bbb,gap,7,14,927,624,303,14,0.1201923076923077,40,63,2.2998879616536114,2.386758640446,0.9636030735071917,7.364343148073591,5.390893175128448,-3.639711518238197,-3.1057957172851025,0.85,0.9206349206349206,2026-08-31T18:27:52.266221+00:00,1806733
concrete,gp,gap,0,14,927,618,309,278,0.0064724919093851,34,69,3.3382350781569867,2.902395448573527,1.1501654882340953,5.959589421361935,6.8712717286912826,-3.1818685681303025,-3.1977049415466494,0.9117647058823528,0.9130434782608696,2026-08-31T18:27:53.097019+00:00,1806733
concrete,gp,gap,1,14,927,611,316,185,0.4991816693944353,27,76,4.282200009825341,2.8139916890337435,1.5217528987428337,9.610937218396431,7.09628819349921,-3.5239360179184187,-3.2519793477074934,0.8518518518518519,0.8947368421052632,2026-08-31T18:27:55.230568+00:00,1806733
concrete,gp,gap,2,14,927,618,309,156,0.5161812297734628,34,69,2.5863047184880625,2.609932699981101,0.9909469000893356,7.449049772300335,6.767981470214475,-3.5983326827947137,-3.146625269443312,0.8235294117647058,0.9130434782608696,2026-08-31T18:27:58.658210+00:00,1806733
concrete,gp,gap,3,14,927,629,298,195,0.1271860095389507,45,58,4.347680989830692,3.00916321554542,1.4448139493964474,7.057279779793762,5.929009325024061,-3.1965455055756364,-3.1533603433279467,0.9555555555555556,0.9310344827586208,2026-08-31T18:28:00.540750+00:00,1806733
concrete,gp,gap,4,14,927,620,307,111,0.5032258064516129,36,67,5.088445743577204,2.8111355031221663,1.8101033329506035,7.1683759496008825,7.358146479377365,-3.234722273580018,-3.2048195428253003,0.9722222222222222,0.8656716417910447,2026-08-31T18:28:00.540355+00:00,1806733
concrete,gp,gap,5,14,927,614,313,284,0.011400651465798,30,73,4.191470695619845,2.442946688774947,1.7157438248158097,7.355519825237519,6.294180787051607,-3.476254800994476,-3.0691380188095625,0.8333333333333334,0.9178082191780822,2026-08-31T18:28:04.287959+00:00,1806733
concrete,gp,gap,6,14,927,614,313,302,0.0,30,73,3.4672850203581413,2.670582157921971,1.2983255392734667,5.804524007431536,6.721803359038421,-3.1307159524962653,-3.226326349851363,0.9,0.8904109589041096,2026-08-31T18:28:06.658170+00:00,1806733
concrete,gp,gap,7,14,927,624,303,14,0.1201923076923077,40,63,4.5365865347944005,2.6211109500525054,1.7307876779132625,8.427649368789014,5.014909002483104,-3.444080326663097,-3.041374555656669,0.9,0.9523809523809524,2026-08-31T18:28:05.634257+00:00,1806733
concrete,mcd,gap,0,15,927,621,306,278,0.0,37,66,2.815648399888856,2.835231980307397,0.9930927766917974,6.237866251504153,5.386087340382159,-3.2391174807763448,-3.13929815053852,0.945945945945946,0.9848484848484848,2026-08-31T18:28:09.356115+00:00,1806733
concrete,mcd,gap,1,15,927,626,301,185,0.5031948881789138,42,61,2.7331734035433124,2.872768782844788,0.951407373912202,6.533356069078184,6.074971848857336,-3.275316132607792,-3.2304282000270157,0.9761904761904762,0.9508196721311476,2026-08-31T18:28:10.086610+00:00,1806733
concrete,mcd,gap,2,15,927,617,310,156,0.5251215559157212,33,70,2.87273555131453,2.7214327931019238,1.0555967277957836,6.65599352472798,5.183159211906646,-3.3052885624322967,-3.1008481139304087,0.9696969696969696,0.9571428571428572,2026-08-31T18:28:12.036201+00:00,1806733
concrete,mcd,gap,3,15,927,614,313,195,0.1368078175895765,30,73,2.8848268656694867,2.983225401435842,0.967016057278476,4.7690111176303605,5.966220440268866,-3.0644648334142155,-3.2277875329641086,1.0,0.9726027397260274,2026-08-31T18:28:13.379100+00:00,1806733
concrete,mcd,gap,4,15,927,622,305,111,0.5144694533762058,38,65,2.667134686383108,2.9999149602215947,0.8890700975690641,7.00792291920871,5.908864269322803,-3.369433288782095,-3.2147954170668416,0.9473684210526316,0.9692307692307692,2026-08-31T18:28:13.300269+00:00,1806733
concrete,mcd,gap,5,15,927,615,312,284,0.0097560975609756,31,72,3.058879769496131,2.8938056435109183,1.0570439574459245,6.870237488323435,5.170118019825492,-3.362009277779581,-3.088040840647425,0.935483870967742,1.0,2026-08-31T18:28:16.783977+00:00,1806733
concrete,mcd,gap,6,15,927,626,301,302,0.0,42,61,2.8375721689451785,2.8866175892819985,0.9830093807649044,6.488841809531568,5.042751707079327,-3.301712847454056,-3.074946840745675,0.9285714285714286,0.9836065573770492,2026-08-31T18:28:17.482146+00:00,1806733
concrete,mcd,gap,7,15,927,617,310,14,0.1215559157212317,33,70,2.7513078773673803,2.805095850920861,0.9808249070933448,4.890823085426634,5.027116618333754,-3.049865722985565,-3.0720603770357977,1.0,0.9857142857142858,2026-08-31T18:28:18.780756+00:00,1806733
concrete,map,gap,0,15,927,621,306,278,0.0,37,66,0.0,0.0,,8.471752912327322,5.543699831603262,-6.8278021669745375,-4.017533409450005,0.4594594594594595,0.7575757575757576,2026-08-31T18:28:20.187636+00:00,1806733
concrete,map,gap,1,15,927,626,301,185,0.5031948881789138,42,61,0.0,0.0,,12.83674934086347,8.332092079707776,-15.584528245142936,-7.615257652971843,0.5,0.7213114754098361,2026-08-31T18:28:21.186671+00:00,1806733
concrete,map,gap,2,15,927,617,310,156,0.5251215559157212,33,70,0.0,0.0,,7.675770286374327,6.0885027756939225,-6.319033457324454,-4.666788149908171,0.6060606060606061,0.7714285714285715,2026-08-31T18:28:22.752423+00:00,1806733
concrete,map,gap,3,15,927,614,313,195,0.1368078175895765,30,73,0.0,0.0,,10.14369700925253,5.050923475043574,-7.998220763974735,-3.4818631259738897,0.6333333333333333,0.8356164383561644,2026-08-31T18:28:24.341603+00:00,1806733
concrete,map,gap,4,15,927,622,305,111,0.5144694533762058,38,65,0.0,0.0,,10.470732860313891,5.564703022908162,-9.238590990707614,-3.9915010596661338,0.4736842105263157,0.7076923076923077,2026-08-31T18:28:24.162984+00:00,1806733
concrete,map,gap,5,15,927,615,312,284,0.0097560975609756,31,72,0.0,0.0,,11.904076721390531,4.514513714296683,-17.677624067671378,-3.965836256735934,0.4516129032258064,0.6666666666666666,2026-08-31T18:28:27.667834+00:00,1806733
concrete,map,gap,6,15,927,626,301,302,0.0,42,61,0.0,0.0,,9.032445095492596,4.584221592914493,-8.027114582187274,-3.4514424912965254,0.5,0.8360655737704918,2026-08-31T18:28:28.335121+00:00,1806733
concrete,map,gap,7,15,927,617,310,14,0.1215559157212317,33,70,0.0,0.0,,5.622392857743045,5.440236410132337,-4.020492967948829,-3.88726546158232,0.7575757575757576,0.8,2026-08-31T18:28:29.707276+00:00,1806733
concrete,laplace,gap,0,15,927,621,306,278,0.0,37,66,4.801592861193649,2.377452312254644,2.019637927727806,8.471752912327322,5.543699831603262,-3.671266728889957,-3.569159252201316,0.8648648648648649,0.8939393939393939,2026-08-31T18:28:31.837440+00:00,1806733
concrete,laplace,gap,1,15,927,626,301,185,0.5031948881789138,42,61,4.657978773766308,2.389676871406441,1.9492086271165443,12.83674934086347,8.332092079707776,-4.169916124003966,-4.315866189136131,0.7380952380952381,0.8524590163934426,2026-08-31T18:28:33.388436+00:00,1806733
concrete,laplace,gap,2,15,927,617,310,156,0.5251215559157212,33,70,3.9694274421848736,2.508502959786961,1.5823889809250948,7.675770286374327,6.0885027756939225,-3.492871046677464,-3.613402902746991,0.8484848484848485,0.8571428571428571,2026-08-31T18:28:34.667885+00:00,1806733
concrete,laplace,gap,3,15,927,614,313,195,0.1368078175895765,30,73,5.538578398084131,2.797091789009831,1.980120359240976,10.14369700925253,5.050923475043574,-3.6616362660245567,-3.2719708617487164,0.8333333333333334,0.9452054794520548,2026-08-31T18:28:36.307283+00:00,1806733
concrete,laplace,gap,4,15,927,622,305,111,0.5144694533762058,38,65,6.517148982404367,2.364494720724827,2.756254401958047,10.470732860313891,5.564703022908162,-3.7230409557033695,-3.5844009505049272,0.868421052631579,0.8461538461538461,2026-08-31T18:28:35.890438+00:00,1806733
concrete,laplace,gap,5,15,927,615,312,284,0.0097560975609756,31,72,4.463515196708987,1.883756835098359,2.369475249429382,11.904076721390531,4.514513714296683,-4.55806603550653,-3.1300703571775905,0.6774193548387096,0.875,2026-08-31T18:28:39.655105+00:00,1806733
concrete,laplace,gap,6,15,927,626,301,302,0.0,42,61,5.995713522916027,2.4560478640600905,2.441203858708404,9.032445095492596,4.584221592914493,-3.547585110382601,-2.8994383854878967,0.8809523809523809,0.9344262295081968,2026-08-31T18:28:40.582103+00:00,1806733
concrete,laplace,gap,7,15,927,617,310,14,0.1215559157212317,33,70,3.8124287268106514,2.4423053390282274,1.560995943417781,5.622392857743045,5.440236410132337,-3.16590125134694,-3.433394460296677,0.8787878787878788,0.9142857142857144,2026-08-31T18:28:41.332856+00:00,1806733
concrete,ensemble,gap,0,15,927,621,306,278,0.0,37,66,5.256852567878176,1.9810361444880904,2.653587408036198,8.903261403256893,5.085611086211653,-4.331467217822981,-3.407490144277112,0.8108108108108109,0.9242424242424242,2026-08-31T18:29:26.247770+00:00,1806733
concrete,ensemble,gap,1,15,927,626,301,185,0.5031948881789138,42,61,5.708745831208208,2.361094217079788,2.417839063732412,9.22308296307448,5.897900348762527,-3.600782531729431,-3.494205375618819,0.9047619047619048,0.9344262295081968,2026-08-31T18:29:28.449722+00:00,1806733
concrete,ensemble,gap,2,15,927,617,310,156,0.5251215559157212,33,70,3.644902763986656,2.0006769245173026,1.8218347596856757,6.028844222409329,5.224942821348894,-3.315026805942076,-3.602438230506107,0.8787878787878788,0.9142857142857144,2026-08-31T18:29:29.427969+00:00,1806733
concrete,ensemble,gap,3,15,927,614,313,195,0.1368078175895765,30,73,3.962748821858097,2.019840852389139,1.961911413550636,7.1567176529936125,5.378739027219935,-3.431218388066116,-3.5562170758244096,0.9,0.8904109589041096,2026-08-31T18:29:30.494923+00:00,1806733
concrete,ensemble,gap,4,15,927,622,305,111,0.5144694533762058,38,65,5.541447421882515,1.8474528071859235,2.999506888797532,10.758080151681296,5.106050155666568,-4.097401252515727,-3.5367621346918736,0.8157894736842105,0.8615384615384616,2026-08-31T18:29:31.274392+00:00,1806733
concrete,ensemble,gap,5,15,927,615,312,284,0.0097560975609756,31,72,4.666944975237156,1.647282396199478,2.8331177374349914,8.703438247665483,3.82373846524664,-5.241200520646092,-3.028890576245472,0.7419354838709677,0.9027777777777778,2026-08-31T18:29:34.754731+00:00,1806733
concrete,ensemble,gap,6,15,927,626,301,302,0.0,42,61,4.2589392473962295,1.8147908322153024,2.3467934550878087,7.796826675132223,3.959701977424208,-3.5328830592240426,-2.837063911833567,0.8809523809523809,0.9344262295081968,2026-08-31T18:29:34.534801+00:00,1806733
concrete,ensemble,gap,7,15,927,617,310,14,0.1215559157212317,33,70,3.3822060008400463,2.164113649579497,1.562859696161167,5.451534187902732,5.076083169413628,-3.274349057288903,-3.3753290512783884,0.9696969696969696,0.9428571428571428,2026-08-31T18:29:35.245885+00:00,1806733
concrete,bbb,gap,0,15,927,621,306,278,0.0,37,66,2.2012209104861724,2.35223730834036,0.9357988255186982,8.379884058619457,5.807329963028367,-4.014804657488738,-3.1906150331082723,0.7837837837837838,0.9242424242424242,2026-08-31T18:33:45.267079+00:00,1806733
concrete,bbb,gap,1,15,927,626,301,185,0.5031948881789138,42,61,2.220221846677041,2.16655821400195,1.0247690702831225,9.190971525119672,6.209637496461291,-4.385710164510131,-3.3508616091787857,0.7380952380952381,0.8852459016393442,2026-08-31T18:33:44.408538+00:00,1806733
concrete,bbb,gap,2,15,927,617,310,156,0.5251215559157212,33,70,1.896847675817244,1.891732219014427,1.0027041125331586,8.146021662897322,5.617819058804144,-4.288861679428978,-3.240226738421215,0.7575757575757576,0.9,2026-08-31T18:33:46.226326+00:00,1806733
concrete,bbb,gap,3,15,927,614,313,195,0.1368078175895765,30,73,2.0413629948958483,2.245186762967313,0.9092174551207112,8.428265925706736,5.255912164735415,-4.070366138403304,-3.040464810074115,0.8333333333333334,0.958904109589041,2026-08-31T18:33:48.476768+00:00,1806733
concrete,bbb,gap,4,15,927,622,305,111,0.5144694533762058,38,65,1.9396932504159965,2.108764834764677,0.9198243533079647,9.147469936369466,5.621097829615509,-4.468771776024015,-3.1622081000806386,0.7105263157894737,0.953846153846154,2026-08-31T18:33:49.593143+00:00,1806733
concrete,bbb,gap,5,15,927,615,312,284,0.0097560975609756,31,72,2.0225777022159046,2.118622171334245,0.9546665420489514,6.622483402743838,4.556463416736956,-3.575797823461617,-2.933532461614724,0.7419354838709677,0.9444444444444444,2026-08-31T18:33:54.788294+00:00,1806733
concrete,bbb,gap,6,15,927,626,301,302,0.0,42,61,1.8735412794517103,1.8208621210843672,1.0289308881531194,8.182001485385765,4.121532076420172,-4.265593715455668,-2.8374864211747064,0.7619047619047619,0.9508196721311476,2026-08-31T18:33:56.316208+00:00,1806733
concrete,bbb,gap,7,15,927,617,310,14,0.1215559157212317,33,70,2.036641435804972,2.257748410101549,0.9020674875432058,7.986869187181918,5.061879935007157,-3.941412776010556,-3.027608460048501,0.696969696969697,0.9428571428571428,2026-08-31T18:33:50.469864+00:00,1806733
concrete,gp,gap,0,15,927,621,306,278,0.0,37,66,4.234590110802478,2.520722760921329,1.6799110859992898,6.694314595331213,5.254756242661479,-3.226233573096099,-3.113757027942245,0.918918918918919,0.9545454545454546,2026-08-31T18:34:03.069711+00:00,1806733
concrete,gp,gap,1,15,927,626,301,185,0.5031948881789138,42,61,5.834484837118358,2.864629136576612,2.036733049532159,7.942323885012453,5.551707745865537,-3.2574725963000537,-3.1629253269601127,0.9285714285714286,0.9344262295081968,2026-08-31T18:34:02.337339+00:00,1806733
concrete,gp,gap,2,15,927,617,310,156,0.5251215559157212,33,70,3.187620041657085,2.2380093268936765,1.4243104366689363,6.5882566913872616,5.341614352941706,-3.2986789328366832,-3.1135320541024347,0.9393939393939394,0.9428571428571428,2026-08-31T18:34:02.103923+00:00,1806733
concrete,gp,gap,3,15,927,614,313,195,0.1368078175895765,30,73,3.5167615631875586,2.6386516958634627,1.3327873355550046,6.373358056994822,5.795202426081305,-3.1889448060438124,-3.211210433361112,0.9333333333333332,0.9452054794520548,2026-08-31T18:34:06.937873+00:00,1806733
concrete,gp,gap,4,15,927,622,305,111,0.5144694533762058,38,65,5.752031975330759,2.521273269208524,2.281399658489392,7.482570852071808,5.282105459956931,-3.353059116157582,-3.135202475988053,0.9473684210526316,0.9846153846153848,2026-08-31T18:34:07.058914+00:00,1806733
concrete,gp,gap,5,15,927,615,312,284,0.0097560975609756,31,72,4.483159709611026,2.275066971424068,1.970561643205084,6.776471660066622,4.480416098076812,-3.457573922818284,-2.916285182050649,0.9032258064516128,0.9722222222222222,2026-08-31T18:34:07.398040+00:00,1806733
concrete,gp,gap,6,15,927,626,301,302,0.0,42,61,3.848661718430347,2.3670827814835618,1.6259092197942526,6.58400449266834,4.809762822275309,-3.351371885766562,-2.980030844450532,0.9523809523809524,0.9508196721311476,2026-08-31T18:34:10.917054+00:00,1806733
concrete,gp,gap,7,15,927,617,310,14,0.1215559157212317,33,70,3.474732267150909,2.4512517990694747,1.417533795781388,5.573006015098028,5.332757114983544,-3.192021016162047,-3.014618128491856,0.9393939393939394,0.9857142857142858,2026-08-31T18:34:12.551745+00:00,1806733
concrete,mcd,gap,0,16,927,622,305,278,0.0048231511254019,38,65,2.779257935096591,2.8425131164118747,0.9777467407449888,7.735067545820219,5.904801151356544,-3.531283156598538,-3.2052251438719,0.8947368421052632,0.9230769230769232,2026-08-31T18:34:16.312158+00:00,1806733
concrete,mcd,gap,1,16,927,622,305,185,0.5048231511254019,38,65,2.554067923550253,2.780757689358846,0.9184791372955404,6.480886298627933,6.738885958522709,-3.289328451654705,-3.347696631225554,0.8947368421052632,0.8923076923076924,2026-08-31T18:34:16.078730+00:00,1806733
concrete,mcd,gap,2,16,927,623,304,156,0.5024077046548957,39,64,2.705158052449665,2.703402213183288,1.0006494924276583,7.569303701430666,6.362142430025141,-3.498987289110564,-3.284659811252465,0.8717948717948718,0.890625,2026-08-31T18:34:16.592855+00:00,1806733
concrete,mcd,gap,3,16,927,616,311,195,0.1298701298701298,32,71,2.9452532212778224,3.06140745544266,0.96205855122018,7.361501120401436,5.8283030912644085,-3.4461103493638587,-3.19642912645284,0.90625,0.971830985915493,2026-08-31T18:34:19.503273+00:00,1806733
concrete,mcd,gap,4,16,927,618,309,111,0.5097087378640777,34,69,2.653951408865093,2.8851041473975525,0.919880625889722,8.50668357536323,6.0924776525103095,-3.6680128345331946,-3.237819647493738,0.7941176470588235,0.9710144927536232,2026-08-31T18:34:19.958328+00:00,1806733
concrete,mcd,gap,5,16,927,616,311,284,0.0113636363636363,32,71,3.063433101704778,2.8407885133010606,1.07837422158012,7.353807981372389,5.982995793109357,-3.4469351703917783,-3.205273726754494,0.875,0.971830985915493,2026-08-31T18:34:19.574829+00:00,1806733
concrete,mcd,gap,6,16,927,613,314,302,0.0,29,74,2.607689551339272,2.828546254701155,0.9219186523837782,8.759423900578708,5.982555337265574,-3.766085993963928,-3.215762608219402,0.7931034482758621,0.945945945945946,2026-08-31T18:34:22.677566+00:00,1806733
concrete,mcd,gap,7,16,927,622,305,14,0.1205787781350482,38,65,2.8423049949018857,2.85637238872562,0.9950750840894348,6.74339762828381,5.82200714370301,-3.350706461830023,-3.188950291119017,0.8947368421052632,0.953846153846154,2026-08-31T18:34:24.163471+00:00,1806733
concrete,map,gap,0,16,927,622,305,278,0.0048231511254019,38,65,0.0,0.0,,8.329558174676654,4.373627476697022,-6.124557252890779,-3.123714168258146,0.5526315789473685,0.8153846153846154,2026-08-31T18:34:26.301487+00:00,1806733
concrete,map,gap,1,16,927,622,305,185,0.5048231511254019,38,65,0.0,0.0,,8.244700063803588,6.078720482225129,-6.9633076298482095,-4.637664858303835,0.5789473684210527,0.676923076923077,2026-08-31T18:34:26.907090+00:00,1806733
concrete,map,gap,2,16,927,623,304,156,0.5024077046548957,39,64,0.0,0.0,,11.993075420499972,5.194094881350376,-14.88550307286316,-4.229876449974421,0.4358974358974359,0.734375,2026-08-31T18:34:27.331488+00:00,1806733
concrete,map,gap,3,16,927,616,311,195,0.1298701298701298,32,71,0.0,0.0,,8.620264337812351,4.348731000729988,-6.133166125425402,-3.066268820399014,0.65625,0.8732394366197183,2026-08-31T18:34:29.999081+00:00,1806733
concrete,map,gap,4,16,927,618,309,111,0.5097087378640777,34,69,0.0,0.0,,11.89117195651992,4.64070391880293,-9.8229959867266,-3.2092687167388423,0.5294117647058824,0.7681159420289855,2026-08-31T18:34:30.183430+00:00,1806733
concrete,map,gap,5,16,927,616,311,284,0.0113636363636363,32,71,0.0,0.0,,10.724157340700714,5.152318178368347,-13.538656826691875,-4.440005283361996,0.375,0.7323943661971831,2026-08-31T18:34:30.610265+00:00,1806733
concrete,map,gap,6,16,927,613,314,302,0.0,29,74,0.0,0.0,,12.67103463486822,4.6237466671674206,-15.478745421115365,-3.6248051048613967,0.3793103448275862,0.7567567567567568,2026-08-31T18:34:33.114442+00:00,1806733
concrete,map,gap,7,16,927,622,305,14,0.1205787781350482,38,65,0.0,0.0,,6.79695191901944,5.647893164415503,-5.032457614416854,-4.069475099252149,0.631578947368421,0.7230769230769231,2026-08-31T18:34:34.691269+00:00,1806733
concrete,laplace,gap,0,16,927,622,305,278,0.0048231511254019,38,65,5.030298784014022,2.8767564414379154,1.7486008587851398,8.329558174676654,4.373627476697022,-3.69706451367518,-2.995034710052548,0.868421052631579,0.8923076923076924,2026-08-31T18:34:38.131035+00:00,1806733
concrete,laplace,gap,1,16,927,622,305,185,0.5048231511254019,38,65,4.204336127102757,3.013694325725713,1.395077162011224,8.244700063803588,6.078720482225129,-3.693864135394422,-3.2289054779982758,0.8157894736842105,0.8615384615384616,2026-08-31T18:34:38.762801+00:00,1806733
concrete,laplace,gap,2,16,927,623,304,156,0.5024077046548957,39,64,4.452474792332536,2.5502845372721445,1.745873735757747,11.993075420499972,5.194094881350376,-4.444188742392679,-3.105028154017622,0.6410256410256411,0.875,2026-08-31T18:34:39.461685+00:00,1806733
concrete,laplace,gap,3,16,927,616,311,195,0.1298701298701298,32,71,5.906168598488812,2.8030817661039658,2.107026869465125,8.620264337812351,4.348731000729988,-3.407926807873582,-2.872724778246653,0.9375,0.943661971830986,2026-08-31T18:34:41.811674+00:00,1806733
concrete,laplace,gap,4,16,927,618,309,111,0.5097087378640777,34,69,6.10811578173517,2.662085162863693,2.294485490901601,11.89117195651992,4.64070391880293,-3.9754266743801066,-2.9770653509463494,0.7647058823529411,0.8840579710144928,2026-08-31T18:34:41.517504+00:00,1806733
concrete,laplace,gap,5,16,927,616,311,284,0.0113636363636363,32,71,5.7838029531941855,2.291518819179175,2.524004125467296,10.724157340700714,5.152318178368347,-3.78097901532498,-3.214412029011441,0.78125,0.8169014084507042,2026-08-31T18:34:42.870126+00:00,1806733
concrete,laplace,gap,6,16,927,613,314,302,0.0,29,74,5.315974772618094,2.482914337503388,2.1410222222823023,12.67103463486822,4.6237466671674206,-4.310207171533865,-3.0880610096373844,0.6206896551724138,0.8648648648648649,2026-08-31T18:34:44.737659+00:00,1806733
concrete,laplace,gap,7,16,927,622,305,14,0.1205787781350482,38,65,5.604001909385026,2.802668764147882,1.9995234474627104,6.79695191901944,5.647893164415503,-3.3437697548916865,-3.30105828231983,0.868421052631579,0.8461538461538461,2026-08-31T18:34:46.686905+00:00,1806733
concrete,ensemble,gap,0,16,927,622,305,278,0.0048231511254019,38,65,4.983700494964303,2.0462802242029947,2.435492673983791,6.3178033516669325,4.441740028152433,-3.279431028475877,-2.9915402691622357,0.868421052631579,0.8769230769230769,2026-08-31T18:35:32.033902+00:00,1806733
concrete,ensemble,gap,1,16,927,622,305,185,0.5048231511254019,38,65,4.177236268073185,2.3461499755017385,1.7804642975476694,7.532246459578855,5.211566466254377,-3.4007312569595283,-3.1079600317427847,0.868421052631579,0.8769230769230769,2026-08-31T18:35:31.829954+00:00,1806733
concrete,ensemble,gap,2,16,927,623,304,156,0.5024077046548957,39,64,4.389791204282388,2.0300296220349843,2.162427166891231,7.292065082256596,4.503975048586608,-3.4265149759668465,-3.017390945939449,0.8717948717948718,0.859375,2026-08-31T18:35:31.682380+00:00,1806733
concrete,ensemble,gap,3,16,927,616,311,195,0.1298701298701298,32,71,4.261193412836271,1.871791799785348,2.276531723947574,8.108606508198456,3.840161449416682,-3.7221609547960055,-2.8016814997292405,0.90625,0.9295774647887324,2026-08-31T18:35:34.670176+00:00,1806733
concrete,ensemble,gap,4,16,927,618,309,111,0.5097087378640777,34,69,5.386288700934123,1.8886005323209556,2.851999990868772,8.233789387598142,4.204455798636309,-3.383392009699761,-2.8945574406415644,0.8823529411764706,0.9130434782608696,2026-08-31T18:35:36.050669+00:00,1806733
concrete,ensemble,gap,5,16,927,616,311,284,0.0113636363636363,32,71,5.566185969420095,2.114025292847257,2.6329798362645533,7.210106717629818,4.325751932198632,-3.352744988789036,-2.9947039626578067,0.9375,0.8591549295774648,2026-08-31T18:35:35.522651+00:00,1806733
concrete,ensemble,gap,6,16,927,613,314,302,0.0,29,74,4.622294103516721,2.045581563647858,2.259647909259529,10.024222488086853,4.504605664407736,-4.041958804751552,-3.0781361649725527,0.7241379310344828,0.8648648648648649,2026-08-31T18:35:38.088462+00:00,1806733
concrete,ensemble,gap,7,16,927,622,305,14,0.1205787781350482,38,65,3.7031547471420687,2.0313613963289407,1.8229915926503173,6.562222899890466,4.839872544719181,-3.519595383983755,-3.165003172418857,0.8421052631578947,0.8615384615384616,2026-08-31T18:35:41.493888+00:00,1806733
concrete,bbb,gap,0,16,927,622,305,278,0.0048231511254019,38,65,1.9752274363195,2.1794380821589203,0.90630123997965,8.332643466506685,4.577575767915476,-4.073302701643499,-2.939588599328931,0.7894736842105263,0.9692307692307692,2026-08-31T18:39:49.899967+00:00,1806733
concrete,bbb,gap,1,16,927,622,305,185,0.5048231511254019,38,65,2.230489386511437,2.218739875937719,1.0052955782248931,10.9650563093837,6.478007848681721,-5.089313289330677,-3.3888050071910487,0.6842105263157895,0.8461538461538461,2026-08-31T18:39:50.087606+00:00,1806733
concrete,bbb,gap,2,16,927,623,304,156,0.5024077046548957,39,64,2.239523606741135,2.1753116109344326,1.0295185275911432,7.005388175801869,5.328995395625237,-3.636866771295956,-3.128512843926511,0.8205128205128205,0.921875,2026-08-31T18:39:52.047374+00:00,1806733
concrete,bbb,gap,3,16,927,616,311,195,0.1298701298701298,32,71,2.447758300048033,2.291549671326392,1.0681672453694728,8.968331466562306,4.847659976790893,-4.130056483970956,-2.999652902645836,0.75,0.9577464788732394,2026-08-31T18:39:53.194308+00:00,1806733
concrete,bbb,gap,4,16,927,618,309,111,0.5097087378640777,34,69,2.329384304279956,2.4301309959394883,0.9585426909792638,8.025034372203844,4.803563118106411,-3.8582178968430574,-2.989316864256649,0.7647058823529411,0.9420289855072465,2026-08-31T18:39:55.729986+00:00,1806733
concrete,bbb,gap,5,16,927,616,311,284,0.0113636363636363,32,71,1.8087311087047824,1.8752381054870315,0.9645341055156428,10.042510389897274,4.970699027606118,-5.307357123663898,-3.050215913934274,0.59375,0.9154929577464788,2026-08-31T18:39:59.872414+00:00,1806733
concrete,bbb,gap,6,16,927,613,314,302,0.0,29,74,2.016942618314606,2.02906105103224,0.9940275662422926,8.53981657306058,5.611356788837296,-4.26169045769299,-3.208471999175806,0.7241379310344828,0.8783783783783784,2026-08-31T18:39:57.931091+00:00,1806733
concrete,bbb,gap,7,16,927,622,305,14,0.1205787781350482,38,65,2.3463640021078094,2.3467241961339838,0.9998465119903024,7.3258291207566915,5.45404585199358,-3.671609183221146,-3.128842251009722,0.8157894736842105,0.9076923076923076,2026-08-31T18:40:03.667887+00:00,1806733
concrete,gp,gap,0,16,927,622,305,278,0.0048231511254019,38,65,4.094316680032132,2.861616407671782,1.4307706193798624,6.0290893431038,5.5727579609761655,-3.216383370528882,-3.1571781923359423,0.9473684210526316,0.9230769230769232,2026-08-31T18:40:01.500687+00:00,1806733
concrete,gp,gap,1,16,927,622,305,185,0.5048231511254019,38,65,4.229701196570847,2.905012941384222,1.4560008102942974,6.559268661914083,6.238813177932138,-3.285210969747209,-3.2700182540878537,0.9210526315789472,0.8769230769230769,2026-08-31T18:40:00.852209+00:00,1806733
concrete,gp,gap,2,16,927,623,304,156,0.5024077046548957,39,64,3.4726479160503256,2.4608893730517254,1.411135321269614,7.825137449291595,5.7026436216542455,-3.593621210219153,-3.1691184002910946,0.8461538461538461,0.953125,2026-08-31T18:40:04.337569+00:00,1806733
concrete,gp,gap,3,16,927,616,311,195,0.1298701298701298,32,71,4.637503260812222,2.8472115769417488,1.6287877228265082,8.046589120206038,5.547501096803233,-3.3969085391539826,-3.1521911648702146,0.9375,0.9295774647887324,2026-08-31T18:40:03.915806+00:00,1806733
concrete,gp,gap,4,16,927,618,309,111,0.5097087378640777,34,69,5.257353447638766,2.7532805175878217,1.9094870333970877,8.223495709952028,5.697672343294311,-3.388384760521573,-3.197907489987105,0.9117647058823528,0.8985507246376812,2026-08-31T18:40:08.404216+00:00,1806733
concrete,gp,gap,5,16,927,616,311,284,0.0113636363636363,32,71,4.551885870263859,2.5629010238381653,1.7760677560021485,8.165543723214324,5.428547468782004,-3.340497059002394,-3.1311969372200763,0.90625,0.8732394366197183,2026-08-31T18:40:10.083493+00:00,1806733
concrete,gp,gap,6,16,927,613,314,302,0.0,29,74,3.9428846824739754,2.5194119721344306,1.565001963189683,8.762053432301062,5.927374462143328,-3.5495760253581485,-3.23657401177774,0.7241379310344828,0.9054054054054054,2026-08-31T18:40:10.854113+00:00,1806733
concrete,gp,gap,7,16,927,622,305,14,0.1205787781350482,38,65,4.517445765434644,2.5511324941539657,1.7707609368727706,8.019334317285434,5.363967859855089,-3.6690652135988,-3.090127725057292,0.8157894736842105,0.9230769230769232,2026-08-31T18:40:11.472841+00:00,1806733
concrete,mcd,gap,0,17,927,618,309,278,0.0048543689320388,34,69,2.9130325815417337,2.827059971704127,1.030410607025709,6.088865525715891,6.095091106059965,-3.233319791434337,-3.225929913638377,0.9705882352941176,0.9710144927536232,2026-08-31T18:40:16.031136+00:00,1806733
concrete,mcd,gap,1,17,927,621,306,185,0.5120772946859904,37,66,2.734706757292571,2.66184367771734,1.0273731625133278,7.843176468393863,4.83432768055932,-3.5597107526940506,-3.04631193816347,0.8918918918918919,0.9848484848484848,2026-08-31T18:40:16.844941+00:00,1806733
concrete,mcd,gap,2,17,927,623,304,156,0.5040128410914928,39,64,2.768730002646633,2.754112969792554,1.0053073468715337,8.116232175187378,4.44584561947284,-3.61123513641678,-2.987274797985931,0.8461538461538461,1.0,2026-08-31T18:40:17.278364+00:00,1806733
concrete,mcd,gap,3,17,927,624,303,195,0.1298076923076923,40,63,2.7718865760272395,2.974767475338674,0.9317994091997605,4.889829939035297,6.607129343390016,-3.071456580132556,-3.306931799019562,1.0,0.9682539682539684,2026-08-31T18:40:17.615052+00:00,1806733
concrete,mcd,gap,4,17,927,622,305,111,0.5192926045016077,38,65,2.7526883834936378,2.932334532963972,0.9387361341447118,6.238547195761397,6.311714585062298,-3.250862424961918,-3.273421149763712,0.9210526315789472,0.9230769230769232,2026-08-31T18:40:20.436971+00:00,1806733
concrete,mcd,gap,5,17,927,616,311,284,0.0097402597402597,32,71,2.902221992096235,2.9250022689708963,0.9922118771953377,6.8938027670299205,5.525546470942769,-3.3462516597813234,-3.1471202257673405,0.9375,0.971830985915493,2026-08-31T18:40:21.931427+00:00,1806733
concrete,mcd,gap,6,17,927,619,308,302,0.0,35,68,2.698815493283791,3.071616915634871,0.8786302352830916,6.503575738210811,5.502786766323371,-3.2961166090076803,-3.1455858294522216,0.9142857142857144,0.9705882352941176,2026-08-31T18:40:22.789512+00:00,1806733
concrete,mcd,gap,7,17,927,615,312,14,0.1203252032520325,31,72,2.6398486370162675,2.8352542771306664,0.9310800298616768,6.492273810497974,5.504639161965529,-3.286476433060752,-3.1356628419994683,0.9032258064516128,0.9861111111111112,2026-08-31T18:40:23.169658+00:00,1806733
concrete,map,gap,0,17,927,618,309,278,0.0048543689320388,34,69,0.0,0.0,,8.948381970304094,5.215538126140514,-6.750371367275465,-3.602482884359912,0.5,0.8115942028985508,2026-08-31T18:40:27.154574+00:00,1806733
concrete,map,gap,1,17,927,621,306,185,0.5120772946859904,37,66,0.0,0.0,,12.13591616451919,5.046195216850986,-12.038982279161248,-3.661978010492272,0.4594594594594595,0.7878787878787878,2026-08-31T18:40:27.830349+00:00,1806733
concrete,map,gap,2,17,927,623,304,156,0.5040128410914928,39,64,0.0,0.0,,7.053864878344391,4.1778482154758185,-5.639869976851943,-3.186772190132043,0.5641025641025641,0.78125,2026-08-31T18:40:27.740616+00:00,1806733
concrete,map,gap,3,17,927,624,303,195,0.1298076923076923,40,63,0.0,0.0,,6.70816728928744,5.381245842381181,-4.411567628615461,-3.567905664478622,0.75,0.8571428571428571,2026-08-31T18:40:28.172983+00:00,1806733
concrete,map,gap,4,17,927,622,305,111,0.5192926045016077,38,65,0.0,0.0,,11.163312912926171,4.502750467375868,-9.169604329376272,-3.1665115409644407,0.3947368421052631,0.8769230769230769,2026-08-31T18:40:30.816164+00:00,1806733
concrete,map,gap,5,17,927,616,311,284,0.0097402597402597,32,71,0.0,0.0,,9.268928056012973,5.312284787026805,-9.856647430208657,-4.414764824723384,0.4375,0.7183098591549296,2026-08-31T18:40:32.743593+00:00,1806733
concrete,map,gap,6,17,927,619,308,302,0.0,35,68,0.0,0.0,,11.057336732042208,5.713087861134439,-11.22656562643042,-4.358055424302363,0.4,0.7794117647058824,2026-08-31T18:40:33.438398+00:00,1806733
concrete,map,gap,7,17,927,615,312,14,0.1203252032520325,31,72,0.0,0.0,,8.56040394544734,5.193040070273657,-6.877855793164708,-3.743835545026765,0.6774193548387096,0.7638888888888888,2026-08-31T18:40:34.207845+00:00,1806733
concrete,laplace,gap,0,17,927,618,309,278,0.0048543689320388,34,69,5.327978358924407,2.7127647180175978,1.9640399786745693,8.948381970304094,5.215538126140514,-3.595684077807733,-3.0714028969459672,0.9117647058823528,0.927536231884058,2026-08-31T18:40:38.922218+00:00,1806733
concrete,laplace,gap,1,17,927,621,306,185,0.5120772946859904,37,66,5.1378161643959865,2.689640996394985,1.910223770117414,12.13591616451919,5.046195216850986,-3.725020083681996,-3.019397008843355,0.7297297297297297,0.8636363636363636,2026-08-31T18:40:39.770258+00:00,1806733
concrete,laplace,gap,2,17,927,623,304,156,0.5040128410914928,39,64,4.2749846790014585,2.514906824677308,1.6998580770681195,7.053864878344391,4.1778482154758185,-3.330718018705129,-2.823913191722093,0.8717948717948718,0.90625,2026-08-31T18:40:39.729230+00:00,1806733
concrete,laplace,gap,3,17,927,624,303,195,0.1298076923076923,40,63,5.836453096670732,3.048525450666349,1.914516769212144,6.70816728928744,5.381245842381181,-3.117872153007371,-2.9118761774022546,0.975,0.9365079365079364,2026-08-31T18:40:40.297384+00:00,1806733
concrete,laplace,gap,4,17,927,622,305,111,0.5192926045016077,38,65,7.58084165787572,2.657367581320382,2.8527636564712595,11.163312912926171,4.502750467375868,-3.766869636006591,-2.849461482975683,0.9210526315789472,0.9384615384615383,2026-08-31T18:40:42.810274+00:00,1806733
concrete,laplace,gap,5,17,927,616,311,284,0.0097402597402597,32,71,5.540150917247939,2.4090100671727748,2.299762459585686,9.268928056012973,5.312284787026805,-3.8510329080423618,-2.9938991974709044,0.8125,0.8732394366197183,2026-08-31T18:40:44.835863+00:00,1806733
concrete,laplace,gap,6,17,927,619,308,302,0.0,35,68,4.798636384468271,2.3644021909518416,2.029534739407628,11.057336732042208,5.713087861134439,-4.116295124936864,-3.189992052294714,0.7714285714285715,0.8529411764705882,2026-08-31T18:40:45.425196+00:00,1806733
concrete,laplace,gap,7,17,927,615,312,14,0.1203252032520325,31,72,5.329725574173138,2.910331426635592,1.8313122434768263,8.56040394544734,5.193040070273657,-3.1618636989420343,-2.9889816038871317,0.935483870967742,0.8472222222222222,2026-08-31T18:40:46.608135+00:00,1806733
concrete,ensemble,gap,0,17,927,618,309,278,0.0048543689320388,34,69,5.670552220891085,2.0316774471325374,2.791069137915751,7.666239477074613,5.083602051873406,-3.345212012104623,-2.973544019508388,0.8823529411764706,0.9130434782608696,2026-08-31T18:41:32.560888+00:00,1806733
concrete,ensemble,gap,1,17,927,621,306,185,0.5120772946859904,37,66,4.339614769779503,2.1007209073452384,2.0657740657532853,7.694074040665734,3.971206453974464,-3.524394365849624,-2.840839026360848,0.8378378378378378,0.9242424242424242,2026-08-31T18:41:34.446177+00:00,1806733
concrete,ensemble,gap,2,17,927,623,304,156,0.5040128410914928,39,64,4.573241552971518,2.0252764403878576,2.258082630979356,7.219720783272133,3.445877930969778,-3.31652985721761,-2.631806960533185,0.8461538461538461,0.9375,2026-08-31T18:41:33.583862+00:00,1806733
concrete,ensemble,gap,3,17,927,624,303,195,0.1298076923076923,40,63,4.057640340390204,1.734801301724388,2.338965469046467,6.983679002531075,4.437943353555462,-3.240089971655864,-2.8618835206528583,0.85,0.9365079365079364,2026-08-31T18:41:33.861383+00:00,1806733
concrete,ensemble,gap,4,17,927,622,305,111,0.5192926045016077,38,65,4.702640251393295,1.8747865231488292,2.508360388410994,8.100733501457311,4.062954017295644,-4.23151258435663,-2.7668079139645223,0.8421052631578947,0.9384615384615383,2026-08-31T18:41:36.824004+00:00,1806733
concrete,ensemble,gap,5,17,927,616,311,284,0.0097402597402597,32,71,4.944600681464365,1.7893918818638468,2.763285522629076,9.463413128827735,4.414487326857605,-3.824193494393104,-2.9413793160965738,0.78125,0.8732394366197183,2026-08-31T18:41:39.260653+00:00,1806733
concrete,ensemble,gap,6,17,927,619,308,302,0.0,35,68,5.140338691477139,2.018357071078815,2.5467935109864484,8.805704915825574,5.132396483282541,-3.550136107139487,-3.1422233580747623,0.8285714285714286,0.8823529411764706,2026-08-31T18:41:39.089996+00:00,1806733
concrete,ensemble,gap,7,17,927,615,312,14,0.1203252032520325,31,72,3.3684514098547984,1.8636649865428176,1.8074339724026405,7.350678698434691,4.649988152398787,-3.379725043161811,-2.9572609769018325,0.9032258064516128,0.9166666666666666,2026-08-31T18:41:40.108858+00:00,1806733
concrete,bbb,gap,0,17,927,618,309,278,0.0048543689320388,34,69,2.1675687475562206,2.190995198888864,0.989307849079485,7.711175458317046,6.734297995756045,-3.710280391246856,-3.462044352893402,0.8235294117647058,0.8985507246376812,2026-08-31T18:45:48.646920+00:00,1806733
concrete,bbb,gap,1,17,927,621,306,185,0.5120772946859904,37,66,2.135526830550604,2.07665008721306,1.0283517881515412,8.470833112723762,4.740119461917415,-4.192959688773632,-2.970697879447043,0.8378378378378378,0.9393939393939394,2026-08-31T18:45:51.925124+00:00,1806733
concrete,bbb,gap,2,17,927,623,304,156,0.5040128410914928,39,64,2.272481265201174,2.2353917980976448,1.016591931282513,9.330262029170475,4.6786164652540725,-4.358667079774572,-2.9601514068919124,0.6923076923076923,0.9375,2026-08-31T18:45:53.340832+00:00,1806733
concrete,bbb,gap,3,17,927,624,303,195,0.1298076923076923,40,63,2.101660110965253,2.2619238962423918,0.9291471364074734,8.490941643926826,5.906825885465753,-3.9568250534155767,-3.222344925518801,0.75,0.9206349206349206,2026-08-31T18:45:54.984343+00:00,1806733
concrete,bbb,gap,4,17,927,622,305,111,0.5192926045016077,38,65,1.866313818658348,2.0941443916783795,0.8912058910907125,9.632138613452476,5.586138487131515,-4.72718621607597,-3.221875594934965,0.5789473684210527,0.953846153846154,2026-08-31T18:45:56.662355+00:00,1806733
concrete,bbb,gap,5,17,927,616,311,284,0.0097402597402597,32,71,1.904065057953532,1.880280678270184,1.01264937727554,7.393967646989616,5.279191150583173,-4.0535808744827975,-3.2147485141728143,0.78125,0.943661971830986,2026-08-31T18:46:03.267638+00:00,1806733
concrete,bbb,gap,6,17,927,619,308,302,0.0,35,68,1.9386625414060008,2.0976478629828503,0.9242078118151,10.138435055935402,5.249332300654886,-5.129651337745377,-3.106976426472201,0.5714285714285714,0.9705882352941176,2026-08-31T18:46:01.548329+00:00,1806733
concrete,bbb,gap,7,17,927,615,312,14,0.1203252032520325,31,72,2.091366058336986,2.10238228059561,0.994760124093368,9.283956178942994,4.784393951336724,-4.466180705141094,-2.9868489055340066,0.8387096774193549,0.9305555555555556,2026-08-31T18:45:57.670807+00:00,1806733
concrete,gp,gap,0,17,927,618,309,278,0.0048543689320388,34,69,4.581264674943459,2.6594446958834075,1.7226395728532593,6.8796713018796165,6.0439749692728775,-3.199255012382789,-3.157673481936493,1.0,0.9565217391304348,2026-08-31T18:45:58.295287+00:00,1806733
concrete,gp,gap,1,17,927,621,306,185,0.5120772946859904,37,66,4.489618034511968,2.7684663694466245,1.6216985996508153,7.032569967533941,5.030089175418656,-3.226773329935587,-3.035155977704189,0.918918918918919,0.9696969696969696,2026-08-31T18:46:03.107144+00:00,1806733
concrete,gp,gap,2,17,927,623,304,156,0.5040128410914928,39,64,3.4693842234968453,2.489847556905276,1.393412305052552,7.997255388798901,4.293875060444382,-3.5165207503486,-2.8876053213413853,0.8205128205128205,0.96875,2026-08-31T18:46:04.680017+00:00,1806733
concrete,gp,gap,3,17,927,624,303,195,0.1298076923076923,40,63,3.902432439411181,2.9487074974847487,1.3234383005910084,5.758459324496464,5.445999577045921,-3.052513682286667,-3.059079935089956,1.0,0.9682539682539684,2026-08-31T18:46:06.002385+00:00,1806733
concrete,gp,gap,4,17,927,622,305,111,0.5192926045016077,38,65,5.301426083755101,2.6060334302867263,2.0342893618106106,7.182403730122282,5.885793935450366,-3.278647230262786,-3.114330349387276,0.9473684210526316,0.9230769230769232,2026-08-31T18:46:08.241843+00:00,1806733
concrete,gp,gap,5,17,927,616,311,284,0.0097402597402597,32,71,5.114721288344297,2.7040440491996267,1.89150812460256,6.784856825735992,5.30014853026791,-3.24934209297708,-3.0071641144400685,0.9375,0.943661971830986,2026-08-31T18:46:10.081583+00:00,1806733
concrete,gp,gap,6,17,927,619,308,302,0.0,35,68,3.5085961257479337,2.622077068912616,1.3380980167768144,8.255624949157502,5.911167223477673,-3.3847331209081783,-3.145262548491427,0.9428571428571428,0.9264705882352942,2026-08-31T18:46:10.981343+00:00,1806733
concrete,gp,gap,7,17,927,615,312,14,0.1203252032520325,31,72,3.723066146456592,2.472484647805134,1.505799500013729,8.918558798162694,5.756874321185131,-3.5023301696407803,-3.076787328038316,0.8709677419354839,0.9444444444444444,2026-08-31T18:46:12.789613+00:00,1806733
concrete,mcd,gap,0,18,927,623,304,278,0.0064205457463884,39,64,2.810262030603203,2.8979033196180546,0.9697570003728064,6.348579058312782,6.493514434795604,-3.2753710848960016,-3.294972981152497,0.9230769230769232,0.953125,2026-08-31T18:46:17.235483+00:00,1806733
concrete,mcd,gap,1,18,927,618,309,185,0.5097087378640777,34,69,2.7552216418650284,2.732173814941861,1.0084357103479733,4.615142071841138,6.401528537500692,-3.0144198474788757,-3.2849273223145423,1.0,0.9565217391304348,2026-08-31T18:46:17.455315+00:00,1806733
concrete,mcd,gap,2,18,927,612,315,156,0.5130718954248366,28,75,2.7228840824262432,2.60163342866822,1.0466055872521949,5.682698155809163,7.216046710885618,-3.11590461696034,-3.439297323122137,0.9642857142857144,0.9066666666666666,2026-08-31T18:46:18.436694+00:00,1806733
concrete,mcd,gap,3,18,927,609,318,195,0.1346469622331691,25,78,2.754944662896213,2.990314229601882,0.9212893533476564,5.814915781124638,7.057471909453255,-3.1847630824565694,-3.36875144056379,1.0,0.9487179487179488,2026-08-31T18:46:19.445411+00:00,1806733
concrete,mcd,gap,4,18,927,618,309,111,0.5275080906148867,34,69,2.8785569579731534,2.9243297738074268,0.9843475875244132,6.706152993983644,7.048958620254545,-3.322749063749011,-3.3903195313079983,0.8529411764705882,0.9130434782608696,2026-08-31T18:46:20.999133+00:00,1806733
concrete,mcd,gap,5,18,927,616,311,284,0.0097402597402597,32,71,3.0788068104192305,2.923944407277509,1.0529635251464695,8.89962837565905,5.577970248131322,-3.726212653132048,-3.1523065027035093,0.84375,0.971830985915493,2026-08-31T18:46:22.385270+00:00,1806733
concrete,mcd,gap,6,18,927,626,301,302,0.0,42,61,2.879395857102053,2.8871592660958343,0.9973110562049876,9.464648824081392,5.656044307908124,-3.906557279736939,-3.1612957867643376,0.8095238095238095,0.9508196721311476,2026-08-31T18:46:23.466666+00:00,1806733
concrete,mcd,gap,7,18,927,619,308,14,0.1163166397415185,35,68,2.9049426169391785,2.9810113057357346,0.9744822541765632,6.654170363197433,5.84691289187331,-3.3156608953555056,-3.188019614056011,0.9142857142857144,0.9558823529411764,2026-08-31T18:46:25.399130+00:00,1806733
concrete,map,gap,0,18,927,623,304,278,0.0064205457463884,39,64,0.0,0.0,,9.642195331190326,5.399323459521004,-8.32515386044941,-3.920955527577069,0.4615384615384615,0.765625,2026-08-31T18:46:28.128892+00:00,1806733
concrete,map,gap,1,18,927,618,309,185,0.5097087378640777,34,69,0.0,0.0,,7.189153377481261,5.569581029813344,-6.964935025959919,-4.866331306590771,0.5588235294117647,0.7101449275362319,2026-08-31T18:46:28.063984+00:00,1806733
concrete,map,gap,2,18,927,612,315,156,0.5130718954248366,28,75,0.0,0.0,,5.289441030134186,5.753159551481462,-4.437338944279183,-4.93057771468553,0.6785714285714286,0.6533333333333333,2026-08-31T18:46:28.694859+00:00,1806733
concrete,map,gap,3,18,927,609,318,195,0.1346469622331691,25,78,0.0,0.0,,8.340279591984519,5.792499015067327,-6.267545390210705,-4.039704379670743,0.44,0.7564102564102564,2026-08-31T18:46:30.636120+00:00,1806733
concrete,map,gap,4,18,927,618,309,111,0.5275080906148867,34,69,0.0,0.0,,10.944804980457146,5.748051049113008,-10.93781748022445,-4.365612942701265,0.5588235294117647,0.7391304347826086,2026-08-31T18:46:31.904421+00:00,1806733
concrete,map,gap,5,18,927,616,311,284,0.0097402597402597,32,71,0.0,0.0,,12.982533323893788,4.029774605097341,-18.3126507148946,-3.329373960126537,0.375,0.7464788732394366,2026-08-31T18:46:33.345547+00:00,1806733
concrete,map,gap,6,18,927,626,301,302,0.0,42,61,0.0,0.0,,12.13843939595484,4.061853109087619,-13.344651336342936,-3.135077142875528,0.3809523809523809,0.819672131147541,2026-08-31T18:46:34.101922+00:00,1806733
concrete,map,gap,7,18,927,619,308,14,0.1163166397415185,35,68,0.0,0.0,,8.596059548632995,6.238751652895245,-7.117241883714584,-4.646919668574112,0.7142857142857143,0.7205882352941176,2026-08-31T18:46:36.137649+00:00,1806733
concrete,laplace,gap,0,18,927,623,304,278,0.0064205457463884,39,64,4.6274954870793845,2.3690723467713504,1.953294289803301,9.642195331190326,5.399323459521004,-4.142556361102927,-3.506488884029028,0.7435897435897436,0.859375,2026-08-31T18:46:40.323614+00:00,1806733
concrete,laplace,gap,1,18,927,618,309,185,0.5097087378640777,34,69,4.617816594575526,2.196698042911702,2.102162657028025,7.189153377481261,5.569581029813344,-3.5627047273581574,-3.9689246629575385,0.8529411764705882,0.8405797101449275,2026-08-31T18:46:40.453096+00:00,1806733
concrete,laplace,gap,2,18,927,612,315,156,0.5130718954248366,28,75,3.2842574849265804,2.476940496794401,1.3259331377467445,5.289441030134186,5.753159551481462,-3.158495765635795,-3.664226135349159,0.8928571428571429,0.8133333333333334,2026-08-31T18:46:41.153562+00:00,1806733
concrete,laplace,gap,3,18,927,609,318,195,0.1346469622331691,25,78,5.597982437894741,2.837173476914176,1.9730842979623977,8.340279591984519,5.792499015067327,-3.429348310386531,-3.354765902395834,0.96,0.8974358974358975,2026-08-31T18:46:42.437177+00:00,1806733
concrete,laplace,gap,4,18,927,618,309,111,0.5275080906148867,34,69,6.825571865946842,2.338582410598983,2.9186792113939672,10.944804980457146,5.748051049113008,-3.701798481137185,-3.7673709499554455,0.8823529411764706,0.8405797101449275,2026-08-31T18:46:44.034017+00:00,1806733
concrete,laplace,gap,5,18,927,616,311,284,0.0097402597402597,32,71,5.939598942568294,2.116294004724352,2.806603869457131,12.982533323893788,4.029774605097341,-4.675352106193135,-2.791814616150022,0.625,0.8732394366197183,2026-08-31T18:46:45.517450+00:00,1806733
concrete,laplace,gap,6,18,927,626,301,302,0.0,42,61,6.042370397606445,2.6950052765065693,2.242062548181329,12.13843939595484,4.061853109087619,-4.191126053514078,-2.767782557652294,0.7380952380952381,0.9344262295081968,2026-08-31T18:46:46.497232+00:00,1806733
concrete,laplace,gap,7,18,927,619,308,14,0.1163166397415185,35,68,4.977082037554484,2.3913207286207308,2.081310958411326,8.596059548632995,6.238751652895245,-3.227866483164915,-3.8302894933676015,0.9428571428571428,0.8235294117647058,2026-08-31T18:46:48.308060+00:00,1806733
concrete,ensemble,gap,0,18,927,623,304,278,0.0064205457463884,39,64,5.648156220708791,2.0855146022780104,2.7082793927883806,7.378263304903504,5.285372240953118,-3.3930619713068384,-3.7275341404241535,0.8717948717948718,0.859375,2026-08-31T18:47:33.922209+00:00,1806733
concrete,ensemble,gap,1,18,927,618,309,185,0.5097087378640777,34,69,4.2811402340876,1.946663919497848,2.1992189772500343,7.024752044105525,5.2099197443532494,-3.1442018645596206,-4.031266618576829,0.8823529411764706,0.855072463768116,2026-08-31T18:47:34.721781+00:00,1806733
concrete,ensemble,gap,2,18,927,612,315,156,0.5130718954248366,28,75,3.1671456940189397,2.2048770511475086,1.436427347443535,6.121618958355636,6.963004870218448,-3.37482641691748,-3.795437635522599,0.8214285714285714,0.76,2026-08-31T18:47:34.131775+00:00,1806733
concrete,ensemble,gap,3,18,927,609,318,195,0.1346469622331691,25,78,4.804633315273137,2.030190309384485,2.36659257659929,7.943029496114226,5.781727958550923,-3.395244131226013,-3.250445415433967,0.84,0.8974358974358975,2026-08-31T18:47:36.872768+00:00,1806733
concrete,ensemble,gap,4,18,927,618,309,111,0.5275080906148867,34,69,4.433207337447109,1.7174141765921738,2.5813268563112843,10.10065508218315,5.622645136086626,-3.864566065665595,-3.5614958061778874,0.7058823529411765,0.7971014492753623,2026-08-31T18:47:37.215849+00:00,1806733
concrete,ensemble,gap,5,18,927,616,311,284,0.0097402597402597,32,71,5.923469108696445,1.5899934337249846,3.725467654806055,11.413456435780237,3.5775384094887004,-4.959357381171435,-2.7361058278789554,0.71875,0.8873239436619719,2026-08-31T18:47:39.201489+00:00,1806733
concrete,ensemble,gap,6,18,927,626,301,302,0.0,42,61,5.005722165921709,2.0963126983810434,2.387869982272953,10.653429345908112,4.204490840931517,-4.04910404423376,-2.739340786333148,0.8333333333333334,0.9016393442622952,2026-08-31T18:47:39.428312+00:00,1806733
concrete,ensemble,gap,7,18,927,619,308,14,0.1163166397415185,35,68,3.640630652173027,1.9080923286776563,1.9079950154697447,7.978439730845006,5.963229143466031,-3.364998496987309,-3.701769927301111,0.8,0.8235294117647058,2026-08-31T18:47:40.798928+00:00,1806733
concrete,bbb,gap,0,18,927,623,304,278,0.0064205457463884,39,64,2.0486791813652805,2.166928504701776,0.9454299839242876,8.132241836817203,6.193070711949261,-4.050157381766605,-3.3420663130055157,0.7435897435897436,0.921875,2026-08-31T18:51:59.199474+00:00,1806733
concrete,bbb,gap,1,18,927,618,309,185,0.5097087378640777,34,69,2.131279231793309,2.1284578574275077,1.0013255486153771,6.980107377658808,6.392135872606136,-3.631225877911392,-3.4133368736496585,0.8235294117647058,0.8695652173913043,2026-08-31T18:51:56.189463+00:00,1806733
concrete,bbb,gap,2,18,927,612,315,156,0.5130718954248366,28,75,2.147234313917889,2.1643001534512485,0.9921148462212388,6.122988027372453,6.259816726338841,-3.3618808769289474,-3.384788198476356,0.8214285714285714,0.8533333333333334,2026-08-31T18:51:55.424739+00:00,1806733
concrete,bbb,gap,3,18,927,609,318,195,0.1346469622331691,25,78,2.5718471273180628,2.5517129705358528,1.0078904473248735,9.003842305808252,6.143760469251169,-4.197500214103906,-3.2708775657925147,0.8,0.9230769230769232,2026-08-31T18:51:57.519947+00:00,1806733
concrete,bbb,gap,4,18,927,618,309,111,0.5275080906148867,34,69,2.062708267044463,2.185140862927861,0.9439703874653872,7.2644237881248435,6.560032908185363,-3.762614973847755,-3.471561288894532,0.8235294117647058,0.8985507246376812,2026-08-31T18:51:57.226241+00:00,1806733
concrete,bbb,gap,5,18,927,616,311,284,0.0097402597402597,32,71,2.2473175996185737,2.0604190763336416,1.09070898509516,12.15272447262682,4.364861231519088,-6.04407427758216,-2.879690970542365,0.625,0.9577464788732394,2026-08-31T18:51:56.711469+00:00,1806733
concrete,bbb,gap,6,18,927,626,301,302,0.0,42,61,2.109975133063973,2.075612371663105,1.0165554811052386,10.761774085645342,6.371528843378752,-5.0742599088324285,-3.3794082169293134,0.7142857142857143,0.8852459016393442,2026-08-31T18:52:02.904320+00:00,1806733
concrete,bbb,gap,7,18,927,619,308,14,0.1163166397415185,35,68,2.0200548298051886,2.149941624109587,0.9395858971946776,7.882806447834755,5.737173841696372,-3.9642902941168474,-3.211714221642619,0.8,0.9117647058823528,2026-08-31T18:52:07.435749+00:00,1806733
concrete,gp,gap,0,18,927,623,304,278,0.0064205457463884,39,64,4.454211993607623,2.798931030736589,1.5913975530991975,6.0017102744450535,6.260504959997391,-3.1286104235370558,-3.3525404422138774,1.0,0.90625,2026-08-31T18:52:05.953997+00:00,1806733
concrete,gp,gap,1,18,927,618,309,185,0.5097087378640777,34,69,5.677620850256391,2.692938655940462,2.1083364961663342,7.490822113458364,5.906978357262324,-3.3078974619633223,-3.307527334244412,0.9117647058823528,0.8840579710144928,2026-08-31T18:52:07.062205+00:00,1806733
concrete,gp,gap,2,18,927,612,315,156,0.5130718954248366,28,75,3.0110415284395056,2.6802979393723776,1.1233980686283611,5.904822990104836,7.604203909383984,-3.1052202317351134,-3.506799120366912,0.9285714285714286,0.84,2026-08-31T18:52:07.254585+00:00,1806733
concrete,gp,gap,3,18,927,609,318,195,0.1346469622331691,25,78,4.680251918046004,3.117585832516652,1.5012423617116255,6.78761812831985,6.726335548399359,-3.1034972079912,-3.2989758234888,1.0,0.935897435897436,2026-08-31T18:52:07.512072+00:00,1806733
concrete,gp,gap,4,18,927,618,309,111,0.5275080906148867,34,69,6.394918160927879,2.6862672627652957,2.3805963946955995,8.322380638081054,6.30612420128637,-3.295126361059848,-3.349223456228547,0.9705882352941176,0.9130434782608696,2026-08-31T18:52:10.195178+00:00,1806733
concrete,gp,gap,5,18,927,616,311,284,0.0097402597402597,32,71,5.36827774565503,2.4303445435510413,2.2088546086602587,9.648415485803062,4.7958664505671456,-3.7608975882071016,-2.9502759503622964,0.875,0.943661971830986,2026-08-31T18:52:09.744053+00:00,1806733
concrete,gp,gap,6,18,927,626,301,302,0.0,42,61,3.7085680696392456,2.7483860556136825,1.349362132755824,11.007874041401092,6.578856828064005,-4.073976589926624,-3.2104193690648284,0.7142857142857143,0.9344262295081968,2026-08-31T18:52:11.861829+00:00,1806733
concrete,gp,gap,7,18,927,619,308,14,0.1163166397415185,35,68,5.070785772453504,2.4788145076262302,2.0456495461249355,9.408672222134594,6.561138110663321,-3.4104954109033243,-3.309864628419472,0.9428571428571428,0.9264705882352942,2026-08-31T18:52:14.268116+00:00,1806733
concrete,mcd,gap,0,19,927,618,309,278,0.0032362459546925,34,69,2.844828267521809,2.898522874810186,0.9814751824955348,6.336519625482383,5.384753194025558,-3.2304334546529483,-3.127477723543536,0.9411764705882352,0.9855072463768116,2026-08-31T18:52:20.357884+00:00,1806733
concrete,mcd,gap,1,19,927,616,311,185,0.512987012987013,32,71,2.8300511554050507,2.77566616589302,1.0195934908096318,7.244412695256241,5.937918041906457,-3.3904714008915287,-3.190032797364261,0.875,0.943661971830986,2026-08-31T18:52:20.420574+00:00,1806733
concrete,mcd,gap,2,19,927,614,313,156,0.5162866449511401,30,73,2.900918166201905,2.699718229357248,1.0745262726520015,7.178682295174433,5.056029086903563,-3.380513666615719,-3.0673153721445137,0.9,0.9863013698630136,2026-08-31T18:52:20.153270+00:00,1806733
concrete,mcd,gap,3,19,927,614,313,195,0.1384364820846905,30,73,2.888267716246385,3.034308361649183,0.951870203025963,5.57221370502672,6.041243698015658,-3.1668687448291686,-3.2177896593448163,0.9666666666666668,0.9452054794520548,2026-08-31T18:52:20.463911+00:00,1806733
concrete,mcd,gap,4,19,927,631,296,111,0.5150554675118859,47,56,2.940840369397157,3.0082135838243027,0.9776035801482236,6.913545360407545,5.832334327946003,-3.343934399647032,-3.17901330249245,0.8936170212765957,0.9464285714285714,2026-08-31T18:52:22.071138+00:00,1806733
concrete,mcd,gap,5,19,927,619,308,284,0.0080775444264943,35,68,3.004017917643534,3.036081530175592,0.9894391464084946,7.252331225928737,5.043291741763348,-3.4016504209119254,-3.0760030034389305,0.9142857142857144,0.9705882352941176,2026-08-31T18:52:22.035866+00:00,1806733
concrete,mcd,gap,6,19,927,620,307,302,0.0,36,67,2.916582226372684,2.857940968558621,1.0205187085594836,7.954338805627876,5.732081582962793,-3.5412061240215675,-3.165029935364116,0.8611111111111112,0.9402985074626866,2026-08-31T18:52:24.230787+00:00,1806733
concrete,mcd,gap,7,19,927,618,309,14,0.1229773462783171,34,69,2.726138781558201,2.9669364204883157,0.9188396363106148,6.619782469651555,5.041160122206927,-3.3053723396073456,-3.0690717843366486,0.9411764705882352,0.9855072463768116,2026-08-31T18:52:25.830220+00:00,1806733
concrete,map,gap,0,19,927,618,309,278,0.0032362459546925,34,69,0.0,0.0,,7.053653164686753,5.521316838713125,-4.618151886523542,-3.625617011464644,0.7058823529411765,0.7971014492753623,2026-08-31T18:52:31.070597+00:00,1806733
concrete,map,gap,1,19,927,616,311,185,0.512987012987013,32,71,0.0,0.0,,11.070846851703024,4.449086488738364,-10.711592405517102,-3.3130041905834515,0.59375,0.8028169014084507,2026-08-31T18:52:31.396657+00:00,1806733
concrete,map,gap,2,19,927,614,313,156,0.5162866449511401,30,73,0.0,0.0,,6.56889667503076,6.332388819287571,-4.901009920226949,-4.68924662086334,0.6333333333333333,0.6575342465753424,2026-08-31T18:52:31.674857+00:00,1806733
concrete,map,gap,3,19,927,614,313,195,0.1384364820846905,30,73,0.0,0.0,,10.182482907209046,5.804572887978361,-7.469646282576105,-3.8097079817735127,0.5333333333333333,0.821917808219178,2026-08-31T18:52:31.231092+00:00,1806733
concrete,map,gap,4,19,927,631,296,111,0.5150554675118859,47,56,0.0,0.0,,14.194498105202502,5.188813662353295,-13.924026276936294,-3.5806661733029146,0.5957446808510638,0.8214285714285714,2026-08-31T18:52:33.146745+00:00,1806733
concrete,map,gap,5,19,927,619,308,284,0.0080775444264943,35,68,0.0,0.0,,15.539891964304267,5.494214334353957,-26.649445142608933,-4.825280299470648,0.3714285714285714,0.7058823529411765,2026-08-31T18:52:32.905284+00:00,1806733
concrete,map,gap,6,19,927,620,307,302,0.0,36,67,0.0,0.0,,9.325851253021394,5.648188769669345,-7.287407094727452,-3.9202432864808703,0.5833333333333334,0.746268656716418,2026-08-31T18:52:34.807583+00:00,1806733
concrete,map,gap,7,19,927,618,309,14,0.1229773462783171,34,69,0.0,0.0,,11.998275487656676,6.117289772931007,-11.06463784972127,-4.32101144951373,0.5882352941176471,0.8115942028985508,2026-08-31T18:52:36.964917+00:00,1806733
concrete,laplace,gap,0,19,927,618,309,278,0.0032362459546925,34,69,5.460032618166832,3.095322642522799,1.763962355057342,7.053653164686753,5.521316838713125,-3.2081306588846057,-2.8794116615248075,0.9705882352941176,0.9420289855072465,2026-08-31T18:52:43.446094+00:00,1806733
concrete,laplace,gap,1,19,927,616,311,185,0.512987012987013,32,71,6.425466460677237,3.3115282274785667,1.9403326860872496,11.070846851703024,4.449086488738364,-3.498686219988193,-2.742849734452129,0.90625,0.9577464788732394,2026-08-31T18:52:42.790606+00:00,1806733
concrete,laplace,gap,2,19,927,614,313,156,0.5162866449511401,30,73,4.10317370622855,3.0945317695863235,1.3259433128318026,6.56889667503076,6.332388819287571,-3.196124523236349,-3.129664819096352,0.9666666666666668,0.863013698630137,2026-08-31T18:52:43.003667+00:00,1806733
concrete,laplace,gap,3,19,927,614,313,195,0.1384364820846905,30,73,5.482874129008468,3.237327428391303,1.6936421323724504,10.182482907209046,5.804572887978361,-3.7321276665112846,-2.855321820524332,0.8,0.9863013698630136,2026-08-31T18:52:43.267270+00:00,1806733
concrete,laplace,gap,4,19,927,631,296,111,0.5150554675118859,47,56,7.512821571356421,2.936041528514324,2.5588267394698634,14.194498105202502,5.188813662353295,-3.801827822727377,-2.861263285220199,0.851063829787234,0.9107142857142856,2026-08-31T18:52:44.568320+00:00,1806733
concrete,laplace,gap,5,19,927,619,308,284,0.0080775444264943,35,68,5.671313172442925,2.884756574082725,1.965959007909099,15.539891964304267,5.494214334353957,-5.061819327062556,-2.9747680162925927,0.6857142857142857,0.9264705882352942,2026-08-31T18:52:45.182607+00:00,1806733
concrete,laplace,gap,6,19,927,620,307,302,0.0,36,67,6.24585914700989,3.401215027434997,1.8363611523027288,9.325851253021394,5.648188769669345,-3.5859234201434824,-2.8017366128098167,0.8888888888888888,1.0,2026-08-31T18:52:47.082781+00:00,1806733
concrete,laplace,gap,7,19,927,618,309,14,0.1229773462783171,34,69,5.294693252113822,2.7537756756089973,1.9227031813122908,11.998275487656676,6.117289772931007,-3.669431121163019,-2.91400085039323,0.7941176470588235,0.9130434782608696,2026-08-31T18:52:48.686352+00:00,1806733
concrete,ensemble,gap,0,19,927,618,309,278,0.0032362459546925,34,69,5.05585889105703,2.2248140977077684,2.272486000635331,7.905544190724274,5.471945939936261,-3.445126219709035,-2.686074911204376,0.9117647058823528,0.9710144927536232,2026-08-31T18:53:36.303105+00:00,1806733
concrete,ensemble,gap,1,19,927,616,311,185,0.512987012987013,32,71,4.362343501500636,2.400293518347839,1.817420856305652,12.037493620057106,5.445359707158085,-4.134356836580327,-2.825670551098395,0.8125,0.9014084507042254,2026-08-31T18:53:38.450502+00:00,1806733
concrete,ensemble,gap,2,19,927,614,313,156,0.5162866449511401,30,73,3.757178957676721,3.0609775783890782,1.227444129026923,7.448559026890853,5.047337007521732,-3.5661170876788946,-2.7815190994878605,0.9,0.9863013698630136,2026-08-31T18:53:38.332517+00:00,1806733
concrete,ensemble,gap,3,19,927,614,313,195,0.1384364820846905,30,73,5.542512177705138,2.500476074344178,2.2165827678070555,8.446252771219834,4.536529451518807,-3.401499388932861,-2.683108995277116,0.9,0.9863013698630136,2026-08-31T18:53:36.258298+00:00,1806733
concrete,ensemble,gap,4,19,927,631,296,111,0.5150554675118859,47,56,5.272767160659612,2.054212656033935,2.566806871319611,10.36369330619354,3.875099082530263,-3.777569384334383,-2.626665807670171,0.8085106382978723,0.9642857142857144,2026-08-31T18:53:37.738870+00:00,1806733
concrete,ensemble,gap,5,19,927,619,308,284,0.0080775444264943,35,68,5.413439281050443,2.6338795239531314,2.0553101354178613,9.563404624437617,4.700397008244674,-3.871641974330859,-2.8786761620042705,0.8285714285714286,0.9264705882352942,2026-08-31T18:53:38.772187+00:00,1806733
concrete,ensemble,gap,6,19,927,620,307,302,0.0,36,67,5.287466684141176,2.355615725109981,2.244621916800249,9.314049259418946,6.334781702683165,-3.7581922895978286,-2.812971442500259,0.75,0.9253731343283582,2026-08-31T18:53:40.608186+00:00,1806733
concrete,ensemble,gap,7,19,927,618,309,14,0.1229773462783171,34,69,3.629355649399289,1.9892195096670344,1.8245123938115757,10.383384408482293,4.317964526570234,-3.895731038775568,-2.8548542997450745,0.6764705882352942,0.9130434782608696,2026-08-31T18:53:42.111274+00:00,1806733
concrete,bbb,gap,0,19,927,618,309,278,0.0032362459546925,34,69,2.197355832505955,2.284704905965353,0.9617678969256248,7.474332903303463,5.496421148375242,-3.6662663781897855,-3.13873586399381,0.8823529411764706,0.9565217391304348,2026-08-31T18:57:56.316315+00:00,1806733
concrete,bbb,gap,1,19,927,616,311,185,0.512987012987013,32,71,2.17010461389701,2.177628589840668,0.9965448763950104,10.43931120623352,5.336675094399346,-4.870408196497797,-3.0956179123481986,0.6875,0.9154929577464788,2026-08-31T18:57:55.629354+00:00,1806733
concrete,bbb,gap,2,19,927,614,313,156,0.5162866449511401,30,73,2.346585886359809,2.2686679558673157,1.0343452334181296,6.800290859571322,6.489636877309123,-3.461297824402699,-3.379971075102778,0.8,0.9041095890410958,2026-08-31T18:57:59.616534+00:00,1806733
concrete,bbb,gap,3,19,927,614,313,195,0.1384364820846905,30,73,1.9493029056507016,2.050993594723545,0.9504188168434772,7.891228013180753,6.2889210137726,-3.8128713831103775,-3.3507594205895725,0.8,0.8904109589041096,2026-08-31T18:57:56.555260+00:00,1806733
concrete,bbb,gap,4,19,927,631,296,111,0.5150554675118859,47,56,2.1687915949613017,2.398367349201226,0.9042783190338276,11.99937894525519,5.653282150956143,-5.720095492002714,-3.1877242267033226,0.7872340425531915,0.9642857142857144,2026-08-31T18:58:04.244090+00:00,1806733
concrete,bbb,gap,5,19,927,619,308,284,0.0080775444264943,35,68,1.9405127646358695,2.023460875202029,0.9590068127421156,7.4809891538470366,5.244797179847223,-3.9211492440735833,-3.1306209738735697,0.8,0.8676470588235294,2026-08-31T18:57:59.686608+00:00,1806733
concrete,bbb,gap,6,19,927,620,307,302,0.0,36,67,1.901857634964617,2.0658251545556,0.920628558893574,8.8191244094889,4.893261996752793,-4.515253232882948,-3.0216602745712176,0.6388888888888888,0.9402985074626866,2026-08-31T18:57:58.231741+00:00,1806733
concrete,bbb,gap,7,19,927,618,309,14,0.1229773462783171,34,69,2.1238752580812217,2.115920514310636,1.0037594719257106,9.963256672351992,5.107574517563925,-4.758868882555952,-3.047078041025484,0.7941176470588235,0.8985507246376812,2026-08-31T18:58:01.368341+00:00,1806733
concrete,gp,gap,0,19,927,618,309,278,0.0032362459546925,34,69,4.456280808232231,2.987359948112227,1.4917120419480232,6.708471488476092,5.215892614519578,-3.073547455130408,-3.0033914916135718,1.0,0.9855072463768116,2026-08-31T18:58:10.863265+00:00,1806733
concrete,gp,gap,1,19,927,616,311,185,0.512987012987013,32,71,4.722800316824472,2.970632202945119,1.589830040939512,8.772487544224724,6.584300125948962,-3.1961644449660493,-3.1040390717468176,1.0,0.943661971830986,2026-08-31T18:58:10.297254+00:00,1806733
concrete,gp,gap,2,19,927,614,313,156,0.5162866449511401,30,73,3.4077642332667875,2.932680034569956,1.161996601435075,6.223706098447258,5.506408984646005,-3.1755121064225964,-3.0178958111080365,0.9666666666666668,0.958904109589041,2026-08-31T18:58:13.200232+00:00,1806733
concrete,gp,gap,3,19,927,614,313,195,0.1384364820846905,30,73,4.556288363480309,3.306241960004138,1.3780867881413636,6.807414251386395,5.307630649864705,-3.1973060069645274,-3.035437390846251,0.9666666666666668,0.9863013698630136,2026-08-31T18:58:13.003621+00:00,1806733
concrete,gp,gap,4,19,927,631,296,111,0.5150554675118859,47,56,6.191404995189113,2.874279676827085,2.1540718688947487,8.088446132256593,5.753418334709134,-3.2636482885809133,-2.9919557263023777,0.9574468085106383,0.9642857142857144,2026-08-31T18:58:15.657406+00:00,1806733
concrete,gp,gap,5,19,927,619,308,284,0.0080775444264943,35,68,4.935085004789679,2.9995580425499333,1.6452707148131558,8.560447473104515,4.599392815767952,-3.4592470781259403,-2.8950402927566725,0.9142857142857144,0.9852941176470588,2026-08-31T18:58:17.206095+00:00,1806733
concrete,gp,gap,6,19,927,620,307,302,0.0,36,67,4.190704959459258,2.9741576132034657,1.409039299348177,7.033256137520977,5.6166740051000765,-3.294149633619432,-3.029088390932197,0.9166666666666666,0.9850746268656716,2026-08-31T18:58:18.679872+00:00,1806733
concrete,gp,gap,7,19,927,618,309,14,0.1229773462783171,34,69,4.88030203490786,2.659831777649579,1.8348160496151569,8.37361071182734,4.594329036259988,-3.421774629521474,-2.9543021150958872,0.9411764705882352,1.0,2026-08-31T18:58:17.979390+00:00,1806733
sin_gap,mcd,gap,0,0,250,250,0,250,0.0,200,400,0.0915161790798749,0.14024112056827076,0.6525630906901084,0.22632327978999395,0.14806154591237472,0.053597947412966765,0.29575433789823496,0.97,1.0,2026-08-31T19:04:58.904259+00:00,1806733
sin_gap,map,gap,0,0,250,250,0,250,0.0,200,400,0.0,0.0,,0.12106181062818396,0.10287355556529042,0.6462358582866892,0.8538392210889012,0.89,0.945,2026-08-31T19:04:57.652004+00:00,1806733
sin_gap,laplace,gap,0,0,250,250,0,250,0.0,200,400,0.0921488651383498,0.016623014357830552,5.543450974337968,0.12106181062818396,0.10287355556529042,0.6582676902106442,0.8556694073337368,0.955,0.945,2026-08-31T19:04:58.246197+00:00,1806733
sin_gap,ensemble,gap,0,0,250,250,0,250,0.0,200,400,0.047579482543353334,0.01949940609980423,2.440047778882405,0.12623836837955088,0.10423172439395954,0.6048676305948093,0.8401900229298513,0.91,0.945,2026-08-31T19:05:28.635974+00:00,1806733
sin_gap,bbb,gap,0,0,250,250,0,250,0.0,200,400,0.1601724459176451,0.12460969972844829,1.2853930814912145,0.25566190825215845,0.1162066625071029,-0.11094811401164399,0.5012985957194073,0.945,1.0,2026-08-31T19:07:49.086282+00:00,1806733
sin_gap,gp,gap,0,0,250,250,0,250,0.0,200,400,0.04255273281133289,0.01514584391065302,2.809531978697,0.1281387227074444,0.10373037458753054,0.5980437033811764,0.8442247414006567,0.895,0.9375,2026-08-31T19:04:51.007215+00:00,1806733
sin_gap,mcd,gap,0,1,250,250,0,250,0.0,200,400,0.09178510331095266,0.13625927433632204,0.6736062830072324,0.29086825596391447,0.15823912068719925,-0.2693663295101676,0.2713648388320107,0.93,0.9925,2026-08-31T19:04:59.990193+00:00,1806733
sin_gap,map,gap,0,1,250,250,0,250,0.0,200,400,0.0,0.0,,0.10023701589005066,0.10430631863487268,0.8807724117097294,0.8374585223311531,0.93,0.9425,2026-08-31T19:05:05.544975+00:00,1806733
sin_gap,laplace,gap,0,1,250,250,0,250,0.0,200,400,0.08654741026547558,0.016320340216717938,5.303039588403904,0.10023701589005066,0.10430631863487268,0.8127446601814967,0.8386155061547151,0.98,0.945,2026-08-31T19:05:06.899534+00:00,1806733
sin_gap,ensemble,gap,0,1,250,250,0,250,0.0,200,400,0.04631267212439154,0.03392110439486913,1.3653055509418126,0.10139010112122403,0.101752224801698,0.8602903647045689,0.861443908505514,0.965,0.965,2026-08-31T19:05:38.110277+00:00,1806733
sin_gap,bbb,gap,0,1,250,250,0,250,0.0,200,400,0.15616862296277476,0.13424712634862768,1.163292110679665,0.3121487557998135,0.1153633834305798,-0.41037227206490334,0.4797320798677947,0.85,0.9975,2026-08-31T19:07:49.475790+00:00,1806733
sin_gap,gp,gap,0,1,250,250,0,250,0.0,200,400,0.03538875356208516,0.014645542470482928,2.416349796083602,0.09883173168965921,0.09924364505969376,0.89525129159665,0.8905212283728747,0.96,0.9575,2026-08-31T19:05:06.615653+00:00,1806733
sin_gap,mcd,gap,0,2,250,250,0,250,0.0,200,400,0.09247344665165888,0.1391984663577983,0.6643280567040403,0.1970877545055944,0.1627304689076355,0.17098572767122205,0.2517411266832042,0.99,0.9975,2026-08-31T19:05:15.861152+00:00,1806733
sin_gap,map,gap,0,2,250,250,0,250,0.0,200,400,0.0,0.0,,0.10004095834689848,0.11067621014978704,0.8604944849998108,0.7789970322913595,0.98,0.97,2026-08-31T19:05:15.178495+00:00,1806733
sin_gap,laplace,gap,0,2,250,250,0,250,0.0,200,400,0.08637549757102654,0.019100212829135252,4.522226969077032,0.10004095834689848,0.11067621014978704,0.7631393956377369,0.7776117125489805,0.995,0.97,2026-08-31T19:05:23.527345+00:00,1806733
sin_gap,ensemble,gap,0,2,250,250,0,250,0.0,200,400,0.05085939271521379,0.03485234218995761,1.4592819167794258,0.09983277663415017,0.10241687994813824,0.8463958484230963,0.8364083843136695,0.985,0.9725,2026-08-31T19:05:53.875906+00:00,1806733
sin_gap,bbb,gap,0,2,250,250,0,250,0.0,200,400,0.19211922125042732,0.13975845833265055,1.374651835333992,0.14765148730589414,0.11425233271395442,0.21969233123680446,0.38427183012362337,1.0,1.0,2026-08-31T19:08:18.606200+00:00,1806733
sin_gap,gp,gap,0,2,250,250,0,250,0.0,200,400,0.03407210724135376,0.015928278527694253,2.1390953945282356,0.09674232005611119,0.0993693833228038,0.8975246043426188,0.8846462802668376,0.975,0.9575,2026-08-31T19:05:29.566143+00:00,1806733
