dataset,dropout_p,seed,x,std_epi
sin_homo,0.05,0,-2.0,0.1382698410603278
sin_homo,0.05,0,-1.98998998998999,0.1364211722271784
sin_homo,0.05,0,-1.97997997997998,0.1404125594864122
sin_homo,0.05,0,-1.96996996996997,0.1465699709611995
sin_homo,0.05,0,-1.95995995995996,0.15083258771544403
sin_homo,0.05,0,-1.94994994994995,0.11913521917482893
sin_homo,0.05,0,-1.93993993993994,0.1393688933986849
sin_homo,0.05,0,-1.92992992992993,0.1467470462667569
sin_homo,0.05,0,-1.91991991991992,0.15419306820796022
sin_homo,0.05,0,-1.90990990990991,0.14799755712258564
sin_homo,0.05,0,-1.8998998998999,0.12882755474485982
sin_homo,0.05,0,-1.88988988988989,0.1244717711471138
sin_homo,0.05,0,-1.87987987987988,0.12313181417009332
sin_homo,0.05,0,-1.86986986986987,0.13988956121647644
sin_homo,0.05,0,-1.85985985985986,0.135810102041705
sin_homo,0.05,0,-1.84984984984985,0.1399711640195135
sin_homo,0.05,0,-1.83983983983984,0.16610387178788405
sin_homo,0.05,0,-1.82982982982983,0.15641484526467894
sin_homo,0.05,0,-1.8198198198198199,0.14747172080144527
sin_homo,0.05,0,-1.8098098098098099,0.11272488239860008
sin_homo,0.05,0,-1.7997997997997999,0.10793631502027617
sin_homo,0.05,0,-1.7897897897897899,0.13362536116039844
sin_homo,0.05,0,-1.7797797797797799,0.13513478139928448
sin_homo,0.05,0,-1.7697697697697699,0.13864951108982737
sin_homo,0.05,0,-1.7597597597597598,0.1335320673228585
sin_homo,0.05,0,-1.7497497497497498,0.15737260747408124
sin_homo,0.05,0,-1.7397397397397398,0.13418972647958646
sin_homo,0.05,0,-1.7297297297297298,0.13571207987982448
sin_homo,0.05,0,-1.7197197197197198,0.1475094468572309
sin_homo,0.05,0,-1.7097097097097098,0.1279758039338783
sin_homo,0.05,0,-1.6996996996996998,0.15619579876874035
sin_homo,0.05,0,-1.6896896896896898,0.11172420891522201
sin_homo,0.05,0,-1.6796796796796798,0.13592708513756574
sin_homo,0.05,0,-1.6696696696696698,0.14089688537173833
sin_homo,0.05,0,-1.6596596596596598,0.12198723807278286
sin_homo,0.05,0,-1.6496496496496498,0.13413788768884335
sin_homo,0.05,0,-1.6396396396396398,0.15651185243281712
sin_homo,0.05,0,-1.6296296296296298,0.16601982902190046
sin_homo,0.05,0,-1.6196196196196198,0.13322889966647006
sin_homo,0.05,0,-1.6096096096096097,0.13593915245066562
sin_homo,0.05,0,-1.5995995995995997,0.14269778724491428
sin_homo,0.05,0,-1.5895895895895895,0.11363757906380446
sin_homo,0.05,0,-1.5795795795795795,0.16132514328699726
sin_homo,0.05,0,-1.5695695695695695,0.13063931681105226
sin_homo,0.05,0,-1.5595595595595595,0.1390669736018344
sin_homo,0.05,0,-1.5495495495495495,0.15580589156149952
sin_homo,0.05,0,-1.5395395395395395,0.14878902447000283
sin_homo,0.05,0,-1.5295295295295295,0.13169287608264432
sin_homo,0.05,0,-1.5195195195195195,0.12848187808981912
sin_homo,0.05,0,-1.5095095095095095,0.14321705636346677
sin_homo,0.05,0,-1.4994994994994995,0.14128346609470663
sin_homo,0.05,0,-1.4894894894894894,0.13994128961024493
sin_homo,0.05,0,-1.4794794794794794,0.11125648822109346
sin_homo,0.05,0,-1.4694694694694694,0.1378999582398718
sin_homo,0.05,0,-1.4594594594594594,0.1395009829357831
sin_homo,0.05,0,-1.4494494494494494,0.1365668747621643
sin_homo,0.05,0,-1.4394394394394394,0.1375022488302575
sin_homo,0.05,0,-1.4294294294294294,0.14741196655050304
sin_homo,0.05,0,-1.4194194194194194,0.13798142535985491
sin_homo,0.05,0,-1.4094094094094094,0.15629559418975716
sin_homo,0.05,0,-1.3993993993993994,0.14125319117301552
sin_homo,0.05,0,-1.3893893893893894,0.1305067214518225
sin_homo,0.05,0,-1.3793793793793794,0.13132107828004774
sin_homo,0.05,0,-1.3693693693693694,0.12849148697061671
sin_homo,0.05,0,-1.3593593593593594,0.1258242927666239
sin_homo,0.05,0,-1.3493493493493494,0.14916645186781322
sin_homo,0.05,0,-1.3393393393393394,0.13329301099123778
sin_homo,0.05,0,-1.3293293293293293,0.12892771457033134
sin_homo,0.05,0,-1.3193193193193193,0.16236673756672793
sin_homo,0.05,0,-1.3093093093093093,0.13072568867743026
sin_homo,0.05,0,-1.2992992992992993,0.14845595219421398
sin_homo,0.05,0,-1.2892892892892893,0.13084601733634701
sin_homo,0.05,0,-1.2792792792792793,0.12480590997931634
sin_homo,0.05,0,-1.2692692692692693,0.11520004456232492
sin_homo,0.05,0,-1.2592592592592593,0.12477909673734568
sin_homo,0.05,0,-1.2492492492492493,0.14481222762395174
sin_homo,0.05,0,-1.2392392392392393,0.13511297861909038
sin_homo,0.05,0,-1.2292292292292293,0.10936773743468933
sin_homo,0.05,0,-1.2192192192192193,0.1596650300777109
sin_homo,0.05,0,-1.2092092092092093,0.14593677133646016
sin_homo,0.05,0,-1.1991991991991993,0.13163107193343163
sin_homo,0.05,0,-1.189189189189189,0.13456978517176793
sin_homo,0.05,0,-1.179179179179179,0.1217761809773318
sin_homo,0.05,0,-1.169169169169169,0.13101378060597654
sin_homo,0.05,0,-1.159159159159159,0.13097174595761638
sin_homo,0.05,0,-1.149149149149149,0.13377144727784634
sin_homo,0.05,0,-1.139139139139139,0.12405368791780202
sin_homo,0.05,0,-1.129129129129129,0.12048152246899946
sin_homo,0.05,0,-1.119119119119119,0.1297144480179611
sin_homo,0.05,0,-1.109109109109109,0.1470938965273533
sin_homo,0.05,0,-1.099099099099099,0.14124347015931718
sin_homo,0.05,0,-1.089089089089089,0.12768425020851445
sin_homo,0.05,0,-1.079079079079079,0.13895628989006184
sin_homo,0.05,0,-1.069069069069069,0.13681241618771436
sin_homo,0.05,0,-1.059059059059059,0.13113492296426324
sin_homo,0.05,0,-1.049049049049049,0.1389404319091368
sin_homo,0.05,0,-1.039039039039039,0.12358818574248592
sin_homo,0.05,0,-1.029029029029029,0.1291979870668548
sin_homo,0.05,0,-1.019019019019019,0.11534579073222663
sin_homo,0.05,0,-1.009009009009009,0.11086769844963765
sin_homo,0.05,0,-0.9989989989989989,0.1163755085026382
sin_homo,0.05,0,-0.9889889889889889,0.12112371822362218
sin_homo,0.05,0,-0.9789789789789789,0.1358099199912297
sin_homo,0.05,0,-0.9689689689689689,0.1458136733682192
sin_homo,0.05,0,-0.9589589589589589,0.13656730713409201
sin_homo,0.05,0,-0.9489489489489489,0.13356299931739166
sin_homo,0.05,0,-0.9389389389389389,0.11141121935562674
sin_homo,0.05,0,-0.9289289289289289,0.15225605260742303
sin_homo,0.05,0,-0.9189189189189189,0.12692907109111573
sin_homo,0.05,0,-0.9089089089089089,0.1248564350451061
sin_homo,0.05,0,-0.8988988988988988,0.1227498895422467
sin_homo,0.05,0,-0.8888888888888888,0.13001891976976632
sin_homo,0.05,0,-0.8788788788788788,0.11756977843620944
sin_homo,0.05,0,-0.8688688688688688,0.14037648209339623
sin_homo,0.05,0,-0.8588588588588588,0.13984541112649299
sin_homo,0.05,0,-0.8488488488488488,0.11438513275541193
sin_homo,0.05,0,-0.8388388388388388,0.12908973082933503
sin_homo,0.05,0,-0.8288288288288288,0.12294709066037897
sin_homo,0.05,0,-0.8188188188188188,0.12681699347217357
sin_homo,0.05,0,-0.8088088088088088,0.1363785075550783
sin_homo,0.05,0,-0.7987987987987988,0.13452105182958407
sin_homo,0.05,0,-0.7887887887887888,0.13066161640601162
sin_homo,0.05,0,-0.7787787787787788,0.12980934674785563
sin_homo,0.05,0,-0.7687687687687688,0.1435910406716899
sin_homo,0.05,0,-0.7587587587587588,0.1271534351645701
sin_homo,0.05,0,-0.7487487487487487,0.11695206065123613
sin_homo,0.05,0,-0.7387387387387387,0.1186965474323991
sin_homo,0.05,0,-0.7287287287287287,0.1307456611691416
sin_homo,0.05,0,-0.7187187187187187,0.12051977915893305
sin_homo,0.05,0,-0.7087087087087087,0.13094139658910256
sin_homo,0.05,0,-0.6986986986986987,0.1367810578294276
sin_homo,0.05,0,-0.6886886886886887,0.1232492513904068
sin_homo,0.05,0,-0.6786786786786787,0.13511584278808528
sin_homo,0.05,0,-0.6686686686686687,0.12075553336841684
sin_homo,0.05,0,-0.6586586586586587,0.1234303310145114
sin_homo,0.05,0,-0.6486486486486487,0.13302835005742777
sin_homo,0.05,0,-0.6386386386386387,0.13583728780634513
sin_homo,0.05,0,-0.6286286286286287,0.10525843679541248
sin_homo,0.05,0,-0.6186186186186187,0.13397280225919384
sin_homo,0.05,0,-0.6086086086086087,0.1368940472113226
sin_homo,0.05,0,-0.5985985985985987,0.11585036658450451
sin_homo,0.05,0,-0.5885885885885886,0.12160504189601791
sin_homo,0.05,0,-0.5785785785785786,0.12521225244956677
sin_homo,0.05,0,-0.5685685685685686,0.13111997374537104
sin_homo,0.05,0,-0.5585585585585586,0.13686307666720604
sin_homo,0.05,0,-0.5485485485485486,0.1420300991516298
sin_homo,0.05,0,-0.5385385385385386,0.15711963881248517
sin_homo,0.05,0,-0.5285285285285286,0.1266459333102626
sin_homo,0.05,0,-0.5185185185185186,0.1328030228411363
sin_homo,0.05,0,-0.5085085085085086,0.10987670274192753
sin_homo,0.05,0,-0.4984984984984986,0.138020458870913
sin_homo,0.05,0,-0.4884884884884886,0.12687480597742376
sin_homo,0.05,0,-0.4784784784784786,0.132476621311201
sin_homo,0.05,0,-0.46846846846846857,0.10915885690804279
sin_homo,0.05,0,-0.45845845845845856,0.125763407179201
sin_homo,0.05,0,-0.44844844844844856,0.12127402705951759
sin_homo,0.05,0,-0.43843843843843855,0.11945755820832374
sin_homo,0.05,0,-0.42842842842842854,0.12213107011076368
sin_homo,0.05,0,-0.41841841841841854,0.12527651395510342
sin_homo,0.05,0,-0.40840840840840853,0.11339047411393616
sin_homo,0.05,0,-0.3983983983983985,0.1208240002579396
sin_homo,0.05,0,-0.3883883883883883,0.11636037276170276
sin_homo,0.05,0,-0.3783783783783783,0.12598381736457695
sin_homo,0.05,0,-0.3683683683683683,0.13126807847011793
sin_homo,0.05,0,-0.3583583583583583,0.12604213554139154
sin_homo,0.05,0,-0.34834834834834827,0.13208887821538307
sin_homo,0.05,0,-0.33833833833833826,0.12268728829739467
sin_homo,0.05,0,-0.32832832832832826,0.11633764255976965
sin_homo,0.05,0,-0.31831831831831825,0.12481563512647698
sin_homo,0.05,0,-0.30830830830830824,0.135701132383094
sin_homo,0.05,0,-0.29829829829829824,0.1260800739334303
sin_homo,0.05,0,-0.28828828828828823,0.12873386978500884
sin_homo,0.05,0,-0.2782782782782782,0.13651997842987276
sin_homo,0.05,0,-0.2682682682682682,0.11792451457174351
sin_homo,0.05,0,-0.2582582582582582,0.14332872429967633
sin_homo,0.05,0,-0.2482482482482482,0.12164439030204631
sin_homo,0.05,0,-0.2382382382382382,0.11285183850412221
sin_homo,0.05,0,-0.2282282282282282,0.09664227714087681
sin_homo,0.05,0,-0.21821821821821819,0.12991758604751305
sin_homo,0.05,0,-0.20820820820820818,0.12171012323533596
sin_homo,0.05,0,-0.19819819819819817,0.13873021635039895
sin_homo,0.05,0,-0.18818818818818817,0.12485082885180182
sin_homo,0.05,0,-0.17817817817817816,0.11179558766322267
sin_homo,0.05,0,-0.16816816816816815,0.11544181868087948
sin_homo,0.05,0,-0.15815815815815815,0.12144791937555273
sin_homo,0.05,0,-0.14814814814814814,0.12314899981733518
sin_homo,0.05,0,-0.13813813813813813,0.13907653331393202
sin_homo,0.05,0,-0.12812812812812813,0.1138267388367362
sin_homo,0.05,0,-0.11811811811811812,0.13698414605247744
sin_homo,0.05,0,-0.10810810810810811,0.1544042889217171
sin_homo,0.05,0,-0.09809809809809811,0.11579871633915781
sin_homo,0.05,0,-0.0880880880880881,0.11890982864583309
sin_homo,0.05,0,-0.0780780780780781,0.1042444414951676
sin_homo,0.05,0,-0.06806806806806809,0.12804196173353558
sin_homo,0.05,0,-0.05805805805805808,0.12130284611893326
sin_homo,0.05,0,-0.048048048048048075,0.11233681472848409
sin_homo,0.05,0,-0.03803803803803807,0.1291729262466135
sin_homo,0.05,0,-0.028028028028028062,0.12865696994471212
sin_homo,0.05,0,-0.018018018018018056,0.11333155449274115
sin_homo,0.05,0,-0.00800800800800805,0.11625733536496481
sin_homo,0.05,0,0.002002002002002179,0.1363763932947203
sin_homo,0.05,0,0.012012012012012185,0.13341573471148604
sin_homo,0.05,0,0.022022022022022192,0.12075550979111066
sin_homo,0.05,0,0.0320320320320322,0.12290708475050328
sin_homo,0.05,0,0.042042042042042205,0.1069185461568674
sin_homo,0.05,0,0.05205205205205221,0.13374873328258316
sin_homo,0.05,0,0.06206206206206222,0.10886645917142901
sin_homo,0.05,0,0.07207207207207222,0.1409908921268135
sin_homo,0.05,0,0.08208208208208223,0.13179153638610033
sin_homo,0.05,0,0.09209209209209224,0.11673475004214558
sin_homo,0.05,0,0.10210210210210224,0.11395168449218539
sin_homo,0.05,0,0.11211211211211225,0.11761678648113803
sin_homo,0.05,0,0.12212212212212226,0.1209445155471294
sin_homo,0.05,0,0.13213213213213226,0.12740237800094653
sin_homo,0.05,0,0.14214214214214227,0.12596895234261668
sin_homo,0.05,0,0.15215215215215228,0.09788666883785567
sin_homo,0.05,0,0.16216216216216228,0.12450302069439084
sin_homo,0.05,0,0.1721721721721723,0.12415018279886157
sin_homo,0.05,0,0.1821821821821823,0.12463085574886856
sin_homo,0.05,0,0.1921921921921923,0.13043182236563272
sin_homo,0.05,0,0.2022022022022023,0.11781215213909552
sin_homo,0.05,0,0.21221221221221231,0.12437297351438444
sin_homo,0.05,0,0.22222222222222232,0.11952294718509887
sin_homo,0.05,0,0.23223223223223233,0.11734972191338924
sin_homo,0.05,0,0.24224224224224233,0.10635609440897889
sin_homo,0.05,0,0.25225225225225234,0.10812121600029716
sin_homo,0.05,0,0.26226226226226235,0.11911337927402842
sin_homo,0.05,0,0.27227227227227235,0.13679794453009436
sin_homo,0.05,0,0.28228228228228236,0.1141759108566405
sin_homo,0.05,0,0.29229229229229237,0.10901684016458489
sin_homo,0.05,0,0.3023023023023024,0.12077460205341546
sin_homo,0.05,0,0.3123123123123124,0.11901901321202192
sin_homo,0.05,0,0.3223223223223224,0.1220259548344316
sin_homo,0.05,0,0.3323323323323324,0.11913002079740195
sin_homo,0.05,0,0.3423423423423424,0.1251190187733296
sin_homo,0.05,0,0.3523523523523524,0.11394981585846428
sin_homo,0.05,0,0.3623623623623624,0.13074813852659228
sin_homo,0.05,0,0.3723723723723724,0.11782298953799597
sin_homo,0.05,0,0.3823823823823824,0.11251382227654617
sin_homo,0.05,0,0.39239239239239243,0.12715977464884973
sin_homo,0.05,0,0.40240240240240244,0.12611112895341461
sin_homo,0.05,0,0.41241241241241244,0.1318514648357344
sin_homo,0.05,0,0.42242242242242245,0.10652838308123694
sin_homo,0.05,0,0.43243243243243246,0.10207910620919677
sin_homo,0.05,0,0.44244244244244246,0.11034051503323462
sin_homo,0.05,0,0.45245245245245247,0.11460454418532377
sin_homo,0.05,0,0.4624624624624625,0.13877077587946668
sin_homo,0.05,0,0.4724724724724725,0.11501481228010016
sin_homo,0.05,0,0.4824824824824825,0.12098950391833518
sin_homo,0.05,0,0.4924924924924925,0.12753542452437747
sin_homo,0.05,0,0.5025025025025025,0.11178650878197324
sin_homo,0.05,0,0.5125125125125125,0.1400656077004274
sin_homo,0.05,0,0.5225225225225225,0.13758085808992948
sin_homo,0.05,0,0.5325325325325325,0.1264609542595325
sin_homo,0.05,0,0.5425425425425425,0.12547589768435974
sin_homo,0.05,0,0.5525525525525525,0.11870031150000789
sin_homo,0.05,0,0.5625625625625625,0.12792540889687892
sin_homo,0.05,0,0.5725725725725725,0.13929054282677575
sin_homo,0.05,0,0.5825825825825826,0.12045838056214023
sin_homo,0.05,0,0.5925925925925926,0.1110952840884492
sin_homo,0.05,0,0.6026026026026026,0.11880087140907752
sin_homo,0.05,0,0.6126126126126126,0.11403928220260993
sin_homo,0.05,0,0.6226226226226226,0.10016187262287347
sin_homo,0.05,0,0.6326326326326326,0.10576091430019356
sin_homo,0.05,0,0.6426426426426426,0.12279429673873751
sin_homo,0.05,0,0.6526526526526526,0.12863725902054218
sin_homo,0.05,0,0.6626626626626626,0.13050471850435236
sin_homo,0.05,0,0.6726726726726726,0.12663013691879868
sin_homo,0.05,0,0.6826826826826826,0.12421851403271826
sin_homo,0.05,0,0.6926926926926926,0.12931980807976523
sin_homo,0.05,0,0.7027027027027026,0.097745039718471
sin_homo,0.05,0,0.7127127127127126,0.10774769465084147
sin_homo,0.05,0,0.7227227227227226,0.12294122718049184
sin_homo,0.05,0,0.7327327327327327,0.11805130811089774
sin_homo,0.05,0,0.7427427427427427,0.09766899434676367
sin_homo,0.05,0,0.7527527527527527,0.09081865662686094
sin_homo,0.05,0,0.7627627627627627,0.10345893880990646
sin_homo,0.05,0,0.7727727727727727,0.12175972976575723
sin_homo,0.05,0,0.7827827827827827,0.11432144186128292
sin_homo,0.05,0,0.7927927927927927,0.10390265449823043
sin_homo,0.05,0,0.8028028028028027,0.12133713639919913
sin_homo,0.05,0,0.8128128128128127,0.12302430276060013
sin_homo,0.05,0,0.8228228228228227,0.1203979204465311
sin_homo,0.05,0,0.8328328328328327,0.11868340938549513
sin_homo,0.05,0,0.8428428428428427,0.11751384006723158
sin_homo,0.05,0,0.8528528528528527,0.09926709017900817
sin_homo,0.05,0,0.8628628628628627,0.12193733749148489
sin_homo,0.05,0,0.8728728728728727,0.11235504331292456
sin_homo,0.05,0,0.8828828828828827,0.11938714110989952
sin_homo,0.05,0,0.8928928928928928,0.14329085715438564
sin_homo,0.05,0,0.9029029029029028,0.1211892533775777
sin_homo,0.05,0,0.9129129129129128,0.1375677000281922
sin_homo,0.05,0,0.9229229229229228,0.13298245264619263
sin_homo,0.05,0,0.9329329329329328,0.12045487120248204
sin_homo,0.05,0,0.9429429429429428,0.11614503538949797
sin_homo,0.05,0,0.9529529529529528,0.12772074337457784
sin_homo,0.05,0,0.9629629629629628,0.10285719023826699
sin_homo,0.05,0,0.9729729729729728,0.11338870151139817
sin_homo,0.05,0,0.9829829829829828,0.12539309997812348
sin_homo,0.05,0,0.9929929929929928,0.1294487462795126
sin_homo,0.05,0,1.0030030030030028,0.11384649936935594
sin_homo,0.05,0,1.0130130130130128,0.10560068713826165
sin_homo,0.05,0,1.0230230230230228,0.1122376794678784
sin_homo,0.05,0,1.0330330330330328,0.10129526250921127
sin_homo,0.05,0,1.0430430430430429,0.11844226769833265
sin_homo,0.05,0,1.0530530530530529,0.12830865747441098
sin_homo,0.05,0,1.0630630630630629,0.11452320722794286
sin_homo,0.05,0,1.0730730730730729,0.12458211289947474
sin_homo,0.05,0,1.0830830830830829,0.10280874471020401
sin_homo,0.05,0,1.0930930930930929,0.10938636599231027
sin_homo,0.05,0,1.1031031031031029,0.11793933405646567
sin_homo,0.05,0,1.113113113113113,0.11134492614496562
sin_homo,0.05,0,1.123123123123123,0.10603858447470381
sin_homo,0.05,0,1.133133133133133,0.12011923153813053
sin_homo,0.05,0,1.143143143143143,0.14307650604752978
sin_homo,0.05,0,1.153153153153153,0.11385288746616927
sin_homo,0.05,0,1.163163163163163,0.13675195011386093
sin_homo,0.05,0,1.173173173173173,0.11546546923337825
sin_homo,0.05,0,1.183183183183183,0.1207877555360516
sin_homo,0.05,0,1.193193193193193,0.10349456314989738
sin_homo,0.05,0,1.203203203203203,0.11045531696565565
sin_homo,0.05,0,1.2132132132132134,0.1135817213427253
sin_homo,0.05,0,1.2232232232232234,0.09580222590855983
sin_homo,0.05,0,1.2332332332332334,0.1087763024496901
sin_homo,0.05,0,1.2432432432432434,0.10614136382913152
sin_homo,0.05,0,1.2532532532532534,0.09914576521150488
sin_homo,0.05,0,1.2632632632632634,0.11736047826409234
sin_homo,0.05,0,1.2732732732732734,0.10676747390868434
sin_homo,0.05,0,1.2832832832832834,0.11147892123869912
sin_homo,0.05,0,1.2932932932932935,0.1188292760609168
sin_homo,0.05,0,1.3033033033033035,0.09574427541174331
sin_homo,0.05,0,1.3133133133133135,0.11307263235105372
sin_homo,0.05,0,1.3233233233233235,0.10407893450746716
sin_homo,0.05,0,1.3333333333333335,0.11820549140165283
sin_homo,0.05,0,1.3433433433433435,0.0823373933143124
sin_homo,0.05,0,1.3533533533533535,0.10591205706176512
sin_homo,0.05,0,1.3633633633633635,0.12065623932314648
sin_homo,0.05,0,1.3733733733733735,0.11515984799273409
sin_homo,0.05,0,1.3833833833833835,0.12936097049455195
sin_homo,0.05,0,1.3933933933933935,0.11676938685693071
sin_homo,0.05,0,1.4034034034034035,0.13363123322953843
sin_homo,0.05,0,1.4134134134134135,0.10458589524094604
sin_homo,0.05,0,1.4234234234234235,0.10959617813756302
sin_homo,0.05,0,1.4334334334334335,0.09518234844071986
sin_homo,0.05,0,1.4434434434434436,0.122270998328588
sin_homo,0.05,0,1.4534534534534536,0.11803817446857641
sin_homo,0.05,0,1.4634634634634636,0.1117828109585733
sin_homo,0.05,0,1.4734734734734736,0.09912009780731734
sin_homo,0.05,0,1.4834834834834836,0.11418974454821511
sin_homo,0.05,0,1.4934934934934936,0.11358701912374124
sin_homo,0.05,0,1.5035035035035036,0.10009969470529748
sin_homo,0.05,0,1.5135135135135136,0.09877848939350178
sin_homo,0.05,0,1.5235235235235236,0.09535642259180632
sin_homo,0.05,0,1.5335335335335336,0.12697231993302982
sin_homo,0.05,0,1.5435435435435436,0.09738720595908125
sin_homo,0.05,0,1.5535535535535536,0.1303049560623326
sin_homo,0.05,0,1.5635635635635636,0.11476583857474429
sin_homo,0.05,0,1.5735735735735736,0.10183068576456608
sin_homo,0.05,0,1.5835835835835836,0.10743511872006259
sin_homo,0.05,0,1.5935935935935936,0.11658854222314989
sin_homo,0.05,0,1.6036036036036037,0.12286108942073128
sin_homo,0.05,0,1.6136136136136137,0.11066207310883967
sin_homo,0.05,0,1.6236236236236237,0.10654828606586628
sin_homo,0.05,0,1.6336336336336337,0.10166814964133403
sin_homo,0.05,0,1.6436436436436437,0.11561213523985243
sin_homo,0.05,0,1.6536536536536537,0.10509364751577392
sin_homo,0.05,0,1.6636636636636637,0.11134679925222248
sin_homo,0.05,0,1.6736736736736737,0.10783910747039199
sin_homo,0.05,0,1.6836836836836837,0.11780840712797899
sin_homo,0.05,0,1.6936936936936937,0.10577696418153375
sin_homo,0.05,0,1.7037037037037037,0.09958725335410457
sin_homo,0.05,0,1.7137137137137137,0.10554780029484698
sin_homo,0.05,0,1.7237237237237237,0.1182989915528918
sin_homo,0.05,0,1.7337337337337337,0.09530084221750845
sin_homo,0.05,0,1.7437437437437437,0.09737519589396279
sin_homo,0.05,0,1.7537537537537538,0.10731522613386009
sin_homo,0.05,0,1.7637637637637638,0.10188957506472938
sin_homo,0.05,0,1.7737737737737738,0.09998833971856695
sin_homo,0.05,0,1.7837837837837838,0.10301542149203555
sin_homo,0.05,0,1.7937937937937938,0.08064315029155082
sin_homo,0.05,0,1.8038038038038038,0.09827034193639404
sin_homo,0.05,0,1.8138138138138138,0.09235112083752703
sin_homo,0.05,0,1.8238238238238238,0.10122886988216226
sin_homo,0.05,0,1.8338338338338338,0.0984066946773521
sin_homo,0.05,0,1.8438438438438438,0.09458228452248281
sin_homo,0.05,0,1.8538538538538538,0.10469643159550301
sin_homo,0.05,0,1.8638638638638638,0.09041587413900591
sin_homo,0.05,0,1.8738738738738738,0.09414639385374786
sin_homo,0.05,0,1.8838838838838838,0.10080308391300784
sin_homo,0.05,0,1.8938938938938938,0.09729682089661726
sin_homo,0.05,0,1.9039039039039038,0.08088190312678607
sin_homo,0.05,0,1.9139139139139139,0.09731885709431375
sin_homo,0.05,0,1.9239239239239239,0.10035774247549405
sin_homo,0.05,0,1.9339339339339339,0.08956248461287836
sin_homo,0.05,0,1.9439439439439439,0.1041757673552946
sin_homo,0.05,0,1.9539539539539539,0.09718891090728977
sin_homo,0.05,0,1.9639639639639639,0.09009811016293731
sin_homo,0.05,0,1.973973973973974,0.09866077478953711
sin_homo,0.05,0,1.983983983983984,0.07361412215192036
sin_homo,0.05,0,1.993993993993994,0.11118584877870281
sin_homo,0.05,0,2.0040040040040044,0.10137084196553763
sin_homo,0.05,0,2.0140140140140144,0.10244153656042013
sin_homo,0.05,0,2.0240240240240244,0.08568266612976974
sin_homo,0.05,0,2.0340340340340344,0.0817464414386183
sin_homo,0.05,0,2.0440440440440444,0.10466534026111582
sin_homo,0.05,0,2.0540540540540544,0.09855035800828926
sin_homo,0.05,0,2.0640640640640644,0.08450156010437322
sin_homo,0.05,0,2.0740740740740744,0.0871014683348573
sin_homo,0.05,0,2.0840840840840844,0.10083704998950721
sin_homo,0.05,0,2.0940940940940944,0.09064543099887941
sin_homo,0.05,0,2.1041041041041044,0.07648754443674738
sin_homo,0.05,0,2.1141141141141144,0.09791481243733385
sin_homo,0.05,0,2.1241241241241244,0.09634092365621441
sin_homo,0.05,0,2.1341341341341344,0.08583267966962192
sin_homo,0.05,0,2.1441441441441444,0.08409686214128854
sin_homo,0.05,0,2.1541541541541545,0.0931031567746692
sin_homo,0.05,0,2.1641641641641645,0.0936704445366775
sin_homo,0.05,0,2.1741741741741745,0.09250009759007442
sin_homo,0.05,0,2.1841841841841845,0.08647593210316804
sin_homo,0.05,0,2.1941941941941945,0.08373211924411038
sin_homo,0.05,0,2.2042042042042045,0.09393676815261705
sin_homo,0.05,0,2.2142142142142145,0.0898871012792751
sin_homo,0.05,0,2.2242242242242245,0.08062365306755015
sin_homo,0.05,0,2.2342342342342345,0.09037759940117736
sin_homo,0.05,0,2.2442442442442445,0.08078380738398769
sin_homo,0.05,0,2.2542542542542545,0.0857136595870841
sin_homo,0.05,0,2.2642642642642645,0.08155065237999562
sin_homo,0.05,0,2.2742742742742745,0.08816105901382651
sin_homo,0.05,0,2.2842842842842845,0.07024023389780515
sin_homo,0.05,0,2.2942942942942945,0.08460831765879165
sin_homo,0.05,0,2.3043043043043046,0.08224279672384559
sin_homo,0.05,0,2.3143143143143146,0.07919151701145029
sin_homo,0.05,0,2.3243243243243246,0.08593412807685148
sin_homo,0.05,0,2.3343343343343346,0.079004221670565
sin_homo,0.05,0,2.3443443443443446,0.09178495382324647
sin_homo,0.05,0,2.3543543543543546,0.08168722214698446
sin_homo,0.05,0,2.3643643643643646,0.0842432511684422
sin_homo,0.05,0,2.3743743743743746,0.0751530717887188
sin_homo,0.05,0,2.3843843843843846,0.06576485941585203
sin_homo,0.05,0,2.3943943943943946,0.07593801680337256
sin_homo,0.05,0,2.4044044044044046,0.06429931278056418
sin_homo,0.05,0,2.4144144144144146,0.062127376105940144
sin_homo,0.05,0,2.4244244244244246,0.07760290702315521
sin_homo,0.05,0,2.4344344344344346,0.06812937978260901
sin_homo,0.05,0,2.4444444444444446,0.06918304728983672
sin_homo,0.05,0,2.4544544544544546,0.06591528749690666
sin_homo,0.05,0,2.4644644644644647,0.06257923272363451
sin_homo,0.05,0,2.4744744744744747,0.07093653831466168
sin_homo,0.05,0,2.4844844844844847,0.06560895137582538
sin_homo,0.05,0,2.4944944944944947,0.07617461616170149
sin_homo,0.05,0,2.5045045045045047,0.06705132466575223
sin_homo,0.05,0,2.5145145145145147,0.08520648514967848
sin_homo,0.05,0,2.5245245245245247,0.0835791208187922
sin_homo,0.05,0,2.5345345345345347,0.06650868703339541
sin_homo,0.05,0,2.5445445445445447,0.0656230507199687
sin_homo,0.05,0,2.5545545545545547,0.0576466234802784
sin_homo,0.05,0,2.5645645645645647,0.06903881732462407
sin_homo,0.05,0,2.5745745745745747,0.06994408104300841
sin_homo,0.05,0,2.5845845845845847,0.08026350301256029
sin_homo,0.05,0,2.5945945945945947,0.06471437380909738
sin_homo,0.05,0,2.6046046046046047,0.05759349834345515
sin_homo,0.05,0,2.6146146146146148,0.0710691354114605
sin_homo,0.05,0,2.6246246246246248,0.06918400703764195
sin_homo,0.05,0,2.6346346346346348,0.06264391038479716
sin_homo,0.05,0,2.6446446446446448,0.07118152504360285
sin_homo,0.05,0,2.6546546546546548,0.05953685995136132
sin_homo,0.05,0,2.664664664664665,0.06122799041532938
sin_homo,0.05,0,2.674674674674675,0.05473508162121563
sin_homo,0.05,0,2.684684684684685,0.05743985318516966
sin_homo,0.05,0,2.694694694694695,0.06597378393655744
sin_homo,0.05,0,2.704704704704705,0.0567614583473384
sin_homo,0.05,0,2.714714714714715,0.0527814095195127
sin_homo,0.05,0,2.724724724724725,0.06033594162242558
sin_homo,0.05,0,2.734734734734735,0.05782121430843505
sin_homo,0.05,0,2.744744744744745,0.05137525782659847
sin_homo,0.05,0,2.754754754754755,0.053648127678041675
sin_homo,0.05,0,2.764764764764765,0.05161194927141782
sin_homo,0.05,0,2.774774774774775,0.057928553340545856
sin_homo,0.05,0,2.784784784784785,0.04613939885547562
sin_homo,0.05,0,2.794794794794795,0.047752944291965194
sin_homo,0.05,0,2.804804804804805,0.04348025434890027
sin_homo,0.05,0,2.814814814814815,0.04932096777096224
sin_homo,0.05,0,2.824824824824825,0.054781714683208596
sin_homo,0.05,0,2.834834834834835,0.047520820960478785
sin_homo,0.05,0,2.844844844844845,0.04815662799021736
sin_homo,0.05,0,2.854854854854855,0.04759048067517086
sin_homo,0.05,0,2.864864864864865,0.049119270763223845
sin_homo,0.05,0,2.874874874874875,0.04072183302836897
sin_homo,0.05,0,2.884884884884885,0.04956390535885704
sin_homo,0.05,0,2.894894894894895,0.053140564268990345
sin_homo,0.05,0,2.904904904904905,0.04451207151510887
sin_homo,0.05,0,2.914914914914915,0.0467569284544326
sin_homo,0.05,0,2.924924924924925,0.04581880671739284
sin_homo,0.05,0,2.934934934934935,0.036148511272644
sin_homo,0.05,0,2.944944944944945,0.05340020627722903
sin_homo,0.05,0,2.954954954954955,0.05138275848314373
sin_homo,0.05,0,2.964964964964965,0.04784050819368718
sin_homo,0.05,0,2.974974974974975,0.04603169067227215
sin_homo,0.05,0,2.984984984984985,0.04214917362415478
sin_homo,0.05,0,2.994994994994995,0.04241704163099417
sin_homo,0.05,0,3.005005005005005,0.04187215057126685
sin_homo,0.05,0,3.015015015015015,0.033185903656139965
sin_homo,0.05,0,3.025025025025025,0.04182358560608767
sin_homo,0.05,0,3.035035035035035,0.03608204683219858
sin_homo,0.05,0,3.045045045045045,0.0348883114167108
sin_homo,0.05,0,3.055055055055055,0.03242487252234363
sin_homo,0.05,0,3.065065065065065,0.035654452698291324
sin_homo,0.05,0,3.075075075075075,0.03930208999806425
sin_homo,0.05,0,3.085085085085085,0.035430606355581526
sin_homo,0.05,0,3.095095095095095,0.03185159918814006
sin_homo,0.05,0,3.105105105105105,0.04172179234260858
sin_homo,0.05,0,3.115115115115115,0.033996646224295324
sin_homo,0.05,0,3.125125125125125,0.04008881556200597
sin_homo,0.05,0,3.135135135135135,0.04050898473511808
sin_homo,0.05,0,3.145145145145145,0.03861270976300818
sin_homo,0.05,0,3.155155155155155,0.0396400801513058
sin_homo,0.05,0,3.165165165165165,0.04102326363224601
sin_homo,0.05,0,3.175175175175175,0.04381780784368415
sin_homo,0.05,0,3.185185185185185,0.04042216783769076
sin_homo,0.05,0,3.195195195195195,0.03235615346344358
sin_homo,0.05,0,3.205205205205205,0.036629001760740826
sin_homo,0.05,0,3.215215215215215,0.03976296866750502
sin_homo,0.05,0,3.225225225225225,0.03972628395209446
sin_homo,0.05,0,3.235235235235235,0.042297966047848544
sin_homo,0.05,0,3.245245245245245,0.03530157447829997
sin_homo,0.05,0,3.255255255255255,0.04541291533001072
sin_homo,0.05,0,3.265265265265265,0.03285781961557529
sin_homo,0.05,0,3.275275275275275,0.04245070142029228
sin_homo,0.05,0,3.285285285285285,0.043065743676844646
sin_homo,0.05,0,3.295295295295295,0.0388947224427911
sin_homo,0.05,0,3.305305305305305,0.04138274955243842
sin_homo,0.05,0,3.315315315315315,0.04260879371178297
sin_homo,0.05,0,3.325325325325325,0.04216650823470093
sin_homo,0.05,0,3.335335335335335,0.04477339761519588
sin_homo,0.05,0,3.3453453453453452,0.04050327846191004
sin_homo,0.05,0,3.3553553553553552,0.04219739652313518
sin_homo,0.05,0,3.3653653653653652,0.04445079659397816
sin_homo,0.05,0,3.3753753753753752,0.04684738535068881
sin_homo,0.05,0,3.3853853853853852,0.03872509579784203
sin_homo,0.05,0,3.3953953953953953,0.05065899537449061
sin_homo,0.05,0,3.4054054054054053,0.04715774020035296
sin_homo,0.05,0,3.4154154154154153,0.04461958577689734
sin_homo,0.05,0,3.4254254254254253,0.053436856381004885
sin_homo,0.05,0,3.4354354354354353,0.04486227029221359
sin_homo,0.05,0,3.4454454454454453,0.05133716846851695
sin_homo,0.05,0,3.4554554554554553,0.05247397699210155
sin_homo,0.05,0,3.4654654654654653,0.05030558272385573
sin_homo,0.05,0,3.4754754754754753,0.05766924066559313
sin_homo,0.05,0,3.4854854854854853,0.04652572139513572
sin_homo,0.05,0,3.4954954954954953,0.05154715066460974
sin_homo,0.05,0,3.5055055055055053,0.051789324788941965
sin_homo,0.05,0,3.5155155155155153,0.05121142869245367
sin_homo,0.05,0,3.5255255255255253,0.0566544775980974
sin_homo,0.05,0,3.5355355355355353,0.05826485083128402
sin_homo,0.05,0,3.5455455455455454,0.0515621736011626
sin_homo,0.05,0,3.5555555555555554,0.05310763059234747
sin_homo,0.05,0,3.5655655655655654,0.05876917145562843
sin_homo,0.05,0,3.5755755755755754,0.06837749205388349
sin_homo,0.05,0,3.5855855855855854,0.06044278855797692
sin_homo,0.05,0,3.5955955955955954,0.05707286807227805
sin_homo,0.05,0,3.6056056056056054,0.06657050028483642
sin_homo,0.05,0,3.6156156156156154,0.06562802705389668
sin_homo,0.05,0,3.6256256256256254,0.05785409499474067
sin_homo,0.05,0,3.6356356356356354,0.05556340402850839
sin_homo,0.05,0,3.6456456456456454,0.05979022116102121
sin_homo,0.05,0,3.6556556556556554,0.05686506337002708
sin_homo,0.05,0,3.6656656656656654,0.06128167985186376
sin_homo,0.05,0,3.6756756756756754,0.07096501312707983
sin_homo,0.05,0,3.6856856856856854,0.05184358217620151
sin_homo,0.05,0,3.6956956956956954,0.06309947275206794
sin_homo,0.05,0,3.7057057057057055,0.06627330772454088
sin_homo,0.05,0,3.7157157157157155,0.06307495547774986
sin_homo,0.05,0,3.7257257257257255,0.0780445178955942
sin_homo,0.05,0,3.7357357357357355,0.07095524687200404
sin_homo,0.05,0,3.7457457457457455,0.07509636285434115
sin_homo,0.05,0,3.7557557557557555,0.07664801498576627
sin_homo,0.05,0,3.7657657657657655,0.06879469063289467
sin_homo,0.05,0,3.7757757757757755,0.0651620083676521
sin_homo,0.05,0,3.7857857857857855,0.07505992314555919
sin_homo,0.05,0,3.7957957957957955,0.07474729142022436
sin_homo,0.05,0,3.8058058058058055,0.0790573474863565
sin_homo,0.05,0,3.8158158158158155,0.07261608145073843
sin_homo,0.05,0,3.8258258258258255,0.074764408171963
sin_homo,0.05,0,3.8358358358358355,0.07737719521511022
sin_homo,0.05,0,3.8458458458458455,0.06667096365992589
sin_homo,0.05,0,3.8558558558558556,0.06690932445440004
sin_homo,0.05,0,3.8658658658658656,0.06579540875186847
sin_homo,0.05,0,3.8758758758758756,0.08663145569354966
sin_homo,0.05,0,3.8858858858858856,0.08238333162044592
sin_homo,0.05,0,3.8958958958958956,0.07133270883679464
sin_homo,0.05,0,3.9059059059059056,0.07780870269696585
sin_homo,0.05,0,3.9159159159159156,0.08629971789904985
sin_homo,0.05,0,3.9259259259259256,0.08475529179353479
sin_homo,0.05,0,3.9359359359359356,0.07101747415851675
sin_homo,0.05,0,3.9459459459459456,0.07231040309855752
sin_homo,0.05,0,3.9559559559559556,0.09704542591529158
sin_homo,0.05,0,3.9659659659659656,0.09616288667288772
sin_homo,0.05,0,3.9759759759759756,0.08708771841121712
sin_homo,0.05,0,3.9859859859859856,0.09216490527816008
sin_homo,0.05,0,3.9959959959959956,0.08556546307367667
sin_homo,0.05,0,4.006006006006006,0.08567997990002747
sin_homo,0.05,0,4.016016016016016,0.08102697148270135
sin_homo,0.05,0,4.026026026026026,0.07688974069709334
sin_homo,0.05,0,4.036036036036036,0.07847103974170747
sin_homo,0.05,0,4.046046046046046,0.0847852043043654
sin_homo,0.05,0,4.056056056056056,0.1035260041753439
sin_homo,0.05,0,4.066066066066066,0.0813120513181207
sin_homo,0.05,0,4.076076076076076,0.09571328851977687
sin_homo,0.05,0,4.086086086086086,0.09398817389644634
sin_homo,0.05,0,4.096096096096096,0.07736662193745053
sin_homo,0.05,0,4.106106106106106,0.09172059442608362
sin_homo,0.05,0,4.116116116116116,0.08449018004210296
sin_homo,0.05,0,4.126126126126126,0.08597388518752991
sin_homo,0.05,0,4.136136136136136,0.08660650763909702
sin_homo,0.05,0,4.146146146146146,0.08742344657901617
sin_homo,0.05,0,4.156156156156156,0.08587404165010927
sin_homo,0.05,0,4.166166166166166,0.09927299694357646
sin_homo,0.05,0,4.176176176176176,0.11375381110589951
sin_homo,0.05,0,4.186186186186186,0.09461122645474077
sin_homo,0.05,0,4.196196196196196,0.08432905464789776
sin_homo,0.05,0,4.206206206206206,0.09169863319272359
sin_homo,0.05,0,4.216216216216216,0.08595477814990356
sin_homo,0.05,0,4.226226226226226,0.10386990270241075
sin_homo,0.05,0,4.236236236236236,0.08409327651075234
sin_homo,0.05,0,4.246246246246246,0.08741524995572819
sin_homo,0.05,0,4.256256256256256,0.09760136826464054
sin_homo,0.05,0,4.266266266266266,0.10808442695654466
sin_homo,0.05,0,4.276276276276276,0.08970112661265495
sin_homo,0.05,0,4.286286286286286,0.11535081097187351
sin_homo,0.05,0,4.296296296296296,0.09366991591340659
sin_homo,0.05,0,4.306306306306306,0.1035876496575174
sin_homo,0.05,0,4.316316316316316,0.09475114110040858
sin_homo,0.05,0,4.326326326326326,0.09457700317555617
sin_homo,0.05,0,4.336336336336336,0.09187595972297519
sin_homo,0.05,0,4.346346346346346,0.10738747850559133
sin_homo,0.05,0,4.356356356356356,0.0878564198894779
sin_homo,0.05,0,4.366366366366366,0.08950976887782494
sin_homo,0.05,0,4.376376376376376,0.09783058684761059
sin_homo,0.05,0,4.386386386386386,0.08445035213853497
sin_homo,0.05,0,4.396396396396396,0.08324279709074024
sin_homo,0.05,0,4.406406406406406,0.09316994383199492
sin_homo,0.05,0,4.416416416416417,0.1282779950699995
sin_homo,0.05,0,4.426426426426427,0.09551819410543728
sin_homo,0.05,0,4.436436436436437,0.0872218162131309
sin_homo,0.05,0,4.446446446446447,0.10998011554324447
sin_homo,0.05,0,4.456456456456457,0.11213584093473762
sin_homo,0.05,0,4.466466466466467,0.09387706151590117
sin_homo,0.05,0,4.476476476476477,0.10745816992002076
sin_homo,0.05,0,4.486486486486487,0.10377973332604144
sin_homo,0.05,0,4.496496496496497,0.10180036399511536
sin_homo,0.05,0,4.506506506506507,0.11868726242655037
sin_homo,0.05,0,4.516516516516517,0.09014023843569358
sin_homo,0.05,0,4.526526526526527,0.0939329022099209
sin_homo,0.05,0,4.536536536536537,0.09046565023022395
sin_homo,0.05,0,4.546546546546547,0.09585285125735062
sin_homo,0.05,0,4.556556556556557,0.10967934419031845
sin_homo,0.05,0,4.566566566566567,0.08821266381971116
sin_homo,0.05,0,4.576576576576577,0.11137091804642932
sin_homo,0.05,0,4.586586586586587,0.11031729709699138
sin_homo,0.05,0,4.596596596596597,0.1157181215315579
sin_homo,0.05,0,4.606606606606607,0.10877002808147818
sin_homo,0.05,0,4.616616616616617,0.10661095943085663
sin_homo,0.05,0,4.626626626626627,0.0992662020988115
sin_homo,0.05,0,4.636636636636637,0.09900725461021896
sin_homo,0.05,0,4.646646646646647,0.11412920696093748
sin_homo,0.05,0,4.656656656656657,0.10446423240052213
sin_homo,0.05,0,4.666666666666667,0.11528568209630431
sin_homo,0.05,0,4.676676676676677,0.11930929629854124
sin_homo,0.05,0,4.686686686686687,0.11209146777768096
sin_homo,0.05,0,4.696696696696697,0.1075462761855391
sin_homo,0.05,0,4.706706706706707,0.10970951005890923
sin_homo,0.05,0,4.716716716716717,0.10186750177022301
sin_homo,0.05,0,4.726726726726727,0.10670714331988995
sin_homo,0.05,0,4.736736736736737,0.1030034098216141
sin_homo,0.05,0,4.746746746746747,0.11312741468710963
sin_homo,0.05,0,4.756756756756757,0.11662222898894656
sin_homo,0.05,0,4.766766766766767,0.11284917162047613
sin_homo,0.05,0,4.776776776776777,0.11882379922073234
sin_homo,0.05,0,4.786786786786787,0.1108328257880134
sin_homo,0.05,0,4.796796796796797,0.11241181345062379
sin_homo,0.05,0,4.806806806806807,0.1153228232139155
sin_homo,0.05,0,4.816816816816817,0.10711344879829346
sin_homo,0.05,0,4.826826826826827,0.11521382812799671
sin_homo,0.05,0,4.836836836836837,0.10745824265422743
sin_homo,0.05,0,4.846846846846847,0.09342415671429963
sin_homo,0.05,0,4.856856856856857,0.1060509887676555
sin_homo,0.05,0,4.866866866866867,0.09937053584424453
sin_homo,0.05,0,4.876876876876877,0.12266284402624981
sin_homo,0.05,0,4.886886886886887,0.09816933592796241
sin_homo,0.05,0,4.896896896896897,0.09878660493328444
sin_homo,0.05,0,4.906906906906907,0.10834799594077088
sin_homo,0.05,0,4.916916916916917,0.12058906974313746
sin_homo,0.05,0,4.926926926926927,0.11902165684983997
sin_homo,0.05,0,4.936936936936937,0.11289004378091425
sin_homo,0.05,0,4.946946946946947,0.11974430257032963
sin_homo,0.05,0,4.956956956956957,0.11102912562336953
sin_homo,0.05,0,4.966966966966967,0.11198374367984477
sin_homo,0.05,0,4.976976976976977,0.12639093759497388
sin_homo,0.05,0,4.986986986986987,0.11945420220784879
sin_homo,0.05,0,4.996996996996997,0.1214579102193153
sin_homo,0.05,0,5.007007007007007,0.10582879857637639
sin_homo,0.05,0,5.017017017017017,0.10417702337146621
sin_homo,0.05,0,5.027027027027027,0.10743003794032528
sin_homo,0.05,0,5.037037037037037,0.10800610687391725
sin_homo,0.05,0,5.047047047047047,0.11598123261810114
sin_homo,0.05,0,5.057057057057057,0.13123256737923025
sin_homo,0.05,0,5.067067067067067,0.1282012240308138
sin_homo,0.05,0,5.077077077077077,0.11575987415054877
sin_homo,0.05,0,5.087087087087087,0.11188119720884394
sin_homo,0.05,0,5.097097097097097,0.1153011066517278
sin_homo,0.05,0,5.107107107107107,0.09447621880531269
sin_homo,0.05,0,5.117117117117117,0.09513646688291165
sin_homo,0.05,0,5.127127127127127,0.11943159490524093
sin_homo,0.05,0,5.137137137137137,0.11397948510302776
sin_homo,0.05,0,5.147147147147147,0.09734743317106799
sin_homo,0.05,0,5.157157157157157,0.10413197680770676
sin_homo,0.05,0,5.167167167167167,0.10134765692198573
sin_homo,0.05,0,5.177177177177177,0.10877958578152079
sin_homo,0.05,0,5.187187187187187,0.09784531209400392
sin_homo,0.05,0,5.197197197197197,0.11075933285732945
sin_homo,0.05,0,5.207207207207207,0.10630256466062815
sin_homo,0.05,0,5.217217217217217,0.11756855644300743
sin_homo,0.05,0,5.227227227227227,0.1139106543299507
sin_homo,0.05,0,5.237237237237237,0.1152783147944106
sin_homo,0.05,0,5.247247247247247,0.11483644833699252
sin_homo,0.05,0,5.257257257257257,0.11497310119298686
sin_homo,0.05,0,5.267267267267267,0.11846565352882919
sin_homo,0.05,0,5.277277277277277,0.09974364175754438
sin_homo,0.05,0,5.287287287287287,0.10742783025107323
sin_homo,0.05,0,5.297297297297297,0.12612809242867473
sin_homo,0.05,0,5.307307307307307,0.10921306843442088
sin_homo,0.05,0,5.317317317317317,0.12501885667200915
sin_homo,0.05,0,5.327327327327327,0.11431806666003731
sin_homo,0.05,0,5.337337337337337,0.13197695834036535
sin_homo,0.05,0,5.347347347347347,0.12614803653790305
sin_homo,0.05,0,5.357357357357357,0.1260677414819274
sin_homo,0.05,0,5.367367367367367,0.12371136601433805
sin_homo,0.05,0,5.377377377377377,0.1106642275783872
sin_homo,0.05,0,5.387387387387387,0.1104482392926575
sin_homo,0.05,0,5.397397397397397,0.11977983361140689
sin_homo,0.05,0,5.407407407407407,0.10163057283267256
sin_homo,0.05,0,5.4174174174174174,0.11999856267508509
sin_homo,0.05,0,5.4274274274274275,0.11168797316266589
sin_homo,0.05,0,5.4374374374374375,0.10793368778484577
sin_homo,0.05,0,5.4474474474474475,0.1279259964493527
sin_homo,0.05,0,5.4574574574574575,0.11287636650315461
sin_homo,0.05,0,5.4674674674674675,0.11975767857813957
sin_homo,0.05,0,5.4774774774774775,0.12183075879105554
sin_homo,0.05,0,5.4874874874874875,0.10475670936814349
sin_homo,0.05,0,5.4974974974974975,0.1035253133105536
sin_homo,0.05,0,5.5075075075075075,0.12356692239696321
sin_homo,0.05,0,5.5175175175175175,0.11695078368951457
sin_homo,0.05,0,5.5275275275275275,0.11199086018106165
sin_homo,0.05,0,5.5375375375375375,0.12223249921426174
sin_homo,0.05,0,5.5475475475475475,0.10189047801414428
sin_homo,0.05,0,5.5575575575575575,0.10073514931300313
sin_homo,0.05,0,5.5675675675675675,0.10074525852515163
sin_homo,0.05,0,5.5775775775775776,0.11818826218713
sin_homo,0.05,0,5.587587587587588,0.1066632933269274
sin_homo,0.05,0,5.597597597597598,0.11651887595738306
sin_homo,0.05,0,5.607607607607608,0.1156409043359069
sin_homo,0.05,0,5.617617617617618,0.10410859592961592
sin_homo,0.05,0,5.627627627627628,0.1021983834326428
sin_homo,0.05,0,5.637637637637638,0.11267968517398474
sin_homo,0.05,0,5.647647647647648,0.11636033814383066
sin_homo,0.05,0,5.657657657657658,0.12352411784232191
sin_homo,0.05,0,5.667667667667668,0.11853260335269904
sin_homo,0.05,0,5.677677677677678,0.1390555563634416
sin_homo,0.05,0,5.687687687687688,0.13982573513178773
sin_homo,0.05,0,5.697697697697698,0.1295162437288866
sin_homo,0.05,0,5.707707707707708,0.11850801235694815
sin_homo,0.05,0,5.717717717717718,0.13296705972292866
sin_homo,0.05,0,5.727727727727728,0.13564223031230146
sin_homo,0.05,0,5.737737737737738,0.10982452804341498
sin_homo,0.05,0,5.747747747747748,0.10843890288224885
sin_homo,0.05,0,5.757757757757758,0.12791489357856697
sin_homo,0.05,0,5.767767767767768,0.10980857068226488
sin_homo,0.05,0,5.777777777777778,0.10923672263346729
sin_homo,0.05,0,5.787787787787788,0.1239570522324551
sin_homo,0.05,0,5.797797797797798,0.11472396975284081
sin_homo,0.05,0,5.807807807807808,0.1276086815407993
sin_homo,0.05,0,5.817817817817818,0.1104343644343209
sin_homo,0.05,0,5.827827827827828,0.10451607221407001
sin_homo,0.05,0,5.837837837837838,0.11354827011110268
sin_homo,0.05,0,5.847847847847848,0.11644807963605598
sin_homo,0.05,0,5.857857857857858,0.12074192206047024
sin_homo,0.05,0,5.867867867867868,0.12144694325027115
sin_homo,0.05,0,5.877877877877878,0.12449033493027763
sin_homo,0.05,0,5.887887887887888,0.12903398497939905
sin_homo,0.05,0,5.897897897897898,0.10971469488467993
sin_homo,0.05,0,5.907907907907908,0.1134752702123723
sin_homo,0.05,0,5.917917917917918,0.11312921545890255
sin_homo,0.05,0,5.927927927927928,0.11438170468945477
sin_homo,0.05,0,5.937937937937938,0.12875148904718955
sin_homo,0.05,0,5.947947947947948,0.12125734893827325
sin_homo,0.05,0,5.957957957957958,0.12759513202390285
sin_homo,0.05,0,5.967967967967968,0.1300314902307868
sin_homo,0.05,0,5.977977977977978,0.11123606136631395
sin_homo,0.05,0,5.987987987987988,0.1301365073728629
sin_homo,0.05,0,5.997997997997998,0.10795353100823907
sin_homo,0.05,0,6.008008008008009,0.12209888500224249
sin_homo,0.05,0,6.018018018018019,0.12174453721124416
sin_homo,0.05,0,6.028028028028029,0.10836693004978568
sin_homo,0.05,0,6.038038038038039,0.1260073378315207
sin_homo,0.05,0,6.048048048048049,0.12189188617367928
sin_homo,0.05,0,6.058058058058059,0.11646022036662697
sin_homo,0.05,0,6.068068068068069,0.12196254224389994
sin_homo,0.05,0,6.078078078078079,0.14681279941074737
sin_homo,0.05,0,6.088088088088089,0.11017223436208169
sin_homo,0.05,0,6.098098098098099,0.11094379578103962
sin_homo,0.05,0,6.108108108108109,0.11889199994914924
sin_homo,0.05,0,6.118118118118119,0.14697778118136726
sin_homo,0.05,0,6.128128128128129,0.12566139224196232
sin_homo,0.05,0,6.138138138138139,0.12319406521851753
sin_homo,0.05,0,6.148148148148149,0.11444796743507313
sin_homo,0.05,0,6.158158158158159,0.1307901620267226
sin_homo,0.05,0,6.168168168168169,0.12907345060481643
sin_homo,0.05,0,6.178178178178179,0.12399097106499402
sin_homo,0.05,0,6.188188188188189,0.10459206363983589
sin_homo,0.05,0,6.198198198198199,0.11923133190189192
sin_homo,0.05,0,6.208208208208209,0.10364144619205048
sin_homo,0.05,0,6.218218218218219,0.12480224411095271
sin_homo,0.05,0,6.228228228228229,0.12312788411675402
sin_homo,0.05,0,6.238238238238239,0.134021865574053
sin_homo,0.05,0,6.248248248248249,0.1168306954931624
sin_homo,0.05,0,6.258258258258259,0.12702518039181862
sin_homo,0.05,0,6.268268268268269,0.12491298815082065
sin_homo,0.05,0,6.278278278278279,0.12608920102151788
sin_homo,0.05,0,6.288288288288289,0.11680083677075231
sin_homo,0.05,0,6.298298298298299,0.11224203988286206
sin_homo,0.05,0,6.308308308308309,0.1322340308067674
sin_homo,0.05,0,6.318318318318319,0.12093751717488922
sin_homo,0.05,0,6.328328328328329,0.11010402551950811
sin_homo,0.05,0,6.338338338338339,0.14048727327921245
sin_homo,0.05,0,6.348348348348349,0.13061934903261138
sin_homo,0.05,0,6.358358358358359,0.11448038499732217
sin_homo,0.05,0,6.368368368368369,0.11547301217002011
sin_homo,0.05,0,6.378378378378379,0.12688184380987913
sin_homo,0.05,0,6.388388388388389,0.1316022868568063
sin_homo,0.05,0,6.398398398398399,0.12465983362075822
sin_homo,0.05,0,6.408408408408409,0.1002203335348318
sin_homo,0.05,0,6.418418418418419,0.12106279901366633
sin_homo,0.05,0,6.428428428428429,0.12743836467783953
sin_homo,0.05,0,6.438438438438439,0.12146371724961448
sin_homo,0.05,0,6.448448448448449,0.1214117869246904
sin_homo,0.05,0,6.458458458458459,0.1222114654726055
sin_homo,0.05,0,6.468468468468469,0.12245737932246202
sin_homo,0.05,0,6.478478478478479,0.12486500641377948
sin_homo,0.05,0,6.488488488488489,0.11797503656138644
sin_homo,0.05,0,6.498498498498499,0.10999222677051822
sin_homo,0.05,0,6.508508508508509,0.11376159393069869
sin_homo,0.05,0,6.518518518518519,0.1142634493025361
sin_homo,0.05,0,6.528528528528529,0.14241416600022608
sin_homo,0.05,0,6.538538538538539,0.1345172780454047
sin_homo,0.05,0,6.548548548548549,0.12861874533903578
sin_homo,0.05,0,6.558558558558559,0.12174188417386354
sin_homo,0.05,0,6.568568568568569,0.15111195943009106
sin_homo,0.05,0,6.578578578578579,0.11847318366388394
sin_homo,0.05,0,6.588588588588589,0.10914750571365327
sin_homo,0.05,0,6.598598598598599,0.10969658971167913
sin_homo,0.05,0,6.608608608608609,0.11634866589139956
sin_homo,0.05,0,6.618618618618619,0.12587737902187074
sin_homo,0.05,0,6.628628628628629,0.10787070307415807
sin_homo,0.05,0,6.638638638638639,0.14225864782924005
sin_homo,0.05,0,6.648648648648649,0.12934190022170108
sin_homo,0.05,0,6.658658658658659,0.1129513901324996
sin_homo,0.05,0,6.668668668668669,0.11828247707153575
sin_homo,0.05,0,6.678678678678679,0.12766498915611108
sin_homo,0.05,0,6.688688688688689,0.10859227613311842
sin_homo,0.05,0,6.698698698698699,0.12747573985512317
sin_homo,0.05,0,6.708708708708709,0.12520060430303495
sin_homo,0.05,0,6.718718718718719,0.13868811267145623
sin_homo,0.05,0,6.728728728728729,0.11963758227930446
sin_homo,0.05,0,6.738738738738739,0.12471271950945248
sin_homo,0.05,0,6.748748748748749,0.12220894849594678
sin_homo,0.05,0,6.758758758758759,0.11802879317038557
sin_homo,0.05,0,6.768768768768769,0.1161914299779518
sin_homo,0.05,0,6.778778778778779,0.12354031835042154
sin_homo,0.05,0,6.788788788788789,0.13730048015326765
sin_homo,0.05,0,6.798798798798799,0.1210896001269192
sin_homo,0.05,0,6.808808808808809,0.12800149245470185
sin_homo,0.05,0,6.818818818818819,0.1469851159500708
sin_homo,0.05,0,6.828828828828829,0.11849246648084366
sin_homo,0.05,0,6.838838838838839,0.1280665835363
sin_homo,0.05,0,6.848848848848849,0.13004727630145319
sin_homo,0.05,0,6.858858858858859,0.14439374430848925
sin_homo,0.05,0,6.868868868868869,0.11067301352792472
sin_homo,0.05,0,6.878878878878879,0.12690634209687557
sin_homo,0.05,0,6.888888888888889,0.1203948419799077
sin_homo,0.05,0,6.898898898898899,0.1349185538220375
sin_homo,0.05,0,6.908908908908909,0.14916664666981497
sin_homo,0.05,0,6.918918918918919,0.12198628532944414
sin_homo,0.05,0,6.928928928928929,0.12995196224316488
sin_homo,0.05,0,6.938938938938939,0.11670212243760796
sin_homo,0.05,0,6.948948948948949,0.12941398360853804
sin_homo,0.05,0,6.958958958958959,0.11372965237470548
sin_homo,0.05,0,6.968968968968969,0.11874109654133921
sin_homo,0.05,0,6.978978978978979,0.15493257594102863
sin_homo,0.05,0,6.988988988988989,0.1232482968651076
sin_homo,0.05,0,6.998998998998999,0.14197930978713685
sin_homo,0.05,0,7.009009009009009,0.12544805036617107
sin_homo,0.05,0,7.019019019019019,0.12418265728745827
sin_homo,0.05,0,7.029029029029029,0.12744714160552756
sin_homo,0.05,0,7.039039039039039,0.11185856491472132
sin_homo,0.05,0,7.049049049049049,0.11988973237448296
sin_homo,0.05,0,7.059059059059059,0.138466308043806
sin_homo,0.05,0,7.069069069069069,0.1424185683923708
sin_homo,0.05,0,7.079079079079079,0.12088054347036581
sin_homo,0.05,0,7.089089089089089,0.11596616850674818
sin_homo,0.05,0,7.099099099099099,0.13512278848155257
sin_homo,0.05,0,7.109109109109109,0.13205242725096453
sin_homo,0.05,0,7.119119119119119,0.12880008143566343
sin_homo,0.05,0,7.129129129129129,0.14672032351886374
sin_homo,0.05,0,7.1391391391391394,0.10036730032797207
sin_homo,0.05,0,7.1491491491491495,0.11464193994403821
sin_homo,0.05,0,7.1591591591591595,0.09502787448842387
sin_homo,0.05,0,7.1691691691691695,0.12993079793019902
sin_homo,0.05,0,7.1791791791791795,0.13659502693662265
sin_homo,0.05,0,7.1891891891891895,0.09931452975795921
sin_homo,0.05,0,7.1991991991991995,0.13534932193445415
sin_homo,0.05,0,7.2092092092092095,0.14383243950859828
sin_homo,0.05,0,7.2192192192192195,0.11718933661885962
sin_homo,0.05,0,7.2292292292292295,0.13925401313278832
sin_homo,0.05,0,7.2392392392392395,0.1058857770712208
sin_homo,0.05,0,7.2492492492492495,0.13567027628102
sin_homo,0.05,0,7.2592592592592595,0.1235733026085682
sin_homo,0.05,0,7.2692692692692695,0.1278892221429276
sin_homo,0.05,0,7.2792792792792795,0.10984083814130799
sin_homo,0.05,0,7.2892892892892895,0.11143720920227279
sin_homo,0.05,0,7.2992992992992995,0.13845959247793355
sin_homo,0.05,0,7.3093093093093096,0.13193007125563155
sin_homo,0.05,0,7.31931931931932,0.12466397763349621
sin_homo,0.05,0,7.32932932932933,0.13586444905565376
sin_homo,0.05,0,7.33933933933934,0.13621558659311161
sin_homo,0.05,0,7.34934934934935,0.15556358839117165
sin_homo,0.05,0,7.35935935935936,0.11654702687346934
sin_homo,0.05,0,7.36936936936937,0.12003195854813255
sin_homo,0.05,0,7.37937937937938,0.10169274468289281
sin_homo,0.05,0,7.38938938938939,0.1210708523744168
sin_homo,0.05,0,7.3993993993994,0.1261800663983132
sin_homo,0.05,0,7.40940940940941,0.13445152103186314
sin_homo,0.05,0,7.41941941941942,0.11305540362990063
sin_homo,0.05,0,7.42942942942943,0.13405116938936976
sin_homo,0.05,0,7.43943943943944,0.12437249046300057
sin_homo,0.05,0,7.44944944944945,0.12906832694514353
sin_homo,0.05,0,7.45945945945946,0.1145308760545894
sin_homo,0.05,0,7.46946946946947,0.11544937481607315
sin_homo,0.05,0,7.47947947947948,0.1302959073305542
sin_homo,0.05,0,7.48948948948949,0.11439072691336982
sin_homo,0.05,0,7.4994994994995,0.12026001852973373
sin_homo,0.05,0,7.50950950950951,0.13159511248494482
sin_homo,0.05,0,7.51951951951952,0.12944721743367346
sin_homo,0.05,0,7.52952952952953,0.1337567279796876
sin_homo,0.05,0,7.53953953953954,0.11437888495274459
sin_homo,0.05,0,7.54954954954955,0.13350896602004192
sin_homo,0.05,0,7.55955955955956,0.12574581018267483
sin_homo,0.05,0,7.56956956956957,0.1615914778970635
sin_homo,0.05,0,7.57957957957958,0.11890050175392618
sin_homo,0.05,0,7.58958958958959,0.12258290938320276
sin_homo,0.05,0,7.5995995995996,0.11615934484427144
sin_homo,0.05,0,7.60960960960961,0.11868804226805083
sin_homo,0.05,0,7.61961961961962,0.13842282690302152
sin_homo,0.05,0,7.62962962962963,0.13108818295052632
sin_homo,0.05,0,7.63963963963964,0.13796003090576422
sin_homo,0.05,0,7.64964964964965,0.1347384357580424
sin_homo,0.05,0,7.65965965965966,0.13175831464255827
sin_homo,0.05,0,7.66966966966967,0.1349366080527773
sin_homo,0.05,0,7.67967967967968,0.11802775773549723
sin_homo,0.05,0,7.68968968968969,0.14627662615763004
sin_homo,0.05,0,7.6996996996997,0.10299990804240755
sin_homo,0.05,0,7.70970970970971,0.13426092853159546
sin_homo,0.05,0,7.71971971971972,0.14093418317444492
sin_homo,0.05,0,7.72972972972973,0.14018719654107456
sin_homo,0.05,0,7.73973973973974,0.12625470737969033
sin_homo,0.05,0,7.74974974974975,0.1247142615534982
sin_homo,0.05,0,7.75975975975976,0.12533276084429876
sin_homo,0.05,0,7.76976976976977,0.12086961612386445
sin_homo,0.05,0,7.77977977977978,0.13134365089664715
sin_homo,0.05,0,7.78978978978979,0.137439899238511
sin_homo,0.05,0,7.7997997997998,0.1326251223718894
sin_homo,0.05,0,7.80980980980981,0.1222203670552195
sin_homo,0.05,0,7.81981981981982,0.132003162584562
sin_homo,0.05,0,7.82982982982983,0.12785999201054274
sin_homo,0.05,0,7.83983983983984,0.11260615775382339
sin_homo,0.05,0,7.84984984984985,0.1326018539178128
sin_homo,0.05,0,7.85985985985986,0.11545217156999343
sin_homo,0.05,0,7.86986986986987,0.11697939878277036
sin_homo,0.05,0,7.87987987987988,0.12963342811284745
sin_homo,0.05,0,7.88988988988989,0.12110277301827602
sin_homo,0.05,0,7.8998998998999,0.13033958990243774
sin_homo,0.05,0,7.90990990990991,0.15087342349819183
sin_homo,0.05,0,7.91991991991992,0.13783952638121652
sin_homo,0.05,0,7.92992992992993,0.14804066173616376
sin_homo,0.05,0,7.93993993993994,0.14041148070809992
sin_homo,0.05,0,7.94994994994995,0.11554741150393036
sin_homo,0.05,0,7.95995995995996,0.13396042459406135
sin_homo,0.05,0,7.96996996996997,0.12535623100093995
sin_homo,0.05,0,7.97997997997998,0.10723703266864887
sin_homo,0.05,0,7.98998998998999,0.11142293985801638
sin_homo,0.05,0,8.0,0.11926022590596391
sin_homo,0.05,1,-2.0,0.13930632968004572
sin_homo,0.05,1,-1.98998998998999,0.14434682704462937
sin_homo,0.05,1,-1.97997997997998,0.14715355586199785
sin_homo,0.05,1,-1.96996996996997,0.1437167094226373
sin_homo,0.05,1,-1.95995995995996,0.13349734247683656
sin_homo,0.05,1,-1.94994994994995,0.15275319831747008
sin_homo,0.05,1,-1.93993993993994,0.14626487561615706
sin_homo,0.05,1,-1.92992992992993,0.15068216641746926
sin_homo,0.05,1,-1.91991991991992,0.11512650553728952
sin_homo,0.05,1,-1.90990990990991,0.11734087621035083
sin_homo,0.05,1,-1.8998998998999,0.14250513788305702
sin_homo,0.05,1,-1.88988988988989,0.12644328272802968
sin_homo,0.05,1,-1.87987987987988,0.11842752281412838
sin_homo,0.05,1,-1.86986986986987,0.1321195105587329
sin_homo,0.05,1,-1.85985985985986,0.15339070940128863
sin_homo,0.05,1,-1.84984984984985,0.12884084403627763
sin_homo,0.05,1,-1.83983983983984,0.13679884547908766
sin_homo,0.05,1,-1.82982982982983,0.1301751568195016
sin_homo,0.05,1,-1.8198198198198199,0.13356831420192358
sin_homo,0.05,1,-1.8098098098098099,0.14946216790890463
sin_homo,0.05,1,-1.7997997997997999,0.15183372619934207
sin_homo,0.05,1,-1.7897897897897899,0.13727279809047926
sin_homo,0.05,1,-1.7797797797797799,0.13576839511448804
sin_homo,0.05,1,-1.7697697697697699,0.13036953164720536
sin_homo,0.05,1,-1.7597597597597598,0.13046448829406565
sin_homo,0.05,1,-1.7497497497497498,0.15271168308538507
sin_homo,0.05,1,-1.7397397397397398,0.12929541777591
sin_homo,0.05,1,-1.7297297297297298,0.11939401910437801
sin_homo,0.05,1,-1.7197197197197198,0.13224511758205615
sin_homo,0.05,1,-1.7097097097097098,0.1336419014230143
sin_homo,0.05,1,-1.6996996996996998,0.130531764652736
sin_homo,0.05,1,-1.6896896896896898,0.1423152732900263
sin_homo,0.05,1,-1.6796796796796798,0.13316879433131465
sin_homo,0.05,1,-1.6696696696696698,0.12150286573776212
sin_homo,0.05,1,-1.6596596596596598,0.1324063030721171
sin_homo,0.05,1,-1.6496496496496498,0.12165272340677125
sin_homo,0.05,1,-1.6396396396396398,0.13576728970541727
sin_homo,0.05,1,-1.6296296296296298,0.11978773717419937
sin_homo,0.05,1,-1.6196196196196198,0.14417388958336796
sin_homo,0.05,1,-1.6096096096096097,0.1405874014410534
sin_homo,0.05,1,-1.5995995995995997,0.1235437648966226
sin_homo,0.05,1,-1.5895895895895895,0.1427426897092661
sin_homo,0.05,1,-1.5795795795795795,0.13420214656054766
sin_homo,0.05,1,-1.5695695695695695,0.11878885103761085
sin_homo,0.05,1,-1.5595595595595595,0.15363425523446503
sin_homo,0.05,1,-1.5495495495495495,0.13061918109082166
sin_homo,0.05,1,-1.5395395395395395,0.1475210348158825
sin_homo,0.05,1,-1.5295295295295295,0.14879877446858344
sin_homo,0.05,1,-1.5195195195195195,0.12153404090095964
sin_homo,0.05,1,-1.5095095095095095,0.13640655073096183
sin_homo,0.05,1,-1.4994994994994995,0.11692397462628606
sin_homo,0.05,1,-1.4894894894894894,0.11644019914323245
sin_homo,0.05,1,-1.4794794794794794,0.13963266759130002
sin_homo,0.05,1,-1.4694694694694694,0.12942080058077707
sin_homo,0.05,1,-1.4594594594594594,0.1352265295963978
sin_homo,0.05,1,-1.4494494494494494,0.13728687490179442
sin_homo,0.05,1,-1.4394394394394394,0.11733455975304566
sin_homo,0.05,1,-1.4294294294294294,0.12933064440913575
sin_homo,0.05,1,-1.4194194194194194,0.12839686760422753
sin_homo,0.05,1,-1.4094094094094094,0.1268428710679446
sin_homo,0.05,1,-1.3993993993993994,0.1388820522880213
sin_homo,0.05,1,-1.3893893893893894,0.1396251464704994
sin_homo,0.05,1,-1.3793793793793794,0.11698017178742133
sin_homo,0.05,1,-1.3693693693693694,0.12686194436179812
sin_homo,0.05,1,-1.3593593593593594,0.132320542801699
sin_homo,0.05,1,-1.3493493493493494,0.1181099844611485
sin_homo,0.05,1,-1.3393393393393394,0.15060934584600616
sin_homo,0.05,1,-1.3293293293293293,0.1234759844822648
sin_homo,0.05,1,-1.3193193193193193,0.15270707684169263
sin_homo,0.05,1,-1.3093093093093093,0.13609871051804415
sin_homo,0.05,1,-1.2992992992992993,0.11091136242213893
sin_homo,0.05,1,-1.2892892892892893,0.14023923147905454
sin_homo,0.05,1,-1.2792792792792793,0.13322435210854988
sin_homo,0.05,1,-1.2692692692692693,0.11948118670564765
sin_homo,0.05,1,-1.2592592592592593,0.1253681698106386
sin_homo,0.05,1,-1.2492492492492493,0.1354153939193682
sin_homo,0.05,1,-1.2392392392392393,0.12561088765233971
sin_homo,0.05,1,-1.2292292292292293,0.12838005677244888
sin_homo,0.05,1,-1.2192192192192193,0.1310055664755639
sin_homo,0.05,1,-1.2092092092092093,0.14195218367653717
sin_homo,0.05,1,-1.1991991991991993,0.13166487092384865
sin_homo,0.05,1,-1.189189189189189,0.13832476452998801
sin_homo,0.05,1,-1.179179179179179,0.1350444032912014
sin_homo,0.05,1,-1.169169169169169,0.12906114983538092
sin_homo,0.05,1,-1.159159159159159,0.11380059224151233
sin_homo,0.05,1,-1.149149149149149,0.12290771171451344
sin_homo,0.05,1,-1.139139139139139,0.11574532507622208
sin_homo,0.05,1,-1.129129129129129,0.12212558335823792
sin_homo,0.05,1,-1.119119119119119,0.14414660009796096
sin_homo,0.05,1,-1.109109109109109,0.13475195025896033
sin_homo,0.05,1,-1.099099099099099,0.13219945653697818
sin_homo,0.05,1,-1.089089089089089,0.12253641758012127
sin_homo,0.05,1,-1.079079079079079,0.13489478704286684
sin_homo,0.05,1,-1.069069069069069,0.12784569785637723
sin_homo,0.05,1,-1.059059059059059,0.10115429092775119
sin_homo,0.05,1,-1.049049049049049,0.13509373155710716
sin_homo,0.05,1,-1.039039039039039,0.14017573969531288
sin_homo,0.05,1,-1.029029029029029,0.13883153244786234
sin_homo,0.05,1,-1.019019019019019,0.13614435016074303
sin_homo,0.05,1,-1.009009009009009,0.12274382047993981
sin_homo,0.05,1,-0.9989989989989989,0.12404772348134945
sin_homo,0.05,1,-0.9889889889889889,0.141614317988947
sin_homo,0.05,1,-0.9789789789789789,0.13349433782740086
sin_homo,0.05,1,-0.9689689689689689,0.1373274637990076
sin_homo,0.05,1,-0.9589589589589589,0.11065412596583375
sin_homo,0.05,1,-0.9489489489489489,0.12649073589599447
sin_homo,0.05,1,-0.9389389389389389,0.1262390295546556
sin_homo,0.05,1,-0.9289289289289289,0.13398879640204187
sin_homo,0.05,1,-0.9189189189189189,0.12895287492972166
sin_homo,0.05,1,-0.9089089089089089,0.12681588547362596
sin_homo,0.05,1,-0.8988988988988988,0.13596551651335653
sin_homo,0.05,1,-0.8888888888888888,0.12714597673434186
sin_homo,0.05,1,-0.8788788788788788,0.10764425230589833
sin_homo,0.05,1,-0.8688688688688688,0.13027738419537396
sin_homo,0.05,1,-0.8588588588588588,0.13117792614290494
sin_homo,0.05,1,-0.8488488488488488,0.12310867103122544
sin_homo,0.05,1,-0.8388388388388388,0.13645996417944864
sin_homo,0.05,1,-0.8288288288288288,0.1297158745698835
sin_homo,0.05,1,-0.8188188188188188,0.11990224410182904
sin_homo,0.05,1,-0.8088088088088088,0.14747766116764693
sin_homo,0.05,1,-0.7987987987987988,0.12425310002386963
sin_homo,0.05,1,-0.7887887887887888,0.12504300233707732
sin_homo,0.05,1,-0.7787787787787788,0.13028843500628431
sin_homo,0.05,1,-0.7687687687687688,0.11902545257659444
sin_homo,0.05,1,-0.7587587587587588,0.12412838979480266
sin_homo,0.05,1,-0.7487487487487487,0.13351140802706993
sin_homo,0.05,1,-0.7387387387387387,0.1422223003039467
sin_homo,0.05,1,-0.7287287287287287,0.13972998670234038
sin_homo,0.05,1,-0.7187187187187187,0.14634952928716682
sin_homo,0.05,1,-0.7087087087087087,0.12523234042659703
sin_homo,0.05,1,-0.6986986986986987,0.1309864599868861
sin_homo,0.05,1,-0.6886886886886887,0.13136002362393853
sin_homo,0.05,1,-0.6786786786786787,0.11617074717709612
sin_homo,0.05,1,-0.6686686686686687,0.13623302065531193
sin_homo,0.05,1,-0.6586586586586587,0.1243326095423326
sin_homo,0.05,1,-0.6486486486486487,0.11754030918639834
sin_homo,0.05,1,-0.6386386386386387,0.14356058923196072
sin_homo,0.05,1,-0.6286286286286287,0.12933901891126037
sin_homo,0.05,1,-0.6186186186186187,0.14515341292469922
sin_homo,0.05,1,-0.6086086086086087,0.14029085733100205
sin_homo,0.05,1,-0.5985985985985987,0.12111232237631436
sin_homo,0.05,1,-0.5885885885885886,0.11265574560962249
sin_homo,0.05,1,-0.5785785785785786,0.11956007213884486
sin_homo,0.05,1,-0.5685685685685686,0.13555263431392645
sin_homo,0.05,1,-0.5585585585585586,0.12863446525972838
sin_homo,0.05,1,-0.5485485485485486,0.13254423268491636
sin_homo,0.05,1,-0.5385385385385386,0.13035890255122806
sin_homo,0.05,1,-0.5285285285285286,0.1188549470724052
sin_homo,0.05,1,-0.5185185185185186,0.11083084868869371
sin_homo,0.05,1,-0.5085085085085086,0.12666100343282613
sin_homo,0.05,1,-0.4984984984984986,0.11120764494144313
sin_homo,0.05,1,-0.4884884884884886,0.11650719733178157
sin_homo,0.05,1,-0.4784784784784786,0.12095167660814035
sin_homo,0.05,1,-0.46846846846846857,0.14026126070481418
sin_homo,0.05,1,-0.45845845845845856,0.1354550130080283
sin_homo,0.05,1,-0.44844844844844856,0.0979189639189563
sin_homo,0.05,1,-0.43843843843843855,0.13061431241493499
sin_homo,0.05,1,-0.42842842842842854,0.13825904525702182
sin_homo,0.05,1,-0.41841841841841854,0.11711241261829426
sin_homo,0.05,1,-0.40840840840840853,0.1210433658370699
sin_homo,0.05,1,-0.3983983983983985,0.12247545672437594
sin_homo,0.05,1,-0.3883883883883883,0.1303171517908859
sin_homo,0.05,1,-0.3783783783783783,0.11647820258992003
sin_homo,0.05,1,-0.3683683683683683,0.11312380085744068
sin_homo,0.05,1,-0.3583583583583583,0.12989483594048756
sin_homo,0.05,1,-0.34834834834834827,0.13779447229729322
sin_homo,0.05,1,-0.33833833833833826,0.1216486619140317
sin_homo,0.05,1,-0.32832832832832826,0.11833588578299865
sin_homo,0.05,1,-0.31831831831831825,0.11416163292155525
sin_homo,0.05,1,-0.30830830830830824,0.13974953210374969
sin_homo,0.05,1,-0.29829829829829824,0.1175556604703795
sin_homo,0.05,1,-0.28828828828828823,0.13693976440574415
sin_homo,0.05,1,-0.2782782782782782,0.11792895221306955
sin_homo,0.05,1,-0.2682682682682682,0.12190037370319942
sin_homo,0.05,1,-0.2582582582582582,0.12750211817273535
sin_homo,0.05,1,-0.2482482482482482,0.11385688278617186
sin_homo,0.05,1,-0.2382382382382382,0.11847810847111455
sin_homo,0.05,1,-0.2282282282282282,0.10796917067361882
sin_homo,0.05,1,-0.21821821821821819,0.13365122806435337
sin_homo,0.05,1,-0.20820820820820818,0.13011982998248747
sin_homo,0.05,1,-0.19819819819819817,0.11816604426468673
sin_homo,0.05,1,-0.18818818818818817,0.10892795194604787
sin_homo,0.05,1,-0.17817817817817816,0.12587002848015622
sin_homo,0.05,1,-0.16816816816816815,0.10961904237893096
sin_homo,0.05,1,-0.15815815815815815,0.13308464427319308
sin_homo,0.05,1,-0.14814814814814814,0.13863341636579798
sin_homo,0.05,1,-0.13813813813813813,0.11499973807938287
sin_homo,0.05,1,-0.12812812812812813,0.12897346637144508
sin_homo,0.05,1,-0.11811811811811812,0.12924843324906746
sin_homo,0.05,1,-0.10810810810810811,0.11940473055168799
sin_homo,0.05,1,-0.09809809809809811,0.10411080941198717
sin_homo,0.05,1,-0.0880880880880881,0.12853716149750624
sin_homo,0.05,1,-0.0780780780780781,0.13214624179223033
sin_homo,0.05,1,-0.06806806806806809,0.12682759361055196
sin_homo,0.05,1,-0.05805805805805808,0.13317509534620364
sin_homo,0.05,1,-0.048048048048048075,0.1208312655974232
sin_homo,0.05,1,-0.03803803803803807,0.12656681241630624
sin_homo,0.05,1,-0.028028028028028062,0.11555159450128213
sin_homo,0.05,1,-0.018018018018018056,0.12224426526463325
sin_homo,0.05,1,-0.00800800800800805,0.1087976765437373
sin_homo,0.05,1,0.002002002002002179,0.11495870923600605
sin_homo,0.05,1,0.012012012012012185,0.1044034186827935
sin_homo,0.05,1,0.022022022022022192,0.1177000386588481
sin_homo,0.05,1,0.0320320320320322,0.11505639539496317
sin_homo,0.05,1,0.042042042042042205,0.120897707758821
sin_homo,0.05,1,0.05205205205205221,0.11542281712938288
sin_homo,0.05,1,0.06206206206206222,0.11390403401682814
sin_homo,0.05,1,0.07207207207207222,0.11839311663641752
sin_homo,0.05,1,0.08208208208208223,0.10499736573294817
sin_homo,0.05,1,0.09209209209209224,0.11233434899992258
sin_homo,0.05,1,0.10210210210210224,0.11174128762690079
sin_homo,0.05,1,0.11211211211211225,0.12151933230865972
sin_homo,0.05,1,0.12212212212212226,0.10874870839615014
sin_homo,0.05,1,0.13213213213213226,0.11863027590626862
sin_homo,0.05,1,0.14214214214214227,0.11247877338378462
sin_homo,0.05,1,0.15215215215215228,0.11418611533478441
sin_homo,0.05,1,0.16216216216216228,0.11143948492642348
sin_homo,0.05,1,0.1721721721721723,0.11779897135106839
sin_homo,0.05,1,0.1821821821821823,0.10723051576467388
sin_homo,0.05,1,0.1921921921921923,0.13645069684126446
sin_homo,0.05,1,0.2022022022022023,0.14031776559881148
sin_homo,0.05,1,0.21221221221221231,0.10899516127577151
sin_homo,0.05,1,0.22222222222222232,0.1268975855909162
sin_homo,0.05,1,0.23223223223223233,0.12668131793347978
sin_homo,0.05,1,0.24224224224224233,0.12630531611847684
sin_homo,0.05,1,0.25225225225225234,0.10605150178825329
sin_homo,0.05,1,0.26226226226226235,0.11076860463058123
sin_homo,0.05,1,0.27227227227227235,0.1273796416908078
sin_homo,0.05,1,0.28228228228228236,0.1137446174766636
sin_homo,0.05,1,0.29229229229229237,0.11405970775819824
sin_homo,0.05,1,0.3023023023023024,0.11008746527601361
sin_homo,0.05,1,0.3123123123123124,0.11642912574446587
sin_homo,0.05,1,0.3223223223223224,0.11372813630994315
sin_homo,0.05,1,0.3323323323323324,0.12029222156464481
sin_homo,0.05,1,0.3423423423423424,0.10891694017773257
sin_homo,0.05,1,0.3523523523523524,0.10926651155832268
sin_homo,0.05,1,0.3623623623623624,0.12350430772964137
sin_homo,0.05,1,0.3723723723723724,0.09533340980683191
sin_homo,0.05,1,0.3823823823823824,0.10295392058850576
sin_homo,0.05,1,0.39239239239239243,0.11345944547778179
sin_homo,0.05,1,0.40240240240240244,0.11869060772185942
sin_homo,0.05,1,0.41241241241241244,0.11804497301329292
sin_homo,0.05,1,0.42242242242242245,0.11117671126308637
sin_homo,0.05,1,0.43243243243243246,0.09732755080330775
sin_homo,0.05,1,0.44244244244244246,0.12200808218505044
sin_homo,0.05,1,0.45245245245245247,0.10603591363866745
sin_homo,0.05,1,0.4624624624624625,0.11174497560407216
sin_homo,0.05,1,0.4724724724724725,0.10014506062081807
sin_homo,0.05,1,0.4824824824824825,0.1220464649115991
sin_homo,0.05,1,0.4924924924924925,0.12319744488106081
sin_homo,0.05,1,0.5025025025025025,0.09424833244818913
sin_homo,0.05,1,0.5125125125125125,0.10608292213210112
sin_homo,0.05,1,0.5225225225225225,0.11322230891876336
sin_homo,0.05,1,0.5325325325325325,0.10768141144857245
sin_homo,0.05,1,0.5425425425425425,0.10794394172751716
sin_homo,0.05,1,0.5525525525525525,0.1189834274748921
sin_homo,0.05,1,0.5625625625625625,0.11773408313969114
sin_homo,0.05,1,0.5725725725725725,0.09116428089367547
sin_homo,0.05,1,0.5825825825825826,0.11361804744124442
sin_homo,0.05,1,0.5925925925925926,0.11163382246865536
sin_homo,0.05,1,0.6026026026026026,0.11384586602862684
sin_homo,0.05,1,0.6126126126126126,0.12941286995792137
sin_homo,0.05,1,0.6226226226226226,0.10616499481638776
sin_homo,0.05,1,0.6326326326326326,0.11879755144957654
sin_homo,0.05,1,0.6426426426426426,0.12851872405003237
sin_homo,0.05,1,0.6526526526526526,0.1196734968970937
sin_homo,0.05,1,0.6626626626626626,0.12040115802125838
sin_homo,0.05,1,0.6726726726726726,0.10354171309387569
sin_homo,0.05,1,0.6826826826826826,0.11584534960671368
sin_homo,0.05,1,0.6926926926926926,0.1310443413156689
sin_homo,0.05,1,0.7027027027027026,0.12321224013664477
sin_homo,0.05,1,0.7127127127127126,0.10713181180905688
sin_homo,0.05,1,0.7227227227227226,0.11444996082287366
sin_homo,0.05,1,0.7327327327327327,0.10341022374371878
sin_homo,0.05,1,0.7427427427427427,0.1113276630324496
sin_homo,0.05,1,0.7527527527527527,0.11371472031168182
sin_homo,0.05,1,0.7627627627627627,0.11224492367486859
sin_homo,0.05,1,0.7727727727727727,0.14282446612251776
sin_homo,0.05,1,0.7827827827827827,0.10800185482568693
sin_homo,0.05,1,0.7927927927927927,0.10789283161959917
sin_homo,0.05,1,0.8028028028028027,0.1055293611298938
sin_homo,0.05,1,0.8128128128128127,0.10799512403299613
sin_homo,0.05,1,0.8228228228228227,0.13413865692224064
sin_homo,0.05,1,0.8328328328328327,0.11982886734741013
sin_homo,0.05,1,0.8428428428428427,0.1225538623241682
sin_homo,0.05,1,0.8528528528528527,0.11735148435680562
sin_homo,0.05,1,0.8628628628628627,0.11773140821310868
sin_homo,0.05,1,0.8728728728728727,0.09398093129738117
sin_homo,0.05,1,0.8828828828828827,0.11155131116620441
sin_homo,0.05,1,0.8928928928928928,0.11432407854750322
sin_homo,0.05,1,0.9029029029029028,0.10564779991187094
sin_homo,0.05,1,0.9129129129129128,0.11144054839821398
sin_homo,0.05,1,0.9229229229229228,0.10884334447771983
sin_homo,0.05,1,0.9329329329329328,0.10670731879693182
sin_homo,0.05,1,0.9429429429429428,0.10717558031763215
sin_homo,0.05,1,0.9529529529529528,0.1176860721804928
sin_homo,0.05,1,0.9629629629629628,0.09835549258809531
sin_homo,0.05,1,0.9729729729729728,0.10511133352528958
sin_homo,0.05,1,0.9829829829829828,0.10635378961094724
sin_homo,0.05,1,0.9929929929929928,0.10690925010012538
sin_homo,0.05,1,1.0030030030030028,0.11341740025198531
sin_homo,0.05,1,1.0130130130130128,0.10467704726392957
sin_homo,0.05,1,1.0230230230230228,0.1332330209596986
sin_homo,0.05,1,1.0330330330330328,0.10030018539088811
sin_homo,0.05,1,1.0430430430430429,0.10604023871092304
sin_homo,0.05,1,1.0530530530530529,0.10691349093677222
sin_homo,0.05,1,1.0630630630630629,0.12932550725801792
sin_homo,0.05,1,1.0730730730730729,0.10392427089923623
sin_homo,0.05,1,1.0830830830830829,0.11080486727692557
sin_homo,0.05,1,1.0930930930930929,0.10603250601727056
sin_homo,0.05,1,1.1031031031031029,0.1116407444337479
sin_homo,0.05,1,1.113113113113113,0.1032326876728158
sin_homo,0.05,1,1.123123123123123,0.10167398857234593
sin_homo,0.05,1,1.133133133133133,0.10445222289629294
sin_homo,0.05,1,1.143143143143143,0.11623509151836137
sin_homo,0.05,1,1.153153153153153,0.10837958091640157
sin_homo,0.05,1,1.163163163163163,0.10961242270643186
sin_homo,0.05,1,1.173173173173173,0.10459033825312794
sin_homo,0.05,1,1.183183183183183,0.10880308832073507
sin_homo,0.05,1,1.193193193193193,0.10617283466750402
sin_homo,0.05,1,1.203203203203203,0.11141344346583518
sin_homo,0.05,1,1.2132132132132134,0.1025462494796297
sin_homo,0.05,1,1.2232232232232234,0.11293445177045554
sin_homo,0.05,1,1.2332332332332334,0.11810280987752063
sin_homo,0.05,1,1.2432432432432434,0.10065363002380313
sin_homo,0.05,1,1.2532532532532534,0.09690005935350013
sin_homo,0.05,1,1.2632632632632634,0.10638537935416902
sin_homo,0.05,1,1.2732732732732734,0.11272349484280181
sin_homo,0.05,1,1.2832832832832834,0.1073326168813491
sin_homo,0.05,1,1.2932932932932935,0.1062649155112116
sin_homo,0.05,1,1.3033033033033035,0.11772882895735817
sin_homo,0.05,1,1.3133133133133135,0.10848133783570667
sin_homo,0.05,1,1.3233233233233235,0.10185484588763759
sin_homo,0.05,1,1.3333333333333335,0.10525893168364327
sin_homo,0.05,1,1.3433433433433435,0.10263849605830812
sin_homo,0.05,1,1.3533533533533535,0.09385189093070907
sin_homo,0.05,1,1.3633633633633635,0.09172345886737164
sin_homo,0.05,1,1.3733733733733735,0.10696569225545415
sin_homo,0.05,1,1.3833833833833835,0.11065049828579818
sin_homo,0.05,1,1.3933933933933935,0.10829761215192252
sin_homo,0.05,1,1.4034034034034035,0.09959226908038783
sin_homo,0.05,1,1.4134134134134135,0.10927607421545645
sin_homo,0.05,1,1.4234234234234235,0.10121656947324673
sin_homo,0.05,1,1.4334334334334335,0.10154742912727549
sin_homo,0.05,1,1.4434434434434436,0.09565639444364218
sin_homo,0.05,1,1.4534534534534536,0.11199683805108245
sin_homo,0.05,1,1.4634634634634636,0.10582420032519839
sin_homo,0.05,1,1.4734734734734736,0.10427366180806873
sin_homo,0.05,1,1.4834834834834836,0.10696004121902133
sin_homo,0.05,1,1.4934934934934936,0.10883038656934291
sin_homo,0.05,1,1.5035035035035036,0.09517478145986889
sin_homo,0.05,1,1.5135135135135136,0.09645746012858435
sin_homo,0.05,1,1.5235235235235236,0.10625388944804848
sin_homo,0.05,1,1.5335335335335336,0.10514154907190496
sin_homo,0.05,1,1.5435435435435436,0.10134206133827577
sin_homo,0.05,1,1.5535535535535536,0.10857946327493852
sin_homo,0.05,1,1.5635635635635636,0.10126701920084497
sin_homo,0.05,1,1.5735735735735736,0.10509254200319396
sin_homo,0.05,1,1.5835835835835836,0.0964242201954785
sin_homo,0.05,1,1.5935935935935936,0.11157940167610493
sin_homo,0.05,1,1.6036036036036037,0.1036958802612488
sin_homo,0.05,1,1.6136136136136137,0.09821565632191678
sin_homo,0.05,1,1.6236236236236237,0.10528351632068526
sin_homo,0.05,1,1.6336336336336337,0.10221286168022764
sin_homo,0.05,1,1.6436436436436437,0.09558666713650892
sin_homo,0.05,1,1.6536536536536537,0.0940359064402584
sin_homo,0.05,1,1.6636636636636637,0.09710022775593039
sin_homo,0.05,1,1.6736736736736737,0.09516001661331572
sin_homo,0.05,1,1.6836836836836837,0.09675375704960619
sin_homo,0.05,1,1.6936936936936937,0.09184886630798479
sin_homo,0.05,1,1.7037037037037037,0.09089254674907031
sin_homo,0.05,1,1.7137137137137137,0.08165992190231805
sin_homo,0.05,1,1.7237237237237237,0.09783596863842357
sin_homo,0.05,1,1.7337337337337337,0.08081387627360379
sin_homo,0.05,1,1.7437437437437437,0.09512528526276288
sin_homo,0.05,1,1.7537537537537538,0.09952980051102667
sin_homo,0.05,1,1.7637637637637638,0.08787158652332837
sin_homo,0.05,1,1.7737737737737738,0.09932317696094183
sin_homo,0.05,1,1.7837837837837838,0.11015534985826525
sin_homo,0.05,1,1.7937937937937938,0.09420115243453986
sin_homo,0.05,1,1.8038038038038038,0.08359214744876664
sin_homo,0.05,1,1.8138138138138138,0.07636696377139329
sin_homo,0.05,1,1.8238238238238238,0.09884576447886055
sin_homo,0.05,1,1.8338338338338338,0.08856437513080802
sin_homo,0.05,1,1.8438438438438438,0.08751043226356105
sin_homo,0.05,1,1.8538538538538538,0.08674925275141562
sin_homo,0.05,1,1.8638638638638638,0.09206457192857856
sin_homo,0.05,1,1.8738738738738738,0.09755981521394538
sin_homo,0.05,1,1.8838838838838838,0.09120291888169665
sin_homo,0.05,1,1.8938938938938938,0.08528565110968676
sin_homo,0.05,1,1.9039039039039038,0.08108945373499046
sin_homo,0.05,1,1.9139139139139139,0.09540613165682046
sin_homo,0.05,1,1.9239239239239239,0.08825971806850534
sin_homo,0.05,1,1.9339339339339339,0.08601489962739585
sin_homo,0.05,1,1.9439439439439439,0.09970566481537028
sin_homo,0.05,1,1.9539539539539539,0.08576107647424164
sin_homo,0.05,1,1.9639639639639639,0.08858425961134485
sin_homo,0.05,1,1.973973973973974,0.07850519095696283
sin_homo,0.05,1,1.983983983983984,0.08553866130487725
sin_homo,0.05,1,1.993993993993994,0.09055544402925551
sin_homo,0.05,1,2.0040040040040044,0.08722401918041127
sin_homo,0.05,1,2.0140140140140144,0.09950447877582469
sin_homo,0.05,1,2.0240240240240244,0.09028923723415683
sin_homo,0.05,1,2.0340340340340344,0.0895458135661137
sin_homo,0.05,1,2.0440440440440444,0.09451942490635616
sin_homo,0.05,1,2.0540540540540544,0.08049034468864676
sin_homo,0.05,1,2.0640640640640644,0.08757809673418393
sin_homo,0.05,1,2.0740740740740744,0.08123751175252424
sin_homo,0.05,1,2.0840840840840844,0.07342039024966321
sin_homo,0.05,1,2.0940940940940944,0.07100363144772233
sin_homo,0.05,1,2.1041041041041044,0.07912286371562254
sin_homo,0.05,1,2.1141141141141144,0.07342460874148063
sin_homo,0.05,1,2.1241241241241244,0.07438307954698548
sin_homo,0.05,1,2.1341341341341344,0.07010827145200753
sin_homo,0.05,1,2.1441441441441444,0.07175852438655207
sin_homo,0.05,1,2.1541541541541545,0.07549548304871209
sin_homo,0.05,1,2.1641641641641645,0.08408528311153092
sin_homo,0.05,1,2.1741741741741745,0.07339755508588688
sin_homo,0.05,1,2.1841841841841845,0.07744632554090101
sin_homo,0.05,1,2.1941941941941945,0.07465100083627486
sin_homo,0.05,1,2.2042042042042045,0.08888092473703392
sin_homo,0.05,1,2.2142142142142145,0.07969360514129922
sin_homo,0.05,1,2.2242242242242245,0.06874365058711998
sin_homo,0.05,1,2.2342342342342345,0.06935904217794929
sin_homo,0.05,1,2.2442442442442445,0.07525939948682853
sin_homo,0.05,1,2.2542542542542545,0.07268323842960489
sin_homo,0.05,1,2.2642642642642645,0.0680476910589581
sin_homo,0.05,1,2.2742742742742745,0.07284381325750945
sin_homo,0.05,1,2.2842842842842845,0.08157990070150582
sin_homo,0.05,1,2.2942942942942945,0.06803766991752015
sin_homo,0.05,1,2.3043043043043046,0.06918852749631374
sin_homo,0.05,1,2.3143143143143146,0.08259521071432831
sin_homo,0.05,1,2.3243243243243246,0.07919575141110093
sin_homo,0.05,1,2.3343343343343346,0.08059546774640947
sin_homo,0.05,1,2.3443443443443446,0.05580587394924904
sin_homo,0.05,1,2.3543543543543546,0.0715819867947225
sin_homo,0.05,1,2.3643643643643646,0.07603217998424877
sin_homo,0.05,1,2.3743743743743746,0.0674804210229478
sin_homo,0.05,1,2.3843843843843846,0.06982532547611896
sin_homo,0.05,1,2.3943943943943946,0.07502220257405547
sin_homo,0.05,1,2.4044044044044046,0.06574417080898709
sin_homo,0.05,1,2.4144144144144146,0.07507399773317291
sin_homo,0.05,1,2.4244244244244246,0.06060969798048092
sin_homo,0.05,1,2.4344344344344346,0.06734861568479043
sin_homo,0.05,1,2.4444444444444446,0.07524998400666391
sin_homo,0.05,1,2.4544544544544546,0.06617335846515023
sin_homo,0.05,1,2.4644644644644647,0.05832682418479474
sin_homo,0.05,1,2.4744744744744747,0.06345984763031175
sin_homo,0.05,1,2.4844844844844847,0.05853879587620803
sin_homo,0.05,1,2.4944944944944947,0.06241186526501213
sin_homo,0.05,1,2.5045045045045047,0.07236615071349232
sin_homo,0.05,1,2.5145145145145147,0.053275835521750234
sin_homo,0.05,1,2.5245245245245247,0.07762258285969537
sin_homo,0.05,1,2.5345345345345347,0.05981961276867395
sin_homo,0.05,1,2.5445445445445447,0.060961416330565704
sin_homo,0.05,1,2.5545545545545547,0.05560395247445754
sin_homo,0.05,1,2.5645645645645647,0.05007620270083451
sin_homo,0.05,1,2.5745745745745747,0.061565381594353714
sin_homo,0.05,1,2.5845845845845847,0.05669120337432473
sin_homo,0.05,1,2.5945945945945947,0.05390254738281578
sin_homo,0.05,1,2.6046046046046047,0.05223107569672511
sin_homo,0.05,1,2.6146146146146148,0.05726185675600515
sin_homo,0.05,1,2.6246246246246248,0.05906133095440021
sin_homo,0.05,1,2.6346346346346348,0.05490668469721064
sin_homo,0.05,1,2.6446446446446448,0.06239832258929034
sin_homo,0.05,1,2.6546546546546548,0.03951832014337328
sin_homo,0.05,1,2.664664664664665,0.04568342520462818
sin_homo,0.05,1,2.674674674674675,0.05351614475381042
sin_homo,0.05,1,2.684684684684685,0.05343943915237422
sin_homo,0.05,1,2.694694694694695,0.053840807590150454
sin_homo,0.05,1,2.704704704704705,0.0528227853457188
sin_homo,0.05,1,2.714714714714715,0.05350356769373493
sin_homo,0.05,1,2.724724724724725,0.05042313218551682
sin_homo,0.05,1,2.734734734734735,0.04805173462727306
sin_homo,0.05,1,2.744744744744745,0.044024751210572054
sin_homo,0.05,1,2.754754754754755,0.050923032088608836
sin_homo,0.05,1,2.764764764764765,0.04570937213046837
sin_homo,0.05,1,2.774774774774775,0.05123938238443582
sin_homo,0.05,1,2.784784784784785,0.04148919965787591
sin_homo,0.05,1,2.794794794794795,0.046067992204891106
sin_homo,0.05,1,2.804804804804805,0.04852515378135918
sin_homo,0.05,1,2.814814814814815,0.04166055603149716
sin_homo,0.05,1,2.824824824824825,0.04473632219368189
sin_homo,0.05,1,2.834834834834835,0.04408371272038737
sin_homo,0.05,1,2.844844844844845,0.04131278881963964
sin_homo,0.05,1,2.854854854854855,0.04092924753853447
sin_homo,0.05,1,2.864864864864865,0.04695917067514704
sin_homo,0.05,1,2.874874874874875,0.0433666197242646
sin_homo,0.05,1,2.884884884884885,0.04286907059084365
sin_homo,0.05,1,2.894894894894895,0.043680887310996806
sin_homo,0.05,1,2.904904904904905,0.04495438694368386
sin_homo,0.05,1,2.914914914914915,0.03784370688289749
sin_homo,0.05,1,2.924924924924925,0.039862129800807694
sin_homo,0.05,1,2.934934934934935,0.049060725577094816
sin_homo,0.05,1,2.944944944944945,0.036705367112268614
sin_homo,0.05,1,2.954954954954955,0.035041667672054785
sin_homo,0.05,1,2.964964964964965,0.041718025681745215
sin_homo,0.05,1,2.974974974974975,0.03987715113149478
sin_homo,0.05,1,2.984984984984985,0.03751061241486975
sin_homo,0.05,1,2.994994994994995,0.042773385031738095
sin_homo,0.05,1,3.005005005005005,0.04339702183653346
sin_homo,0.05,1,3.015015015015015,0.04448848584553084
sin_homo,0.05,1,3.025025025025025,0.035084977328287165
sin_homo,0.05,1,3.035035035035035,0.04354905714227648
sin_homo,0.05,1,3.045045045045045,0.03845048555370439
sin_homo,0.05,1,3.055055055055055,0.03610593971998341
sin_homo,0.05,1,3.065065065065065,0.04249575012730725
sin_homo,0.05,1,3.075075075075075,0.03856791222695627
sin_homo,0.05,1,3.085085085085085,0.038423378855804165
sin_homo,0.05,1,3.095095095095095,0.03658518151352613
sin_homo,0.05,1,3.105105105105105,0.0380273710711532
sin_homo,0.05,1,3.115115115115115,0.037830464032670354
sin_homo,0.05,1,3.125125125125125,0.038483037716795676
sin_homo,0.05,1,3.135135135135135,0.037209770608000896
sin_homo,0.05,1,3.145145145145145,0.0356446725028394
sin_homo,0.05,1,3.155155155155155,0.039601900235461035
sin_homo,0.05,1,3.165165165165165,0.0377289814019637
sin_homo,0.05,1,3.175175175175175,0.03586938236905093
sin_homo,0.05,1,3.185185185185185,0.03991627987632995
sin_homo,0.05,1,3.195195195195195,0.043369056653112595
sin_homo,0.05,1,3.205205205205205,0.04507490908959103
sin_homo,0.05,1,3.215215215215215,0.033711210832548716
sin_homo,0.05,1,3.225225225225225,0.04202940147333006
sin_homo,0.05,1,3.235235235235235,0.044963815334111895
sin_homo,0.05,1,3.245245245245245,0.040564154495626274
sin_homo,0.05,1,3.255255255255255,0.037531343291600947
sin_homo,0.05,1,3.265265265265265,0.04165183626286036
sin_homo,0.05,1,3.275275275275275,0.04419121714798826
sin_homo,0.05,1,3.285285285285285,0.044341652228573135
sin_homo,0.05,1,3.295295295295295,0.03853300662680827
sin_homo,0.05,1,3.305305305305305,0.04514394811911452
sin_homo,0.05,1,3.315315315315315,0.04120670857714675
sin_homo,0.05,1,3.325325325325325,0.04680249222449808
sin_homo,0.05,1,3.335335335335335,0.04091880892529591
sin_homo,0.05,1,3.3453453453453452,0.05097419126018025
sin_homo,0.05,1,3.3553553553553552,0.04664493695672008
sin_homo,0.05,1,3.3653653653653652,0.04400358631221653
sin_homo,0.05,1,3.3753753753753752,0.04067836509181033
sin_homo,0.05,1,3.3853853853853852,0.047980691246599205
sin_homo,0.05,1,3.3953953953953953,0.048415802443792025
sin_homo,0.05,1,3.4054054054054053,0.04986381666165255
sin_homo,0.05,1,3.4154154154154153,0.0461918464947304
sin_homo,0.05,1,3.4254254254254253,0.04555425634778619
sin_homo,0.05,1,3.4354354354354353,0.051326740528226424
sin_homo,0.05,1,3.4454454454454453,0.05363717605547932
sin_homo,0.05,1,3.4554554554554553,0.05257519092183568
sin_homo,0.05,1,3.4654654654654653,0.05487013596947734
sin_homo,0.05,1,3.4754754754754753,0.05114037327809135
sin_homo,0.05,1,3.4854854854854853,0.052282411662951965
sin_homo,0.05,1,3.4954954954954953,0.05362800967949308
sin_homo,0.05,1,3.5055055055055053,0.05681147298304387
sin_homo,0.05,1,3.5155155155155153,0.057866560938782764
sin_homo,0.05,1,3.5255255255255253,0.052272126689239
sin_homo,0.05,1,3.5355355355355353,0.05035502107045332
sin_homo,0.05,1,3.5455455455455454,0.050368767341434015
sin_homo,0.05,1,3.5555555555555554,0.05132165348590599
sin_homo,0.05,1,3.5655655655655654,0.051961716342705064
sin_homo,0.05,1,3.5755755755755754,0.05788600477559105
sin_homo,0.05,1,3.5855855855855854,0.05971835790341323
sin_homo,0.05,1,3.5955955955955954,0.05904635839208353
sin_homo,0.05,1,3.6056056056056054,0.05348551606173554
sin_homo,0.05,1,3.6156156156156154,0.06512205647524408
sin_homo,0.05,1,3.6256256256256254,0.06250367847557209
sin_homo,0.05,1,3.6356356356356354,0.06380010529627393
sin_homo,0.05,1,3.6456456456456454,0.06751315022980299
sin_homo,0.05,1,3.6556556556556554,0.060901507424235876
sin_homo,0.05,1,3.6656656656656654,0.06261005281799428
sin_homo,0.05,1,3.6756756756756754,0.06305324704955899
sin_homo,0.05,1,3.6856856856856854,0.06696974755053682
sin_homo,0.05,1,3.6956956956956954,0.059242033074743086
sin_homo,0.05,1,3.7057057057057055,0.06532632875056812
sin_homo,0.05,1,3.7157157157157155,0.06013990428963696
sin_homo,0.05,1,3.7257257257257255,0.0659195840410118
sin_homo,0.05,1,3.7357357357357355,0.06997593224668194
sin_homo,0.05,1,3.7457457457457455,0.06514047418617475
sin_homo,0.05,1,3.7557557557557555,0.061945111803689876
sin_homo,0.05,1,3.7657657657657655,0.0574178965164397
sin_homo,0.05,1,3.7757757757757755,0.06194238472774352
sin_homo,0.05,1,3.7857857857857855,0.067617204419886
sin_homo,0.05,1,3.7957957957957955,0.0692585654902977
sin_homo,0.05,1,3.8058058058058055,0.06506667051617415
sin_homo,0.05,1,3.8158158158158155,0.06386228513378156
sin_homo,0.05,1,3.8258258258258255,0.0742279700189653
sin_homo,0.05,1,3.8358358358358355,0.07226874084727399
sin_homo,0.05,1,3.8458458458458455,0.06962206107295768
sin_homo,0.05,1,3.8558558558558556,0.07083668376448832
sin_homo,0.05,1,3.8658658658658656,0.0742339771547536
sin_homo,0.05,1,3.8758758758758756,0.06816834865497426
sin_homo,0.05,1,3.8858858858858856,0.07093172268000995
sin_homo,0.05,1,3.8958958958958956,0.07422127946371333
sin_homo,0.05,1,3.9059059059059056,0.07558306911896998
sin_homo,0.05,1,3.9159159159159156,0.06389146611007063
sin_homo,0.05,1,3.9259259259259256,0.07078571729583803
sin_homo,0.05,1,3.9359359359359356,0.0981165686239824
sin_homo,0.05,1,3.9459459459459456,0.07336427795766064
sin_homo,0.05,1,3.9559559559559556,0.07738711423738759
sin_homo,0.05,1,3.9659659659659656,0.08903868642522442
sin_homo,0.05,1,3.9759759759759756,0.06370769894551168
sin_homo,0.05,1,3.9859859859859856,0.07927015144203078
sin_homo,0.05,1,3.9959959959959956,0.08150761624165127
sin_homo,0.05,1,4.006006006006006,0.06944481588874382
sin_homo,0.05,1,4.016016016016016,0.07783423484360383
sin_homo,0.05,1,4.026026026026026,0.06926836467859557
sin_homo,0.05,1,4.036036036036036,0.10058679318908717
sin_homo,0.05,1,4.046046046046046,0.07122635569892408
sin_homo,0.05,1,4.056056056056056,0.0844121298990747
sin_homo,0.05,1,4.066066066066066,0.09503646601791137
sin_homo,0.05,1,4.076076076076076,0.07770356461431267
sin_homo,0.05,1,4.086086086086086,0.0784616623142667
sin_homo,0.05,1,4.096096096096096,0.06404409321111136
sin_homo,0.05,1,4.106106106106106,0.07512509335818013
sin_homo,0.05,1,4.116116116116116,0.07391878145904184
sin_homo,0.05,1,4.126126126126126,0.08896774168172498
sin_homo,0.05,1,4.136136136136136,0.08943614639537598
sin_homo,0.05,1,4.146146146146146,0.08612591157532244
sin_homo,0.05,1,4.156156156156156,0.08135038121722352
sin_homo,0.05,1,4.166166166166166,0.08346426862979703
sin_homo,0.05,1,4.176176176176176,0.0783916074192966
sin_homo,0.05,1,4.186186186186186,0.09171741604590633
sin_homo,0.05,1,4.196196196196196,0.08467964381946178
sin_homo,0.05,1,4.206206206206206,0.07707221198081707
sin_homo,0.05,1,4.216216216216216,0.09967587210811137
sin_homo,0.05,1,4.226226226226226,0.09215828935048401
sin_homo,0.05,1,4.236236236236236,0.08260719383543286
sin_homo,0.05,1,4.246246246246246,0.09804148883010308
sin_homo,0.05,1,4.256256256256256,0.08200198388917897
sin_homo,0.05,1,4.266266266266266,0.08490884216542324
sin_homo,0.05,1,4.276276276276276,0.09641771506758093
sin_homo,0.05,1,4.286286286286286,0.10352098034370867
sin_homo,0.05,1,4.296296296296296,0.09007403059092566
sin_homo,0.05,1,4.306306306306306,0.09647112029757678
sin_homo,0.05,1,4.316316316316316,0.09833802032021069
sin_homo,0.05,1,4.326326326326326,0.08895720913959643
sin_homo,0.05,1,4.336336336336336,0.10048370982788622
sin_homo,0.05,1,4.346346346346346,0.10000680536844189
sin_homo,0.05,1,4.356356356356356,0.10123589721757986
sin_homo,0.05,1,4.366366366366366,0.08856600182777968
sin_homo,0.05,1,4.376376376376376,0.08667117218280711
sin_homo,0.05,1,4.386386386386386,0.08734991164991941
sin_homo,0.05,1,4.396396396396396,0.1006996541348904
sin_homo,0.05,1,4.406406406406406,0.1038254797023441
sin_homo,0.05,1,4.416416416416417,0.09000122159299978
sin_homo,0.05,1,4.426426426426427,0.08463659989865226
sin_homo,0.05,1,4.436436436436437,0.09901281325376923
sin_homo,0.05,1,4.446446446446447,0.08489021396634934
sin_homo,0.05,1,4.456456456456457,0.08855457076875096
sin_homo,0.05,1,4.466466466466467,0.09232259310902788
sin_homo,0.05,1,4.476476476476477,0.0890978227147181
sin_homo,0.05,1,4.486486486486487,0.10874079125295161
sin_homo,0.05,1,4.496496496496497,0.09715021209643518
sin_homo,0.05,1,4.506506506506507,0.0873277177421402
sin_homo,0.05,1,4.516516516516517,0.10819853532675691
sin_homo,0.05,1,4.526526526526527,0.09902911102630048
sin_homo,0.05,1,4.536536536536537,0.09879426908714738
sin_homo,0.05,1,4.546546546546547,0.09736547097467863
sin_homo,0.05,1,4.556556556556557,0.10163426827320929
sin_homo,0.05,1,4.566566566566567,0.08501362073420009
sin_homo,0.05,1,4.576576576576577,0.111377311068001
sin_homo,0.05,1,4.586586586586587,0.08439458660032732
sin_homo,0.05,1,4.596596596596597,0.09941487219401648
sin_homo,0.05,1,4.606606606606607,0.08969594475208617
sin_homo,0.05,1,4.616616616616617,0.08906918791375705
sin_homo,0.05,1,4.626626626626627,0.10251955358816275
sin_homo,0.05,1,4.636636636636637,0.10033994623389637
sin_homo,0.05,1,4.646646646646647,0.09682434357265977
sin_homo,0.05,1,4.656656656656657,0.09995691499191267
sin_homo,0.05,1,4.666666666666667,0.10583865357624485
sin_homo,0.05,1,4.676676676676677,0.11096485139778584
sin_homo,0.05,1,4.686686686686687,0.09928711330011249
sin_homo,0.05,1,4.696696696696697,0.10653873235226645
sin_homo,0.05,1,4.706706706706707,0.10121539736795554
sin_homo,0.05,1,4.716716716716717,0.10403628713595495
sin_homo,0.05,1,4.726726726726727,0.10266055907817334
sin_homo,0.05,1,4.736736736736737,0.10252117344625539
sin_homo,0.05,1,4.746746746746747,0.10810568303762304
sin_homo,0.05,1,4.756756756756757,0.10079014749126401
sin_homo,0.05,1,4.766766766766767,0.10545701048969124
sin_homo,0.05,1,4.776776776776777,0.09851358908300434
sin_homo,0.05,1,4.786786786786787,0.10247077566543494
sin_homo,0.05,1,4.796796796796797,0.10564992042951814
sin_homo,0.05,1,4.806806806806807,0.1144639437256217
sin_homo,0.05,1,4.816816816816817,0.0997903587440557
sin_homo,0.05,1,4.826826826826827,0.10391929869259509
sin_homo,0.05,1,4.836836836836837,0.10332921511434437
sin_homo,0.05,1,4.846846846846847,0.12381436739584695
sin_homo,0.05,1,4.856856856856857,0.10920007310514966
sin_homo,0.05,1,4.866866866866867,0.10760092635668726
sin_homo,0.05,1,4.876876876876877,0.1127855181306385
sin_homo,0.05,1,4.886886886886887,0.10886319984494304
sin_homo,0.05,1,4.896896896896897,0.09389998564046224
sin_homo,0.05,1,4.906906906906907,0.09691665924250122
sin_homo,0.05,1,4.916916916916917,0.10622118134187374
sin_homo,0.05,1,4.926926926926927,0.0981433267831262
sin_homo,0.05,1,4.936936936936937,0.10611455919499085
sin_homo,0.05,1,4.946946946946947,0.10552650013672737
sin_homo,0.05,1,4.956956956956957,0.11345820979511638
sin_homo,0.05,1,4.966966966966967,0.09150668737135285
sin_homo,0.05,1,4.976976976976977,0.10779137953476674
sin_homo,0.05,1,4.986986986986987,0.11329856857681835
sin_homo,0.05,1,4.996996996996997,0.09126886351238754
sin_homo,0.05,1,5.007007007007007,0.09841162637065358
sin_homo,0.05,1,5.017017017017017,0.09905976738460393
sin_homo,0.05,1,5.027027027027027,0.10878130720242946
sin_homo,0.05,1,5.037037037037037,0.09613224007990953
sin_homo,0.05,1,5.047047047047047,0.10768711296862359
sin_homo,0.05,1,5.057057057057057,0.10998511204352568
sin_homo,0.05,1,5.067067067067067,0.11005576617805397
sin_homo,0.05,1,5.077077077077077,0.10060721508314614
sin_homo,0.05,1,5.087087087087087,0.0964641602185283
sin_homo,0.05,1,5.097097097097097,0.10660615534691315
sin_homo,0.05,1,5.107107107107107,0.09174778786989919
sin_homo,0.05,1,5.117117117117117,0.09352266787941363
sin_homo,0.05,1,5.127127127127127,0.0888092230594851
sin_homo,0.05,1,5.137137137137137,0.11412689622207749
sin_homo,0.05,1,5.147147147147147,0.10887070059033944
sin_homo,0.05,1,5.157157157157157,0.10792369504674378
sin_homo,0.05,1,5.167167167167167,0.10355721206624319
sin_homo,0.05,1,5.177177177177177,0.11415322133509297
sin_homo,0.05,1,5.187187187187187,0.10842201089601239
sin_homo,0.05,1,5.197197197197197,0.10912561345295234
sin_homo,0.05,1,5.207207207207207,0.09471075079143373
sin_homo,0.05,1,5.217217217217217,0.11061110921207376
sin_homo,0.05,1,5.227227227227227,0.1031357028612083
sin_homo,0.05,1,5.237237237237237,0.11766911985710472
sin_homo,0.05,1,5.247247247247247,0.11765813925845933
sin_homo,0.05,1,5.257257257257257,0.10885083118541648
sin_homo,0.05,1,5.267267267267267,0.10062403798879056
sin_homo,0.05,1,5.277277277277277,0.0913910034099982
sin_homo,0.05,1,5.287287287287287,0.10270674800653017
sin_homo,0.05,1,5.297297297297297,0.10055356752782112
sin_homo,0.05,1,5.307307307307307,0.10572113752610417
sin_homo,0.05,1,5.317317317317317,0.11109195262161377
sin_homo,0.05,1,5.327327327327327,0.11505342646259947
sin_homo,0.05,1,5.337337337337337,0.10601270649282646
sin_homo,0.05,1,5.347347347347347,0.10502997501435916
sin_homo,0.05,1,5.357357357357357,0.11543610042520676
sin_homo,0.05,1,5.367367367367367,0.10807451479837682
sin_homo,0.05,1,5.377377377377377,0.12114937815553953
sin_homo,0.05,1,5.387387387387387,0.11362871392991189
sin_homo,0.05,1,5.397397397397397,0.11473681969118686
sin_homo,0.05,1,5.407407407407407,0.12250346594303066
sin_homo,0.05,1,5.4174174174174174,0.0989122087103972
sin_homo,0.05,1,5.4274274274274275,0.09849269104526023
sin_homo,0.05,1,5.4374374374374375,0.11165746623878117
sin_homo,0.05,1,5.4474474474474475,0.11487205519224147
sin_homo,0.05,1,5.4574574574574575,0.1123973842720976
sin_homo,0.05,1,5.4674674674674675,0.11382276201290029
sin_homo,0.05,1,5.4774774774774775,0.10538489320605393
sin_homo,0.05,1,5.4874874874874875,0.1297785788073824
sin_homo,0.05,1,5.4974974974974975,0.1295738669102353
sin_homo,0.05,1,5.5075075075075075,0.11304666306469215
sin_homo,0.05,1,5.5175175175175175,0.10691037405935418
sin_homo,0.05,1,5.5275275275275275,0.10488906343236945
sin_homo,0.05,1,5.5375375375375375,0.10699530048871178
sin_homo,0.05,1,5.5475475475475475,0.10447554218042945
sin_homo,0.05,1,5.5575575575575575,0.1102308287247517
sin_homo,0.05,1,5.5675675675675675,0.10810562768517146
sin_homo,0.05,1,5.5775775775775776,0.1190778066264719
sin_homo,0.05,1,5.587587587587588,0.1012622843855359
sin_homo,0.05,1,5.597597597597598,0.103392947836619
sin_homo,0.05,1,5.607607607607608,0.11621023099807687
sin_homo,0.05,1,5.617617617617618,0.12371369543934486
sin_homo,0.05,1,5.627627627627628,0.12064836589508968
sin_homo,0.05,1,5.637637637637638,0.12715355500991965
sin_homo,0.05,1,5.647647647647648,0.13780810221756706
sin_homo,0.05,1,5.657657657657658,0.11023246004954039
sin_homo,0.05,1,5.667667667667668,0.10380611086115694
sin_homo,0.05,1,5.677677677677678,0.11315351127532251
sin_homo,0.05,1,5.687687687687688,0.10384811359241292
sin_homo,0.05,1,5.697697697697698,0.12333758772571356
sin_homo,0.05,1,5.707707707707708,0.10351438307514814
sin_homo,0.05,1,5.717717717717718,0.13001531932951946
sin_homo,0.05,1,5.727727727727728,0.09764728729323663
sin_homo,0.05,1,5.737737737737738,0.1176231719389482
sin_homo,0.05,1,5.747747747747748,0.10878622919151075
sin_homo,0.05,1,5.757757757757758,0.12037745683727799
sin_homo,0.05,1,5.767767767767768,0.11512291002327976
sin_homo,0.05,1,5.777777777777778,0.11343552451646642
sin_homo,0.05,1,5.787787787787788,0.1185570930397577
sin_homo,0.05,1,5.797797797797798,0.1098237017793724
sin_homo,0.05,1,5.807807807807808,0.12980089061352787
sin_homo,0.05,1,5.817817817817818,0.11060138556326095
sin_homo,0.05,1,5.827827827827828,0.10320322836986262
sin_homo,0.05,1,5.837837837837838,0.12711943214047897
sin_homo,0.05,1,5.847847847847848,0.10143601308159547
sin_homo,0.05,1,5.857857857857858,0.11036992553526906
sin_homo,0.05,1,5.867867867867868,0.10802888241134039
sin_homo,0.05,1,5.877877877877878,0.11321326071678026
sin_homo,0.05,1,5.887887887887888,0.13297202567837246
sin_homo,0.05,1,5.897897897897898,0.11338421638400835
sin_homo,0.05,1,5.907907907907908,0.11270545132359337
sin_homo,0.05,1,5.917917917917918,0.11713772442860626
sin_homo,0.05,1,5.927927927927928,0.10159617352327274
sin_homo,0.05,1,5.937937937937938,0.12252754451662685
sin_homo,0.05,1,5.947947947947948,0.1174398198640475
sin_homo,0.05,1,5.957957957957958,0.09983503656572519
sin_homo,0.05,1,5.967967967967968,0.13127645390196097
sin_homo,0.05,1,5.977977977977978,0.09288978224144649
sin_homo,0.05,1,5.987987987987988,0.10869416843867946
sin_homo,0.05,1,5.997997997997998,0.11390137323322942
sin_homo,0.05,1,6.008008008008009,0.10203009867389633
sin_homo,0.05,1,6.018018018018019,0.11072769969435191
sin_homo,0.05,1,6.028028028028029,0.10220713059097761
sin_homo,0.05,1,6.038038038038039,0.11884125229454681
sin_homo,0.05,1,6.048048048048049,0.11557071033493398
sin_homo,0.05,1,6.058058058058059,0.12132417249045666
sin_homo,0.05,1,6.068068068068069,0.1085273985235951
sin_homo,0.05,1,6.078078078078079,0.10330817010313796
sin_homo,0.05,1,6.088088088088089,0.10061985129161674
sin_homo,0.05,1,6.098098098098099,0.11924619042487639
sin_homo,0.05,1,6.108108108108109,0.12384745506242474
sin_homo,0.05,1,6.118118118118119,0.11764216801776656
sin_homo,0.05,1,6.128128128128129,0.10578543197228736
sin_homo,0.05,1,6.138138138138139,0.1162645066502173
sin_homo,0.05,1,6.148148148148149,0.12761435933522872
sin_homo,0.05,1,6.158158158158159,0.12296647626007433
sin_homo,0.05,1,6.168168168168169,0.10970312197457495
sin_homo,0.05,1,6.178178178178179,0.12261816863369387
sin_homo,0.05,1,6.188188188188189,0.11034016494677697
sin_homo,0.05,1,6.198198198198199,0.10307302839655051
sin_homo,0.05,1,6.208208208208209,0.10964183047074404
sin_homo,0.05,1,6.218218218218219,0.12796894807781395
sin_homo,0.05,1,6.228228228228229,0.10554429693781495
sin_homo,0.05,1,6.238238238238239,0.12914929290300012
sin_homo,0.05,1,6.248248248248249,0.10043833772217972
sin_homo,0.05,1,6.258258258258259,0.10727173151844024
sin_homo,0.05,1,6.268268268268269,0.12042050315788068
sin_homo,0.05,1,6.278278278278279,0.10029361159682972
sin_homo,0.05,1,6.288288288288289,0.12791778112537383
sin_homo,0.05,1,6.298298298298299,0.12250959696788499
sin_homo,0.05,1,6.308308308308309,0.14514751454295605
sin_homo,0.05,1,6.318318318318319,0.12104827020998714
sin_homo,0.05,1,6.328328328328329,0.09995196723028639
sin_homo,0.05,1,6.338338338338339,0.09587325950439883
sin_homo,0.05,1,6.348348348348349,0.12870778181004375
sin_homo,0.05,1,6.358358358358359,0.11216578258658848
sin_homo,0.05,1,6.368368368368369,0.11917611223256855
sin_homo,0.05,1,6.378378378378379,0.134794766864268
sin_homo,0.05,1,6.388388388388389,0.11176313482376696
sin_homo,0.05,1,6.398398398398399,0.1119845792651347
sin_homo,0.05,1,6.408408408408409,0.09691415155884651
sin_homo,0.05,1,6.418418418418419,0.098758640435192
sin_homo,0.05,1,6.428428428428429,0.1168380107753309
sin_homo,0.05,1,6.438438438438439,0.10469688573649832
sin_homo,0.05,1,6.448448448448449,0.11237439107616394
sin_homo,0.05,1,6.458458458458459,0.12715602085907682
sin_homo,0.05,1,6.468468468468469,0.09526003005562154
sin_homo,0.05,1,6.478478478478479,0.11754287997470714
sin_homo,0.05,1,6.488488488488489,0.10953549121866102
sin_homo,0.05,1,6.498498498498499,0.1110430202696486
sin_homo,0.05,1,6.508508508508509,0.140058633077219
sin_homo,0.05,1,6.518518518518519,0.1280661432629542
sin_homo,0.05,1,6.528528528528529,0.13005171883083452
sin_homo,0.05,1,6.538538538538539,0.12142483752111724
sin_homo,0.05,1,6.548548548548549,0.14320384954510101
sin_homo,0.05,1,6.558558558558559,0.12046958101956369
sin_homo,0.05,1,6.568568568568569,0.11224855331871039
sin_homo,0.05,1,6.578578578578579,0.11686123342146078
sin_homo,0.05,1,6.588588588588589,0.12813268544884765
sin_homo,0.05,1,6.598598598598599,0.13474826176153135
sin_homo,0.05,1,6.608608608608609,0.12806208708450195
sin_homo,0.05,1,6.618618618618619,0.1143184987282046
sin_homo,0.05,1,6.628628628628629,0.13445534862921257
sin_homo,0.05,1,6.638638638638639,0.1082266886571099
sin_homo,0.05,1,6.648648648648649,0.13338732047355256
sin_homo,0.05,1,6.658658658658659,0.12506979661968876
sin_homo,0.05,1,6.668668668668669,0.10977342573356003
sin_homo,0.05,1,6.678678678678679,0.11886130372791505
sin_homo,0.05,1,6.688688688688689,0.10595275124505302
sin_homo,0.05,1,6.698698698698699,0.1248032915140551
sin_homo,0.05,1,6.708708708708709,0.12429467586912364
sin_homo,0.05,1,6.718718718718719,0.1354387942662044
sin_homo,0.05,1,6.728728728728729,0.1275223702317105
sin_homo,0.05,1,6.738738738738739,0.1175438069683123
sin_homo,0.05,1,6.748748748748749,0.10757787263177054
sin_homo,0.05,1,6.758758758758759,0.11252520780379874
sin_homo,0.05,1,6.768768768768769,0.12179879377189834
sin_homo,0.05,1,6.778778778778779,0.11841555901567383
sin_homo,0.05,1,6.788788788788789,0.11540945511510815
sin_homo,0.05,1,6.798798798798799,0.12009715216894157
sin_homo,0.05,1,6.808808808808809,0.12319674620622455
sin_homo,0.05,1,6.818818818818819,0.12093964082521355
sin_homo,0.05,1,6.828828828828829,0.11718581565439097
sin_homo,0.05,1,6.838838838838839,0.10666303260321482
sin_homo,0.05,1,6.848848848848849,0.12242836489997855
sin_homo,0.05,1,6.858858858858859,0.13182903848062047
sin_homo,0.05,1,6.868868868868869,0.10375866868970836
sin_homo,0.05,1,6.878878878878879,0.13643684643742174
sin_homo,0.05,1,6.888888888888889,0.14192882593883535
sin_homo,0.05,1,6.898898898898899,0.1302816604300164
sin_homo,0.05,1,6.908908908908909,0.10212763204486719
sin_homo,0.05,1,6.918918918918919,0.11384975020634656
sin_homo,0.05,1,6.928928928928929,0.10949399818054853
sin_homo,0.05,1,6.938938938938939,0.11829898625633291
sin_homo,0.05,1,6.948948948948949,0.11691081684990086
sin_homo,0.05,1,6.958958958958959,0.12967747638780003
sin_homo,0.05,1,6.968968968968969,0.10953849063459221
sin_homo,0.05,1,6.978978978978979,0.11461635618892133
sin_homo,0.05,1,6.988988988988989,0.12804234637121095
sin_homo,0.05,1,6.998998998998999,0.13089709227246565
sin_homo,0.05,1,7.009009009009009,0.12127176102739047
sin_homo,0.05,1,7.019019019019019,0.11486696502340987
sin_homo,0.05,1,7.029029029029029,0.1110535085994608
sin_homo,0.05,1,7.039039039039039,0.12119392214091051
sin_homo,0.05,1,7.049049049049049,0.11603287273170952
sin_homo,0.05,1,7.059059059059059,0.12599215482982173
sin_homo,0.05,1,7.069069069069069,0.12482213639381064
sin_homo,0.05,1,7.079079079079079,0.14114004874556713
sin_homo,0.05,1,7.089089089089089,0.10170295127529665
sin_homo,0.05,1,7.099099099099099,0.11356917962627294
sin_homo,0.05,1,7.109109109109109,0.13834214546614307
sin_homo,0.05,1,7.119119119119119,0.1188331742180423
sin_homo,0.05,1,7.129129129129129,0.13686655640733647
sin_homo,0.05,1,7.1391391391391394,0.13181396770790949
sin_homo,0.05,1,7.1491491491491495,0.14602558603878263
sin_homo,0.05,1,7.1591591591591595,0.11468389555408691
sin_homo,0.05,1,7.1691691691691695,0.1210805704947507
sin_homo,0.05,1,7.1791791791791795,0.1333520147471718
sin_homo,0.05,1,7.1891891891891895,0.12943360385779873
sin_homo,0.05,1,7.1991991991991995,0.11328101556980305
sin_homo,0.05,1,7.2092092092092095,0.1176033169656659
sin_homo,0.05,1,7.2192192192192195,0.13330506613128487
sin_homo,0.05,1,7.2292292292292295,0.11738897329633567
sin_homo,0.05,1,7.2392392392392395,0.121385827313111
sin_homo,0.05,1,7.2492492492492495,0.130177714390365
sin_homo,0.05,1,7.2592592592592595,0.11902660217085193
sin_homo,0.05,1,7.2692692692692695,0.11424624642041636
sin_homo,0.05,1,7.2792792792792795,0.12105361890563021
sin_homo,0.05,1,7.2892892892892895,0.11492151558325474
sin_homo,0.05,1,7.2992992992992995,0.13194617870502623
sin_homo,0.05,1,7.3093093093093096,0.11188848719642269
sin_homo,0.05,1,7.31931931931932,0.11557537417269152
sin_homo,0.05,1,7.32932932932933,0.1458496732567801
sin_homo,0.05,1,7.33933933933934,0.11322835134794773
sin_homo,0.05,1,7.34934934934935,0.12344056659365855
sin_homo,0.05,1,7.35935935935936,0.14208265921781568
sin_homo,0.05,1,7.36936936936937,0.12844185873329944
sin_homo,0.05,1,7.37937937937938,0.1312385011481156
sin_homo,0.05,1,7.38938938938939,0.12750322428996497
sin_homo,0.05,1,7.3993993993994,0.13882085372656364
sin_homo,0.05,1,7.40940940940941,0.14380783220731855
sin_homo,0.05,1,7.41941941941942,0.11834414746145211
sin_homo,0.05,1,7.42942942942943,0.11962485071156974
sin_homo,0.05,1,7.43943943943944,0.11677124302136441
sin_homo,0.05,1,7.44944944944945,0.13824677178791248
sin_homo,0.05,1,7.45945945945946,0.13914000040906616
sin_homo,0.05,1,7.46946946946947,0.12997075249025974
sin_homo,0.05,1,7.47947947947948,0.11599306847251176
sin_homo,0.05,1,7.48948948948949,0.12231284005363456
sin_homo,0.05,1,7.4994994994995,0.12702295788137005
sin_homo,0.05,1,7.50950950950951,0.11924827556504244
sin_homo,0.05,1,7.51951951951952,0.13125066372480265
sin_homo,0.05,1,7.52952952952953,0.12138223451186887
sin_homo,0.05,1,7.53953953953954,0.1296731533782329
sin_homo,0.05,1,7.54954954954955,0.13245119272380632
sin_homo,0.05,1,7.55955955955956,0.13655052812320878
sin_homo,0.05,1,7.56956956956957,0.15195158395431085
sin_homo,0.05,1,7.57957957957958,0.11629240245667119
sin_homo,0.05,1,7.58958958958959,0.12417707119252412
sin_homo,0.05,1,7.5995995995996,0.12104808007306432
sin_homo,0.05,1,7.60960960960961,0.12330199909893397
sin_homo,0.05,1,7.61961961961962,0.13207431331464348
sin_homo,0.05,1,7.62962962962963,0.13428649197812492
sin_homo,0.05,1,7.63963963963964,0.11681308620890721
sin_homo,0.05,1,7.64964964964965,0.11590439004674671
sin_homo,0.05,1,7.65965965965966,0.13232145215092217
sin_homo,0.05,1,7.66966966966967,0.11860449895464882
sin_homo,0.05,1,7.67967967967968,0.1263047642271694
sin_homo,0.05,1,7.68968968968969,0.11213329769758566
sin_homo,0.05,1,7.6996996996997,0.1304881376068126
sin_homo,0.05,1,7.70970970970971,0.13704026358785495
sin_homo,0.05,1,7.71971971971972,0.11232043322298933
sin_homo,0.05,1,7.72972972972973,0.14024723624750893
sin_homo,0.05,1,7.73973973973974,0.12342047249759687
sin_homo,0.05,1,7.74974974974975,0.11429566982465855
sin_homo,0.05,1,7.75975975975976,0.11167796694526125
sin_homo,0.05,1,7.76976976976977,0.13701112480056413
sin_homo,0.05,1,7.77977977977978,0.12404858802581761
sin_homo,0.05,1,7.78978978978979,0.13073074395872988
sin_homo,0.05,1,7.7997997997998,0.11192600963900573
sin_homo,0.05,1,7.80980980980981,0.13275209494444337
sin_homo,0.05,1,7.81981981981982,0.1228122091265432
sin_homo,0.05,1,7.82982982982983,0.11508866128165998
sin_homo,0.05,1,7.83983983983984,0.14906475054049437
sin_homo,0.05,1,7.84984984984985,0.14076864740143025
sin_homo,0.05,1,7.85985985985986,0.13292800146527786
sin_homo,0.05,1,7.86986986986987,0.13427238903962335
sin_homo,0.05,1,7.87987987987988,0.1359163926491989
sin_homo,0.05,1,7.88988988988989,0.11135611748892021
sin_homo,0.05,1,7.8998998998999,0.13238100498447541
sin_homo,0.05,1,7.90990990990991,0.13049488759045885
sin_homo,0.05,1,7.91991991991992,0.12637166771601524
sin_homo,0.05,1,7.92992992992993,0.1454626468740334
sin_homo,0.05,1,7.93993993993994,0.1326070038515049
sin_homo,0.05,1,7.94994994994995,0.13342382128763458
sin_homo,0.05,1,7.95995995995996,0.12040481680565225
sin_homo,0.05,1,7.96996996996997,0.14239405108073505
sin_homo,0.05,1,7.97997997997998,0.13160096592301046
sin_homo,0.05,1,7.98998998998999,0.1489910274368124
sin_homo,0.05,1,8.0,0.15303456710440713
sin_homo,0.05,2,-2.0,0.1322342026726729
sin_homo,0.05,2,-1.98998998998999,0.1318895956536501
sin_homo,0.05,2,-1.97997997997998,0.1292283114780712
sin_homo,0.05,2,-1.96996996996997,0.1283803465702061
sin_homo,0.05,2,-1.95995995995996,0.1527130132120649
sin_homo,0.05,2,-1.94994994994995,0.13770020757596313
sin_homo,0.05,2,-1.93993993993994,0.1463261699882632
sin_homo,0.05,2,-1.92992992992993,0.1425608128557255
sin_homo,0.05,2,-1.91991991991992,0.15089117452754955
sin_homo,0.05,2,-1.90990990990991,0.13640161706773468
sin_homo,0.05,2,-1.8998998998999,0.1373307285527354
sin_homo,0.05,2,-1.88988988988989,0.1513136056456738
sin_homo,0.05,2,-1.87987987987988,0.13061811954479619
sin_homo,0.05,2,-1.86986986986987,0.14125221846398486
sin_homo,0.05,2,-1.85985985985986,0.14116102406838324
sin_homo,0.05,2,-1.84984984984985,0.13553031976813687
sin_homo,0.05,2,-1.83983983983984,0.1164850373487418
sin_homo,0.05,2,-1.82982982982983,0.14616214130693106
sin_homo,0.05,2,-1.8198198198198199,0.13006722559201356
sin_homo,0.05,2,-1.8098098098098099,0.13239371473894243
sin_homo,0.05,2,-1.7997997997997999,0.12571549351102232
sin_homo,0.05,2,-1.7897897897897899,0.15162345603035687
sin_homo,0.05,2,-1.7797797797797799,0.1453709749206537
sin_homo,0.05,2,-1.7697697697697699,0.1521384456121001
sin_homo,0.05,2,-1.7597597597597598,0.13066794626385633
sin_homo,0.05,2,-1.7497497497497498,0.15130402293355738
sin_homo,0.05,2,-1.7397397397397398,0.1296993644777576
sin_homo,0.05,2,-1.7297297297297298,0.14580705836565783
sin_homo,0.05,2,-1.7197197197197198,0.13647710467998556
sin_homo,0.05,2,-1.7097097097097098,0.15212964707396295
sin_homo,0.05,2,-1.6996996996996998,0.12177552771548975
sin_homo,0.05,2,-1.6896896896896898,0.15215084947057878
sin_homo,0.05,2,-1.6796796796796798,0.12514100983908966
sin_homo,0.05,2,-1.6696696696696698,0.13590245535976755
sin_homo,0.05,2,-1.6596596596596598,0.14945248354056184
sin_homo,0.05,2,-1.6496496496496498,0.1450711837888754
sin_homo,0.05,2,-1.6396396396396398,0.14949037910875426
sin_homo,0.05,2,-1.6296296296296298,0.11681924191901948
sin_homo,0.05,2,-1.6196196196196198,0.13056547752767295
sin_homo,0.05,2,-1.6096096096096097,0.1304744081500758
sin_homo,0.05,2,-1.5995995995995997,0.1458472048954904
sin_homo,0.05,2,-1.5895895895895895,0.12675563583040533
sin_homo,0.05,2,-1.5795795795795795,0.12843011613217145
sin_homo,0.05,2,-1.5695695695695695,0.14375095345232236
sin_homo,0.05,2,-1.5595595595595595,0.12443061183130777
sin_homo,0.05,2,-1.5495495495495495,0.16589801624200645
sin_homo,0.05,2,-1.5395395395395395,0.1400491237647779
sin_homo,0.05,2,-1.5295295295295295,0.1326710189058092
sin_homo,0.05,2,-1.5195195195195195,0.12637461251346538
sin_homo,0.05,2,-1.5095095095095095,0.15044775107048175
sin_homo,0.05,2,-1.4994994994994995,0.13785411202426742
sin_homo,0.05,2,-1.4894894894894894,0.12872374021856123
sin_homo,0.05,2,-1.4794794794794794,0.13705113456898554
sin_homo,0.05,2,-1.4694694694694694,0.14780680103115035
sin_homo,0.05,2,-1.4594594594594594,0.1338831403588568
sin_homo,0.05,2,-1.4494494494494494,0.1337138998913467
sin_homo,0.05,2,-1.4394394394394394,0.13676960824602233
sin_homo,0.05,2,-1.4294294294294294,0.12842287910044678
sin_homo,0.05,2,-1.4194194194194194,0.14726672659290435
sin_homo,0.05,2,-1.4094094094094094,0.14660014745105213
sin_homo,0.05,2,-1.3993993993993994,0.13515667165200976
sin_homo,0.05,2,-1.3893893893893894,0.12529590200243196
sin_homo,0.05,2,-1.3793793793793794,0.12417243592502097
sin_homo,0.05,2,-1.3693693693693694,0.13697406889997746
sin_homo,0.05,2,-1.3593593593593594,0.12989879613177172
sin_homo,0.05,2,-1.3493493493493494,0.1254069371677586
sin_homo,0.05,2,-1.3393393393393394,0.12317785301680509
sin_homo,0.05,2,-1.3293293293293293,0.12719741385112535
sin_homo,0.05,2,-1.3193193193193193,0.12411636152073248
sin_homo,0.05,2,-1.3093093093093093,0.14508717032048146
sin_homo,0.05,2,-1.2992992992992993,0.13443737097749833
sin_homo,0.05,2,-1.2892892892892893,0.12067840105199491
sin_homo,0.05,2,-1.2792792792792793,0.1315337987114353
sin_homo,0.05,2,-1.2692692692692693,0.1351587047350221
sin_homo,0.05,2,-1.2592592592592593,0.13887073177784123
sin_homo,0.05,2,-1.2492492492492493,0.11497999623594604
sin_homo,0.05,2,-1.2392392392392393,0.12381348584579621
sin_homo,0.05,2,-1.2292292292292293,0.13943586876034203
sin_homo,0.05,2,-1.2192192192192193,0.14544346846588418
sin_homo,0.05,2,-1.2092092092092093,0.13040744555082534
sin_homo,0.05,2,-1.1991991991991993,0.13020115572534516
sin_homo,0.05,2,-1.189189189189189,0.14131616949039502
sin_homo,0.05,2,-1.179179179179179,0.1344521813503402
sin_homo,0.05,2,-1.169169169169169,0.14608637267245828
sin_homo,0.05,2,-1.159159159159159,0.1457402688028289
sin_homo,0.05,2,-1.149149149149149,0.12278300989354878
sin_homo,0.05,2,-1.139139139139139,0.13557879198693037
sin_homo,0.05,2,-1.129129129129129,0.14342946188183064
sin_homo,0.05,2,-1.119119119119119,0.11068398579905424
sin_homo,0.05,2,-1.109109109109109,0.12467886154218935
sin_homo,0.05,2,-1.099099099099099,0.1348281476876654
sin_homo,0.05,2,-1.089089089089089,0.12280901126316403
sin_homo,0.05,2,-1.079079079079079,0.12429200013866495
sin_homo,0.05,2,-1.069069069069069,0.12652295808527556
sin_homo,0.05,2,-1.059059059059059,0.12190431076832933
sin_homo,0.05,2,-1.049049049049049,0.13722712452830682
sin_homo,0.05,2,-1.039039039039039,0.11489668643459036
sin_homo,0.05,2,-1.029029029029029,0.13979928252522267
sin_homo,0.05,2,-1.019019019019019,0.11477324512298168
sin_homo,0.05,2,-1.009009009009009,0.14542242809475497
sin_homo,0.05,2,-0.9989989989989989,0.1277624996924096
sin_homo,0.05,2,-0.9889889889889889,0.15024282180723292
sin_homo,0.05,2,-0.9789789789789789,0.14548239857427717
sin_homo,0.05,2,-0.9689689689689689,0.11371103615950816
sin_homo,0.05,2,-0.9589589589589589,0.114790756996322
sin_homo,0.05,2,-0.9489489489489489,0.1304320036773658
sin_homo,0.05,2,-0.9389389389389389,0.1200618356294281
sin_homo,0.05,2,-0.9289289289289289,0.13038078427633631
sin_homo,0.05,2,-0.9189189189189189,0.12760722379804157
sin_homo,0.05,2,-0.9089089089089089,0.13187476414608704
sin_homo,0.05,2,-0.8988988988988988,0.12298520584416263
sin_homo,0.05,2,-0.8888888888888888,0.14171327696195
sin_homo,0.05,2,-0.8788788788788788,0.11329414923805572
sin_homo,0.05,2,-0.8688688688688688,0.12295680065881623
sin_homo,0.05,2,-0.8588588588588588,0.14131256243440746
sin_homo,0.05,2,-0.8488488488488488,0.11989086306832858
sin_homo,0.05,2,-0.8388388388388388,0.12584102086634708
sin_homo,0.05,2,-0.8288288288288288,0.12470416286111703
sin_homo,0.05,2,-0.8188188188188188,0.12868205851867678
sin_homo,0.05,2,-0.8088088088088088,0.14737399448940441
sin_homo,0.05,2,-0.7987987987987988,0.12623454854417598
sin_homo,0.05,2,-0.7887887887887888,0.14005659059356027
sin_homo,0.05,2,-0.7787787787787788,0.1299991063811205
sin_homo,0.05,2,-0.7687687687687688,0.12228463940183562
sin_homo,0.05,2,-0.7587587587587588,0.12849905873934842
sin_homo,0.05,2,-0.7487487487487487,0.13888691397295516
sin_homo,0.05,2,-0.7387387387387387,0.13635601025863145
sin_homo,0.05,2,-0.7287287287287287,0.13317201514392615
sin_homo,0.05,2,-0.7187187187187187,0.12996540756295183
sin_homo,0.05,2,-0.7087087087087087,0.14236708644167861
sin_homo,0.05,2,-0.6986986986986987,0.14639183111999007
sin_homo,0.05,2,-0.6886886886886887,0.10957601221141654
sin_homo,0.05,2,-0.6786786786786787,0.11666144396255076
sin_homo,0.05,2,-0.6686686686686687,0.12214754124659591
sin_homo,0.05,2,-0.6586586586586587,0.13512375861712259
sin_homo,0.05,2,-0.6486486486486487,0.12889109807910917
sin_homo,0.05,2,-0.6386386386386387,0.11348629962357851
sin_homo,0.05,2,-0.6286286286286287,0.14880721294026014
sin_homo,0.05,2,-0.6186186186186187,0.15758575520477014
sin_homo,0.05,2,-0.6086086086086087,0.12386271922761766
sin_homo,0.05,2,-0.5985985985985987,0.11139122637490449
sin_homo,0.05,2,-0.5885885885885886,0.12897547271737797
sin_homo,0.05,2,-0.5785785785785786,0.14477925487842702
sin_homo,0.05,2,-0.5685685685685686,0.13635248183479173
sin_homo,0.05,2,-0.5585585585585586,0.11410940660785973
sin_homo,0.05,2,-0.5485485485485486,0.1189032498325635
sin_homo,0.05,2,-0.5385385385385386,0.13066425239046475
sin_homo,0.05,2,-0.5285285285285286,0.1247770719163646
sin_homo,0.05,2,-0.5185185185185186,0.14673433689893378
sin_homo,0.05,2,-0.5085085085085086,0.12705348376146477
sin_homo,0.05,2,-0.4984984984984986,0.13476391273787688
sin_homo,0.05,2,-0.4884884884884886,0.10903410444408719
sin_homo,0.05,2,-0.4784784784784786,0.13887560757633674
sin_homo,0.05,2,-0.46846846846846857,0.12806566944650166
sin_homo,0.05,2,-0.45845845845845856,0.14723026972500342
sin_homo,0.05,2,-0.44844844844844856,0.1229864968291697
sin_homo,0.05,2,-0.43843843843843855,0.1279324756641382
sin_homo,0.05,2,-0.42842842842842854,0.11823888139950917
sin_homo,0.05,2,-0.41841841841841854,0.11951285077040563
sin_homo,0.05,2,-0.40840840840840853,0.13583862351381346
sin_homo,0.05,2,-0.3983983983983985,0.1136524917766226
sin_homo,0.05,2,-0.3883883883883883,0.12826548112301422
sin_homo,0.05,2,-0.3783783783783783,0.12566173795187785
sin_homo,0.05,2,-0.3683683683683683,0.12749561831577422
sin_homo,0.05,2,-0.3583583583583583,0.13876728296883098
sin_homo,0.05,2,-0.34834834834834827,0.10081710088856675
sin_homo,0.05,2,-0.33833833833833826,0.13031224056262475
sin_homo,0.05,2,-0.32832832832832826,0.11883382736536222
sin_homo,0.05,2,-0.31831831831831825,0.14375170672940615
sin_homo,0.05,2,-0.30830830830830824,0.10670524587334976
sin_homo,0.05,2,-0.29829829829829824,0.10683333269528478
sin_homo,0.05,2,-0.28828828828828823,0.10658360162982337
sin_homo,0.05,2,-0.2782782782782782,0.12368979338324004
sin_homo,0.05,2,-0.2682682682682682,0.11741742519896342
sin_homo,0.05,2,-0.2582582582582582,0.11645542036306797
sin_homo,0.05,2,-0.2482482482482482,0.12869513866315027
sin_homo,0.05,2,-0.2382382382382382,0.13126358527486115
sin_homo,0.05,2,-0.2282282282282282,0.13346321493063498
sin_homo,0.05,2,-0.21821821821821819,0.1026829571159359
sin_homo,0.05,2,-0.20820820820820818,0.12342306616946155
sin_homo,0.05,2,-0.19819819819819817,0.11665737269032449
sin_homo,0.05,2,-0.18818818818818817,0.11956705676595042
sin_homo,0.05,2,-0.17817817817817816,0.11724942120545585
sin_homo,0.05,2,-0.16816816816816815,0.13165915693849217
sin_homo,0.05,2,-0.15815815815815815,0.11218004481879072
sin_homo,0.05,2,-0.14814814814814814,0.12206557227185837
sin_homo,0.05,2,-0.13813813813813813,0.1320379795948952
sin_homo,0.05,2,-0.12812812812812813,0.10154956807002984
sin_homo,0.05,2,-0.11811811811811812,0.11867012020098733
sin_homo,0.05,2,-0.10810810810810811,0.12793174580997196
sin_homo,0.05,2,-0.09809809809809811,0.1293103030333451
sin_homo,0.05,2,-0.0880880880880881,0.11885002605763971
sin_homo,0.05,2,-0.0780780780780781,0.13422517928705358
sin_homo,0.05,2,-0.06806806806806809,0.12456790533661995
sin_homo,0.05,2,-0.05805805805805808,0.11587046139775238
sin_homo,0.05,2,-0.048048048048048075,0.12413064542350005
sin_homo,0.05,2,-0.03803803803803807,0.13433769936256662
sin_homo,0.05,2,-0.028028028028028062,0.1295581403766726
sin_homo,0.05,2,-0.018018018018018056,0.10775815010591164
sin_homo,0.05,2,-0.00800800800800805,0.12053207398281036
sin_homo,0.05,2,0.002002002002002179,0.11414882815505062
sin_homo,0.05,2,0.012012012012012185,0.12292703126680198
sin_homo,0.05,2,0.022022022022022192,0.11848608896141441
sin_homo,0.05,2,0.0320320320320322,0.10817084439622184
sin_homo,0.05,2,0.042042042042042205,0.11863538025746499
sin_homo,0.05,2,0.05205205205205221,0.12695881297780381
sin_homo,0.05,2,0.06206206206206222,0.11035024773302277
sin_homo,0.05,2,0.07207207207207222,0.10011227668183038
sin_homo,0.05,2,0.08208208208208223,0.1265473469860019
sin_homo,0.05,2,0.09209209209209224,0.11101373296365713
sin_homo,0.05,2,0.10210210210210224,0.1187312689445921
sin_homo,0.05,2,0.11211211211211225,0.09381533297007211
sin_homo,0.05,2,0.12212212212212226,0.1045241363289061
sin_homo,0.05,2,0.13213213213213226,0.10292254280647907
sin_homo,0.05,2,0.14214214214214227,0.1191762775263763
sin_homo,0.05,2,0.15215215215215228,0.10991546946100672
sin_homo,0.05,2,0.16216216216216228,0.1192035356571347
sin_homo,0.05,2,0.1721721721721723,0.13533505142301566
sin_homo,0.05,2,0.1821821821821823,0.11786170959851536
sin_homo,0.05,2,0.1921921921921923,0.12034207650717935
sin_homo,0.05,2,0.2022022022022023,0.11739845287864706
sin_homo,0.05,2,0.21221221221221231,0.10189374616174071
sin_homo,0.05,2,0.22222222222222232,0.12067009504668884
sin_homo,0.05,2,0.23223223223223233,0.11600306179820755
sin_homo,0.05,2,0.24224224224224233,0.10944897584889988
sin_homo,0.05,2,0.25225225225225234,0.12566757447909066
sin_homo,0.05,2,0.26226226226226235,0.12593365081106397
sin_homo,0.05,2,0.27227227227227235,0.10670778856680385
sin_homo,0.05,2,0.28228228228228236,0.1326734655851017
sin_homo,0.05,2,0.29229229229229237,0.10178166455367765
sin_homo,0.05,2,0.3023023023023024,0.11908873979720046
sin_homo,0.05,2,0.3123123123123124,0.11035479758283952
sin_homo,0.05,2,0.3223223223223224,0.11098079056401794
sin_homo,0.05,2,0.3323323323323324,0.1066532673230988
sin_homo,0.05,2,0.3423423423423424,0.10488481394412916
sin_homo,0.05,2,0.3523523523523524,0.10601835893526369
sin_homo,0.05,2,0.3623623623623624,0.12520701347378155
sin_homo,0.05,2,0.3723723723723724,0.11112539898272035
sin_homo,0.05,2,0.3823823823823824,0.10521030316335149
sin_homo,0.05,2,0.39239239239239243,0.11252393682359446
sin_homo,0.05,2,0.40240240240240244,0.10735507636105837
sin_homo,0.05,2,0.41241241241241244,0.12089409200054534
sin_homo,0.05,2,0.42242242242242245,0.11066215622658035
sin_homo,0.05,2,0.43243243243243246,0.10111159476786633
sin_homo,0.05,2,0.44244244244244246,0.11133695083628178
sin_homo,0.05,2,0.45245245245245247,0.10321721366704849
sin_homo,0.05,2,0.4624624624624625,0.11530318296865757
sin_homo,0.05,2,0.4724724724724725,0.11454410271223947
sin_homo,0.05,2,0.4824824824824825,0.09979619223087462
sin_homo,0.05,2,0.4924924924924925,0.11444376520875443
sin_homo,0.05,2,0.5025025025025025,0.10748196171230832
sin_homo,0.05,2,0.5125125125125125,0.1302596222602648
sin_homo,0.05,2,0.5225225225225225,0.10684484508552068
sin_homo,0.05,2,0.5325325325325325,0.10595954859528109
sin_homo,0.05,2,0.5425425425425425,0.1174910358808852
sin_homo,0.05,2,0.5525525525525525,0.1046703780334282
sin_homo,0.05,2,0.5625625625625625,0.09994572850177375
sin_homo,0.05,2,0.5725725725725725,0.10518597618332215
sin_homo,0.05,2,0.5825825825825826,0.12792257181574604
sin_homo,0.05,2,0.5925925925925926,0.12107980765624975
sin_homo,0.05,2,0.6026026026026026,0.11463906455602813
sin_homo,0.05,2,0.6126126126126126,0.10450585451707331
sin_homo,0.05,2,0.6226226226226226,0.10462662079651837
sin_homo,0.05,2,0.6326326326326326,0.1041067612567184
sin_homo,0.05,2,0.6426426426426426,0.11294349963345923
sin_homo,0.05,2,0.6526526526526526,0.10292245392382032
sin_homo,0.05,2,0.6626626626626626,0.11851667549935767
sin_homo,0.05,2,0.6726726726726726,0.11440329664859393
sin_homo,0.05,2,0.6826826826826826,0.09221981490396357
sin_homo,0.05,2,0.6926926926926926,0.10074731665675848
sin_homo,0.05,2,0.7027027027027026,0.10108874019266459
sin_homo,0.05,2,0.7127127127127126,0.1090041041437882
sin_homo,0.05,2,0.7227227227227226,0.09782702594589267
sin_homo,0.05,2,0.7327327327327327,0.10745634552020318
sin_homo,0.05,2,0.7427427427427427,0.1066221381275797
sin_homo,0.05,2,0.7527527527527527,0.11871978766564523
sin_homo,0.05,2,0.7627627627627627,0.11491515929408405
sin_homo,0.05,2,0.7727727727727727,0.09739588023375008
sin_homo,0.05,2,0.7827827827827827,0.10232616385874249
sin_homo,0.05,2,0.7927927927927927,0.10963465630930602
sin_homo,0.05,2,0.8028028028028027,0.11186366393441088
sin_homo,0.05,2,0.8128128128128127,0.09966115491975233
sin_homo,0.05,2,0.8228228228228227,0.09481798201366137
sin_homo,0.05,2,0.8328328328328327,0.10377392965217734
sin_homo,0.05,2,0.8428428428428427,0.12133466312123162
sin_homo,0.05,2,0.8528528528528527,0.0961875269377486
sin_homo,0.05,2,0.8628628628628627,0.10167757011125955
sin_homo,0.05,2,0.8728728728728727,0.12212108098371494
sin_homo,0.05,2,0.8828828828828827,0.09334440189599733
sin_homo,0.05,2,0.8928928928928928,0.09103489727505029
sin_homo,0.05,2,0.9029029029029028,0.10257676839928409
sin_homo,0.05,2,0.9129129129129128,0.11136002026486017
sin_homo,0.05,2,0.9229229229229228,0.10074696636389587
sin_homo,0.05,2,0.9329329329329328,0.09890237540627192
sin_homo,0.05,2,0.9429429429429428,0.08902073510109045
sin_homo,0.05,2,0.9529529529529528,0.10991379117582022
sin_homo,0.05,2,0.9629629629629628,0.10435347000722918
sin_homo,0.05,2,0.9729729729729728,0.10966160483046257
sin_homo,0.05,2,0.9829829829829828,0.09270608260250608
sin_homo,0.05,2,0.9929929929929928,0.10123772224532482
sin_homo,0.05,2,1.0030030030030028,0.10178732592419226
sin_homo,0.05,2,1.0130130130130128,0.11897817021460846
sin_homo,0.05,2,1.0230230230230228,0.11727579428073234
sin_homo,0.05,2,1.0330330330330328,0.10203451703021084
sin_homo,0.05,2,1.0430430430430429,0.09352513546166173
sin_homo,0.05,2,1.0530530530530529,0.10907065665456502
sin_homo,0.05,2,1.0630630630630629,0.10769219175264819
sin_homo,0.05,2,1.0730730730730729,0.11260944430746186
sin_homo,0.05,2,1.0830830830830829,0.09347061145256055
sin_homo,0.05,2,1.0930930930930929,0.10411881770032197
sin_homo,0.05,2,1.1031031031031029,0.11948510305878238
sin_homo,0.05,2,1.113113113113113,0.10791174737065712
sin_homo,0.05,2,1.123123123123123,0.08636029484443619
sin_homo,0.05,2,1.133133133133133,0.1222458632348991
sin_homo,0.05,2,1.143143143143143,0.10820030659823501
sin_homo,0.05,2,1.153153153153153,0.09295518246779529
sin_homo,0.05,2,1.163163163163163,0.11651292580321067
sin_homo,0.05,2,1.173173173173173,0.12364199410849004
sin_homo,0.05,2,1.183183183183183,0.10671031528826559
sin_homo,0.05,2,1.193193193193193,0.11097518802461369
sin_homo,0.05,2,1.203203203203203,0.11330566215936999
sin_homo,0.05,2,1.2132132132132134,0.10225540761063752
sin_homo,0.05,2,1.2232232232232234,0.09762326268825601
sin_homo,0.05,2,1.2332332332332334,0.10836592265737138
sin_homo,0.05,2,1.2432432432432434,0.10656375384520732
sin_homo,0.05,2,1.2532532532532534,0.09818599240076614
sin_homo,0.05,2,1.2632632632632634,0.10186804591625025
sin_homo,0.05,2,1.2732732732732734,0.10461263455243319
sin_homo,0.05,2,1.2832832832832834,0.1096540749068769
sin_homo,0.05,2,1.2932932932932935,0.08712287989026625
sin_homo,0.05,2,1.3033033033033035,0.09381352475926802
sin_homo,0.05,2,1.3133133133133135,0.10236838858966243
sin_homo,0.05,2,1.3233233233233235,0.09554924424502827
sin_homo,0.05,2,1.3333333333333335,0.09848842826413397
sin_homo,0.05,2,1.3433433433433435,0.10771777349487971
sin_homo,0.05,2,1.3533533533533535,0.09481007721846219
sin_homo,0.05,2,1.3633633633633635,0.09179061762431685
sin_homo,0.05,2,1.3733733733733735,0.10206936936906158
sin_homo,0.05,2,1.3833833833833835,0.09375618069966452
sin_homo,0.05,2,1.3933933933933935,0.10586788228848885
sin_homo,0.05,2,1.4034034034034035,0.08332150383454805
sin_homo,0.05,2,1.4134134134134135,0.0945712528667885
sin_homo,0.05,2,1.4234234234234235,0.09910811796492613
sin_homo,0.05,2,1.4334334334334335,0.09349818056085936
sin_homo,0.05,2,1.4434434434434436,0.10325208185252018
sin_homo,0.05,2,1.4534534534534536,0.09292863315911434
sin_homo,0.05,2,1.4634634634634636,0.10417936401085306
sin_homo,0.05,2,1.4734734734734736,0.10164874861701677
sin_homo,0.05,2,1.4834834834834836,0.11430541000981694
sin_homo,0.05,2,1.4934934934934936,0.10196971176792467
sin_homo,0.05,2,1.5035035035035036,0.0942697830542905
sin_homo,0.05,2,1.5135135135135136,0.09950732999595249
sin_homo,0.05,2,1.5235235235235236,0.0987772762330657
sin_homo,0.05,2,1.5335335335335336,0.11124520532624921
sin_homo,0.05,2,1.5435435435435436,0.09770635629971543
sin_homo,0.05,2,1.5535535535535536,0.0905810527068011
sin_homo,0.05,2,1.5635635635635636,0.08662151213149023
sin_homo,0.05,2,1.5735735735735736,0.09433961661386588
sin_homo,0.05,2,1.5835835835835836,0.10114390994342748
sin_homo,0.05,2,1.5935935935935936,0.08988037751331057
sin_homo,0.05,2,1.6036036036036037,0.09520882121356862
sin_homo,0.05,2,1.6136136136136137,0.10043044083938897
sin_homo,0.05,2,1.6236236236236237,0.10038497094393388
sin_homo,0.05,2,1.6336336336336337,0.1002048571906243
sin_homo,0.05,2,1.6436436436436437,0.10530535232796141
sin_homo,0.05,2,1.6536536536536537,0.08925565933588284
sin_homo,0.05,2,1.6636636636636637,0.08888174395747109
sin_homo,0.05,2,1.6736736736736737,0.09225804182751622
sin_homo,0.05,2,1.6836836836836837,0.09601775224174552
sin_homo,0.05,2,1.6936936936936937,0.09839412350329341
sin_homo,0.05,2,1.7037037037037037,0.09521220968938324
sin_homo,0.05,2,1.7137137137137137,0.0987755676381689
sin_homo,0.05,2,1.7237237237237237,0.10108174360954786
sin_homo,0.05,2,1.7337337337337337,0.08500422402302799
sin_homo,0.05,2,1.7437437437437437,0.0879292096336967
sin_homo,0.05,2,1.7537537537537538,0.10288580839729415
sin_homo,0.05,2,1.7637637637637638,0.0946750108297422
sin_homo,0.05,2,1.7737737737737738,0.08871733085753689
sin_homo,0.05,2,1.7837837837837838,0.08401979907326503
sin_homo,0.05,2,1.7937937937937938,0.09332961274056403
sin_homo,0.05,2,1.8038038038038038,0.09193886821445268
sin_homo,0.05,2,1.8138138138138138,0.09209676029956804
sin_homo,0.05,2,1.8238238238238238,0.08527973075380835
sin_homo,0.05,2,1.8338338338338338,0.09969773709476051
sin_homo,0.05,2,1.8438438438438438,0.07855225533302711
sin_homo,0.05,2,1.8538538538538538,0.08582233950792469
sin_homo,0.05,2,1.8638638638638638,0.0787205389001214
sin_homo,0.05,2,1.8738738738738738,0.0940614221247631
sin_homo,0.05,2,1.8838838838838838,0.0940747293694955
sin_homo,0.05,2,1.8938938938938938,0.08895871414577211
sin_homo,0.05,2,1.9039039039039038,0.10657349131551686
sin_homo,0.05,2,1.9139139139139139,0.07512735859981594
sin_homo,0.05,2,1.9239239239239239,0.08559072282857445
sin_homo,0.05,2,1.9339339339339339,0.09238114273256454
sin_homo,0.05,2,1.9439439439439439,0.08174206994359735
sin_homo,0.05,2,1.9539539539539539,0.08683539574478173
sin_homo,0.05,2,1.9639639639639639,0.08480738465779268
sin_homo,0.05,2,1.973973973973974,0.07050961702982889
sin_homo,0.05,2,1.983983983983984,0.07677497350449436
sin_homo,0.05,2,1.993993993993994,0.08810448850706247
sin_homo,0.05,2,2.0040040040040044,0.08052004906550617
sin_homo,0.05,2,2.0140140140140144,0.09707073185080457
sin_homo,0.05,2,2.0240240240240244,0.07850594635602817
sin_homo,0.05,2,2.0340340340340344,0.08470721359427033
sin_homo,0.05,2,2.0440440440440444,0.09022480626319537
sin_homo,0.05,2,2.0540540540540544,0.08016448972371666
sin_homo,0.05,2,2.0640640640640644,0.07775931196983035
sin_homo,0.05,2,2.0740740740740744,0.07754123231486544
sin_homo,0.05,2,2.0840840840840844,0.08496770995373588
sin_homo,0.05,2,2.0940940940940944,0.07219771242000576
sin_homo,0.05,2,2.1041041041041044,0.08825923353303025
sin_homo,0.05,2,2.1141141141141144,0.07722114746558574
sin_homo,0.05,2,2.1241241241241244,0.07795652107464342
sin_homo,0.05,2,2.1341341341341344,0.08241323566431143
sin_homo,0.05,2,2.1441441441441444,0.07688237630524943
sin_homo,0.05,2,2.1541541541541545,0.0724190431263289
sin_homo,0.05,2,2.1641641641641645,0.07940376647883442
sin_homo,0.05,2,2.1741741741741745,0.0676750763504777
sin_homo,0.05,2,2.1841841841841845,0.07978679885942438
sin_homo,0.05,2,2.1941941941941945,0.07129924637713342
sin_homo,0.05,2,2.2042042042042045,0.08132466609163153
sin_homo,0.05,2,2.2142142142142145,0.07888571410218453
sin_homo,0.05,2,2.2242242242242245,0.07599084025815418
sin_homo,0.05,2,2.2342342342342345,0.07259040238564529
sin_homo,0.05,2,2.2442442442442445,0.07677052820785199
sin_homo,0.05,2,2.2542542542542545,0.08615106887634982
sin_homo,0.05,2,2.2642642642642645,0.0830561589301145
sin_homo,0.05,2,2.2742742742742745,0.07579023876361723
sin_homo,0.05,2,2.2842842842842845,0.06802249431423109
sin_homo,0.05,2,2.2942942942942945,0.06573169588823115
sin_homo,0.05,2,2.3043043043043046,0.06176796727204774
sin_homo,0.05,2,2.3143143143143146,0.06398218522421724
sin_homo,0.05,2,2.3243243243243246,0.07835436440242396
sin_homo,0.05,2,2.3343343343343346,0.07082214108724552
sin_homo,0.05,2,2.3443443443443446,0.07261865851686135
sin_homo,0.05,2,2.3543543543543546,0.06547715839825342
sin_homo,0.05,2,2.3643643643643646,0.06207867405714469
sin_homo,0.05,2,2.3743743743743746,0.07288990932050209
sin_homo,0.05,2,2.3843843843843846,0.06475282593299107
sin_homo,0.05,2,2.3943943943943946,0.05835351802017669
sin_homo,0.05,2,2.4044044044044046,0.06831284689273252
sin_homo,0.05,2,2.4144144144144146,0.05769980957791261
sin_homo,0.05,2,2.4244244244244246,0.061235809307891936
sin_homo,0.05,2,2.4344344344344346,0.05763281406683238
sin_homo,0.05,2,2.4444444444444446,0.055313307685519814
sin_homo,0.05,2,2.4544544544544546,0.05867152580712657
sin_homo,0.05,2,2.4644644644644647,0.06875985249494794
sin_homo,0.05,2,2.4744744744744747,0.06564797731670008
sin_homo,0.05,2,2.4844844844844847,0.05799751877350322
sin_homo,0.05,2,2.4944944944944947,0.05640032359109508
sin_homo,0.05,2,2.5045045045045047,0.059906201967785525
sin_homo,0.05,2,2.5145145145145147,0.05249595661160744
sin_homo,0.05,2,2.5245245245245247,0.05728268318820376
sin_homo,0.05,2,2.5345345345345347,0.05908329525546356
sin_homo,0.05,2,2.5445445445445447,0.055205584138889166
sin_homo,0.05,2,2.5545545545545547,0.060040912500992215
sin_homo,0.05,2,2.5645645645645647,0.05042408441258286
sin_homo,0.05,2,2.5745745745745747,0.05644357251018449
sin_homo,0.05,2,2.5845845845845847,0.058365404584756704
sin_homo,0.05,2,2.5945945945945947,0.061960940930086236
sin_homo,0.05,2,2.6046046046046047,0.06192495625940084
sin_homo,0.05,2,2.6146146146146148,0.05685390144389137
sin_homo,0.05,2,2.6246246246246248,0.05305930071581376
sin_homo,0.05,2,2.6346346346346348,0.05795095162647658
sin_homo,0.05,2,2.6446446446446448,0.05407392153120928
sin_homo,0.05,2,2.6546546546546548,0.05195155849241229
sin_homo,0.05,2,2.664664664664665,0.04707026747676495
sin_homo,0.05,2,2.674674674674675,0.0526413716995358
sin_homo,0.05,2,2.684684684684685,0.0544878811636314
sin_homo,0.05,2,2.694694694694695,0.046045483505263364
sin_homo,0.05,2,2.704704704704705,0.05197322655181739
sin_homo,0.05,2,2.714714714714715,0.042304963668717104
sin_homo,0.05,2,2.724724724724725,0.04928631190481487
sin_homo,0.05,2,2.734734734734735,0.049901007292798324
sin_homo,0.05,2,2.744744744744745,0.0491422218898378
sin_homo,0.05,2,2.754754754754755,0.04745796209094836
sin_homo,0.05,2,2.764764764764765,0.05424133077660137
sin_homo,0.05,2,2.774774774774775,0.047953620400414745
sin_homo,0.05,2,2.784784784784785,0.05173967836289259
sin_homo,0.05,2,2.794794794794795,0.04885600895400765
sin_homo,0.05,2,2.804804804804805,0.05062446604385067
sin_homo,0.05,2,2.814814814814815,0.048403727806241116
sin_homo,0.05,2,2.824824824824825,0.04527072549874695
sin_homo,0.05,2,2.834834834834835,0.05137536288936206
sin_homo,0.05,2,2.844844844844845,0.03715303168933591
sin_homo,0.05,2,2.854854854854855,0.04404475007195757
sin_homo,0.05,2,2.864864864864865,0.04212574065344546
sin_homo,0.05,2,2.874874874874875,0.04364037562901113
sin_homo,0.05,2,2.884884884884885,0.0500849447820261
sin_homo,0.05,2,2.894894894894895,0.04272803026698941
sin_homo,0.05,2,2.904904904904905,0.04091630550111612
sin_homo,0.05,2,2.914914914914915,0.03788424816967316
sin_homo,0.05,2,2.924924924924925,0.04755079615664157
sin_homo,0.05,2,2.934934934934935,0.03973649599677648
sin_homo,0.05,2,2.944944944944945,0.0385138461911393
sin_homo,0.05,2,2.954954954954955,0.045321437133238954
sin_homo,0.05,2,2.964964964964965,0.04231629833581018
sin_homo,0.05,2,2.974974974974975,0.04729590230827114
sin_homo,0.05,2,2.984984984984985,0.04529909361901337
sin_homo,0.05,2,2.994994994994995,0.04507910729137693
sin_homo,0.05,2,3.005005005005005,0.04436360885695159
sin_homo,0.05,2,3.015015015015015,0.03857586012123314
sin_homo,0.05,2,3.025025025025025,0.039518063655618024
sin_homo,0.05,2,3.035035035035035,0.03789263485485398
sin_homo,0.05,2,3.045045045045045,0.035797379535293584
sin_homo,0.05,2,3.055055055055055,0.040754580024434446
sin_homo,0.05,2,3.065065065065065,0.03523280725019885
sin_homo,0.05,2,3.075075075075075,0.03784699648502773
sin_homo,0.05,2,3.085085085085085,0.04677895884843179
sin_homo,0.05,2,3.095095095095095,0.0473068527838802
sin_homo,0.05,2,3.105105105105105,0.03916201450022051
sin_homo,0.05,2,3.115115115115115,0.03879640264143672
sin_homo,0.05,2,3.125125125125125,0.041551898135255186
sin_homo,0.05,2,3.135135135135135,0.04479325951235314
sin_homo,0.05,2,3.145145145145145,0.040276344090775816
sin_homo,0.05,2,3.155155155155155,0.0449498194548386
sin_homo,0.05,2,3.165165165165165,0.04339963313274449
sin_homo,0.05,2,3.175175175175175,0.03956305764892932
sin_homo,0.05,2,3.185185185185185,0.04061554964068289
sin_homo,0.05,2,3.195195195195195,0.04250247424363299
sin_homo,0.05,2,3.205205205205205,0.038296205971844105
sin_homo,0.05,2,3.215215215215215,0.050570197222844525
sin_homo,0.05,2,3.225225225225225,0.04436327724631111
sin_homo,0.05,2,3.235235235235235,0.04038784174663462
sin_homo,0.05,2,3.245245245245245,0.04452530824330034
sin_homo,0.05,2,3.255255255255255,0.041445615465919114
sin_homo,0.05,2,3.265265265265265,0.041881585200279375
sin_homo,0.05,2,3.275275275275275,0.038461551770619384
sin_homo,0.05,2,3.285285285285285,0.04222047082938122
sin_homo,0.05,2,3.295295295295295,0.049481790926973516
sin_homo,0.05,2,3.305305305305305,0.04251663042802085
sin_homo,0.05,2,3.315315315315315,0.047709819833786325
sin_homo,0.05,2,3.325325325325325,0.04422488797394171
sin_homo,0.05,2,3.335335335335335,0.0471784356352192
sin_homo,0.05,2,3.3453453453453452,0.04956969278515966
sin_homo,0.05,2,3.3553553553553552,0.04444615200827781
sin_homo,0.05,2,3.3653653653653652,0.04815150337757671
sin_homo,0.05,2,3.3753753753753752,0.04100341118852612
sin_homo,0.05,2,3.3853853853853852,0.048192278529421796
sin_homo,0.05,2,3.3953953953953953,0.04741363674110602
sin_homo,0.05,2,3.4054054054054053,0.0493964313975774
sin_homo,0.05,2,3.4154154154154153,0.0508415149229532
sin_homo,0.05,2,3.4254254254254253,0.05483209332305281
sin_homo,0.05,2,3.4354354354354353,0.05736058325265636
sin_homo,0.05,2,3.4454454454454453,0.04749814214411602
sin_homo,0.05,2,3.4554554554554553,0.05321003921956759
sin_homo,0.05,2,3.4654654654654653,0.04418653237345452
sin_homo,0.05,2,3.4754754754754753,0.0554439005386167
sin_homo,0.05,2,3.4854854854854853,0.04960431927504767
sin_homo,0.05,2,3.4954954954954953,0.04888531737209725
sin_homo,0.05,2,3.5055055055055053,0.055762231425332535
sin_homo,0.05,2,3.5155155155155153,0.05484208605472423
sin_homo,0.05,2,3.5255255255255253,0.04801798182447934
sin_homo,0.05,2,3.5355355355355353,0.05403986221373131
sin_homo,0.05,2,3.5455455455455454,0.05365535202560991
sin_homo,0.05,2,3.5555555555555554,0.05847598477127495
sin_homo,0.05,2,3.5655655655655654,0.06384472701943383
sin_homo,0.05,2,3.5755755755755754,0.052202641284428475
sin_homo,0.05,2,3.5855855855855854,0.06400877776960508
sin_homo,0.05,2,3.5955955955955954,0.050059407683795645
sin_homo,0.05,2,3.6056056056056054,0.060016039719978514
sin_homo,0.05,2,3.6156156156156154,0.06072049574882301
sin_homo,0.05,2,3.6256256256256254,0.05967320342187734
sin_homo,0.05,2,3.6356356356356354,0.051369644050983564
sin_homo,0.05,2,3.6456456456456454,0.05658114775747207
sin_homo,0.05,2,3.6556556556556554,0.06286634261593142
sin_homo,0.05,2,3.6656656656656654,0.07143901432142576
sin_homo,0.05,2,3.6756756756756754,0.06514760156756812
sin_homo,0.05,2,3.6856856856856854,0.06713323858932059
sin_homo,0.05,2,3.6956956956956954,0.0627135177080568
sin_homo,0.05,2,3.7057057057057055,0.06933301402820376
sin_homo,0.05,2,3.7157157157157155,0.060107472666183964
sin_homo,0.05,2,3.7257257257257255,0.05338675262680766
sin_homo,0.05,2,3.7357357357357355,0.06994836252680443
sin_homo,0.05,2,3.7457457457457455,0.07609261763373307
sin_homo,0.05,2,3.7557557557557555,0.06960912775407904
sin_homo,0.05,2,3.7657657657657655,0.07432040637580872
sin_homo,0.05,2,3.7757757757757755,0.06803964801678296
sin_homo,0.05,2,3.7857857857857855,0.06856841331608442
sin_homo,0.05,2,3.7957957957957955,0.07117063775264419
sin_homo,0.05,2,3.8058058058058055,0.07459190008722988
sin_homo,0.05,2,3.8158158158158155,0.06529063815158331
sin_homo,0.05,2,3.8258258258258255,0.06978775330589332
sin_homo,0.05,2,3.8358358358358355,0.07617022513494223
sin_homo,0.05,2,3.8458458458458455,0.06891844400022717
sin_homo,0.05,2,3.8558558558558556,0.06818017113505574
sin_homo,0.05,2,3.8658658658658656,0.0663493865175139
sin_homo,0.05,2,3.8758758758758756,0.07514583851178931
sin_homo,0.05,2,3.8858858858858856,0.07359828734688706
sin_homo,0.05,2,3.8958958958958956,0.07301599720389486
sin_homo,0.05,2,3.9059059059059056,0.0721005496556417
sin_homo,0.05,2,3.9159159159159156,0.07872690012907063
sin_homo,0.05,2,3.9259259259259256,0.07967251864306486
sin_homo,0.05,2,3.9359359359359356,0.08358430362067615
sin_homo,0.05,2,3.9459459459459456,0.07997972828510384
sin_homo,0.05,2,3.9559559559559556,0.07129967651684767
sin_homo,0.05,2,3.9659659659659656,0.07125891838816185
sin_homo,0.05,2,3.9759759759759756,0.07060977792375414
sin_homo,0.05,2,3.9859859859859856,0.07575763162309644
sin_homo,0.05,2,3.9959959959959956,0.08415843204458788
sin_homo,0.05,2,4.006006006006006,0.08240745142651539
sin_homo,0.05,2,4.016016016016016,0.07591477361495527
sin_homo,0.05,2,4.026026026026026,0.08266669193267084
sin_homo,0.05,2,4.036036036036036,0.07204251956122322
sin_homo,0.05,2,4.046046046046046,0.07310711699612318
sin_homo,0.05,2,4.056056056056056,0.08994849812014648
sin_homo,0.05,2,4.066066066066066,0.08017911030917993
sin_homo,0.05,2,4.076076076076076,0.0732336246279596
sin_homo,0.05,2,4.086086086086086,0.0917228968553371
sin_homo,0.05,2,4.096096096096096,0.0716231122680576
sin_homo,0.05,2,4.106106106106106,0.07961856908952655
sin_homo,0.05,2,4.116116116116116,0.07941186780328574
sin_homo,0.05,2,4.126126126126126,0.09575220696705307
sin_homo,0.05,2,4.136136136136136,0.08611416206046066
sin_homo,0.05,2,4.146146146146146,0.07478179199183912
sin_homo,0.05,2,4.156156156156156,0.1010441648199499
sin_homo,0.05,2,4.166166166166166,0.09994149396580952
sin_homo,0.05,2,4.176176176176176,0.0855282101099257
sin_homo,0.05,2,4.186186186186186,0.0808351672961473
sin_homo,0.05,2,4.196196196196196,0.08505424991814717
sin_homo,0.05,2,4.206206206206206,0.07634461240297878
sin_homo,0.05,2,4.216216216216216,0.09111157549762924
sin_homo,0.05,2,4.226226226226226,0.08577043349752618
sin_homo,0.05,2,4.236236236236236,0.08530303982483729
sin_homo,0.05,2,4.246246246246246,0.08437699390714466
sin_homo,0.05,2,4.256256256256256,0.0903831400431569
sin_homo,0.05,2,4.266266266266266,0.0801199664292595
sin_homo,0.05,2,4.276276276276276,0.08014786054750883
sin_homo,0.05,2,4.286286286286286,0.08666319647877105
sin_homo,0.05,2,4.296296296296296,0.0994301909376153
sin_homo,0.05,2,4.306306306306306,0.10217823645766418
sin_homo,0.05,2,4.316316316316316,0.09864281621624929
sin_homo,0.05,2,4.326326326326326,0.09521492999275266
sin_homo,0.05,2,4.336336336336336,0.09003526043785104
sin_homo,0.05,2,4.346346346346346,0.09770301462257265
sin_homo,0.05,2,4.356356356356356,0.09481564817532138
sin_homo,0.05,2,4.366366366366366,0.1007451872670351
sin_homo,0.05,2,4.376376376376376,0.09138571361598227
sin_homo,0.05,2,4.386386386386386,0.08917581191436195
sin_homo,0.05,2,4.396396396396396,0.08851715653950651
sin_homo,0.05,2,4.406406406406406,0.10238769172152298
sin_homo,0.05,2,4.416416416416417,0.07941910583699646
sin_homo,0.05,2,4.426426426426427,0.09989281666315018
sin_homo,0.05,2,4.436436436436437,0.08511054551971858
sin_homo,0.05,2,4.446446446446447,0.0958210533251929
sin_homo,0.05,2,4.456456456456457,0.08336707074091529
sin_homo,0.05,2,4.466466466466467,0.09480927342325453
sin_homo,0.05,2,4.476476476476477,0.09665233727508528
sin_homo,0.05,2,4.486486486486487,0.08425925045202894
sin_homo,0.05,2,4.496496496496497,0.10060012545624246
sin_homo,0.05,2,4.506506506506507,0.0981137716328374
sin_homo,0.05,2,4.516516516516517,0.0927209047946248
sin_homo,0.05,2,4.526526526526527,0.09213306329491053
sin_homo,0.05,2,4.536536536536537,0.08710357001928107
sin_homo,0.05,2,4.546546546546547,0.10845629015174174
sin_homo,0.05,2,4.556556556556557,0.10112141736599711
sin_homo,0.05,2,4.566566566566567,0.09452585132033413
sin_homo,0.05,2,4.576576576576577,0.08002770279258364
sin_homo,0.05,2,4.586586586586587,0.10643899068892886
sin_homo,0.05,2,4.596596596596597,0.10295929596661009
sin_homo,0.05,2,4.606606606606607,0.10115624954857527
sin_homo,0.05,2,4.616616616616617,0.08774471966332728
sin_homo,0.05,2,4.626626626626627,0.10963494727264948
sin_homo,0.05,2,4.636636636636637,0.09720757056769191
sin_homo,0.05,2,4.646646646646647,0.10590793617088046
sin_homo,0.05,2,4.656656656656657,0.10137756572362225
sin_homo,0.05,2,4.666666666666667,0.0954382149426579
sin_homo,0.05,2,4.676676676676677,0.09972050490521232
sin_homo,0.05,2,4.686686686686687,0.1080098357127066
sin_homo,0.05,2,4.696696696696697,0.09086848313020052
sin_homo,0.05,2,4.706706706706707,0.09625065605600656
sin_homo,0.05,2,4.716716716716717,0.09459093991506258
sin_homo,0.05,2,4.726726726726727,0.11544458461705949
sin_homo,0.05,2,4.736736736736737,0.11281121375636255
sin_homo,0.05,2,4.746746746746747,0.10769271517850888
sin_homo,0.05,2,4.756756756756757,0.09471909843510866
sin_homo,0.05,2,4.766766766766767,0.1087034956459541
sin_homo,0.05,2,4.776776776776777,0.10594037406569781
sin_homo,0.05,2,4.786786786786787,0.12331704515322289
sin_homo,0.05,2,4.796796796796797,0.0941390543499242
sin_homo,0.05,2,4.806806806806807,0.10145171303673284
sin_homo,0.05,2,4.816816816816817,0.1109112891573096
sin_homo,0.05,2,4.826826826826827,0.11082599465313925
sin_homo,0.05,2,4.836836836836837,0.10756610449763629
sin_homo,0.05,2,4.846846846846847,0.09601519238138985
sin_homo,0.05,2,4.856856856856857,0.0974275371889349
sin_homo,0.05,2,4.866866866866867,0.12130527530949749
sin_homo,0.05,2,4.876876876876877,0.11707070086254993
sin_homo,0.05,2,4.886886886886887,0.09693547387800144
sin_homo,0.05,2,4.896896896896897,0.09339030526002975
sin_homo,0.05,2,4.906906906906907,0.10039412530102435
sin_homo,0.05,2,4.916916916916917,0.10146108148720678
sin_homo,0.05,2,4.926926926926927,0.09425049540087557
sin_homo,0.05,2,4.936936936936937,0.09882347749946066
sin_homo,0.05,2,4.946946946946947,0.10363782639594327
sin_homo,0.05,2,4.956956956956957,0.12652244879360794
sin_homo,0.05,2,4.966966966966967,0.11818189200054603
sin_homo,0.05,2,4.976976976976977,0.10027542075183514
sin_homo,0.05,2,4.986986986986987,0.10653797474421058
sin_homo,0.05,2,4.996996996996997,0.09579852147216673
sin_homo,0.05,2,5.007007007007007,0.10565226319228609
sin_homo,0.05,2,5.017017017017017,0.10914861544864993
sin_homo,0.05,2,5.027027027027027,0.09131411882960336
sin_homo,0.05,2,5.037037037037037,0.10146657811078343
sin_homo,0.05,2,5.047047047047047,0.10703219696064303
sin_homo,0.05,2,5.057057057057057,0.10882269294808773
sin_homo,0.05,2,5.067067067067067,0.1146781593698638
sin_homo,0.05,2,5.077077077077077,0.09732251965605197
sin_homo,0.05,2,5.087087087087087,0.11567759763505221
sin_homo,0.05,2,5.097097097097097,0.11653406495647857
sin_homo,0.05,2,5.107107107107107,0.10635582271516723
sin_homo,0.05,2,5.117117117117117,0.09864437989197249
sin_homo,0.05,2,5.127127127127127,0.0907381655179393
sin_homo,0.05,2,5.137137137137137,0.09351079016217578
sin_homo,0.05,2,5.147147147147147,0.12072810498627791
sin_homo,0.05,2,5.157157157157157,0.10445343051790434
sin_homo,0.05,2,5.167167167167167,0.09889392716306297
sin_homo,0.05,2,5.177177177177177,0.11014561894220291
sin_homo,0.05,2,5.187187187187187,0.11093244678280653
sin_homo,0.05,2,5.197197197197197,0.1093873694691105
sin_homo,0.05,2,5.207207207207207,0.11102634158105477
sin_homo,0.05,2,5.217217217217217,0.09309841282228375
sin_homo,0.05,2,5.227227227227227,0.10983101475110514
sin_homo,0.05,2,5.237237237237237,0.11563123077097016
sin_homo,0.05,2,5.247247247247247,0.11904705358024717
sin_homo,0.05,2,5.257257257257257,0.09894984146838319
sin_homo,0.05,2,5.267267267267267,0.12278422766056976
sin_homo,0.05,2,5.277277277277277,0.09449018145064213
sin_homo,0.05,2,5.287287287287287,0.10177443482139727
sin_homo,0.05,2,5.297297297297297,0.1081664971587238
sin_homo,0.05,2,5.307307307307307,0.11270578372378832
sin_homo,0.05,2,5.317317317317317,0.12611072073893254
sin_homo,0.05,2,5.327327327327327,0.12526888398385652
sin_homo,0.05,2,5.337337337337337,0.11064091478515835
sin_homo,0.05,2,5.347347347347347,0.12630804182868974
sin_homo,0.05,2,5.357357357357357,0.1117859493989322
sin_homo,0.05,2,5.367367367367367,0.10960118364463842
sin_homo,0.05,2,5.377377377377377,0.11409935106748297
sin_homo,0.05,2,5.387387387387387,0.09637960123968776
sin_homo,0.05,2,5.397397397397397,0.11546523241117466
sin_homo,0.05,2,5.407407407407407,0.11693131801250778
sin_homo,0.05,2,5.4174174174174174,0.11728415299557689
sin_homo,0.05,2,5.4274274274274275,0.09762102878785348
sin_homo,0.05,2,5.4374374374374375,0.1105143656623782
sin_homo,0.05,2,5.4474474474474475,0.1210951615469781
sin_homo,0.05,2,5.4574574574574575,0.11287426444735633
sin_homo,0.05,2,5.4674674674674675,0.1291727333057554
sin_homo,0.05,2,5.4774774774774775,0.09619781219442096
sin_homo,0.05,2,5.4874874874874875,0.11473222817519246
sin_homo,0.05,2,5.4974974974974975,0.11143504291475455
sin_homo,0.05,2,5.5075075075075075,0.12867772550267634
sin_homo,0.05,2,5.5175175175175175,0.12687040310207737
sin_homo,0.05,2,5.5275275275275275,0.11372975156816398
sin_homo,0.05,2,5.5375375375375375,0.10031866325667427
sin_homo,0.05,2,5.5475475475475475,0.10275230491747325
sin_homo,0.05,2,5.5575575575575575,0.10960689760793342
sin_homo,0.05,2,5.5675675675675675,0.1327971662587809
sin_homo,0.05,2,5.5775775775775776,0.10386321751807333
sin_homo,0.05,2,5.587587587587588,0.1111185966229188
sin_homo,0.05,2,5.597597597597598,0.1331345842936092
sin_homo,0.05,2,5.607607607607608,0.12414988443316423
sin_homo,0.05,2,5.617617617617618,0.11593778359570495
sin_homo,0.05,2,5.627627627627628,0.10626191124011088
sin_homo,0.05,2,5.637637637637638,0.1191752234975497
sin_homo,0.05,2,5.647647647647648,0.10790230136417256
sin_homo,0.05,2,5.657657657657658,0.11554318078371525
sin_homo,0.05,2,5.667667667667668,0.12093026014526671
sin_homo,0.05,2,5.677677677677678,0.10278555268048166
sin_homo,0.05,2,5.687687687687688,0.10508511091279835
sin_homo,0.05,2,5.697697697697698,0.12446566710296089
sin_homo,0.05,2,5.707707707707708,0.12584666252288976
sin_homo,0.05,2,5.717717717717718,0.11971153880065674
sin_homo,0.05,2,5.727727727727728,0.10671060732610493
sin_homo,0.05,2,5.737737737737738,0.1425559358674723
sin_homo,0.05,2,5.747747747747748,0.12523766134107664
sin_homo,0.05,2,5.757757757757758,0.1207836849703481
sin_homo,0.05,2,5.767767767767768,0.12525237452250754
sin_homo,0.05,2,5.777777777777778,0.11984760957230796
sin_homo,0.05,2,5.787787787787788,0.1074783369817283
sin_homo,0.05,2,5.797797797797798,0.10697410289099177
sin_homo,0.05,2,5.807807807807808,0.11174227729546483
sin_homo,0.05,2,5.817817817817818,0.1195041234246531
sin_homo,0.05,2,5.827827827827828,0.11365505973177178
sin_homo,0.05,2,5.837837837837838,0.10303862960851273
sin_homo,0.05,2,5.847847847847848,0.12305059988622861
sin_homo,0.05,2,5.857857857857858,0.11097465266250094
sin_homo,0.05,2,5.867867867867868,0.11970529236661502
sin_homo,0.05,2,5.877877877877878,0.10614838714004043
sin_homo,0.05,2,5.887887887887888,0.11519942332898593
sin_homo,0.05,2,5.897897897897898,0.10975248492895028
sin_homo,0.05,2,5.907907907907908,0.12422039041908185
sin_homo,0.05,2,5.917917917917918,0.10735582309985864
sin_homo,0.05,2,5.927927927927928,0.13050167471555338
sin_homo,0.05,2,5.937937937937938,0.1175477325981281
sin_homo,0.05,2,5.947947947947948,0.10092289596963872
sin_homo,0.05,2,5.957957957957958,0.11063642903933375
sin_homo,0.05,2,5.967967967967968,0.1231845744492553
sin_homo,0.05,2,5.977977977977978,0.10122109888257794
sin_homo,0.05,2,5.987987987987988,0.10824047323023553
sin_homo,0.05,2,5.997997997997998,0.09471743372714572
sin_homo,0.05,2,6.008008008008009,0.1124242556020863
sin_homo,0.05,2,6.018018018018019,0.10875388107096598
sin_homo,0.05,2,6.028028028028029,0.1092491158226811
sin_homo,0.05,2,6.038038038038039,0.11222473090648225
sin_homo,0.05,2,6.048048048048049,0.11146932720002789
sin_homo,0.05,2,6.058058058058059,0.1255013486607503
sin_homo,0.05,2,6.068068068068069,0.11511402856305836
sin_homo,0.05,2,6.078078078078079,0.13117957302149774
sin_homo,0.05,2,6.088088088088089,0.11806480123600073
sin_homo,0.05,2,6.098098098098099,0.10555508981104211
sin_homo,0.05,2,6.108108108108109,0.11567416656232532
sin_homo,0.05,2,6.118118118118119,0.1258808250843864
sin_homo,0.05,2,6.128128128128129,0.12900486438370637
sin_homo,0.05,2,6.138138138138139,0.11268574197405325
sin_homo,0.05,2,6.148148148148149,0.14293115692779185
sin_homo,0.05,2,6.158158158158159,0.11775964044397956
sin_homo,0.05,2,6.168168168168169,0.12294199615259702
sin_homo,0.05,2,6.178178178178179,0.11058569361035603
sin_homo,0.05,2,6.188188188188189,0.13942871492404008
sin_homo,0.05,2,6.198198198198199,0.12455536937559533
sin_homo,0.05,2,6.208208208208209,0.12653381422715196
sin_homo,0.05,2,6.218218218218219,0.13543004787560534
sin_homo,0.05,2,6.228228228228229,0.1293777389219361
sin_homo,0.05,2,6.238238238238239,0.12750196079170295
sin_homo,0.05,2,6.248248248248249,0.14116509584189194
sin_homo,0.05,2,6.258258258258259,0.13117835849241033
sin_homo,0.05,2,6.268268268268269,0.11688232891169632
sin_homo,0.05,2,6.278278278278279,0.11960163481767883
sin_homo,0.05,2,6.288288288288289,0.13708714826543528
sin_homo,0.05,2,6.298298298298299,0.13035820694113168
sin_homo,0.05,2,6.308308308308309,0.12069503920329142
sin_homo,0.05,2,6.318318318318319,0.11110776806069733
sin_homo,0.05,2,6.328328328328329,0.11871165973332375
sin_homo,0.05,2,6.338338338338339,0.10592522426904304
sin_homo,0.05,2,6.348348348348349,0.1286353748418929
sin_homo,0.05,2,6.358358358358359,0.12114170428628122
sin_homo,0.05,2,6.368368368368369,0.11132005154638892
sin_homo,0.05,2,6.378378378378379,0.11926404166013012
sin_homo,0.05,2,6.388388388388389,0.12180878252147745
sin_homo,0.05,2,6.398398398398399,0.11184406063537579
sin_homo,0.05,2,6.408408408408409,0.126519037244926
sin_homo,0.05,2,6.418418418418419,0.11334975396861037
sin_homo,0.05,2,6.428428428428429,0.11697563918533747
sin_homo,0.05,2,6.438438438438439,0.11484772997573402
sin_homo,0.05,2,6.448448448448449,0.11995619863368684
sin_homo,0.05,2,6.458458458458459,0.1210553555372486
sin_homo,0.05,2,6.468468468468469,0.13732222148737128
sin_homo,0.05,2,6.478478478478479,0.11484378004187838
sin_homo,0.05,2,6.488488488488489,0.09643890260470893
sin_homo,0.05,2,6.498498498498499,0.10695363041265772
sin_homo,0.05,2,6.508508508508509,0.10772905550681958
sin_homo,0.05,2,6.518518518518519,0.11958994982120279
sin_homo,0.05,2,6.528528528528529,0.11599094199468171
sin_homo,0.05,2,6.538538538538539,0.10188322491176853
sin_homo,0.05,2,6.548548548548549,0.11695033913617253
sin_homo,0.05,2,6.558558558558559,0.12652925581871458
sin_homo,0.05,2,6.568568568568569,0.10377716717370494
sin_homo,0.05,2,6.578578578578579,0.10825847836746473
sin_homo,0.05,2,6.588588588588589,0.1366803607977839
sin_homo,0.05,2,6.598598598598599,0.129138393954854
sin_homo,0.05,2,6.608608608608609,0.11152556364052824
sin_homo,0.05,2,6.618618618618619,0.11855235021953484
sin_homo,0.05,2,6.628628628628629,0.1326724361880429
sin_homo,0.05,2,6.638638638638639,0.11446333422560975
sin_homo,0.05,2,6.648648648648649,0.12547299787571384
sin_homo,0.05,2,6.658658658658659,0.12157773971800982
sin_homo,0.05,2,6.668668668668669,0.1173768446053615
sin_homo,0.05,2,6.678678678678679,0.13462187554796204
sin_homo,0.05,2,6.688688688688689,0.12148607171079469
sin_homo,0.05,2,6.698698698698699,0.1284932357228156
sin_homo,0.05,2,6.708708708708709,0.13299004460046546
sin_homo,0.05,2,6.718718718718719,0.1119711720540684
sin_homo,0.05,2,6.728728728728729,0.13580418764058014
sin_homo,0.05,2,6.738738738738739,0.1228374983935544
sin_homo,0.05,2,6.748748748748749,0.10789260474387322
sin_homo,0.05,2,6.758758758758759,0.11038556990087682
sin_homo,0.05,2,6.768768768768769,0.11977253957719589
sin_homo,0.05,2,6.778778778778779,0.13505546666822657
sin_homo,0.05,2,6.788788788788789,0.12960901747836595
sin_homo,0.05,2,6.798798798798799,0.13247613560599134
sin_homo,0.05,2,6.808808808808809,0.1437210977070537
sin_homo,0.05,2,6.818818818818819,0.13650188797811272
sin_homo,0.05,2,6.828828828828829,0.14203798090141015
sin_homo,0.05,2,6.838838838838839,0.13569348488270033
sin_homo,0.05,2,6.848848848848849,0.11499882831472948
sin_homo,0.05,2,6.858858858858859,0.11872271982720076
sin_homo,0.05,2,6.868868868868869,0.12835754862372942
sin_homo,0.05,2,6.878878878878879,0.11642245939037463
sin_homo,0.05,2,6.888888888888889,0.10387649567414907
sin_homo,0.05,2,6.898898898898899,0.12884980810927518
sin_homo,0.05,2,6.908908908908909,0.12127300367970915
sin_homo,0.05,2,6.918918918918919,0.11862776029074687
sin_homo,0.05,2,6.928928928928929,0.11001550799617339
sin_homo,0.05,2,6.938938938938939,0.14156785396184
sin_homo,0.05,2,6.948948948948949,0.13271127473847594
sin_homo,0.05,2,6.958958958958959,0.126927387693847
sin_homo,0.05,2,6.968968968968969,0.1162429131202449
sin_homo,0.05,2,6.978978978978979,0.13297096664602598
sin_homo,0.05,2,6.988988988988989,0.11949182174357946
sin_homo,0.05,2,6.998998998998999,0.12108483177490294
sin_homo,0.05,2,7.009009009009009,0.12877600092341923
sin_homo,0.05,2,7.019019019019019,0.11983540756028582
sin_homo,0.05,2,7.029029029029029,0.11769748696048214
sin_homo,0.05,2,7.039039039039039,0.12759157253078518
sin_homo,0.05,2,7.049049049049049,0.12131290320755302
sin_homo,0.05,2,7.059059059059059,0.1319221386198498
sin_homo,0.05,2,7.069069069069069,0.10517943891849632
sin_homo,0.05,2,7.079079079079079,0.12328318779040483
sin_homo,0.05,2,7.089089089089089,0.11808310512036403
sin_homo,0.05,2,7.099099099099099,0.12869511787832646
sin_homo,0.05,2,7.109109109109109,0.13307436244500245
sin_homo,0.05,2,7.119119119119119,0.11935223623354103
sin_homo,0.05,2,7.129129129129129,0.14470564088598206
sin_homo,0.05,2,7.1391391391391394,0.11760383677976445
sin_homo,0.05,2,7.1491491491491495,0.12228268402972274
sin_homo,0.05,2,7.1591591591591595,0.13017842741447533
sin_homo,0.05,2,7.1691691691691695,0.11908992668661723
sin_homo,0.05,2,7.1791791791791795,0.12232951964177109
sin_homo,0.05,2,7.1891891891891895,0.13227329683604558
sin_homo,0.05,2,7.1991991991991995,0.13678109163457153
sin_homo,0.05,2,7.2092092092092095,0.12554514620030294
sin_homo,0.05,2,7.2192192192192195,0.13853725120061436
sin_homo,0.05,2,7.2292292292292295,0.14781148410604292
sin_homo,0.05,2,7.2392392392392395,0.1271080386071326
sin_homo,0.05,2,7.2492492492492495,0.11838386184888461
sin_homo,0.05,2,7.2592592592592595,0.13196357489120464
sin_homo,0.05,2,7.2692692692692695,0.12459840300895517
sin_homo,0.05,2,7.2792792792792795,0.1325674483298815
sin_homo,0.05,2,7.2892892892892895,0.14899274029798856
sin_homo,0.05,2,7.2992992992992995,0.13539977382317675
sin_homo,0.05,2,7.3093093093093096,0.13967932989333887
sin_homo,0.05,2,7.31931931931932,0.12813520499293324
sin_homo,0.05,2,7.32932932932933,0.12911329141425795
sin_homo,0.05,2,7.33933933933934,0.12241431060983658
sin_homo,0.05,2,7.34934934934935,0.14347072340989922
sin_homo,0.05,2,7.35935935935936,0.14375066343837073
sin_homo,0.05,2,7.36936936936937,0.1282899425458814
sin_homo,0.05,2,7.37937937937938,0.12759414565593794
sin_homo,0.05,2,7.38938938938939,0.13412657940437006
sin_homo,0.05,2,7.3993993993994,0.12738955562300863
sin_homo,0.05,2,7.40940940940941,0.12535996836640687
sin_homo,0.05,2,7.41941941941942,0.12077214601128076
sin_homo,0.05,2,7.42942942942943,0.11766602059091376
sin_homo,0.05,2,7.43943943943944,0.1369675120801244
sin_homo,0.05,2,7.44944944944945,0.12589239757286494
sin_homo,0.05,2,7.45945945945946,0.13927053561593677
sin_homo,0.05,2,7.46946946946947,0.13309280098179324
sin_homo,0.05,2,7.47947947947948,0.11247980655469599
sin_homo,0.05,2,7.48948948948949,0.13733098277360467
sin_homo,0.05,2,7.4994994994995,0.1462237882834758
sin_homo,0.05,2,7.50950950950951,0.13842589489240154
sin_homo,0.05,2,7.51951951951952,0.13328924880226212
sin_homo,0.05,2,7.52952952952953,0.14128736825306878
sin_homo,0.05,2,7.53953953953954,0.1414113027018201
sin_homo,0.05,2,7.54954954954955,0.14333137916244695
sin_homo,0.05,2,7.55955955955956,0.13468191450489986
sin_homo,0.05,2,7.56956956956957,0.13738109451486624
sin_homo,0.05,2,7.57957957957958,0.1234102148035993
sin_homo,0.05,2,7.58958958958959,0.14952397285397964
sin_homo,0.05,2,7.5995995995996,0.13028349786073
sin_homo,0.05,2,7.60960960960961,0.14331494987480942
sin_homo,0.05,2,7.61961961961962,0.12400286147933164
sin_homo,0.05,2,7.62962962962963,0.12619668996281738
sin_homo,0.05,2,7.63963963963964,0.11805385933481233
sin_homo,0.05,2,7.64964964964965,0.1187222150834055
sin_homo,0.05,2,7.65965965965966,0.12408291232968728
sin_homo,0.05,2,7.66966966966967,0.1228574692129045
sin_homo,0.05,2,7.67967967967968,0.13091690535402487
sin_homo,0.05,2,7.68968968968969,0.11825671013180161
sin_homo,0.05,2,7.6996996996997,0.14693865804550113
sin_homo,0.05,2,7.70970970970971,0.12610753756818363
sin_homo,0.05,2,7.71971971971972,0.13301889771360548
sin_homo,0.05,2,7.72972972972973,0.13683022972910294
sin_homo,0.05,2,7.73973973973974,0.12428472694520264
sin_homo,0.05,2,7.74974974974975,0.13772685031219467
sin_homo,0.05,2,7.75975975975976,0.12870535387742627
sin_homo,0.05,2,7.76976976976977,0.14630599176629236
sin_homo,0.05,2,7.77977977977978,0.11809857238058306
sin_homo,0.05,2,7.78978978978979,0.12103349990706917
sin_homo,0.05,2,7.7997997997998,0.1258905010604489
sin_homo,0.05,2,7.80980980980981,0.12669770161640617
sin_homo,0.05,2,7.81981981981982,0.127706704532359
sin_homo,0.05,2,7.82982982982983,0.1366525023081049
sin_homo,0.05,2,7.83983983983984,0.1264568194089787
sin_homo,0.05,2,7.84984984984985,0.1361017983624754
sin_homo,0.05,2,7.85985985985986,0.13333623893481755
sin_homo,0.05,2,7.86986986986987,0.12264610131299891
sin_homo,0.05,2,7.87987987987988,0.1319993119907634
sin_homo,0.05,2,7.88988988988989,0.14540566374422104
sin_homo,0.05,2,7.8998998998999,0.1380971161768508
sin_homo,0.05,2,7.90990990990991,0.13632916511659393
sin_homo,0.05,2,7.91991991991992,0.12423742207178065
sin_homo,0.05,2,7.92992992992993,0.13093823541673288
sin_homo,0.05,2,7.93993993993994,0.12946637388548135
sin_homo,0.05,2,7.94994994994995,0.11380637917582952
sin_homo,0.05,2,7.95995995995996,0.12640585738908164
sin_homo,0.05,2,7.96996996996997,0.13216366142978517
sin_homo,0.05,2,7.97997997997998,0.1388813097731938
sin_homo,0.05,2,7.98998998998999,0.1505213875648944
sin_homo,0.05,2,8.0,0.1219726438581382
sin_homo,0.1,0,-2.0,0.1544284797616228
sin_homo,0.1,0,-1.98998998998999,0.1508359354598985
sin_homo,0.1,0,-1.97997997997998,0.1516695940556904
sin_homo,0.1,0,-1.96996996996997,0.16511676136747505
sin_homo,0.1,0,-1.95995995995996,0.1285944703139634
sin_homo,0.1,0,-1.94994994994995,0.16282508739733462
sin_homo,0.1,0,-1.93993993993994,0.14940686979364737
sin_homo,0.1,0,-1.92992992992993,0.15293224721525459
sin_homo,0.1,0,-1.91991991991992,0.15070105391581898
sin_homo,0.1,0,-1.90990990990991,0.15304035499586371
sin_homo,0.1,0,-1.8998998998999,0.15500778169279714
sin_homo,0.1,0,-1.88988988988989,0.14561392706954399
sin_homo,0.1,0,-1.87987987987988,0.13272944418179752
sin_homo,0.1,0,-1.86986986986987,0.13989118897653438
sin_homo,0.1,0,-1.85985985985986,0.1486336540293539
sin_homo,0.1,0,-1.84984984984985,0.14458162506243216
sin_homo,0.1,0,-1.83983983983984,0.1578904667329292
sin_homo,0.1,0,-1.82982982982983,0.13953159628704884
sin_homo,0.1,0,-1.8198198198198199,0.15791971028243398
sin_homo,0.1,0,-1.8098098098098099,0.15015321230589737
sin_homo,0.1,0,-1.7997997997997999,0.14340705267401285
sin_homo,0.1,0,-1.7897897897897899,0.149127699569841
sin_homo,0.1,0,-1.7797797797797799,0.14291138472204928
sin_homo,0.1,0,-1.7697697697697699,0.1608968702432054
sin_homo,0.1,0,-1.7597597597597598,0.15636842488844566
sin_homo,0.1,0,-1.7497497497497498,0.1605428147179132
sin_homo,0.1,0,-1.7397397397397398,0.17023625069154186
sin_homo,0.1,0,-1.7297297297297298,0.14154953312424193
sin_homo,0.1,0,-1.7197197197197198,0.1744398414568609
sin_homo,0.1,0,-1.7097097097097098,0.1525357641266673
sin_homo,0.1,0,-1.6996996996996998,0.1570158120967253
sin_homo,0.1,0,-1.6896896896896898,0.14891507632872314
sin_homo,0.1,0,-1.6796796796796798,0.17659634078116376
sin_homo,0.1,0,-1.6696696696696698,0.152068786190318
sin_homo,0.1,0,-1.6596596596596598,0.14718797993677157
sin_homo,0.1,0,-1.6496496496496498,0.14951320712478394
sin_homo,0.1,0,-1.6396396396396398,0.16258846372469207
sin_homo,0.1,0,-1.6296296296296298,0.13012307047512855
sin_homo,0.1,0,-1.6196196196196198,0.14228204932792957
sin_homo,0.1,0,-1.6096096096096097,0.13983808109180182
sin_homo,0.1,0,-1.5995995995995997,0.1470138579294325
sin_homo,0.1,0,-1.5895895895895895,0.14663490083591713
sin_homo,0.1,0,-1.5795795795795795,0.1474700236898859
sin_homo,0.1,0,-1.5695695695695695,0.1300195327084097
sin_homo,0.1,0,-1.5595595595595595,0.13384203800407476
sin_homo,0.1,0,-1.5495495495495495,0.17435925308528938
sin_homo,0.1,0,-1.5395395395395395,0.15308885902737857
sin_homo,0.1,0,-1.5295295295295295,0.1321833705911629
sin_homo,0.1,0,-1.5195195195195195,0.14445412181377087
sin_homo,0.1,0,-1.5095095095095095,0.14562747074134574
sin_homo,0.1,0,-1.4994994994994995,0.14660896372680055
sin_homo,0.1,0,-1.4894894894894894,0.14665307252861753
sin_homo,0.1,0,-1.4794794794794794,0.1316015587083353
sin_homo,0.1,0,-1.4694694694694694,0.1385820457130256
sin_homo,0.1,0,-1.4594594594594594,0.13984378183368493
sin_homo,0.1,0,-1.4494494494494494,0.14202113919176262
sin_homo,0.1,0,-1.4394394394394394,0.13754281909575747
sin_homo,0.1,0,-1.4294294294294294,0.14263850415317006
sin_homo,0.1,0,-1.4194194194194194,0.13726598998142198
sin_homo,0.1,0,-1.4094094094094094,0.16715420684098867
sin_homo,0.1,0,-1.3993993993993994,0.1553088745895862
sin_homo,0.1,0,-1.3893893893893894,0.16389760028932146
sin_homo,0.1,0,-1.3793793793793794,0.1583105180423669
sin_homo,0.1,0,-1.3693693693693694,0.14354557687266406
sin_homo,0.1,0,-1.3593593593593594,0.140070882679374
sin_homo,0.1,0,-1.3493493493493494,0.1541780316011571
sin_homo,0.1,0,-1.3393393393393394,0.14224045151874018
sin_homo,0.1,0,-1.3293293293293293,0.12505370341898764
sin_homo,0.1,0,-1.3193193193193193,0.1426408873334024
sin_homo,0.1,0,-1.3093093093093093,0.1519989516734269
sin_homo,0.1,0,-1.2992992992992993,0.16997718611614482
sin_homo,0.1,0,-1.2892892892892893,0.17162258737279443
sin_homo,0.1,0,-1.2792792792792793,0.14771473313545577
sin_homo,0.1,0,-1.2692692692692693,0.14755297773286877
sin_homo,0.1,0,-1.2592592592592593,0.1408408517922782
sin_homo,0.1,0,-1.2492492492492493,0.15302411860819462
sin_homo,0.1,0,-1.2392392392392393,0.1548289701697522
sin_homo,0.1,0,-1.2292292292292293,0.13975065494502378
sin_homo,0.1,0,-1.2192192192192193,0.16219939742710784
sin_homo,0.1,0,-1.2092092092092093,0.15666790336043815
sin_homo,0.1,0,-1.1991991991991993,0.1311284844358933
sin_homo,0.1,0,-1.189189189189189,0.13418615312330723
sin_homo,0.1,0,-1.179179179179179,0.12959483244043374
sin_homo,0.1,0,-1.169169169169169,0.167040200207438
sin_homo,0.1,0,-1.159159159159159,0.13537737929977592
sin_homo,0.1,0,-1.149149149149149,0.16218099378300924
sin_homo,0.1,0,-1.139139139139139,0.12694314453512287
sin_homo,0.1,0,-1.129129129129129,0.13832830552037295
sin_homo,0.1,0,-1.119119119119119,0.14324159966104827
sin_homo,0.1,0,-1.109109109109109,0.13108100861852545
sin_homo,0.1,0,-1.099099099099099,0.16739504689244974
sin_homo,0.1,0,-1.089089089089089,0.14577359529175277
sin_homo,0.1,0,-1.079079079079079,0.12497753079642533
sin_homo,0.1,0,-1.069069069069069,0.14670428746405798
sin_homo,0.1,0,-1.059059059059059,0.15243550447930415
sin_homo,0.1,0,-1.049049049049049,0.1375371154283712
sin_homo,0.1,0,-1.039039039039039,0.14653078993263854
sin_homo,0.1,0,-1.029029029029029,0.13633725402038518
sin_homo,0.1,0,-1.019019019019019,0.12987698506561404
sin_homo,0.1,0,-1.009009009009009,0.1433540044013079
sin_homo,0.1,0,-0.9989989989989989,0.12353624267507587
sin_homo,0.1,0,-0.9889889889889889,0.12133597786697899
sin_homo,0.1,0,-0.9789789789789789,0.14179191809296046
sin_homo,0.1,0,-0.9689689689689689,0.15523359730306208
sin_homo,0.1,0,-0.9589589589589589,0.13984478625276522
sin_homo,0.1,0,-0.9489489489489489,0.13741416328424746
sin_homo,0.1,0,-0.9389389389389389,0.13354167158242894
sin_homo,0.1,0,-0.9289289289289289,0.13638200680934806
sin_homo,0.1,0,-0.9189189189189189,0.13187209155489235
sin_homo,0.1,0,-0.9089089089089089,0.13902432703833664
sin_homo,0.1,0,-0.8988988988988988,0.13384014275442774
sin_homo,0.1,0,-0.8888888888888888,0.14137480808424388
sin_homo,0.1,0,-0.8788788788788788,0.12818244233314718
sin_homo,0.1,0,-0.8688688688688688,0.14760861433759662
sin_homo,0.1,0,-0.8588588588588588,0.15372075377188862
sin_homo,0.1,0,-0.8488488488488488,0.1236765226199421
sin_homo,0.1,0,-0.8388388388388388,0.14006710543166961
sin_homo,0.1,0,-0.8288288288288288,0.13636574527869028
sin_homo,0.1,0,-0.8188188188188188,0.15609881377528786
sin_homo,0.1,0,-0.8088088088088088,0.15299620832750746
sin_homo,0.1,0,-0.7987987987987988,0.12713677073449275
sin_homo,0.1,0,-0.7887887887887888,0.1441734384349157
sin_homo,0.1,0,-0.7787787787787788,0.13978214465228914
sin_homo,0.1,0,-0.7687687687687688,0.1569302598000407
sin_homo,0.1,0,-0.7587587587587588,0.13709578755625898
sin_homo,0.1,0,-0.7487487487487487,0.13408829959204208
sin_homo,0.1,0,-0.7387387387387387,0.1361868460116823
sin_homo,0.1,0,-0.7287287287287287,0.15700035127896234
sin_homo,0.1,0,-0.7187187187187187,0.15735547463219707
sin_homo,0.1,0,-0.7087087087087087,0.14227634241561302
sin_homo,0.1,0,-0.6986986986986987,0.1384347277892466
sin_homo,0.1,0,-0.6886886886886887,0.13698888901654543
sin_homo,0.1,0,-0.6786786786786787,0.14664808521949455
sin_homo,0.1,0,-0.6686686686686687,0.13730965025838468
sin_homo,0.1,0,-0.6586586586586587,0.14813685494810347
sin_homo,0.1,0,-0.6486486486486487,0.13423765024796586
sin_homo,0.1,0,-0.6386386386386387,0.1411196025767888
sin_homo,0.1,0,-0.6286286286286287,0.12347479172609119
sin_homo,0.1,0,-0.6186186186186187,0.14345866059450132
sin_homo,0.1,0,-0.6086086086086087,0.13925794312693995
sin_homo,0.1,0,-0.5985985985985987,0.14489661181258534
sin_homo,0.1,0,-0.5885885885885886,0.13616507119617283
sin_homo,0.1,0,-0.5785785785785786,0.13811850648010018
sin_homo,0.1,0,-0.5685685685685686,0.1478900245588518
sin_homo,0.1,0,-0.5585585585585586,0.14190041737477643
sin_homo,0.1,0,-0.5485485485485486,0.15046356240916944
sin_homo,0.1,0,-0.5385385385385386,0.15584369104725745
sin_homo,0.1,0,-0.5285285285285286,0.12627238969971927
sin_homo,0.1,0,-0.5185185185185186,0.17167570351040923
sin_homo,0.1,0,-0.5085085085085086,0.14223121636721509
sin_homo,0.1,0,-0.4984984984984986,0.14930155633157757
sin_homo,0.1,0,-0.4884884884884886,0.12634414789752882
sin_homo,0.1,0,-0.4784784784784786,0.14196777285232218
sin_homo,0.1,0,-0.46846846846846857,0.12966913970959942
sin_homo,0.1,0,-0.45845845845845856,0.1409120107856477
sin_homo,0.1,0,-0.44844844844844856,0.1370726065161156
sin_homo,0.1,0,-0.43843843843843855,0.15519430264213796
sin_homo,0.1,0,-0.42842842842842854,0.1249877090773564
sin_homo,0.1,0,-0.41841841841841854,0.13346611542282802
sin_homo,0.1,0,-0.40840840840840853,0.14201423462562418
sin_homo,0.1,0,-0.3983983983983985,0.1453027321739842
sin_homo,0.1,0,-0.3883883883883883,0.14579035834700435
sin_homo,0.1,0,-0.3783783783783783,0.13967949270572677
sin_homo,0.1,0,-0.3683683683683683,0.13569333956712948
sin_homo,0.1,0,-0.3583583583583583,0.14019278587633738
sin_homo,0.1,0,-0.34834834834834827,0.13100999527752516
sin_homo,0.1,0,-0.33833833833833826,0.15155258079164088
sin_homo,0.1,0,-0.32832832832832826,0.12284538307504597
sin_homo,0.1,0,-0.31831831831831825,0.13984201944679964
sin_homo,0.1,0,-0.30830830830830824,0.13669367059157025
sin_homo,0.1,0,-0.29829829829829824,0.12645391156780703
sin_homo,0.1,0,-0.28828828828828823,0.13818600894365146
sin_homo,0.1,0,-0.2782782782782782,0.13908899982282205
sin_homo,0.1,0,-0.2682682682682682,0.11973269125447639
sin_homo,0.1,0,-0.2582582582582582,0.14044603067424904
sin_homo,0.1,0,-0.2482482482482482,0.15325000630920704
sin_homo,0.1,0,-0.2382382382382382,0.11893018955600598
sin_homo,0.1,0,-0.2282282282282282,0.14602756868747638
sin_homo,0.1,0,-0.21821821821821819,0.15680726179060675
sin_homo,0.1,0,-0.20820820820820818,0.14079129323009332
sin_homo,0.1,0,-0.19819819819819817,0.13648565439628937
sin_homo,0.1,0,-0.18818818818818817,0.137145220582879
sin_homo,0.1,0,-0.17817817817817816,0.13273128918423016
sin_homo,0.1,0,-0.16816816816816815,0.13157324598229278
sin_homo,0.1,0,-0.15815815815815815,0.1354233591407037
sin_homo,0.1,0,-0.14814814814814814,0.1410778871827511
sin_homo,0.1,0,-0.13813813813813813,0.1310051246614123
sin_homo,0.1,0,-0.12812812812812813,0.13490564622440318
sin_homo,0.1,0,-0.11811811811811812,0.14279546987177158
sin_homo,0.1,0,-0.10810810810810811,0.18137723533962063
sin_homo,0.1,0,-0.09809809809809811,0.11960843680365738
sin_homo,0.1,0,-0.0880880880880881,0.12757355272482193
sin_homo,0.1,0,-0.0780780780780781,0.1422029462574423
sin_homo,0.1,0,-0.06806806806806809,0.13772535436790462
sin_homo,0.1,0,-0.05805805805805808,0.14237797157361598
sin_homo,0.1,0,-0.048048048048048075,0.1329252116394738
sin_homo,0.1,0,-0.03803803803803807,0.13792229179575693
sin_homo,0.1,0,-0.028028028028028062,0.15266231797046773
sin_homo,0.1,0,-0.018018018018018056,0.12079419588671299
sin_homo,0.1,0,-0.00800800800800805,0.13052728709812741
sin_homo,0.1,0,0.002002002002002179,0.1327452222462035
sin_homo,0.1,0,0.012012012012012185,0.14141925931019853
sin_homo,0.1,0,0.022022022022022192,0.1384240443549977
sin_homo,0.1,0,0.0320320320320322,0.13960665803523775
sin_homo,0.1,0,0.042042042042042205,0.12708929496577676
sin_homo,0.1,0,0.05205205205205221,0.132894278164327
sin_homo,0.1,0,0.06206206206206222,0.134052539324989
sin_homo,0.1,0,0.07207207207207222,0.12102810039201962
sin_homo,0.1,0,0.08208208208208223,0.13809511503488356
sin_homo,0.1,0,0.09209209209209224,0.14954458601800197
sin_homo,0.1,0,0.10210210210210224,0.1338771207159979
sin_homo,0.1,0,0.11211211211211225,0.12340633805561464
sin_homo,0.1,0,0.12212212212212226,0.12685751209014812
sin_homo,0.1,0,0.13213213213213226,0.1195632253570406
sin_homo,0.1,0,0.14214214214214227,0.1374631882339057
sin_homo,0.1,0,0.15215215215215228,0.1284463618890849
sin_homo,0.1,0,0.16216216216216228,0.14074144405190794
sin_homo,0.1,0,0.1721721721721723,0.13321898167326543
sin_homo,0.1,0,0.1821821821821823,0.1445394179943998
sin_homo,0.1,0,0.1921921921921923,0.1357049624176355
sin_homo,0.1,0,0.2022022022022023,0.13154737082577708
sin_homo,0.1,0,0.21221221221221231,0.1296386685604511
sin_homo,0.1,0,0.22222222222222232,0.13215347783680703
sin_homo,0.1,0,0.23223223223223233,0.13177234573350802
sin_homo,0.1,0,0.24224224224224233,0.12916971842809727
sin_homo,0.1,0,0.25225225225225234,0.1261204817467666
sin_homo,0.1,0,0.26226226226226235,0.13214518448387258
sin_homo,0.1,0,0.27227227227227235,0.12768522744886177
sin_homo,0.1,0,0.28228228228228236,0.13586015584236724
sin_homo,0.1,0,0.29229229229229237,0.14166002045670856
sin_homo,0.1,0,0.3023023023023024,0.1122353469085415
sin_homo,0.1,0,0.3123123123123124,0.13031482296444402
sin_homo,0.1,0,0.3223223223223224,0.12033104052265076
sin_homo,0.1,0,0.3323323323323324,0.13288105659866897
sin_homo,0.1,0,0.3423423423423424,0.14181850507884092
sin_homo,0.1,0,0.3523523523523524,0.1426987999520925
sin_homo,0.1,0,0.3623623623623624,0.1410011252364493
sin_homo,0.1,0,0.3723723723723724,0.11103041431767564
sin_homo,0.1,0,0.3823823823823824,0.13180469829503064
sin_homo,0.1,0,0.39239239239239243,0.13929357927991218
sin_homo,0.1,0,0.40240240240240244,0.1263162101863517
sin_homo,0.1,0,0.41241241241241244,0.13866911431785006
sin_homo,0.1,0,0.42242242242242245,0.12181842280780643
sin_homo,0.1,0,0.43243243243243246,0.11629748579483186
sin_homo,0.1,0,0.44244244244244246,0.14393647527868322
sin_homo,0.1,0,0.45245245245245247,0.12576167354110873
sin_homo,0.1,0,0.4624624624624625,0.13490937341448764
sin_homo,0.1,0,0.4724724724724725,0.1368976567108517
sin_homo,0.1,0,0.4824824824824825,0.12572183132164133
sin_homo,0.1,0,0.4924924924924925,0.11991963655236185
sin_homo,0.1,0,0.5025025025025025,0.14231651274929344
sin_homo,0.1,0,0.5125125125125125,0.1333986546734162
sin_homo,0.1,0,0.5225225225225225,0.13938504787810904
sin_homo,0.1,0,0.5325325325325325,0.14873712137515321
sin_homo,0.1,0,0.5425425425425425,0.15834477293710186
sin_homo,0.1,0,0.5525525525525525,0.14230891058019843
sin_homo,0.1,0,0.5625625625625625,0.13519444601613695
sin_homo,0.1,0,0.5725725725725725,0.14042581111303193
sin_homo,0.1,0,0.5825825825825826,0.14571015426742123
sin_homo,0.1,0,0.5925925925925926,0.13677002702499788
sin_homo,0.1,0,0.6026026026026026,0.13842717820251849
sin_homo,0.1,0,0.6126126126126126,0.1185826675274907
sin_homo,0.1,0,0.6226226226226226,0.12123954850915745
sin_homo,0.1,0,0.6326326326326326,0.12870094784972844
sin_homo,0.1,0,0.6426426426426426,0.1282468645072658
sin_homo,0.1,0,0.6526526526526526,0.13782449497216734
sin_homo,0.1,0,0.6626626626626626,0.13489407913624077
sin_homo,0.1,0,0.6726726726726726,0.14731153448090048
sin_homo,0.1,0,0.6826826826826826,0.14198596997726273
sin_homo,0.1,0,0.6926926926926926,0.1331889157308506
sin_homo,0.1,0,0.7027027027027026,0.12128571264009663
sin_homo,0.1,0,0.7127127127127126,0.13366655076814424
sin_homo,0.1,0,0.7227227227227226,0.13061893986206652
sin_homo,0.1,0,0.7327327327327327,0.1311444339037946
sin_homo,0.1,0,0.7427427427427427,0.10467747581079717
sin_homo,0.1,0,0.7527527527527527,0.1269818898587118
sin_homo,0.1,0,0.7627627627627627,0.1285326503333804
sin_homo,0.1,0,0.7727727727727727,0.13377416415694043
sin_homo,0.1,0,0.7827827827827827,0.1358489500437043
sin_homo,0.1,0,0.7927927927927927,0.10959586259203122
sin_homo,0.1,0,0.8028028028028027,0.1413402854902811
sin_homo,0.1,0,0.8128128128128127,0.14102569059869866
sin_homo,0.1,0,0.8228228228228227,0.13422918138335055
sin_homo,0.1,0,0.8328328328328327,0.1399586865936123
sin_homo,0.1,0,0.8428428428428427,0.13643047418112944
sin_homo,0.1,0,0.8528528528528527,0.12597940087317153
sin_homo,0.1,0,0.8628628628628627,0.12748786257743996
sin_homo,0.1,0,0.8728728728728727,0.14660789443007963
sin_homo,0.1,0,0.8828828828828827,0.12826575013968897
sin_homo,0.1,0,0.8928928928928928,0.1401769339681358
sin_homo,0.1,0,0.9029029029029028,0.1372158950145515
sin_homo,0.1,0,0.9129129129129128,0.15244565427533435
sin_homo,0.1,0,0.9229229229229228,0.14938989672088362
sin_homo,0.1,0,0.9329329329329328,0.13995076829901704
sin_homo,0.1,0,0.9429429429429428,0.12433373055413936
sin_homo,0.1,0,0.9529529529529528,0.14646884349997308
sin_homo,0.1,0,0.9629629629629628,0.11996843106168693
sin_homo,0.1,0,0.9729729729729728,0.13142897356380148
sin_homo,0.1,0,0.9829829829829828,0.13986348334653512
sin_homo,0.1,0,0.9929929929929928,0.14157569883967464
sin_homo,0.1,0,1.0030030030030028,0.13561065305573
sin_homo,0.1,0,1.0130130130130128,0.10600425635167698
sin_homo,0.1,0,1.0230230230230228,0.13980046114161307
sin_homo,0.1,0,1.0330330330330328,0.1344266834649216
sin_homo,0.1,0,1.0430430430430429,0.12472496618943327
sin_homo,0.1,0,1.0530530530530529,0.13460627764042046
sin_homo,0.1,0,1.0630630630630629,0.13476952590844102
sin_homo,0.1,0,1.0730730730730729,0.13022016434666628
sin_homo,0.1,0,1.0830830830830829,0.12265601288694211
sin_homo,0.1,0,1.0930930930930929,0.11763481331783254
sin_homo,0.1,0,1.1031031031031029,0.1342385721081902
sin_homo,0.1,0,1.113113113113113,0.11380993722964852
sin_homo,0.1,0,1.123123123123123,0.11646598032554704
sin_homo,0.1,0,1.133133133133133,0.11087932846774638
sin_homo,0.1,0,1.143143143143143,0.13772099252949124
sin_homo,0.1,0,1.153153153153153,0.1178837719225489
sin_homo,0.1,0,1.163163163163163,0.13436451845206568
sin_homo,0.1,0,1.173173173173173,0.13298138550082542
sin_homo,0.1,0,1.183183183183183,0.13558883502218325
sin_homo,0.1,0,1.193193193193193,0.13101342126943363
sin_homo,0.1,0,1.203203203203203,0.12099921284543226
sin_homo,0.1,0,1.2132132132132134,0.11642637387807322
sin_homo,0.1,0,1.2232232232232234,0.13021322728025875
sin_homo,0.1,0,1.2332332332332334,0.130794252240273
sin_homo,0.1,0,1.2432432432432434,0.12407297352927797
sin_homo,0.1,0,1.2532532532532534,0.12948742976618197
sin_homo,0.1,0,1.2632632632632634,0.13055147778240028
sin_homo,0.1,0,1.2732732732732734,0.12521394281629278
sin_homo,0.1,0,1.2832832832832834,0.13640325545017673
sin_homo,0.1,0,1.2932932932932935,0.12090336046510824
sin_homo,0.1,0,1.3033033033033035,0.12018987394254381
sin_homo,0.1,0,1.3133133133133135,0.13481281206058532
sin_homo,0.1,0,1.3233233233233235,0.10759763377352018
sin_homo,0.1,0,1.3333333333333335,0.15310872728717298
sin_homo,0.1,0,1.3433433433433435,0.12003338857387716
sin_homo,0.1,0,1.3533533533533535,0.12290842225776953
sin_homo,0.1,0,1.3633633633633635,0.13122008363142057
sin_homo,0.1,0,1.3733733733733735,0.13164445606629227
sin_homo,0.1,0,1.3833833833833835,0.1334877405499339
sin_homo,0.1,0,1.3933933933933935,0.1337647467936664
sin_homo,0.1,0,1.4034034034034035,0.1356642458679542
sin_homo,0.1,0,1.4134134134134135,0.1209537261581902
sin_homo,0.1,0,1.4234234234234235,0.1388673889738378
sin_homo,0.1,0,1.4334334334334335,0.12471587634788728
sin_homo,0.1,0,1.4434434434434436,0.1290288846568217
sin_homo,0.1,0,1.4534534534534536,0.1288100530563189
sin_homo,0.1,0,1.4634634634634636,0.12591692038696797
sin_homo,0.1,0,1.4734734734734736,0.11079646643061586
sin_homo,0.1,0,1.4834834834834836,0.12653515667274756
sin_homo,0.1,0,1.4934934934934936,0.14026287480387112
sin_homo,0.1,0,1.5035035035035036,0.13385691624702026
sin_homo,0.1,0,1.5135135135135136,0.121319062639365
sin_homo,0.1,0,1.5235235235235236,0.1297050803883084
sin_homo,0.1,0,1.5335335335335336,0.137913267191505
sin_homo,0.1,0,1.5435435435435436,0.13335555176971614
sin_homo,0.1,0,1.5535535535535536,0.1349480738627229
sin_homo,0.1,0,1.5635635635635636,0.1314054674780003
sin_homo,0.1,0,1.5735735735735736,0.12166287989291906
sin_homo,0.1,0,1.5835835835835836,0.12216711149499705
sin_homo,0.1,0,1.5935935935935936,0.12476253062997797
sin_homo,0.1,0,1.6036036036036037,0.1337409269888936
sin_homo,0.1,0,1.6136136136136137,0.110245659520755
sin_homo,0.1,0,1.6236236236236237,0.11802577720177418
sin_homo,0.1,0,1.6336336336336337,0.11382783317225863
sin_homo,0.1,0,1.6436436436436437,0.12360570232441058
sin_homo,0.1,0,1.6536536536536537,0.10857431276001725
sin_homo,0.1,0,1.6636636636636637,0.12268341749211542
sin_homo,0.1,0,1.6736736736736737,0.11568863688215311
sin_homo,0.1,0,1.6836836836836837,0.12043204773743811
sin_homo,0.1,0,1.6936936936936937,0.10701582314407904
sin_homo,0.1,0,1.7037037037037037,0.13258633816801063
sin_homo,0.1,0,1.7137137137137137,0.13310561724258138
sin_homo,0.1,0,1.7237237237237237,0.14171257071990526
sin_homo,0.1,0,1.7337337337337337,0.11083779087753659
sin_homo,0.1,0,1.7437437437437437,0.11701086598220334
sin_homo,0.1,0,1.7537537537537538,0.1322506468546425
sin_homo,0.1,0,1.7637637637637638,0.11874163208015233
sin_homo,0.1,0,1.7737737737737738,0.12743312603120882
sin_homo,0.1,0,1.7837837837837838,0.12744025252137273
sin_homo,0.1,0,1.7937937937937938,0.11781792795615129
sin_homo,0.1,0,1.8038038038038038,0.12758526263375283
sin_homo,0.1,0,1.8138138138138138,0.11401722500531876
sin_homo,0.1,0,1.8238238238238238,0.11512868963554257
sin_homo,0.1,0,1.8338338338338338,0.1053916542204401
sin_homo,0.1,0,1.8438438438438438,0.10678228455449487
sin_homo,0.1,0,1.8538538538538538,0.11938922355865257
sin_homo,0.1,0,1.8638638638638638,0.12682189421333173
sin_homo,0.1,0,1.8738738738738738,0.12360687680633146
sin_homo,0.1,0,1.8838838838838838,0.1164222875540981
sin_homo,0.1,0,1.8938938938938938,0.12141618427699659
sin_homo,0.1,0,1.9039039039039038,0.12848393406834643
sin_homo,0.1,0,1.9139139139139139,0.1335542628376413
sin_homo,0.1,0,1.9239239239239239,0.10953088714606378
sin_homo,0.1,0,1.9339339339339339,0.11380254381802407
sin_homo,0.1,0,1.9439439439439439,0.11078969367026467
sin_homo,0.1,0,1.9539539539539539,0.11225863443145984
sin_homo,0.1,0,1.9639639639639639,0.09993405659772293
sin_homo,0.1,0,1.973973973973974,0.10936448389536974
sin_homo,0.1,0,1.983983983983984,0.10408740953854087
sin_homo,0.1,0,1.993993993993994,0.11074706114313987
sin_homo,0.1,0,2.0040040040040044,0.11751504119023322
sin_homo,0.1,0,2.0140140140140144,0.10890835420788844
sin_homo,0.1,0,2.0240240240240244,0.10144048998623534
sin_homo,0.1,0,2.0340340340340344,0.09892129411154603
sin_homo,0.1,0,2.0440440440440444,0.1291711853802089
sin_homo,0.1,0,2.0540540540540544,0.11982389373394564
sin_homo,0.1,0,2.0640640640640644,0.10723264217037015
sin_homo,0.1,0,2.0740740740740744,0.10335044934675065
sin_homo,0.1,0,2.0840840840840844,0.11551970422715316
sin_homo,0.1,0,2.0940940940940944,0.10160422005206117
sin_homo,0.1,0,2.1041041041041044,0.09710637617925778
sin_homo,0.1,0,2.1141141141141144,0.11136943553618588
sin_homo,0.1,0,2.1241241241241244,0.10544851101727364
sin_homo,0.1,0,2.1341341341341344,0.10013714186355502
sin_homo,0.1,0,2.1441441441441444,0.09818472696281536
sin_homo,0.1,0,2.1541541541541545,0.10215824337973271
sin_homo,0.1,0,2.1641641641641645,0.10312690887790182
sin_homo,0.1,0,2.1741741741741745,0.10236993423835737
sin_homo,0.1,0,2.1841841841841845,0.10704996021615241
sin_homo,0.1,0,2.1941941941941945,0.09925005764846688
sin_homo,0.1,0,2.2042042042042045,0.10036918958347579
sin_homo,0.1,0,2.2142142142142145,0.10877756978448655
sin_homo,0.1,0,2.2242242242242245,0.0883194283257459
sin_homo,0.1,0,2.2342342342342345,0.09036600098710025
sin_homo,0.1,0,2.2442442442442445,0.0927142896853702
sin_homo,0.1,0,2.2542542542542545,0.09496078127529496
sin_homo,0.1,0,2.2642642642642645,0.09251652426597222
sin_homo,0.1,0,2.2742742742742745,0.09087551383930981
sin_homo,0.1,0,2.2842842842842845,0.08292106993224159
sin_homo,0.1,0,2.2942942942942945,0.09907485289871096
sin_homo,0.1,0,2.3043043043043046,0.092966376736573
sin_homo,0.1,0,2.3143143143143146,0.09388886348250783
sin_homo,0.1,0,2.3243243243243246,0.1049456838427966
sin_homo,0.1,0,2.3343343343343346,0.09540763335685881
sin_homo,0.1,0,2.3443443443443446,0.10033438554433634
sin_homo,0.1,0,2.3543543543543546,0.09036695038050328
sin_homo,0.1,0,2.3643643643643646,0.09058016936011605
sin_homo,0.1,0,2.3743743743743746,0.08717508933624309
sin_homo,0.1,0,2.3843843843843846,0.07281855472662321
sin_homo,0.1,0,2.3943943943943946,0.07784696936481536
sin_homo,0.1,0,2.4044044044044046,0.08921310706781364
sin_homo,0.1,0,2.4144144144144146,0.08175587601532738
sin_homo,0.1,0,2.4244244244244246,0.0849016616363553
sin_homo,0.1,0,2.4344344344344346,0.07914375953430758
sin_homo,0.1,0,2.4444444444444446,0.08480207518475223
sin_homo,0.1,0,2.4544544544544546,0.08123948332472604
sin_homo,0.1,0,2.4644644644644647,0.07593802562755674
sin_homo,0.1,0,2.4744744744744747,0.07965456360346915
sin_homo,0.1,0,2.4844844844844847,0.07770360152373881
sin_homo,0.1,0,2.4944944944944947,0.07863634614834467
sin_homo,0.1,0,2.5045045045045047,0.08132341143344303
sin_homo,0.1,0,2.5145145145145147,0.08332536430631345
sin_homo,0.1,0,2.5245245245245247,0.08825400424277112
sin_homo,0.1,0,2.5345345345345347,0.08053052303858796
sin_homo,0.1,0,2.5445445445445447,0.07849543187971961
sin_homo,0.1,0,2.5545545545545547,0.0789605541175769
sin_homo,0.1,0,2.5645645645645647,0.08112159166483458
sin_homo,0.1,0,2.5745745745745747,0.07595779882886071
sin_homo,0.1,0,2.5845845845845847,0.0707235741259116
sin_homo,0.1,0,2.5945945945945947,0.06760849708161497
sin_homo,0.1,0,2.6046046046046047,0.07922854494253977
sin_homo,0.1,0,2.6146146146146148,0.07274486513855612
sin_homo,0.1,0,2.6246246246246248,0.07559790806669073
sin_homo,0.1,0,2.6346346346346348,0.060718944695455274
sin_homo,0.1,0,2.6446446446446448,0.07136578180421949
sin_homo,0.1,0,2.6546546546546548,0.057948329310919026
sin_homo,0.1,0,2.664664664664665,0.06817200951631043
sin_homo,0.1,0,2.674674674674675,0.05780611152643364
sin_homo,0.1,0,2.684684684684685,0.06758533646268682
sin_homo,0.1,0,2.694694694694695,0.07404317083627238
sin_homo,0.1,0,2.704704704704705,0.061215395142021026
sin_homo,0.1,0,2.714714714714715,0.06510342076143909
sin_homo,0.1,0,2.724724724724725,0.057194975460378265
sin_homo,0.1,0,2.734734734734735,0.05884349689691289
sin_homo,0.1,0,2.744744744744745,0.05756223990013984
sin_homo,0.1,0,2.754754754754755,0.055995862203445664
sin_homo,0.1,0,2.764764764764765,0.06231811065005556
sin_homo,0.1,0,2.774774774774775,0.05915253289281155
sin_homo,0.1,0,2.784784784784785,0.05083929658180312
sin_homo,0.1,0,2.794794794794795,0.05205569371339912
sin_homo,0.1,0,2.804804804804805,0.05343524780607275
sin_homo,0.1,0,2.814814814814815,0.059257295110186896
sin_homo,0.1,0,2.824824824824825,0.05051367331291707
sin_homo,0.1,0,2.834834834834835,0.05212556212734052
sin_homo,0.1,0,2.844844844844845,0.052300619940683274
sin_homo,0.1,0,2.854854854854855,0.04948473315619886
sin_homo,0.1,0,2.864864864864865,0.049158238097908626
sin_homo,0.1,0,2.874874874874875,0.041660705626215266
sin_homo,0.1,0,2.884884884884885,0.0437392828421846
sin_homo,0.1,0,2.894894894894895,0.042733558780792165
sin_homo,0.1,0,2.904904904904905,0.04352263611278635
sin_homo,0.1,0,2.914914914914915,0.04447967864695778
sin_homo,0.1,0,2.924924924924925,0.044167111519998685
sin_homo,0.1,0,2.934934934934935,0.04248802424148109
sin_homo,0.1,0,2.944944944944945,0.039435834101722
sin_homo,0.1,0,2.954954954954955,0.05255871534733716
sin_homo,0.1,0,2.964964964964965,0.04664005463106493
sin_homo,0.1,0,2.974974974974975,0.038832046160008
sin_homo,0.1,0,2.984984984984985,0.03592289868881895
sin_homo,0.1,0,2.994994994994995,0.037891095763093734
sin_homo,0.1,0,3.005005005005005,0.041134465021572045
sin_homo,0.1,0,3.015015015015015,0.041140404688785055
sin_homo,0.1,0,3.025025025025025,0.040778627859419145
sin_homo,0.1,0,3.035035035035035,0.04211449682712109
sin_homo,0.1,0,3.045045045045045,0.03622724218069041
sin_homo,0.1,0,3.055055055055055,0.037040379781894076
sin_homo,0.1,0,3.065065065065065,0.0375796761288184
sin_homo,0.1,0,3.075075075075075,0.03550374924748196
sin_homo,0.1,0,3.085085085085085,0.039638160473595814
sin_homo,0.1,0,3.095095095095095,0.03471377809016264
sin_homo,0.1,0,3.105105105105105,0.0358480946336959
sin_homo,0.1,0,3.115115115115115,0.03666321923066273
sin_homo,0.1,0,3.125125125125125,0.04069752534554029
sin_homo,0.1,0,3.135135135135135,0.036665521201569386
sin_homo,0.1,0,3.145145145145145,0.03971566612067711
sin_homo,0.1,0,3.155155155155155,0.04167578103015945
sin_homo,0.1,0,3.165165165165165,0.04357845726556336
sin_homo,0.1,0,3.175175175175175,0.04561656028801233
sin_homo,0.1,0,3.185185185185185,0.04418508476260592
sin_homo,0.1,0,3.195195195195195,0.04024758001942324
sin_homo,0.1,0,3.205205205205205,0.04161598640394857
sin_homo,0.1,0,3.215215215215215,0.04262163878202542
sin_homo,0.1,0,3.225225225225225,0.03917737575516662
sin_homo,0.1,0,3.235235235235235,0.041812094237470405
sin_homo,0.1,0,3.245245245245245,0.04473155384051482
sin_homo,0.1,0,3.255255255255255,0.043967340588047125
sin_homo,0.1,0,3.265265265265265,0.04353679274421319
sin_homo,0.1,0,3.275275275275275,0.0456676953009445
sin_homo,0.1,0,3.285285285285285,0.04310810934615663
sin_homo,0.1,0,3.295295295295295,0.04697332764072341
sin_homo,0.1,0,3.305305305305305,0.04399356657818139
sin_homo,0.1,0,3.315315315315315,0.04876229615333961
sin_homo,0.1,0,3.325325325325325,0.04924212919900059
sin_homo,0.1,0,3.335335335335335,0.04952368032565168
sin_homo,0.1,0,3.3453453453453452,0.05406880246412512
sin_homo,0.1,0,3.3553553553553552,0.05044673618261606
sin_homo,0.1,0,3.3653653653653652,0.04805564825902453
sin_homo,0.1,0,3.3753753753753752,0.04853142625148285
sin_homo,0.1,0,3.3853853853853852,0.05005960465624731
sin_homo,0.1,0,3.3953953953953953,0.0576126353275127
sin_homo,0.1,0,3.4054054054054053,0.06428183833683873
sin_homo,0.1,0,3.4154154154154153,0.04999411713392607
sin_homo,0.1,0,3.4254254254254253,0.06041250699321671
sin_homo,0.1,0,3.4354354354354353,0.059312977380713595
sin_homo,0.1,0,3.4454454454454453,0.06353856887828059
sin_homo,0.1,0,3.4554554554554553,0.06701085462948464
sin_homo,0.1,0,3.4654654654654653,0.061401612984234494
sin_homo,0.1,0,3.4754754754754753,0.062380383373362276
sin_homo,0.1,0,3.4854854854854853,0.06435347434345502
sin_homo,0.1,0,3.4954954954954953,0.060153616010272706
sin_homo,0.1,0,3.5055055055055053,0.06366703246225855
sin_homo,0.1,0,3.5155155155155153,0.06589969930604438
sin_homo,0.1,0,3.5255255255255253,0.06372889212103451
sin_homo,0.1,0,3.5355355355355353,0.06934331089546295
sin_homo,0.1,0,3.5455455455455454,0.06565140899571456
sin_homo,0.1,0,3.5555555555555554,0.06530138865896387
sin_homo,0.1,0,3.5655655655655654,0.07251320234367217
sin_homo,0.1,0,3.5755755755755754,0.06946138423783206
sin_homo,0.1,0,3.5855855855855854,0.07305083868865628
sin_homo,0.1,0,3.5955955955955954,0.08400979260954886
sin_homo,0.1,0,3.6056056056056054,0.07784124865293224
sin_homo,0.1,0,3.6156156156156154,0.08223365210813496
sin_homo,0.1,0,3.6256256256256254,0.07086520410171829
sin_homo,0.1,0,3.6356356356356354,0.07593281922927511
sin_homo,0.1,0,3.6456456456456454,0.08093067870424109
sin_homo,0.1,0,3.6556556556556554,0.07391528391374282
sin_homo,0.1,0,3.6656656656656654,0.07459760056107778
sin_homo,0.1,0,3.6756756756756754,0.08506342830639467
sin_homo,0.1,0,3.6856856856856854,0.07093554175165556
sin_homo,0.1,0,3.6956956956956954,0.07573404480787703
sin_homo,0.1,0,3.7057057057057055,0.07176194843623092
sin_homo,0.1,0,3.7157157157157155,0.08486869222999535
sin_homo,0.1,0,3.7257257257257255,0.08930488566099591
sin_homo,0.1,0,3.7357357357357355,0.08691573717824878
sin_homo,0.1,0,3.7457457457457455,0.08455475481933519
sin_homo,0.1,0,3.7557557557557555,0.1062199426428134
sin_homo,0.1,0,3.7657657657657655,0.09043854827161786
sin_homo,0.1,0,3.7757757757757755,0.09165543404107696
sin_homo,0.1,0,3.7857857857857855,0.0830154172325575
sin_homo,0.1,0,3.7957957957957955,0.0849966650701274
sin_homo,0.1,0,3.8058058058058055,0.11186031250506943
sin_homo,0.1,0,3.8158158158158155,0.08456598228167268
sin_homo,0.1,0,3.8258258258258255,0.08568702278988775
sin_homo,0.1,0,3.8358358358358355,0.07951980798425724
sin_homo,0.1,0,3.8458458458458455,0.09068113184477786
sin_homo,0.1,0,3.8558558558558556,0.07661671911533663
sin_homo,0.1,0,3.8658658658658656,0.07966257198905653
sin_homo,0.1,0,3.8758758758758756,0.09264238781136407
sin_homo,0.1,0,3.8858858858858856,0.09808225397337535
sin_homo,0.1,0,3.8958958958958956,0.0998060974584448
sin_homo,0.1,0,3.9059059059059056,0.10221129490605939
sin_homo,0.1,0,3.9159159159159156,0.10472599851827948
sin_homo,0.1,0,3.9259259259259256,0.10545346292697726
sin_homo,0.1,0,3.9359359359359356,0.09649831801267557
sin_homo,0.1,0,3.9459459459459456,0.10221351842541508
sin_homo,0.1,0,3.9559559559559556,0.10876403718895243
sin_homo,0.1,0,3.9659659659659656,0.1089340621632346
sin_homo,0.1,0,3.9759759759759756,0.09768405062324585
sin_homo,0.1,0,3.9859859859859856,0.11154713147432771
sin_homo,0.1,0,3.9959959959959956,0.09040843057119137
sin_homo,0.1,0,4.006006006006006,0.10621084641721734
sin_homo,0.1,0,4.016016016016016,0.10849856789201527
sin_homo,0.1,0,4.026026026026026,0.09690559515676589
sin_homo,0.1,0,4.036036036036036,0.10442312648582425
sin_homo,0.1,0,4.046046046046046,0.12055072187488816
sin_homo,0.1,0,4.056056056056056,0.12143960748156735
sin_homo,0.1,0,4.066066066066066,0.10051394763863594
sin_homo,0.1,0,4.076076076076076,0.10265731441783944
sin_homo,0.1,0,4.086086086086086,0.10988052407597654
sin_homo,0.1,0,4.096096096096096,0.11449119375722626
sin_homo,0.1,0,4.106106106106106,0.10604963442118816
sin_homo,0.1,0,4.116116116116116,0.09978791642338394
sin_homo,0.1,0,4.126126126126126,0.10656335509355402
sin_homo,0.1,0,4.136136136136136,0.11756331336220364
sin_homo,0.1,0,4.146146146146146,0.10600580270856573
sin_homo,0.1,0,4.156156156156156,0.11820677055505419
sin_homo,0.1,0,4.166166166166166,0.11328283636186896
sin_homo,0.1,0,4.176176176176176,0.11442546568839623
sin_homo,0.1,0,4.186186186186186,0.12789939539519657
sin_homo,0.1,0,4.196196196196196,0.11121099366067587
sin_homo,0.1,0,4.206206206206206,0.11051070707818217
sin_homo,0.1,0,4.216216216216216,0.1030499927478271
sin_homo,0.1,0,4.226226226226226,0.11276157711683975
sin_homo,0.1,0,4.236236236236236,0.11688989696434192
sin_homo,0.1,0,4.246246246246246,0.1250884606310595
sin_homo,0.1,0,4.256256256256256,0.11360031200159637
sin_homo,0.1,0,4.266266266266266,0.10946511913447736
sin_homo,0.1,0,4.276276276276276,0.11197244352433396
sin_homo,0.1,0,4.286286286286286,0.12519631784131893
sin_homo,0.1,0,4.296296296296296,0.12163887787218289
sin_homo,0.1,0,4.306306306306306,0.11790759010960457
sin_homo,0.1,0,4.316316316316316,0.11872855545915402
sin_homo,0.1,0,4.326326326326326,0.11189265043996915
sin_homo,0.1,0,4.336336336336336,0.11586022283768176
sin_homo,0.1,0,4.346346346346346,0.11751926844684514
sin_homo,0.1,0,4.356356356356356,0.11710832200979392
sin_homo,0.1,0,4.366366366366366,0.1144096083210066
sin_homo,0.1,0,4.376376376376376,0.12747193779289315
sin_homo,0.1,0,4.386386386386386,0.110346587376205
sin_homo,0.1,0,4.396396396396396,0.12309943327587212
sin_homo,0.1,0,4.406406406406406,0.11772120556197768
sin_homo,0.1,0,4.416416416416417,0.14324954288627192
sin_homo,0.1,0,4.426426426426427,0.12097495012443413
sin_homo,0.1,0,4.436436436436437,0.12607167450708787
sin_homo,0.1,0,4.446446446446447,0.11592405441436107
sin_homo,0.1,0,4.456456456456457,0.12453182944532774
sin_homo,0.1,0,4.466466466466467,0.12301480116379572
sin_homo,0.1,0,4.476476476476477,0.12809549534224707
sin_homo,0.1,0,4.486486486486487,0.11637134404615293
sin_homo,0.1,0,4.496496496496497,0.13525894761874838
sin_homo,0.1,0,4.506506506506507,0.12492424143590178
sin_homo,0.1,0,4.516516516516517,0.10937771528900717
sin_homo,0.1,0,4.526526526526527,0.12234837249047241
sin_homo,0.1,0,4.536536536536537,0.11827408364749498
sin_homo,0.1,0,4.546546546546547,0.12017350808714104
sin_homo,0.1,0,4.556556556556557,0.13387942943386724
sin_homo,0.1,0,4.566566566566567,0.11063190189827092
sin_homo,0.1,0,4.576576576576577,0.12915312319221273
sin_homo,0.1,0,4.586586586586587,0.10971775022404578
sin_homo,0.1,0,4.596596596596597,0.13307592431830362
sin_homo,0.1,0,4.606606606606607,0.11095394452027198
sin_homo,0.1,0,4.616616616616617,0.11797272820471916
sin_homo,0.1,0,4.626626626626627,0.11734171702718046
sin_homo,0.1,0,4.636636636636637,0.1157299331331496
sin_homo,0.1,0,4.646646646646647,0.11152331728787111
sin_homo,0.1,0,4.656656656656657,0.12284595528003493
sin_homo,0.1,0,4.666666666666667,0.13445522059665133
sin_homo,0.1,0,4.676676676676677,0.1314738194818822
sin_homo,0.1,0,4.686686686686687,0.11828046842043731
sin_homo,0.1,0,4.696696696696697,0.11631981693332262
sin_homo,0.1,0,4.706706706706707,0.09917138907483893
sin_homo,0.1,0,4.716716716716717,0.12842310996768205
sin_homo,0.1,0,4.726726726726727,0.11762228830839942
sin_homo,0.1,0,4.736736736736737,0.12149714756824659
sin_homo,0.1,0,4.746746746746747,0.12150205943490353
sin_homo,0.1,0,4.756756756756757,0.1215244479777002
sin_homo,0.1,0,4.766766766766767,0.13847521567494042
sin_homo,0.1,0,4.776776776776777,0.13750660863822553
sin_homo,0.1,0,4.786786786786787,0.13003728219083927
sin_homo,0.1,0,4.796796796796797,0.12890945869402085
sin_homo,0.1,0,4.806806806806807,0.13674928079281143
sin_homo,0.1,0,4.816816816816817,0.13278143715338814
sin_homo,0.1,0,4.826826826826827,0.1234523649308959
sin_homo,0.1,0,4.836836836836837,0.11582605617308268
sin_homo,0.1,0,4.846846846846847,0.12847379174487084
sin_homo,0.1,0,4.856856856856857,0.10994980249342959
sin_homo,0.1,0,4.866866866866867,0.1120934882597817
sin_homo,0.1,0,4.876876876876877,0.12240203119763822
sin_homo,0.1,0,4.886886886886887,0.13126962864006753
sin_homo,0.1,0,4.896896896896897,0.13998427894634505
sin_homo,0.1,0,4.906906906906907,0.12694155512286084
sin_homo,0.1,0,4.916916916916917,0.14980591692750142
sin_homo,0.1,0,4.926926926926927,0.15178774248193844
sin_homo,0.1,0,4.936936936936937,0.13795773365236658
sin_homo,0.1,0,4.946946946946947,0.13936115281781794
sin_homo,0.1,0,4.956956956956957,0.1409394292398055
sin_homo,0.1,0,4.966966966966967,0.14076489203705894
sin_homo,0.1,0,4.976976976976977,0.1468461670009007
sin_homo,0.1,0,4.986986986986987,0.12923524885964316
sin_homo,0.1,0,4.996996996996997,0.13685098920402586
sin_homo,0.1,0,5.007007007007007,0.14421700594570414
sin_homo,0.1,0,5.017017017017017,0.12349181308430489
sin_homo,0.1,0,5.027027027027027,0.14271009013472635
sin_homo,0.1,0,5.037037037037037,0.14802210279699107
sin_homo,0.1,0,5.047047047047047,0.1326902355200225
sin_homo,0.1,0,5.057057057057057,0.13754743136523834
sin_homo,0.1,0,5.067067067067067,0.15186850145402708
sin_homo,0.1,0,5.077077077077077,0.12560946319387437
sin_homo,0.1,0,5.087087087087087,0.13704480082841156
sin_homo,0.1,0,5.097097097097097,0.12779019895155053
sin_homo,0.1,0,5.107107107107107,0.12788997661224336
sin_homo,0.1,0,5.117117117117117,0.11434336796345171
sin_homo,0.1,0,5.127127127127127,0.12891235262491374
sin_homo,0.1,0,5.137137137137137,0.13856131514755668
sin_homo,0.1,0,5.147147147147147,0.11816925909056873
sin_homo,0.1,0,5.157157157157157,0.1410775980785388
sin_homo,0.1,0,5.167167167167167,0.12565643119589254
sin_homo,0.1,0,5.177177177177177,0.13426211143069708
sin_homo,0.1,0,5.187187187187187,0.1376254893522734
sin_homo,0.1,0,5.197197197197197,0.11939261108097776
sin_homo,0.1,0,5.207207207207207,0.13119148412364168
sin_homo,0.1,0,5.217217217217217,0.1244072359155394
sin_homo,0.1,0,5.227227227227227,0.13083815998494056
sin_homo,0.1,0,5.237237237237237,0.13083492810407643
sin_homo,0.1,0,5.247247247247247,0.13179012856115127
sin_homo,0.1,0,5.257257257257257,0.1290912568834028
sin_homo,0.1,0,5.267267267267267,0.12411754148606431
sin_homo,0.1,0,5.277277277277277,0.14225272358528784
sin_homo,0.1,0,5.287287287287287,0.10979703550445202
sin_homo,0.1,0,5.297297297297297,0.13114379710256685
sin_homo,0.1,0,5.307307307307307,0.11475769575517632
sin_homo,0.1,0,5.317317317317317,0.1427214146728331
sin_homo,0.1,0,5.327327327327327,0.12739510058153913
sin_homo,0.1,0,5.337337337337337,0.1301352208129936
sin_homo,0.1,0,5.347347347347347,0.13085650962845954
sin_homo,0.1,0,5.357357357357357,0.11780943764847215
sin_homo,0.1,0,5.367367367367367,0.14914206550653158
sin_homo,0.1,0,5.377377377377377,0.13386508679068887
sin_homo,0.1,0,5.387387387387387,0.12270279221128051
sin_homo,0.1,0,5.397397397397397,0.12260738193894347
sin_homo,0.1,0,5.407407407407407,0.1358341331326764
sin_homo,0.1,0,5.4174174174174174,0.16348128229168316
sin_homo,0.1,0,5.4274274274274275,0.14077405968288093
sin_homo,0.1,0,5.4374374374374375,0.13434660855722613
sin_homo,0.1,0,5.4474474474474475,0.15140693665088525
sin_homo,0.1,0,5.4574574574574575,0.13070068536152263
sin_homo,0.1,0,5.4674674674674675,0.1438367630208491
sin_homo,0.1,0,5.4774774774774775,0.1340905229936667
sin_homo,0.1,0,5.4874874874874875,0.13554253544369915
sin_homo,0.1,0,5.4974974974974975,0.14692729128931997
sin_homo,0.1,0,5.5075075075075075,0.14085382746638697
sin_homo,0.1,0,5.5175175175175175,0.13332288172290235
sin_homo,0.1,0,5.5275275275275275,0.12418816494396182
sin_homo,0.1,0,5.5375375375375375,0.13452839196173522
sin_homo,0.1,0,5.5475475475475475,0.11700830842742557
sin_homo,0.1,0,5.5575575575575575,0.13658680270779613
sin_homo,0.1,0,5.5675675675675675,0.13054757969442243
sin_homo,0.1,0,5.5775775775775776,0.13933156042515993
sin_homo,0.1,0,5.587587587587588,0.149046994495913
sin_homo,0.1,0,5.597597597597598,0.13586657477601324
sin_homo,0.1,0,5.607607607607608,0.1325638517162342
sin_homo,0.1,0,5.617617617617618,0.13049259537862984
sin_homo,0.1,0,5.627627627627628,0.1342625824413233
sin_homo,0.1,0,5.637637637637638,0.13720547756155305
sin_homo,0.1,0,5.647647647647648,0.13463674295676745
sin_homo,0.1,0,5.657657657657658,0.1530704591095337
sin_homo,0.1,0,5.667667667667668,0.11922717102920527
sin_homo,0.1,0,5.677677677677678,0.1263738725656337
sin_homo,0.1,0,5.687687687687688,0.13267756280236734
sin_homo,0.1,0,5.697697697697698,0.1431876478098628
sin_homo,0.1,0,5.707707707707708,0.11434593851541584
sin_homo,0.1,0,5.717717717717718,0.13238924872354352
sin_homo,0.1,0,5.727727727727728,0.11863684248311572
sin_homo,0.1,0,5.737737737737738,0.12558008147485555
sin_homo,0.1,0,5.747747747747748,0.12747136486513103
sin_homo,0.1,0,5.757757757757758,0.15454380997697867
sin_homo,0.1,0,5.767767767767768,0.1345160536416618
sin_homo,0.1,0,5.777777777777778,0.1311074342333561
sin_homo,0.1,0,5.787787787787788,0.127644285526411
sin_homo,0.1,0,5.797797797797798,0.14339058260574472
sin_homo,0.1,0,5.807807807807808,0.14447142223804513
sin_homo,0.1,0,5.817817817817818,0.1312542065791903
sin_homo,0.1,0,5.827827827827828,0.14029138448689543
sin_homo,0.1,0,5.837837837837838,0.1317146208495128
sin_homo,0.1,0,5.847847847847848,0.131247954167335
sin_homo,0.1,0,5.857857857857858,0.13831564603599844
sin_homo,0.1,0,5.867867867867868,0.13570217535087853
sin_homo,0.1,0,5.877877877877878,0.1438358035461942
sin_homo,0.1,0,5.887887887887888,0.13463233572866326
sin_homo,0.1,0,5.897897897897898,0.13818250144601557
sin_homo,0.1,0,5.907907907907908,0.12357845614866443
sin_homo,0.1,0,5.917917917917918,0.14229109461881786
sin_homo,0.1,0,5.927927927927928,0.14972990914596862
sin_homo,0.1,0,5.937937937937938,0.12134680522645364
sin_homo,0.1,0,5.947947947947948,0.13595282707803508
sin_homo,0.1,0,5.957957957957958,0.1362548878093906
sin_homo,0.1,0,5.967967967967968,0.12779138677176713
sin_homo,0.1,0,5.977977977977978,0.12123506257519948
sin_homo,0.1,0,5.987987987987988,0.15386909091018353
sin_homo,0.1,0,5.997997997997998,0.12703437008560592
sin_homo,0.1,0,6.008008008008009,0.15389899745740668
sin_homo,0.1,0,6.018018018018019,0.14024267264306192
sin_homo,0.1,0,6.028028028028029,0.15138041729571627
sin_homo,0.1,0,6.038038038038039,0.14906861180024444
sin_homo,0.1,0,6.048048048048049,0.13979917126565614
sin_homo,0.1,0,6.058058058058059,0.14539998756877576
sin_homo,0.1,0,6.068068068068069,0.13459080566479475
sin_homo,0.1,0,6.078078078078079,0.13951242335520414
sin_homo,0.1,0,6.088088088088089,0.14058275700592235
sin_homo,0.1,0,6.098098098098099,0.14041779813484034
sin_homo,0.1,0,6.108108108108109,0.14474175144870868
sin_homo,0.1,0,6.118118118118119,0.14021892295373717
sin_homo,0.1,0,6.128128128128129,0.1559976403998802
sin_homo,0.1,0,6.138138138138139,0.1339183219740314
sin_homo,0.1,0,6.148148148148149,0.12907520832840597
sin_homo,0.1,0,6.158158158158159,0.12761405245544527
sin_homo,0.1,0,6.168168168168169,0.15158704370044912
sin_homo,0.1,0,6.178178178178179,0.1217752927023418
sin_homo,0.1,0,6.188188188188189,0.13294052571340206
sin_homo,0.1,0,6.198198198198199,0.13102586356560567
sin_homo,0.1,0,6.208208208208209,0.1301433442682486
sin_homo,0.1,0,6.218218218218219,0.13347276375956685
sin_homo,0.1,0,6.228228228228229,0.12418480787796375
sin_homo,0.1,0,6.238238238238239,0.13341418443973016
sin_homo,0.1,0,6.248248248248249,0.13431369050208916
sin_homo,0.1,0,6.258258258258259,0.1138854935692436
sin_homo,0.1,0,6.268268268268269,0.12476090824348347
sin_homo,0.1,0,6.278278278278279,0.1268192794112438
sin_homo,0.1,0,6.288288288288289,0.13167684995227505
sin_homo,0.1,0,6.298298298298299,0.1155862132234329
sin_homo,0.1,0,6.308308308308309,0.14082447787501068
sin_homo,0.1,0,6.318318318318319,0.13947541532492996
sin_homo,0.1,0,6.328328328328329,0.15067551187412304
sin_homo,0.1,0,6.338338338338339,0.1293303916253809
sin_homo,0.1,0,6.348348348348349,0.14485188722456202
sin_homo,0.1,0,6.358358358358359,0.13332202472310903
sin_homo,0.1,0,6.368368368368369,0.12118690635265579
sin_homo,0.1,0,6.378378378378379,0.13046090884919573
sin_homo,0.1,0,6.388388388388389,0.1509059306973332
sin_homo,0.1,0,6.398398398398399,0.11857251943718224
sin_homo,0.1,0,6.408408408408409,0.11488006299347221
sin_homo,0.1,0,6.418418418418419,0.11866021185213184
sin_homo,0.1,0,6.428428428428429,0.13535311602362163
sin_homo,0.1,0,6.438438438438439,0.13976760658899423
sin_homo,0.1,0,6.448448448448449,0.14063359306761247
sin_homo,0.1,0,6.458458458458459,0.1354276265732578
sin_homo,0.1,0,6.468468468468469,0.15105237582788839
sin_homo,0.1,0,6.478478478478479,0.14071873621677503
sin_homo,0.1,0,6.488488488488489,0.1319052192828153
sin_homo,0.1,0,6.498498498498499,0.14693150640816244
sin_homo,0.1,0,6.508508508508509,0.13445876081557012
sin_homo,0.1,0,6.518518518518519,0.11923699868197876
sin_homo,0.1,0,6.528528528528529,0.14292668724522747
sin_homo,0.1,0,6.538538538538539,0.1609363787177389
sin_homo,0.1,0,6.548548548548549,0.1498866301966012
sin_homo,0.1,0,6.558558558558559,0.13573655792990896
sin_homo,0.1,0,6.568568568568569,0.15266256555653587
sin_homo,0.1,0,6.578578578578579,0.15068951458972096
sin_homo,0.1,0,6.588588588588589,0.13953800517711348
sin_homo,0.1,0,6.598598598598599,0.13313004963527958
sin_homo,0.1,0,6.608608608608609,0.1356439836326111
sin_homo,0.1,0,6.618618618618619,0.1630620827739732
sin_homo,0.1,0,6.628628628628629,0.12851434178486043
sin_homo,0.1,0,6.638638638638639,0.1474861095290683
sin_homo,0.1,0,6.648648648648649,0.14799651337026654
sin_homo,0.1,0,6.658658658658659,0.13879410784693189
sin_homo,0.1,0,6.668668668668669,0.13441361513988007
sin_homo,0.1,0,6.678678678678679,0.15194801262947233
sin_homo,0.1,0,6.688688688688689,0.13553691675267007
sin_homo,0.1,0,6.698698698698699,0.13271651680630633
sin_homo,0.1,0,6.708708708708709,0.13342076664387895
sin_homo,0.1,0,6.718718718718719,0.1278962437623482
sin_homo,0.1,0,6.728728728728729,0.1339930740321135
sin_homo,0.1,0,6.738738738738739,0.1575880734436063
sin_homo,0.1,0,6.748748748748749,0.14022779859397705
sin_homo,0.1,0,6.758758758758759,0.14735896061867024
sin_homo,0.1,0,6.768768768768769,0.14885589612718703
sin_homo,0.1,0,6.778778778778779,0.14121215640443105
sin_homo,0.1,0,6.788788788788789,0.1384675420298917
sin_homo,0.1,0,6.798798798798799,0.13965487114873834
sin_homo,0.1,0,6.808808808808809,0.15010690628869322
sin_homo,0.1,0,6.818818818818819,0.12837748596355064
sin_homo,0.1,0,6.828828828828829,0.14148684017979823
sin_homo,0.1,0,6.838838838838839,0.13515546412130933
sin_homo,0.1,0,6.848848848848849,0.14084461642986923
sin_homo,0.1,0,6.858858858858859,0.14733815072723752
sin_homo,0.1,0,6.868868868868869,0.1275301466849297
sin_homo,0.1,0,6.878878878878879,0.14579287312928288
sin_homo,0.1,0,6.888888888888889,0.12702300148599588
sin_homo,0.1,0,6.898898898898899,0.15391373575003073
sin_homo,0.1,0,6.908908908908909,0.14298953114155874
sin_homo,0.1,0,6.918918918918919,0.1457993801833685
sin_homo,0.1,0,6.928928928928929,0.1457600217152053
sin_homo,0.1,0,6.938938938938939,0.15750570548005663
sin_homo,0.1,0,6.948948948948949,0.17348314503648302
sin_homo,0.1,0,6.958958958958959,0.14961758464092118
sin_homo,0.1,0,6.968968968968969,0.1505419692397789
sin_homo,0.1,0,6.978978978978979,0.14671242236035645
sin_homo,0.1,0,6.988988988988989,0.1513963374341226
sin_homo,0.1,0,6.998998998998999,0.13622329263877928
sin_homo,0.1,0,7.009009009009009,0.1597915778405576
sin_homo,0.1,0,7.019019019019019,0.1393968463636649
sin_homo,0.1,0,7.029029029029029,0.1442096806356136
sin_homo,0.1,0,7.039039039039039,0.11638571660350558
sin_homo,0.1,0,7.049049049049049,0.1515960579042939
sin_homo,0.1,0,7.059059059059059,0.14305982063952163
sin_homo,0.1,0,7.069069069069069,0.13418526438075273
sin_homo,0.1,0,7.079079079079079,0.13994725268747601
sin_homo,0.1,0,7.089089089089089,0.14820920366306203
sin_homo,0.1,0,7.099099099099099,0.15953822605519175
sin_homo,0.1,0,7.109109109109109,0.14859241261477468
sin_homo,0.1,0,7.119119119119119,0.13778432987090844
sin_homo,0.1,0,7.129129129129129,0.1618602889095453
sin_homo,0.1,0,7.1391391391391394,0.13455526344636176
sin_homo,0.1,0,7.1491491491491495,0.13823505109041195
sin_homo,0.1,0,7.1591591591591595,0.13979805369997717
sin_homo,0.1,0,7.1691691691691695,0.14086904802511463
sin_homo,0.1,0,7.1791791791791795,0.1375499137583204
sin_homo,0.1,0,7.1891891891891895,0.1314645876239443
sin_homo,0.1,0,7.1991991991991995,0.12617447653747293
sin_homo,0.1,0,7.2092092092092095,0.14610274390018382
sin_homo,0.1,0,7.2192192192192195,0.15465537062718493
sin_homo,0.1,0,7.2292292292292295,0.13817759362449547
sin_homo,0.1,0,7.2392392392392395,0.13188714693092188
sin_homo,0.1,0,7.2492492492492495,0.13165492821349659
sin_homo,0.1,0,7.2592592592592595,0.12104146894430598
sin_homo,0.1,0,7.2692692692692695,0.14231076833253983
sin_homo,0.1,0,7.2792792792792795,0.1404424421151853
sin_homo,0.1,0,7.2892892892892895,0.11483474848043758
sin_homo,0.1,0,7.2992992992992995,0.12775139372008998
sin_homo,0.1,0,7.3093093093093096,0.1257906538654623
sin_homo,0.1,0,7.31931931931932,0.13467314373511147
sin_homo,0.1,0,7.32932932932933,0.16088857204332546
sin_homo,0.1,0,7.33933933933934,0.14371657339677257
sin_homo,0.1,0,7.34934934934935,0.1486458082020246
sin_homo,0.1,0,7.35935935935936,0.1286382024551865
sin_homo,0.1,0,7.36936936936937,0.15627421513973028
sin_homo,0.1,0,7.37937937937938,0.13321404140575202
sin_homo,0.1,0,7.38938938938939,0.14001799281270375
sin_homo,0.1,0,7.3993993993994,0.14637251720550631
sin_homo,0.1,0,7.40940940940941,0.13910047919678842
sin_homo,0.1,0,7.41941941941942,0.12086901913676137
sin_homo,0.1,0,7.42942942942943,0.1574850826973386
sin_homo,0.1,0,7.43943943943944,0.1301072514489969
sin_homo,0.1,0,7.44944944944945,0.13716612203848752
sin_homo,0.1,0,7.45945945945946,0.15295564498407505
sin_homo,0.1,0,7.46946946946947,0.1301967271689675
sin_homo,0.1,0,7.47947947947948,0.149753504774892
sin_homo,0.1,0,7.48948948948949,0.14558690572484867
sin_homo,0.1,0,7.4994994994995,0.1497344728830457
sin_homo,0.1,0,7.50950950950951,0.1598181111561036
sin_homo,0.1,0,7.51951951951952,0.13844526309968544
sin_homo,0.1,0,7.52952952952953,0.16015528078963995
sin_homo,0.1,0,7.53953953953954,0.15081353325016122
sin_homo,0.1,0,7.54954954954955,0.1556068509300517
sin_homo,0.1,0,7.55955955955956,0.14255936049670562
sin_homo,0.1,0,7.56956956956957,0.16268230509737225
sin_homo,0.1,0,7.57957957957958,0.13382335775113796
sin_homo,0.1,0,7.58958958958959,0.12607269681345504
sin_homo,0.1,0,7.5995995995996,0.14663060263364625
sin_homo,0.1,0,7.60960960960961,0.13208775149692917
sin_homo,0.1,0,7.61961961961962,0.13258273704382853
sin_homo,0.1,0,7.62962962962963,0.16011462157739037
sin_homo,0.1,0,7.63963963963964,0.1487406554959483
sin_homo,0.1,0,7.64964964964965,0.1487270383939409
sin_homo,0.1,0,7.65965965965966,0.155040279515382
sin_homo,0.1,0,7.66966966966967,0.14328945766092574
sin_homo,0.1,0,7.67967967967968,0.12414011816335624
sin_homo,0.1,0,7.68968968968969,0.13493210551445398
sin_homo,0.1,0,7.6996996996997,0.13306992505232107
sin_homo,0.1,0,7.70970970970971,0.15094887554989267
sin_homo,0.1,0,7.71971971971972,0.16541052061019246
sin_homo,0.1,0,7.72972972972973,0.14256665323589213
sin_homo,0.1,0,7.73973973973974,0.13857360829597273
sin_homo,0.1,0,7.74974974974975,0.13842573684974208
sin_homo,0.1,0,7.75975975975976,0.15288287308454654
sin_homo,0.1,0,7.76976976976977,0.12387126263599023
sin_homo,0.1,0,7.77977977977978,0.14826228540743996
sin_homo,0.1,0,7.78978978978979,0.15331784227332904
sin_homo,0.1,0,7.7997997997998,0.12742935626415694
sin_homo,0.1,0,7.80980980980981,0.129082454209319
sin_homo,0.1,0,7.81981981981982,0.12978172550518627
sin_homo,0.1,0,7.82982982982983,0.12727651401904536
sin_homo,0.1,0,7.83983983983984,0.14063415850954786
sin_homo,0.1,0,7.84984984984985,0.15550547398168027
sin_homo,0.1,0,7.85985985985986,0.14473548151901391
sin_homo,0.1,0,7.86986986986987,0.13480483043945488
sin_homo,0.1,0,7.87987987987988,0.1516131518866079
sin_homo,0.1,0,7.88988988988989,0.13887008506352444
sin_homo,0.1,0,7.8998998998999,0.1604861788064459
sin_homo,0.1,0,7.90990990990991,0.15774137317392534
sin_homo,0.1,0,7.91991991991992,0.14625910605090628
sin_homo,0.1,0,7.92992992992993,0.146702006273238
sin_homo,0.1,0,7.93993993993994,0.14962520234263887
sin_homo,0.1,0,7.94994994994995,0.14774107817836046
sin_homo,0.1,0,7.95995995995996,0.15971826123145402
sin_homo,0.1,0,7.96996996996997,0.14548684900052056
sin_homo,0.1,0,7.97997997997998,0.12008492750152018
sin_homo,0.1,0,7.98998998998999,0.13318341508017437
sin_homo,0.1,0,8.0,0.1287048022662961
sin_homo,0.1,1,-2.0,0.1481654792777392
sin_homo,0.1,1,-1.98998998998999,0.16001213639431072
sin_homo,0.1,1,-1.97997997997998,0.1466617780205446
sin_homo,0.1,1,-1.96996996996997,0.1480221333439671
sin_homo,0.1,1,-1.95995995995996,0.13008404165698095
sin_homo,0.1,1,-1.94994994994995,0.165232345427979
sin_homo,0.1,1,-1.93993993993994,0.15888266692485756
sin_homo,0.1,1,-1.92992992992993,0.13778562578730452
sin_homo,0.1,1,-1.91991991991992,0.1180123633530084
sin_homo,0.1,1,-1.90990990990991,0.1473204544314554
sin_homo,0.1,1,-1.8998998998999,0.1664011515161421
sin_homo,0.1,1,-1.88988988988989,0.1718407094655925
sin_homo,0.1,1,-1.87987987987988,0.14181216195857665
sin_homo,0.1,1,-1.86986986986987,0.14474130480080927
sin_homo,0.1,1,-1.85985985985986,0.1362060377883625
sin_homo,0.1,1,-1.84984984984985,0.1410676969372018
sin_homo,0.1,1,-1.83983983983984,0.1635454612591829
sin_homo,0.1,1,-1.82982982982983,0.14841296987655528
sin_homo,0.1,1,-1.8198198198198199,0.14822280253511022
sin_homo,0.1,1,-1.8098098098098099,0.16499698666322968
sin_homo,0.1,1,-1.7997997997997999,0.16552719229966936
sin_homo,0.1,1,-1.7897897897897899,0.14817795195483063
sin_homo,0.1,1,-1.7797797797797799,0.14993227775075724
sin_homo,0.1,1,-1.7697697697697699,0.13559628169470928
sin_homo,0.1,1,-1.7597597597597598,0.13712554508240593
sin_homo,0.1,1,-1.7497497497497498,0.16062084079520483
sin_homo,0.1,1,-1.7397397397397398,0.14488039859573507
sin_homo,0.1,1,-1.7297297297297298,0.1348171284384415
sin_homo,0.1,1,-1.7197197197197198,0.14020342583495604
sin_homo,0.1,1,-1.7097097097097098,0.14623463594607325
sin_homo,0.1,1,-1.6996996996996998,0.13615656200222748
sin_homo,0.1,1,-1.6896896896896898,0.14225759018572642
sin_homo,0.1,1,-1.6796796796796798,0.1448500435636416
sin_homo,0.1,1,-1.6696696696696698,0.14257865360376504
sin_homo,0.1,1,-1.6596596596596598,0.14687536511139232
sin_homo,0.1,1,-1.6496496496496498,0.1451963456482866
sin_homo,0.1,1,-1.6396396396396398,0.1580322040109623
sin_homo,0.1,1,-1.6296296296296298,0.15126297082282564
sin_homo,0.1,1,-1.6196196196196198,0.17599818951088397
sin_homo,0.1,1,-1.6096096096096097,0.14738087766731944
sin_homo,0.1,1,-1.5995995995995997,0.1318715984881392
sin_homo,0.1,1,-1.5895895895895895,0.14272481306372456
sin_homo,0.1,1,-1.5795795795795795,0.12972028428156046
sin_homo,0.1,1,-1.5695695695695695,0.14034057967487684
sin_homo,0.1,1,-1.5595595595595595,0.16437490892357348
sin_homo,0.1,1,-1.5495495495495495,0.1332283642718839
sin_homo,0.1,1,-1.5395395395395395,0.14555937257318016
sin_homo,0.1,1,-1.5295295295295295,0.16336689418600198
sin_homo,0.1,1,-1.5195195195195195,0.13722865688642388
sin_homo,0.1,1,-1.5095095095095095,0.14779346120593867
sin_homo,0.1,1,-1.4994994994994995,0.1369099059504106
sin_homo,0.1,1,-1.4894894894894894,0.13822525400684854
sin_homo,0.1,1,-1.4794794794794794,0.14197659775552654
sin_homo,0.1,1,-1.4694694694694694,0.1415912574519179
sin_homo,0.1,1,-1.4594594594594594,0.14877953981461325
sin_homo,0.1,1,-1.4494494494494494,0.15494282225291914
sin_homo,0.1,1,-1.4394394394394394,0.16529591489520076
sin_homo,0.1,1,-1.4294294294294294,0.15111228036289676
sin_homo,0.1,1,-1.4194194194194194,0.12348205454639945
sin_homo,0.1,1,-1.4094094094094094,0.15496201994637357
sin_homo,0.1,1,-1.3993993993993994,0.16535402043763725
sin_homo,0.1,1,-1.3893893893893894,0.16182907982007697
sin_homo,0.1,1,-1.3793793793793794,0.1294470086098822
sin_homo,0.1,1,-1.3693693693693694,0.14195711787989507
sin_homo,0.1,1,-1.3593593593593594,0.12948644388705025
sin_homo,0.1,1,-1.3493493493493494,0.14883356921881594
sin_homo,0.1,1,-1.3393393393393394,0.14545835030288404
sin_homo,0.1,1,-1.3293293293293293,0.13018707090349055
sin_homo,0.1,1,-1.3193193193193193,0.1552013946373389
sin_homo,0.1,1,-1.3093093093093093,0.1472642368914867
sin_homo,0.1,1,-1.2992992992992993,0.14298254625866902
sin_homo,0.1,1,-1.2892892892892893,0.1461267004780393
sin_homo,0.1,1,-1.2792792792792793,0.13537367733048214
sin_homo,0.1,1,-1.2692692692692693,0.14177577344991732
sin_homo,0.1,1,-1.2592592592592593,0.15778597499879
sin_homo,0.1,1,-1.2492492492492493,0.1469667186990158
sin_homo,0.1,1,-1.2392392392392393,0.12605922619924978
sin_homo,0.1,1,-1.2292292292292293,0.14874528014929553
sin_homo,0.1,1,-1.2192192192192193,0.14738577111638626
sin_homo,0.1,1,-1.2092092092092093,0.1389824957411102
sin_homo,0.1,1,-1.1991991991991993,0.1318030835346999
sin_homo,0.1,1,-1.189189189189189,0.14911768031924408
sin_homo,0.1,1,-1.179179179179179,0.13233541526345363
sin_homo,0.1,1,-1.169169169169169,0.14634898358408122
sin_homo,0.1,1,-1.159159159159159,0.13212915345553755
sin_homo,0.1,1,-1.149149149149149,0.14994976184506456
sin_homo,0.1,1,-1.139139139139139,0.13498554388173797
sin_homo,0.1,1,-1.129129129129129,0.1599227318517415
sin_homo,0.1,1,-1.119119119119119,0.14691542782049674
sin_homo,0.1,1,-1.109109109109109,0.14469319579620157
sin_homo,0.1,1,-1.099099099099099,0.1445611256239138
sin_homo,0.1,1,-1.089089089089089,0.1434392967011141
sin_homo,0.1,1,-1.079079079079079,0.14521829772072764
sin_homo,0.1,1,-1.069069069069069,0.1326830892392574
sin_homo,0.1,1,-1.059059059059059,0.12114500907678327
sin_homo,0.1,1,-1.049049049049049,0.1484967369452637
sin_homo,0.1,1,-1.039039039039039,0.14096152200562925
sin_homo,0.1,1,-1.029029029029029,0.15107056843633884
sin_homo,0.1,1,-1.019019019019019,0.15723359888442684
sin_homo,0.1,1,-1.009009009009009,0.14409355520354258
sin_homo,0.1,1,-0.9989989989989989,0.13839997674577167
sin_homo,0.1,1,-0.9889889889889889,0.15830692262760376
sin_homo,0.1,1,-0.9789789789789789,0.1650777955476692
sin_homo,0.1,1,-0.9689689689689689,0.16783511647891206
sin_homo,0.1,1,-0.9589589589589589,0.13010994375072993
sin_homo,0.1,1,-0.9489489489489489,0.1372334254215753
sin_homo,0.1,1,-0.9389389389389389,0.12801264476887175
sin_homo,0.1,1,-0.9289289289289289,0.1428985254636844
sin_homo,0.1,1,-0.9189189189189189,0.14337338201650127
sin_homo,0.1,1,-0.9089089089089089,0.15288074223092096
sin_homo,0.1,1,-0.8988988988988988,0.12892185471659637
sin_homo,0.1,1,-0.8888888888888888,0.13900975094723692
sin_homo,0.1,1,-0.8788788788788788,0.15082659829338643
sin_homo,0.1,1,-0.8688688688688688,0.13496315273882267
sin_homo,0.1,1,-0.8588588588588588,0.13702679452076766
sin_homo,0.1,1,-0.8488488488488488,0.14206494139819653
sin_homo,0.1,1,-0.8388388388388388,0.13554206479529574
sin_homo,0.1,1,-0.8288288288288288,0.15107784374588826
sin_homo,0.1,1,-0.8188188188188188,0.15602495335453567
sin_homo,0.1,1,-0.8088088088088088,0.15628246278744565
sin_homo,0.1,1,-0.7987987987987988,0.15897898161510263
sin_homo,0.1,1,-0.7887887887887888,0.14626599895344972
sin_homo,0.1,1,-0.7787787787787788,0.1454563741919534
sin_homo,0.1,1,-0.7687687687687688,0.12652976750006792
sin_homo,0.1,1,-0.7587587587587588,0.1558079438648017
sin_homo,0.1,1,-0.7487487487487487,0.1561535846935217
sin_homo,0.1,1,-0.7387387387387387,0.13035794280647225
sin_homo,0.1,1,-0.7287287287287287,0.1402285308006533
sin_homo,0.1,1,-0.7187187187187187,0.13405232996484287
sin_homo,0.1,1,-0.7087087087087087,0.1432317992261844
sin_homo,0.1,1,-0.6986986986986987,0.13309977566072073
sin_homo,0.1,1,-0.6886886886886887,0.14935959459972586
sin_homo,0.1,1,-0.6786786786786787,0.1350735677548378
sin_homo,0.1,1,-0.6686686686686687,0.14861750765277848
sin_homo,0.1,1,-0.6586586586586587,0.14232817103953135
sin_homo,0.1,1,-0.6486486486486487,0.13079896819670006
sin_homo,0.1,1,-0.6386386386386387,0.1475177373398103
sin_homo,0.1,1,-0.6286286286286287,0.1449122415370649
sin_homo,0.1,1,-0.6186186186186187,0.1395250253974492
sin_homo,0.1,1,-0.6086086086086087,0.13081596167083845
sin_homo,0.1,1,-0.5985985985985987,0.14810060268388722
sin_homo,0.1,1,-0.5885885885885886,0.14051980370661102
sin_homo,0.1,1,-0.5785785785785786,0.13615671304239965
sin_homo,0.1,1,-0.5685685685685686,0.13630614737592966
sin_homo,0.1,1,-0.5585585585585586,0.1359192975576198
sin_homo,0.1,1,-0.5485485485485486,0.13390617427337734
sin_homo,0.1,1,-0.5385385385385386,0.14523821895372757
sin_homo,0.1,1,-0.5285285285285286,0.1500920675306748
sin_homo,0.1,1,-0.5185185185185186,0.12992431271821858
sin_homo,0.1,1,-0.5085085085085086,0.13877980307496546
sin_homo,0.1,1,-0.4984984984984986,0.13227528535905442
sin_homo,0.1,1,-0.4884884884884886,0.13531494864472096
sin_homo,0.1,1,-0.4784784784784786,0.14407911388701336
sin_homo,0.1,1,-0.46846846846846857,0.15186220539799036
sin_homo,0.1,1,-0.45845845845845856,0.13841609711783087
sin_homo,0.1,1,-0.44844844844844856,0.13339369291384565
sin_homo,0.1,1,-0.43843843843843855,0.13215955028182078
sin_homo,0.1,1,-0.42842842842842854,0.12981811921222045
sin_homo,0.1,1,-0.41841841841841854,0.1374324379601654
sin_homo,0.1,1,-0.40840840840840853,0.1296899957276205
sin_homo,0.1,1,-0.3983983983983985,0.14402622787047906
sin_homo,0.1,1,-0.3883883883883883,0.13537244642055574
sin_homo,0.1,1,-0.3783783783783783,0.13875998798022016
sin_homo,0.1,1,-0.3683683683683683,0.1389231997563451
sin_homo,0.1,1,-0.3583583583583583,0.1422480647228717
sin_homo,0.1,1,-0.34834834834834827,0.14784651242804084
sin_homo,0.1,1,-0.33833833833833826,0.13661447218948536
sin_homo,0.1,1,-0.32832832832832826,0.15573559022534883
sin_homo,0.1,1,-0.31831831831831825,0.13516599671597537
sin_homo,0.1,1,-0.30830830830830824,0.14303963192762165
sin_homo,0.1,1,-0.29829829829829824,0.13162176003990472
sin_homo,0.1,1,-0.28828828828828823,0.1485391300296521
sin_homo,0.1,1,-0.2782782782782782,0.14978464319898363
sin_homo,0.1,1,-0.2682682682682682,0.1390142263825264
sin_homo,0.1,1,-0.2582582582582582,0.13704873635809983
sin_homo,0.1,1,-0.2482482482482482,0.12259308267487327
sin_homo,0.1,1,-0.2382382382382382,0.13255938487760624
sin_homo,0.1,1,-0.2282282282282282,0.1443124629395198
sin_homo,0.1,1,-0.21821821821821819,0.14069805405244323
sin_homo,0.1,1,-0.20820820820820818,0.14363055827116858
sin_homo,0.1,1,-0.19819819819819817,0.12903376987361728
sin_homo,0.1,1,-0.18818818818818817,0.1383452703909
sin_homo,0.1,1,-0.17817817817817816,0.14044167810041247
sin_homo,0.1,1,-0.16816816816816815,0.12806464437919507
sin_homo,0.1,1,-0.15815815815815815,0.15000276989697553
sin_homo,0.1,1,-0.14814814814814814,0.15295478287976172
sin_homo,0.1,1,-0.13813813813813813,0.13188363183022264
sin_homo,0.1,1,-0.12812812812812813,0.13476973896231018
sin_homo,0.1,1,-0.11811811811811812,0.14395766185353348
sin_homo,0.1,1,-0.10810810810810811,0.12330352358896014
sin_homo,0.1,1,-0.09809809809809811,0.12680807126163146
sin_homo,0.1,1,-0.0880880880880881,0.1309426152925725
sin_homo,0.1,1,-0.0780780780780781,0.1377228868875761
sin_homo,0.1,1,-0.06806806806806809,0.14142856572658072
sin_homo,0.1,1,-0.05805805805805808,0.1309286595641701
sin_homo,0.1,1,-0.048048048048048075,0.1414594257075383
sin_homo,0.1,1,-0.03803803803803807,0.12354727827646032
sin_homo,0.1,1,-0.028028028028028062,0.1255365317933782
sin_homo,0.1,1,-0.018018018018018056,0.13569514112198058
sin_homo,0.1,1,-0.00800800800800805,0.13562355489356379
sin_homo,0.1,1,0.002002002002002179,0.13956789481137208
sin_homo,0.1,1,0.012012012012012185,0.129930035425903
sin_homo,0.1,1,0.022022022022022192,0.14063414393311938
sin_homo,0.1,1,0.0320320320320322,0.12364137983136549
sin_homo,0.1,1,0.042042042042042205,0.1424951674301023
sin_homo,0.1,1,0.05205205205205221,0.13203950513324533
sin_homo,0.1,1,0.06206206206206222,0.13353605390810575
sin_homo,0.1,1,0.07207207207207222,0.13745451152555524
sin_homo,0.1,1,0.08208208208208223,0.12467626270414635
sin_homo,0.1,1,0.09209209209209224,0.15203278168676473
sin_homo,0.1,1,0.10210210210210224,0.12795489926475895
sin_homo,0.1,1,0.11211211211211225,0.12982811011339446
sin_homo,0.1,1,0.12212212212212226,0.14229600629380115
sin_homo,0.1,1,0.13213213213213226,0.1409657543562326
sin_homo,0.1,1,0.14214214214214227,0.12147047839087173
sin_homo,0.1,1,0.15215215215215228,0.11980836891282072
sin_homo,0.1,1,0.16216216216216228,0.13409119499970115
sin_homo,0.1,1,0.1721721721721723,0.15220125053825123
sin_homo,0.1,1,0.1821821821821823,0.1434452393941875
sin_homo,0.1,1,0.1921921921921923,0.1366600125097579
sin_homo,0.1,1,0.2022022022022023,0.1434892259953363
sin_homo,0.1,1,0.21221221221221231,0.12004961538582457
sin_homo,0.1,1,0.22222222222222232,0.13167918117995145
sin_homo,0.1,1,0.23223223223223233,0.13109147811000396
sin_homo,0.1,1,0.24224224224224233,0.12015656634190983
sin_homo,0.1,1,0.25225225225225234,0.12223092419875808
sin_homo,0.1,1,0.26226226226226235,0.13340360187294184
sin_homo,0.1,1,0.27227227227227235,0.14135529509810676
sin_homo,0.1,1,0.28228228228228236,0.12712895998061868
sin_homo,0.1,1,0.29229229229229237,0.14879838232049164
sin_homo,0.1,1,0.3023023023023024,0.1281222712434365
sin_homo,0.1,1,0.3123123123123124,0.12287303074781586
sin_homo,0.1,1,0.3223223223223224,0.11937931152410648
sin_homo,0.1,1,0.3323323323323324,0.12357686510633145
sin_homo,0.1,1,0.3423423423423424,0.12497294386925695
sin_homo,0.1,1,0.3523523523523524,0.11840334808129531
sin_homo,0.1,1,0.3623623623623624,0.13184029021052085
sin_homo,0.1,1,0.3723723723723724,0.11547510266084672
sin_homo,0.1,1,0.3823823823823824,0.11350388877956107
sin_homo,0.1,1,0.39239239239239243,0.1212776548185339
sin_homo,0.1,1,0.40240240240240244,0.12734086608856923
sin_homo,0.1,1,0.41241241241241244,0.12168968097014894
sin_homo,0.1,1,0.42242242242242245,0.11885254517515885
sin_homo,0.1,1,0.43243243243243246,0.11999601695800562
sin_homo,0.1,1,0.44244244244244246,0.148550678682924
sin_homo,0.1,1,0.45245245245245247,0.12099125880416116
sin_homo,0.1,1,0.4624624624624625,0.12976262439458422
sin_homo,0.1,1,0.4724724724724725,0.13402911308322574
sin_homo,0.1,1,0.4824824824824825,0.1292374178604897
sin_homo,0.1,1,0.4924924924924925,0.14203124976697562
sin_homo,0.1,1,0.5025025025025025,0.11058168644687726
sin_homo,0.1,1,0.5125125125125125,0.11624389108438858
sin_homo,0.1,1,0.5225225225225225,0.12477859168914333
sin_homo,0.1,1,0.5325325325325325,0.11747577306559137
sin_homo,0.1,1,0.5425425425425425,0.12268409468231213
sin_homo,0.1,1,0.5525525525525525,0.12707263896082352
sin_homo,0.1,1,0.5625625625625625,0.1216170076997292
sin_homo,0.1,1,0.5725725725725725,0.10008413934639687
sin_homo,0.1,1,0.5825825825825826,0.11906183661914187
sin_homo,0.1,1,0.5925925925925926,0.11719444509174534
sin_homo,0.1,1,0.6026026026026026,0.13699856754519096
sin_homo,0.1,1,0.6126126126126126,0.1312431897244163
sin_homo,0.1,1,0.6226226226226226,0.12466798398063149
sin_homo,0.1,1,0.6326326326326326,0.12725943512699917
sin_homo,0.1,1,0.6426426426426426,0.12475167385949744
sin_homo,0.1,1,0.6526526526526526,0.12415748496811076
sin_homo,0.1,1,0.6626626626626626,0.13490964784209689
sin_homo,0.1,1,0.6726726726726726,0.11308402075240576
sin_homo,0.1,1,0.6826826826826826,0.1488777548565676
sin_homo,0.1,1,0.6926926926926926,0.1553711498829854
sin_homo,0.1,1,0.7027027027027026,0.13313995802874498
sin_homo,0.1,1,0.7127127127127126,0.12023475178202234
sin_homo,0.1,1,0.7227227227227226,0.12270600851120994
sin_homo,0.1,1,0.7327327327327327,0.12581489566365278
sin_homo,0.1,1,0.7427427427427427,0.12864174805374726
sin_homo,0.1,1,0.7527527527527527,0.1242110738884448
sin_homo,0.1,1,0.7627627627627627,0.12407525321095464
sin_homo,0.1,1,0.7727727727727727,0.13567952792884233
sin_homo,0.1,1,0.7827827827827827,0.11953942017038435
sin_homo,0.1,1,0.7927927927927927,0.13337429802499637
sin_homo,0.1,1,0.8028028028028027,0.13668164646980505
sin_homo,0.1,1,0.8128128128128127,0.12363906424771381
sin_homo,0.1,1,0.8228228228228227,0.14501376370225214
sin_homo,0.1,1,0.8328328328328327,0.12698524838638187
sin_homo,0.1,1,0.8428428428428427,0.12057204094065299
sin_homo,0.1,1,0.8528528528528527,0.11392067858385774
sin_homo,0.1,1,0.8628628628628627,0.11167198607908076
sin_homo,0.1,1,0.8728728728728727,0.12814673186837783
sin_homo,0.1,1,0.8828828828828827,0.121485514599179
sin_homo,0.1,1,0.8928928928928928,0.12188342697162736
sin_homo,0.1,1,0.9029029029029028,0.11519814140292811
sin_homo,0.1,1,0.9129129129129128,0.11773807500911103
sin_homo,0.1,1,0.9229229229229228,0.13326728670757512
sin_homo,0.1,1,0.9329329329329328,0.13141183771734155
sin_homo,0.1,1,0.9429429429429428,0.11883243835745083
sin_homo,0.1,1,0.9529529529529528,0.11819056319060654
sin_homo,0.1,1,0.9629629629629628,0.12961868660199755
sin_homo,0.1,1,0.9729729729729728,0.12458499379261488
sin_homo,0.1,1,0.9829829829829828,0.13478104738573757
sin_homo,0.1,1,0.9929929929929928,0.11309062597633453
sin_homo,0.1,1,1.0030030030030028,0.12065471436241079
sin_homo,0.1,1,1.0130130130130128,0.11983896464795313
sin_homo,0.1,1,1.0230230230230228,0.12033358572203741
sin_homo,0.1,1,1.0330330330330328,0.13226899832564368
sin_homo,0.1,1,1.0430430430430429,0.10086171245111394
sin_homo,0.1,1,1.0530530530530529,0.13012088778746952
sin_homo,0.1,1,1.0630630630630629,0.12453559455805661
sin_homo,0.1,1,1.0730730730730729,0.12382662446048309
sin_homo,0.1,1,1.0830830830830829,0.12956207624433774
sin_homo,0.1,1,1.0930930930930929,0.11458057008428164
sin_homo,0.1,1,1.1031031031031029,0.11683274004469284
sin_homo,0.1,1,1.113113113113113,0.117457932333657
sin_homo,0.1,1,1.123123123123123,0.11553777645527136
sin_homo,0.1,1,1.133133133133133,0.11489563726906878
sin_homo,0.1,1,1.143143143143143,0.11876521605748183
sin_homo,0.1,1,1.153153153153153,0.11428223376798081
sin_homo,0.1,1,1.163163163163163,0.12135377689195607
sin_homo,0.1,1,1.173173173173173,0.12339863727839746
sin_homo,0.1,1,1.183183183183183,0.1216552110118627
sin_homo,0.1,1,1.193193193193193,0.1210043229341182
sin_homo,0.1,1,1.203203203203203,0.1120911945507057
sin_homo,0.1,1,1.2132132132132134,0.11588867218930267
sin_homo,0.1,1,1.2232232232232234,0.12820225798845047
sin_homo,0.1,1,1.2332332332332334,0.13837021390429846
sin_homo,0.1,1,1.2432432432432434,0.12421638285998655
sin_homo,0.1,1,1.2532532532532534,0.11815025515748143
sin_homo,0.1,1,1.2632632632632634,0.11889213110429937
sin_homo,0.1,1,1.2732732732732734,0.11611317506552313
sin_homo,0.1,1,1.2832832832832834,0.12358585298547926
sin_homo,0.1,1,1.2932932932932935,0.12135930770353513
sin_homo,0.1,1,1.3033033033033035,0.12190659852914985
sin_homo,0.1,1,1.3133133133133135,0.11857394290999938
sin_homo,0.1,1,1.3233233233233235,0.11007409347037546
sin_homo,0.1,1,1.3333333333333335,0.1170835239612989
sin_homo,0.1,1,1.3433433433433435,0.10921294834383874
sin_homo,0.1,1,1.3533533533533535,0.11164815158327346
sin_homo,0.1,1,1.3633633633633635,0.10874664414379807
sin_homo,0.1,1,1.3733733733733735,0.13040130919160195
sin_homo,0.1,1,1.3833833833833835,0.12250288781152464
sin_homo,0.1,1,1.3933933933933935,0.12058008072759523
sin_homo,0.1,1,1.4034034034034035,0.12293601345902147
sin_homo,0.1,1,1.4134134134134135,0.1275434028080426
sin_homo,0.1,1,1.4234234234234235,0.13073532403363042
sin_homo,0.1,1,1.4334334334334335,0.11424580260231132
sin_homo,0.1,1,1.4434434434434436,0.09845042729173495
sin_homo,0.1,1,1.4534534534534536,0.10938374430847923
sin_homo,0.1,1,1.4634634634634636,0.11919954313370419
sin_homo,0.1,1,1.4734734734734736,0.11277052422571687
sin_homo,0.1,1,1.4834834834834836,0.12236836217210473
sin_homo,0.1,1,1.4934934934934936,0.11611323508689501
sin_homo,0.1,1,1.5035035035035036,0.11226099545234615
sin_homo,0.1,1,1.5135135135135136,0.11688013990872566
sin_homo,0.1,1,1.5235235235235236,0.12157576333292798
sin_homo,0.1,1,1.5335335335335336,0.11261055572008968
sin_homo,0.1,1,1.5435435435435436,0.11521359971427364
sin_homo,0.1,1,1.5535535535535536,0.14105458953414587
sin_homo,0.1,1,1.5635635635635636,0.1212361289854987
sin_homo,0.1,1,1.5735735735735736,0.11842015785625036
sin_homo,0.1,1,1.5835835835835836,0.11656472216817748
sin_homo,0.1,1,1.5935935935935936,0.12504639437116513
sin_homo,0.1,1,1.6036036036036037,0.12907501327379461
sin_homo,0.1,1,1.6136136136136137,0.11789826176018339
sin_homo,0.1,1,1.6236236236236237,0.11988505295419208
sin_homo,0.1,1,1.6336336336336337,0.11240825460560962
sin_homo,0.1,1,1.6436436436436437,0.11004683626350314
sin_homo,0.1,1,1.6536536536536537,0.10198481683849933
sin_homo,0.1,1,1.6636636636636637,0.11292441431022263
sin_homo,0.1,1,1.6736736736736737,0.11465685239100698
sin_homo,0.1,1,1.6836836836836837,0.11723178414707734
sin_homo,0.1,1,1.6936936936936937,0.12081531497216129
sin_homo,0.1,1,1.7037037037037037,0.11397801782775327
sin_homo,0.1,1,1.7137137137137137,0.1041975681099111
sin_homo,0.1,1,1.7237237237237237,0.10905417385103597
sin_homo,0.1,1,1.7337337337337337,0.1150462013855634
sin_homo,0.1,1,1.7437437437437437,0.1093095697082
sin_homo,0.1,1,1.7537537537537538,0.10350695188233296
sin_homo,0.1,1,1.7637637637637638,0.10290093814100443
sin_homo,0.1,1,1.7737737737737738,0.11709396771903371
sin_homo,0.1,1,1.7837837837837838,0.12268168607411849
sin_homo,0.1,1,1.7937937937937938,0.10689733594529051
sin_homo,0.1,1,1.8038038038038038,0.09865212966281066
sin_homo,0.1,1,1.8138138138138138,0.10016022317302613
sin_homo,0.1,1,1.8238238238238238,0.10396817498775604
sin_homo,0.1,1,1.8338338338338338,0.09901363532304973
sin_homo,0.1,1,1.8438438438438438,0.09703590674274232
sin_homo,0.1,1,1.8538538538538538,0.10260984897905072
sin_homo,0.1,1,1.8638638638638638,0.09868330006950515
sin_homo,0.1,1,1.8738738738738738,0.10237879868089633
sin_homo,0.1,1,1.8838838838838838,0.11793370813487493
sin_homo,0.1,1,1.8938938938938938,0.09953907503886676
sin_homo,0.1,1,1.9039039039039038,0.10125344642840682
sin_homo,0.1,1,1.9139139139139139,0.12024325865808896
sin_homo,0.1,1,1.9239239239239239,0.10008314209140483
sin_homo,0.1,1,1.9339339339339339,0.09384530969174344
sin_homo,0.1,1,1.9439439439439439,0.10695184390435526
sin_homo,0.1,1,1.9539539539539539,0.09264827987878031
sin_homo,0.1,1,1.9639639639639639,0.12012202827515382
sin_homo,0.1,1,1.973973973973974,0.09310443528559316
sin_homo,0.1,1,1.983983983983984,0.10243373430775674
sin_homo,0.1,1,1.993993993993994,0.10668952921641119
sin_homo,0.1,1,2.0040040040040044,0.09884429406429086
sin_homo,0.1,1,2.0140140140140144,0.10625789563210525
sin_homo,0.1,1,2.0240240240240244,0.10121154829684466
sin_homo,0.1,1,2.0340340340340344,0.08842479409514861
sin_homo,0.1,1,2.0440440440440444,0.10628999229337607
sin_homo,0.1,1,2.0540540540540544,0.08871813840432922
sin_homo,0.1,1,2.0640640640640644,0.09531086154729272
sin_homo,0.1,1,2.0740740740740744,0.09935633964466432
sin_homo,0.1,1,2.0840840840840844,0.08582697827514342
sin_homo,0.1,1,2.0940940940940944,0.09640632134540156
sin_homo,0.1,1,2.1041041041041044,0.09291313952176516
sin_homo,0.1,1,2.1141141141141144,0.08263457074410263
sin_homo,0.1,1,2.1241241241241244,0.08614277274441727
sin_homo,0.1,1,2.1341341341341344,0.09736597027738222
sin_homo,0.1,1,2.1441441441441444,0.08194891546093339
sin_homo,0.1,1,2.1541541541541545,0.08088026298306195
sin_homo,0.1,1,2.1641641641641645,0.08320279075288045
sin_homo,0.1,1,2.1741741741741745,0.09155410713908553
sin_homo,0.1,1,2.1841841841841845,0.0965319557873299
sin_homo,0.1,1,2.1941941941941945,0.09018817384037407
sin_homo,0.1,1,2.2042042042042045,0.09960237629992895
sin_homo,0.1,1,2.2142142142142145,0.09599160024794284
sin_homo,0.1,1,2.2242242242242245,0.08870103222490039
sin_homo,0.1,1,2.2342342342342345,0.08419720004432354
sin_homo,0.1,1,2.2442442442442445,0.08149209091063186
sin_homo,0.1,1,2.2542542542542545,0.09819092001528101
sin_homo,0.1,1,2.2642642642642645,0.07641972674626048
sin_homo,0.1,1,2.2742742742742745,0.08076961322845443
sin_homo,0.1,1,2.2842842842842845,0.09606397999421247
sin_homo,0.1,1,2.2942942942942945,0.07891132263759963
sin_homo,0.1,1,2.3043043043043046,0.0847088971402104
sin_homo,0.1,1,2.3143143143143146,0.09735973194458976
sin_homo,0.1,1,2.3243243243243246,0.08241359324890195
sin_homo,0.1,1,2.3343343343343346,0.08844095273857822
sin_homo,0.1,1,2.3443443443443446,0.06293246379690712
sin_homo,0.1,1,2.3543543543543546,0.0815594732318029
sin_homo,0.1,1,2.3643643643643646,0.08265217379457819
sin_homo,0.1,1,2.3743743743743746,0.07975151424681921
sin_homo,0.1,1,2.3843843843843846,0.08252384177240923
sin_homo,0.1,1,2.3943943943943946,0.07876217320391535
sin_homo,0.1,1,2.4044044044044046,0.07245902937844104
sin_homo,0.1,1,2.4144144144144146,0.08066377249892992
sin_homo,0.1,1,2.4244244244244246,0.08172596159240618
sin_homo,0.1,1,2.4344344344344346,0.07467371303780031
sin_homo,0.1,1,2.4444444444444446,0.07999954977457326
sin_homo,0.1,1,2.4544544544544546,0.07119468646437839
sin_homo,0.1,1,2.4644644644644647,0.06627302230924147
sin_homo,0.1,1,2.4744744744744747,0.06927565225335088
sin_homo,0.1,1,2.4844844844844847,0.06772137019661892
sin_homo,0.1,1,2.4944944944944947,0.0705832470847382
sin_homo,0.1,1,2.5045045045045047,0.07902211700186819
sin_homo,0.1,1,2.5145145145145147,0.06994011255217548
sin_homo,0.1,1,2.5245245245245247,0.07666833170264481
sin_homo,0.1,1,2.5345345345345347,0.06924902170783269
sin_homo,0.1,1,2.5445445445445447,0.06605402192514866
sin_homo,0.1,1,2.5545545545545547,0.06256435158149955
sin_homo,0.1,1,2.5645645645645647,0.06721749135698613
sin_homo,0.1,1,2.5745745745745747,0.06122504013051798
sin_homo,0.1,1,2.5845845845845847,0.0618348039813003
sin_homo,0.1,1,2.5945945945945947,0.05980660781943788
sin_homo,0.1,1,2.6046046046046047,0.06221125545771914
sin_homo,0.1,1,2.6146146146146148,0.06094405471909355
sin_homo,0.1,1,2.6246246246246248,0.06421312361498487
sin_homo,0.1,1,2.6346346346346348,0.06204250181793143
sin_homo,0.1,1,2.6446446446446448,0.05783071125150128
sin_homo,0.1,1,2.6546546546546548,0.05186648924443656
sin_homo,0.1,1,2.664664664664665,0.0517977234709717
sin_homo,0.1,1,2.674674674674675,0.05280580967290954
sin_homo,0.1,1,2.684684684684685,0.05764063572640885
sin_homo,0.1,1,2.694694694694695,0.05624874952761833
sin_homo,0.1,1,2.704704704704705,0.05944627943111832
sin_homo,0.1,1,2.714714714714715,0.06345680033286334
sin_homo,0.1,1,2.724724724724725,0.051521679396217525
sin_homo,0.1,1,2.734734734734735,0.05439927758351501
sin_homo,0.1,1,2.744744744744745,0.05747807597811847
sin_homo,0.1,1,2.754754754754755,0.05199579170955498
sin_homo,0.1,1,2.764764764764765,0.049943663557128974
sin_homo,0.1,1,2.774774774774775,0.06039915176417319
sin_homo,0.1,1,2.784784784784785,0.047618000171492265
sin_homo,0.1,1,2.794794794794795,0.051325444513927315
sin_homo,0.1,1,2.804804804804805,0.04900360368915996
sin_homo,0.1,1,2.814814814814815,0.043581610741253295
sin_homo,0.1,1,2.824824824824825,0.04767508972633086
sin_homo,0.1,1,2.834834834834835,0.04589715965807399
sin_homo,0.1,1,2.844844844844845,0.050448098843162696
sin_homo,0.1,1,2.854854854854855,0.05183854474721158
sin_homo,0.1,1,2.864864864864865,0.044088151738914075
sin_homo,0.1,1,2.874874874874875,0.04498349184894582
sin_homo,0.1,1,2.884884884884885,0.04520864031204199
sin_homo,0.1,1,2.894894894894895,0.04661584630699317
sin_homo,0.1,1,2.904904904904905,0.043716726207941745
sin_homo,0.1,1,2.914914914914915,0.034051064908824154
sin_homo,0.1,1,2.924924924924925,0.046446566579632045
sin_homo,0.1,1,2.934934934934935,0.04695339700859159
sin_homo,0.1,1,2.944944944944945,0.04507323699415021
sin_homo,0.1,1,2.954954954954955,0.039043269294705765
sin_homo,0.1,1,2.964964964964965,0.041525037853249284
sin_homo,0.1,1,2.974974974974975,0.04558754279057749
sin_homo,0.1,1,2.984984984984985,0.04203489762750432
sin_homo,0.1,1,2.994994994994995,0.04560509516262933
sin_homo,0.1,1,3.005005005005005,0.04980823223029187
sin_homo,0.1,1,3.015015015015015,0.047278234360788325
sin_homo,0.1,1,3.025025025025025,0.04400227530427869
sin_homo,0.1,1,3.035035035035035,0.04089568324583535
sin_homo,0.1,1,3.045045045045045,0.04436576129462367
sin_homo,0.1,1,3.055055055055055,0.04320814120658305
sin_homo,0.1,1,3.065065065065065,0.049613949956092834
sin_homo,0.1,1,3.075075075075075,0.03833228303601495
sin_homo,0.1,1,3.085085085085085,0.04435808641889166
sin_homo,0.1,1,3.095095095095095,0.04121203523714647
sin_homo,0.1,1,3.105105105105105,0.04250092628963114
sin_homo,0.1,1,3.115115115115115,0.04927925141469486
sin_homo,0.1,1,3.125125125125125,0.042491357792969454
sin_homo,0.1,1,3.135135135135135,0.04335890443550138
sin_homo,0.1,1,3.145145145145145,0.04098498583541668
sin_homo,0.1,1,3.155155155155155,0.04855964576793209
sin_homo,0.1,1,3.165165165165165,0.042453213968887446
sin_homo,0.1,1,3.175175175175175,0.04777637740709962
sin_homo,0.1,1,3.185185185185185,0.040302202841637186
sin_homo,0.1,1,3.195195195195195,0.0458955107792087
sin_homo,0.1,1,3.205205205205205,0.047830826711481846
sin_homo,0.1,1,3.215215215215215,0.04129607473756072
sin_homo,0.1,1,3.225225225225225,0.05365759469894748
sin_homo,0.1,1,3.235235235235235,0.05159478398562594
sin_homo,0.1,1,3.245245245245245,0.04944161862534989
sin_homo,0.1,1,3.255255255255255,0.04311580409345098
sin_homo,0.1,1,3.265265265265265,0.05176330690064007
sin_homo,0.1,1,3.275275275275275,0.05246129497553566
sin_homo,0.1,1,3.285285285285285,0.05144889993406215
sin_homo,0.1,1,3.295295295295295,0.04799087396342161
sin_homo,0.1,1,3.305305305305305,0.04495257697665917
sin_homo,0.1,1,3.315315315315315,0.0480245640156567
sin_homo,0.1,1,3.325325325325325,0.0567402095576932
sin_homo,0.1,1,3.335335335335335,0.05583902570536739
sin_homo,0.1,1,3.3453453453453452,0.05394512651345088
sin_homo,0.1,1,3.3553553553553552,0.0644170623075217
sin_homo,0.1,1,3.3653653653653652,0.05609855602100577
sin_homo,0.1,1,3.3753753753753752,0.056023512247274684
sin_homo,0.1,1,3.3853853853853852,0.05242286655498317
sin_homo,0.1,1,3.3953953953953953,0.05465641581666684
sin_homo,0.1,1,3.4054054054054053,0.06377122972077749
sin_homo,0.1,1,3.4154154154154153,0.06580284567265608
sin_homo,0.1,1,3.4254254254254253,0.0640131938667941
sin_homo,0.1,1,3.4354354354354353,0.06561338948836115
sin_homo,0.1,1,3.4454454454454453,0.059597851351527446
sin_homo,0.1,1,3.4554554554554553,0.05829687692151454
sin_homo,0.1,1,3.4654654654654653,0.061425140720352156
sin_homo,0.1,1,3.4754754754754753,0.05766259783766487
sin_homo,0.1,1,3.4854854854854853,0.06370796540207736
sin_homo,0.1,1,3.4954954954954953,0.06649652693652035
sin_homo,0.1,1,3.5055055055055053,0.07016000330016885
sin_homo,0.1,1,3.5155155155155153,0.07162308598207147
sin_homo,0.1,1,3.5255255255255253,0.06317604173233322
sin_homo,0.1,1,3.5355355355355353,0.06889497060471368
sin_homo,0.1,1,3.5455455455455454,0.07572319361990329
sin_homo,0.1,1,3.5555555555555554,0.06902906041431404
sin_homo,0.1,1,3.5655655655655654,0.06648696136163319
sin_homo,0.1,1,3.5755755755755754,0.07810867551279196
sin_homo,0.1,1,3.5855855855855854,0.0746543789253684
sin_homo,0.1,1,3.5955955955955954,0.07636278087659641
sin_homo,0.1,1,3.6056056056056054,0.06856308673857064
sin_homo,0.1,1,3.6156156156156154,0.07698078000641613
sin_homo,0.1,1,3.6256256256256254,0.08142648371211002
sin_homo,0.1,1,3.6356356356356354,0.0769033078991463
sin_homo,0.1,1,3.6456456456456454,0.0782219114606809
sin_homo,0.1,1,3.6556556556556554,0.06999554203709288
sin_homo,0.1,1,3.6656656656656654,0.07864851468064896
sin_homo,0.1,1,3.6756756756756754,0.07969560415547088
sin_homo,0.1,1,3.6856856856856854,0.06408717862890914
sin_homo,0.1,1,3.6956956956956954,0.09248499718298948
sin_homo,0.1,1,3.7057057057057055,0.08473710457113633
sin_homo,0.1,1,3.7157157157157155,0.07710705487371763
sin_homo,0.1,1,3.7257257257257255,0.07572149816819146
sin_homo,0.1,1,3.7357357357357355,0.08143497476341524
sin_homo,0.1,1,3.7457457457457455,0.08513396388458572
sin_homo,0.1,1,3.7557557557557555,0.07400565411915891
sin_homo,0.1,1,3.7657657657657655,0.07079352460177177
sin_homo,0.1,1,3.7757757757757755,0.08632621129017294
sin_homo,0.1,1,3.7857857857857855,0.08143115043261444
sin_homo,0.1,1,3.7957957957957955,0.08095309452674654
sin_homo,0.1,1,3.8058058058058055,0.08965075246297623
sin_homo,0.1,1,3.8158158158158155,0.08723112563352688
sin_homo,0.1,1,3.8258258258258255,0.09857387307965572
sin_homo,0.1,1,3.8358358358358355,0.08853454728472838
sin_homo,0.1,1,3.8458458458458455,0.08167278144664719
sin_homo,0.1,1,3.8558558558558556,0.07675103780773102
sin_homo,0.1,1,3.8658658658658656,0.09366058922898628
sin_homo,0.1,1,3.8758758758758756,0.09737565720284477
sin_homo,0.1,1,3.8858858858858856,0.09344721648960481
sin_homo,0.1,1,3.8958958958958956,0.0860322854509602
sin_homo,0.1,1,3.9059059059059056,0.08357665418926158
sin_homo,0.1,1,3.9159159159159156,0.07840455785592845
sin_homo,0.1,1,3.9259259259259256,0.08958277934536192
sin_homo,0.1,1,3.9359359359359356,0.10849322783724388
sin_homo,0.1,1,3.9459459459459456,0.10102930350003252
sin_homo,0.1,1,3.9559559559559556,0.09585697600002532
sin_homo,0.1,1,3.9659659659659656,0.09329508029390346
sin_homo,0.1,1,3.9759759759759756,0.08341729083358562
sin_homo,0.1,1,3.9859859859859856,0.09546483946744155
sin_homo,0.1,1,3.9959959959959956,0.09145634797887764
sin_homo,0.1,1,4.006006006006006,0.09068177848561232
sin_homo,0.1,1,4.016016016016016,0.09372038928533505
sin_homo,0.1,1,4.026026026026026,0.10384483520880522
sin_homo,0.1,1,4.036036036036036,0.0985768778568985
sin_homo,0.1,1,4.046046046046046,0.09175756298186162
sin_homo,0.1,1,4.056056056056056,0.10913348890921078
sin_homo,0.1,1,4.066066066066066,0.11116701721471936
sin_homo,0.1,1,4.076076076076076,0.08309067863763227
sin_homo,0.1,1,4.086086086086086,0.09568608644980767
sin_homo,0.1,1,4.096096096096096,0.0895472087914491
sin_homo,0.1,1,4.106106106106106,0.09604504381534247
sin_homo,0.1,1,4.116116116116116,0.09627521413660846
sin_homo,0.1,1,4.126126126126126,0.1060254033233006
sin_homo,0.1,1,4.136136136136136,0.111876639347775
sin_homo,0.1,1,4.146146146146146,0.10433151365831289
sin_homo,0.1,1,4.156156156156156,0.1022623422608543
sin_homo,0.1,1,4.166166166166166,0.0947981181910182
sin_homo,0.1,1,4.176176176176176,0.11059566154866042
sin_homo,0.1,1,4.186186186186186,0.11063444951363689
sin_homo,0.1,1,4.196196196196196,0.11028674861129086
sin_homo,0.1,1,4.206206206206206,0.11143376601169099
sin_homo,0.1,1,4.216216216216216,0.11409280981759715
sin_homo,0.1,1,4.226226226226226,0.10345199709554809
sin_homo,0.1,1,4.236236236236236,0.10166636413415009
sin_homo,0.1,1,4.246246246246246,0.1259426952967328
sin_homo,0.1,1,4.256256256256256,0.11325653290067224
sin_homo,0.1,1,4.266266266266266,0.09961555881712451
sin_homo,0.1,1,4.276276276276276,0.11655883109696738
sin_homo,0.1,1,4.286286286286286,0.10397336862939076
sin_homo,0.1,1,4.296296296296296,0.09590233795674202
sin_homo,0.1,1,4.306306306306306,0.11020903711303817
sin_homo,0.1,1,4.316316316316316,0.10957866839790815
sin_homo,0.1,1,4.326326326326326,0.10955088921510665
sin_homo,0.1,1,4.336336336336336,0.12068587712580653
sin_homo,0.1,1,4.346346346346346,0.11362737004981371
sin_homo,0.1,1,4.356356356356356,0.12672464165372227
sin_homo,0.1,1,4.366366366366366,0.10130607981367505
sin_homo,0.1,1,4.376376376376376,0.09765199106720945
sin_homo,0.1,1,4.386386386386386,0.10728880846414629
sin_homo,0.1,1,4.396396396396396,0.11520842731117653
sin_homo,0.1,1,4.406406406406406,0.1293492761205995
sin_homo,0.1,1,4.416416416416417,0.11004170133979924
sin_homo,0.1,1,4.426426426426427,0.10447290111814372
sin_homo,0.1,1,4.436436436436437,0.12034806734497001
sin_homo,0.1,1,4.446446446446447,0.11566793165966897
sin_homo,0.1,1,4.456456456456457,0.11250547587170008
sin_homo,0.1,1,4.466466466466467,0.11370025245241712
sin_homo,0.1,1,4.476476476476477,0.10057678370578142
sin_homo,0.1,1,4.486486486486487,0.11694938986749744
sin_homo,0.1,1,4.496496496496497,0.11478757391294798
sin_homo,0.1,1,4.506506506506507,0.11231838070421048
sin_homo,0.1,1,4.516516516516517,0.11440657717559587
sin_homo,0.1,1,4.526526526526527,0.12202015573412063
sin_homo,0.1,1,4.536536536536537,0.1173620583335484
sin_homo,0.1,1,4.546546546546547,0.1226790190145751
sin_homo,0.1,1,4.556556556556557,0.11850218454660108
sin_homo,0.1,1,4.566566566566567,0.12203005635112188
sin_homo,0.1,1,4.576576576576577,0.12327031511136083
sin_homo,0.1,1,4.586586586586587,0.10673330246589373
sin_homo,0.1,1,4.596596596596597,0.11865167198979015
sin_homo,0.1,1,4.606606606606607,0.11078765331565452
sin_homo,0.1,1,4.616616616616617,0.11911631998510464
sin_homo,0.1,1,4.626626626626627,0.121643302466688
sin_homo,0.1,1,4.636636636636637,0.10646481488424578
sin_homo,0.1,1,4.646646646646647,0.12092536702064967
sin_homo,0.1,1,4.656656656656657,0.11901681608636784
sin_homo,0.1,1,4.666666666666667,0.11240554561846351
sin_homo,0.1,1,4.676676676676677,0.1208424971942205
sin_homo,0.1,1,4.686686686686687,0.12313410560726266
sin_homo,0.1,1,4.696696696696697,0.10993643545860313
sin_homo,0.1,1,4.706706706706707,0.11714285342488426
sin_homo,0.1,1,4.716716716716717,0.12448610504865844
sin_homo,0.1,1,4.726726726726727,0.11834489713869924
sin_homo,0.1,1,4.736736736736737,0.12573472351117193
sin_homo,0.1,1,4.746746746746747,0.11725483207386769
sin_homo,0.1,1,4.756756756756757,0.12575709271471666
sin_homo,0.1,1,4.766766766766767,0.1105406386055558
sin_homo,0.1,1,4.776776776776777,0.1267627534929393
sin_homo,0.1,1,4.786786786786787,0.13816780086076752
sin_homo,0.1,1,4.796796796796797,0.12969233494462185
sin_homo,0.1,1,4.806806806806807,0.12961165776594988
sin_homo,0.1,1,4.816816816816817,0.10281722637126547
sin_homo,0.1,1,4.826826826826827,0.11753594448011272
sin_homo,0.1,1,4.836836836836837,0.10986932558492252
sin_homo,0.1,1,4.846846846846847,0.14032020873111445
sin_homo,0.1,1,4.856856856856857,0.12698145357730442
sin_homo,0.1,1,4.866866866866867,0.11582500083816574
sin_homo,0.1,1,4.876876876876877,0.12677062772738876
sin_homo,0.1,1,4.886886886886887,0.12116683137574229
sin_homo,0.1,1,4.896896896896897,0.11665346779189631
sin_homo,0.1,1,4.906906906906907,0.11227974630704499
sin_homo,0.1,1,4.916916916916917,0.1189418173316262
sin_homo,0.1,1,4.926926926926927,0.1353652585497627
sin_homo,0.1,1,4.936936936936937,0.12854059019117364
sin_homo,0.1,1,4.946946946946947,0.1270787900020733
sin_homo,0.1,1,4.956956956956957,0.11375172220616708
sin_homo,0.1,1,4.966966966966967,0.10645846161010421
sin_homo,0.1,1,4.976976976976977,0.12811475904515315
sin_homo,0.1,1,4.986986986986987,0.12671873673239104
sin_homo,0.1,1,4.996996996996997,0.13353869367841043
sin_homo,0.1,1,5.007007007007007,0.11983966836033966
sin_homo,0.1,1,5.017017017017017,0.12927936242188479
sin_homo,0.1,1,5.027027027027027,0.1269481067595793
sin_homo,0.1,1,5.037037037037037,0.12460067125508131
sin_homo,0.1,1,5.047047047047047,0.1268740737010991
sin_homo,0.1,1,5.057057057057057,0.11625012579524113
sin_homo,0.1,1,5.067067067067067,0.12426984739527067
sin_homo,0.1,1,5.077077077077077,0.1094026673205124
sin_homo,0.1,1,5.087087087087087,0.11844737949342028
sin_homo,0.1,1,5.097097097097097,0.1356495139348661
sin_homo,0.1,1,5.107107107107107,0.12085608563195087
sin_homo,0.1,1,5.117117117117117,0.10823899605321305
sin_homo,0.1,1,5.127127127127127,0.12094289497513076
sin_homo,0.1,1,5.137137137137137,0.1413989571302381
sin_homo,0.1,1,5.147147147147147,0.11992876762363526
sin_homo,0.1,1,5.157157157157157,0.12730429511992356
sin_homo,0.1,1,5.167167167167167,0.12832201325827783
sin_homo,0.1,1,5.177177177177177,0.12101675159590183
sin_homo,0.1,1,5.187187187187187,0.12873793854191912
sin_homo,0.1,1,5.197197197197197,0.13207639580188105
sin_homo,0.1,1,5.207207207207207,0.12498478195666268
sin_homo,0.1,1,5.217217217217217,0.1284269293819368
sin_homo,0.1,1,5.227227227227227,0.13104006595231238
sin_homo,0.1,1,5.237237237237237,0.13191211009091672
sin_homo,0.1,1,5.247247247247247,0.1354877909039998
sin_homo,0.1,1,5.257257257257257,0.12369888179582451
sin_homo,0.1,1,5.267267267267267,0.12393928635093772
sin_homo,0.1,1,5.277277277277277,0.12035639158783447
sin_homo,0.1,1,5.287287287287287,0.12907151311210338
sin_homo,0.1,1,5.297297297297297,0.11220795899793058
sin_homo,0.1,1,5.307307307307307,0.13533363194951467
sin_homo,0.1,1,5.317317317317317,0.12874336505636322
sin_homo,0.1,1,5.327327327327327,0.13210375175478134
sin_homo,0.1,1,5.337337337337337,0.14651478745499427
sin_homo,0.1,1,5.347347347347347,0.125937963837194
sin_homo,0.1,1,5.357357357357357,0.11683328846082647
sin_homo,0.1,1,5.367367367367367,0.1130262210596037
sin_homo,0.1,1,5.377377377377377,0.13120539298774103
sin_homo,0.1,1,5.387387387387387,0.13113749382035172
sin_homo,0.1,1,5.397397397397397,0.1352513172957173
sin_homo,0.1,1,5.407407407407407,0.12811478010369967
sin_homo,0.1,1,5.4174174174174174,0.11328688733926107
sin_homo,0.1,1,5.4274274274274275,0.12317849626293435
sin_homo,0.1,1,5.4374374374374375,0.1298619853646202
sin_homo,0.1,1,5.4474474474474475,0.12679851029361838
sin_homo,0.1,1,5.4574574574574575,0.14286428225222714
sin_homo,0.1,1,5.4674674674674675,0.14082710820824568
sin_homo,0.1,1,5.4774774774774775,0.12408551266752788
sin_homo,0.1,1,5.4874874874874875,0.1328643381107106
sin_homo,0.1,1,5.4974974974974975,0.12610158922860135
sin_homo,0.1,1,5.5075075075075075,0.12597549181370135
sin_homo,0.1,1,5.5175175175175175,0.13276536846025505
sin_homo,0.1,1,5.5275275275275275,0.12591336519509216
sin_homo,0.1,1,5.5375375375375375,0.14176947935955214
sin_homo,0.1,1,5.5475475475475475,0.10787882804608294
sin_homo,0.1,1,5.5575575575575575,0.118604736410321
sin_homo,0.1,1,5.5675675675675675,0.11869789016461517
sin_homo,0.1,1,5.5775775775775776,0.12337403141114818
sin_homo,0.1,1,5.587587587587588,0.12538195111176437
sin_homo,0.1,1,5.597597597597598,0.13265501941357435
sin_homo,0.1,1,5.607607607607608,0.15020584213947324
sin_homo,0.1,1,5.617617617617618,0.13713200747385335
sin_homo,0.1,1,5.627627627627628,0.13535231231179234
sin_homo,0.1,1,5.637637637637638,0.1337098306762682
sin_homo,0.1,1,5.647647647647648,0.13194795784608204
sin_homo,0.1,1,5.657657657657658,0.12196216635499227
sin_homo,0.1,1,5.667667667667668,0.1306254285535232
sin_homo,0.1,1,5.677677677677678,0.1442910573955751
sin_homo,0.1,1,5.687687687687688,0.12605350058394602
sin_homo,0.1,1,5.697697697697698,0.1453067215450833
sin_homo,0.1,1,5.707707707707708,0.12864628280323462
sin_homo,0.1,1,5.717717717717718,0.13180587553393366
sin_homo,0.1,1,5.727727727727728,0.1359707145182248
sin_homo,0.1,1,5.737737737737738,0.14803493700936854
sin_homo,0.1,1,5.747747747747748,0.1305362403895259
sin_homo,0.1,1,5.757757757757758,0.13184527916188207
sin_homo,0.1,1,5.767767767767768,0.11594236823073949
sin_homo,0.1,1,5.777777777777778,0.13306239726874672
sin_homo,0.1,1,5.787787787787788,0.14179721838929643
sin_homo,0.1,1,5.797797797797798,0.1255124101006929
sin_homo,0.1,1,5.807807807807808,0.1332795498085249
sin_homo,0.1,1,5.817817817817818,0.1258336904059671
sin_homo,0.1,1,5.827827827827828,0.11443064142565526
sin_homo,0.1,1,5.837837837837838,0.13678611790133777
sin_homo,0.1,1,5.847847847847848,0.12737795429971652
sin_homo,0.1,1,5.857857857857858,0.12985685495414132
sin_homo,0.1,1,5.867867867867868,0.11418224442511861
sin_homo,0.1,1,5.877877877877878,0.12696944767883472
sin_homo,0.1,1,5.887887887887888,0.12432498127568957
sin_homo,0.1,1,5.897897897897898,0.13015123440358817
sin_homo,0.1,1,5.907907907907908,0.13255812752195106
sin_homo,0.1,1,5.917917917917918,0.13277955517320872
sin_homo,0.1,1,5.927927927927928,0.1457567483339961
sin_homo,0.1,1,5.937937937937938,0.11670649272194404
sin_homo,0.1,1,5.947947947947948,0.11861034045698841
sin_homo,0.1,1,5.957957957957958,0.12755213450605174
sin_homo,0.1,1,5.967967967967968,0.13747260142128676
sin_homo,0.1,1,5.977977977977978,0.13614616625470774
sin_homo,0.1,1,5.987987987987988,0.13097866921358184
sin_homo,0.1,1,5.997997997997998,0.14653413259808631
sin_homo,0.1,1,6.008008008008009,0.12151980208596647
sin_homo,0.1,1,6.018018018018019,0.12621785591211523
sin_homo,0.1,1,6.028028028028029,0.11959173492278306
sin_homo,0.1,1,6.038038038038039,0.13967382953455082
sin_homo,0.1,1,6.048048048048049,0.13871163088728017
sin_homo,0.1,1,6.058058058058059,0.13234512361809322
sin_homo,0.1,1,6.068068068068069,0.11796610234802767
sin_homo,0.1,1,6.078078078078079,0.13180122292545432
sin_homo,0.1,1,6.088088088088089,0.1266218401731868
sin_homo,0.1,1,6.098098098098099,0.12635065324919934
sin_homo,0.1,1,6.108108108108109,0.1454830639535798
sin_homo,0.1,1,6.118118118118119,0.12985600169966116
sin_homo,0.1,1,6.128128128128129,0.120445639849183
sin_homo,0.1,1,6.138138138138139,0.1384294494743217
sin_homo,0.1,1,6.148148148148149,0.14602543584956507
sin_homo,0.1,1,6.158158158158159,0.12805542021333619
sin_homo,0.1,1,6.168168168168169,0.13382777082908637
sin_homo,0.1,1,6.178178178178179,0.1406230432903283
sin_homo,0.1,1,6.188188188188189,0.13020414203886635
sin_homo,0.1,1,6.198198198198199,0.13096632895509785
sin_homo,0.1,1,6.208208208208209,0.13501642867760477
sin_homo,0.1,1,6.218218218218219,0.15252348342697306
sin_homo,0.1,1,6.228228228228229,0.12886795630993375
sin_homo,0.1,1,6.238238238238239,0.13824706143212417
sin_homo,0.1,1,6.248248248248249,0.12283838414634551
sin_homo,0.1,1,6.258258258258259,0.12599512288301926
sin_homo,0.1,1,6.268268268268269,0.11641433134190049
sin_homo,0.1,1,6.278278278278279,0.12880974578435997
sin_homo,0.1,1,6.288288288288289,0.15881517459132768
sin_homo,0.1,1,6.298298298298299,0.1383233329239419
sin_homo,0.1,1,6.308308308308309,0.1566287956587391
sin_homo,0.1,1,6.318318318318319,0.12873629408294135
sin_homo,0.1,1,6.328328328328329,0.13580998879415057
sin_homo,0.1,1,6.338338338338339,0.11795872639800335
sin_homo,0.1,1,6.348348348348349,0.16045375037065035
sin_homo,0.1,1,6.358358358358359,0.13518135119948507
sin_homo,0.1,1,6.368368368368369,0.12440702068409025
sin_homo,0.1,1,6.378378378378379,0.15231808612314243
sin_homo,0.1,1,6.388388388388389,0.1436470342877978
sin_homo,0.1,1,6.398398398398399,0.13166451555316927
sin_homo,0.1,1,6.408408408408409,0.12171230224954717
sin_homo,0.1,1,6.418418418418419,0.1238366849289297
sin_homo,0.1,1,6.428428428428429,0.13748426276032025
sin_homo,0.1,1,6.438438438438439,0.1297451058038346
sin_homo,0.1,1,6.448448448448449,0.14555917671717505
sin_homo,0.1,1,6.458458458458459,0.15793438562247075
sin_homo,0.1,1,6.468468468468469,0.13967678491696184
sin_homo,0.1,1,6.478478478478479,0.12094736278222548
sin_homo,0.1,1,6.488488488488489,0.1222830691078037
sin_homo,0.1,1,6.498498498498499,0.1332356386231098
sin_homo,0.1,1,6.508508508508509,0.15185355010526966
sin_homo,0.1,1,6.518518518518519,0.132638150296117
sin_homo,0.1,1,6.528528528528529,0.13144352504468654
sin_homo,0.1,1,6.538538538538539,0.13734310939232486
sin_homo,0.1,1,6.548548548548549,0.15135284332092575
sin_homo,0.1,1,6.558558558558559,0.1474277855557138
sin_homo,0.1,1,6.568568568568569,0.1294412237610313
sin_homo,0.1,1,6.578578578578579,0.11826674872000796
sin_homo,0.1,1,6.588588588588589,0.13863892465156175
sin_homo,0.1,1,6.598598598598599,0.14998278450172042
sin_homo,0.1,1,6.608608608608609,0.13620204230644406
sin_homo,0.1,1,6.618618618618619,0.1312008796636468
sin_homo,0.1,1,6.628628628628629,0.13289702465732803
sin_homo,0.1,1,6.638638638638639,0.12988707727451707
sin_homo,0.1,1,6.648648648648649,0.1356173643845654
sin_homo,0.1,1,6.658658658658659,0.14504852064477985
sin_homo,0.1,1,6.668668668668669,0.1455191313194277
sin_homo,0.1,1,6.678678678678679,0.14430658064680962
sin_homo,0.1,1,6.688688688688689,0.13691695558007672
sin_homo,0.1,1,6.698698698698699,0.14062917622053828
sin_homo,0.1,1,6.708708708708709,0.1397897246291063
sin_homo,0.1,1,6.718718718718719,0.13722045500918306
sin_homo,0.1,1,6.728728728728729,0.14450667905002473
sin_homo,0.1,1,6.738738738738739,0.13099372970971648
sin_homo,0.1,1,6.748748748748749,0.13169150230155102
sin_homo,0.1,1,6.758758758758759,0.11744290977980255
sin_homo,0.1,1,6.768768768768769,0.14283469274936286
sin_homo,0.1,1,6.778778778778779,0.12074014339062032
sin_homo,0.1,1,6.788788788788789,0.1345520343317017
sin_homo,0.1,1,6.798798798798799,0.1344645640918507
sin_homo,0.1,1,6.808808808808809,0.13666810683554664
sin_homo,0.1,1,6.818818818818819,0.14933483223762817
sin_homo,0.1,1,6.828828828828829,0.1577444515381119
sin_homo,0.1,1,6.838838838838839,0.12960167105087364
sin_homo,0.1,1,6.848848848848849,0.13743861896059895
sin_homo,0.1,1,6.858858858858859,0.12704834927875985
sin_homo,0.1,1,6.868868868868869,0.13418296765325188
sin_homo,0.1,1,6.878878878878879,0.15179641075575565
sin_homo,0.1,1,6.888888888888889,0.14078682063995931
sin_homo,0.1,1,6.898898898898899,0.13263927594283684
sin_homo,0.1,1,6.908908908908909,0.12648958448566114
sin_homo,0.1,1,6.918918918918919,0.13075855410564588
sin_homo,0.1,1,6.928928928928929,0.14102639270413794
sin_homo,0.1,1,6.938938938938939,0.12284562122679028
sin_homo,0.1,1,6.948948948948949,0.13006694180106038
sin_homo,0.1,1,6.958958958958959,0.16037476167753614
sin_homo,0.1,1,6.968968968968969,0.14370073940761635
sin_homo,0.1,1,6.978978978978979,0.13282664130783675
sin_homo,0.1,1,6.988988988988989,0.1256279846562884
sin_homo,0.1,1,6.998998998998999,0.14193412235641809
sin_homo,0.1,1,7.009009009009009,0.14127116122163147
sin_homo,0.1,1,7.019019019019019,0.13922819291046784
sin_homo,0.1,1,7.029029029029029,0.13313014427821496
sin_homo,0.1,1,7.039039039039039,0.1397885399837193
sin_homo,0.1,1,7.049049049049049,0.12910970255273263
sin_homo,0.1,1,7.059059059059059,0.14121530607656396
sin_homo,0.1,1,7.069069069069069,0.1395034101169377
sin_homo,0.1,1,7.079079079079079,0.13654524826594414
sin_homo,0.1,1,7.089089089089089,0.13815521083246085
sin_homo,0.1,1,7.099099099099099,0.13347887479418483
sin_homo,0.1,1,7.109109109109109,0.15708727448219242
sin_homo,0.1,1,7.119119119119119,0.1238088832386012
sin_homo,0.1,1,7.129129129129129,0.15741603637012128
sin_homo,0.1,1,7.1391391391391394,0.14429707129618397
sin_homo,0.1,1,7.1491491491491495,0.13811613678337625
sin_homo,0.1,1,7.1591591591591595,0.13136508781635853
sin_homo,0.1,1,7.1691691691691695,0.1448689973734298
sin_homo,0.1,1,7.1791791791791795,0.15045462975941395
sin_homo,0.1,1,7.1891891891891895,0.1546088859090151
sin_homo,0.1,1,7.1991991991991995,0.12543212763386827
sin_homo,0.1,1,7.2092092092092095,0.13773363570902258
sin_homo,0.1,1,7.2192192192192195,0.1400198656502918
sin_homo,0.1,1,7.2292292292292295,0.1327803621738582
sin_homo,0.1,1,7.2392392392392395,0.13723042716626133
sin_homo,0.1,1,7.2492492492492495,0.1412411972831856
sin_homo,0.1,1,7.2592592592592595,0.1350726678683871
sin_homo,0.1,1,7.2692692692692695,0.13377921582113117
sin_homo,0.1,1,7.2792792792792795,0.14649710157680282
sin_homo,0.1,1,7.2892892892892895,0.13739265092710404
sin_homo,0.1,1,7.2992992992992995,0.15143254987967605
sin_homo,0.1,1,7.3093093093093096,0.1310428403207046
sin_homo,0.1,1,7.31931931931932,0.12510096068929724
sin_homo,0.1,1,7.32932932932933,0.14897521833273228
sin_homo,0.1,1,7.33933933933934,0.14535917412763605
sin_homo,0.1,1,7.34934934934935,0.13130404336870716
sin_homo,0.1,1,7.35935935935936,0.1572221480158283
sin_homo,0.1,1,7.36936936936937,0.13793660050296885
sin_homo,0.1,1,7.37937937937938,0.14896309801964683
sin_homo,0.1,1,7.38938938938939,0.1344520728995006
sin_homo,0.1,1,7.3993993993994,0.15775263107043197
sin_homo,0.1,1,7.40940940940941,0.14312397961146253
sin_homo,0.1,1,7.41941941941942,0.1344609736622784
sin_homo,0.1,1,7.42942942942943,0.1332433820727086
sin_homo,0.1,1,7.43943943943944,0.15062788191950513
sin_homo,0.1,1,7.44944944944945,0.1478082401712943
sin_homo,0.1,1,7.45945945945946,0.14562842036811297
sin_homo,0.1,1,7.46946946946947,0.13937481336719726
sin_homo,0.1,1,7.47947947947948,0.12830891305003697
sin_homo,0.1,1,7.48948948948949,0.123024226953825
sin_homo,0.1,1,7.4994994994995,0.15327302709133026
sin_homo,0.1,1,7.50950950950951,0.13643616153919313
sin_homo,0.1,1,7.51951951951952,0.14335804778135908
sin_homo,0.1,1,7.52952952952953,0.12568983739039774
sin_homo,0.1,1,7.53953953953954,0.1383655506054806
sin_homo,0.1,1,7.54954954954955,0.14599585295510004
sin_homo,0.1,1,7.55955955955956,0.14808406689263826
sin_homo,0.1,1,7.56956956956957,0.15721780476484143
sin_homo,0.1,1,7.57957957957958,0.1246591904130566
sin_homo,0.1,1,7.58958958958959,0.15375652105529464
sin_homo,0.1,1,7.5995995995996,0.12776974668902824
sin_homo,0.1,1,7.60960960960961,0.1666568020199547
sin_homo,0.1,1,7.61961961961962,0.1506043052910812
sin_homo,0.1,1,7.62962962962963,0.1427714387720983
sin_homo,0.1,1,7.63963963963964,0.14109473571451628
sin_homo,0.1,1,7.64964964964965,0.14801214645502936
sin_homo,0.1,1,7.65965965965966,0.1550925403216361
sin_homo,0.1,1,7.66966966966967,0.1432249241190981
sin_homo,0.1,1,7.67967967967968,0.14641770460335105
sin_homo,0.1,1,7.68968968968969,0.12974176986959643
sin_homo,0.1,1,7.6996996996997,0.14707616934149842
sin_homo,0.1,1,7.70970970970971,0.14531728747118974
sin_homo,0.1,1,7.71971971971972,0.13752722397819042
sin_homo,0.1,1,7.72972972972973,0.14797691075900107
sin_homo,0.1,1,7.73973973973974,0.1339744097568905
sin_homo,0.1,1,7.74974974974975,0.13810552702532908
sin_homo,0.1,1,7.75975975975976,0.15188570786154423
sin_homo,0.1,1,7.76976976976977,0.13730746091891202
sin_homo,0.1,1,7.77977977977978,0.14462816663009812
sin_homo,0.1,1,7.78978978978979,0.14338201913137927
sin_homo,0.1,1,7.7997997997998,0.13503284715230787
sin_homo,0.1,1,7.80980980980981,0.13717129934124628
sin_homo,0.1,1,7.81981981981982,0.13903589888474843
sin_homo,0.1,1,7.82982982982983,0.13487609192862313
sin_homo,0.1,1,7.83983983983984,0.15233250085354139
sin_homo,0.1,1,7.84984984984985,0.16100458550980737
sin_homo,0.1,1,7.85985985985986,0.13556001847554602
sin_homo,0.1,1,7.86986986986987,0.1432941937293382
sin_homo,0.1,1,7.87987987987988,0.13706830440580192
sin_homo,0.1,1,7.88988988988989,0.13187712820220884
sin_homo,0.1,1,7.8998998998999,0.15457345002830863
sin_homo,0.1,1,7.90990990990991,0.13183912826545843
sin_homo,0.1,1,7.91991991991992,0.13927649912965298
sin_homo,0.1,1,7.92992992992993,0.1521173009546363
sin_homo,0.1,1,7.93993993993994,0.13770978408228632
sin_homo,0.1,1,7.94994994994995,0.153884939155305
sin_homo,0.1,1,7.95995995995996,0.1278542396539345
sin_homo,0.1,1,7.96996996996997,0.1682545058872604
sin_homo,0.1,1,7.97997997997998,0.13125875395624645
sin_homo,0.1,1,7.98998998998999,0.16226152134123883
sin_homo,0.1,1,8.0,0.15690196348563257
sin_homo,0.1,2,-2.0,0.12682910742293252
sin_homo,0.1,2,-1.98998998998999,0.1540111032257518
sin_homo,0.1,2,-1.97997997997998,0.13794466372167896
sin_homo,0.1,2,-1.96996996996997,0.13808181039212772
sin_homo,0.1,2,-1.95995995995996,0.17852629044767698
sin_homo,0.1,2,-1.94994994994995,0.1613819014413469
sin_homo,0.1,2,-1.93993993993994,0.1332413258325134
sin_homo,0.1,2,-1.92992992992993,0.14897542941274006
sin_homo,0.1,2,-1.91991991991992,0.15070786442652037
sin_homo,0.1,2,-1.90990990990991,0.14130831823035928
sin_homo,0.1,2,-1.8998998998999,0.13306702982238583
sin_homo,0.1,2,-1.88988988988989,0.15841226387371707
sin_homo,0.1,2,-1.87987987987988,0.1459305653300155
sin_homo,0.1,2,-1.86986986986987,0.13970727435271316
sin_homo,0.1,2,-1.85985985985986,0.16847602695878763
sin_homo,0.1,2,-1.84984984984985,0.15410013324081426
sin_homo,0.1,2,-1.83983983983984,0.13401876913442048
sin_homo,0.1,2,-1.82982982982983,0.14704583721929126
sin_homo,0.1,2,-1.8198198198198199,0.1510486368504066
sin_homo,0.1,2,-1.8098098098098099,0.1378241932769272
sin_homo,0.1,2,-1.7997997997997999,0.1650273557780675
sin_homo,0.1,2,-1.7897897897897899,0.1547024960137864
sin_homo,0.1,2,-1.7797797797797799,0.14275122939737792
sin_homo,0.1,2,-1.7697697697697699,0.15850018206898442
sin_homo,0.1,2,-1.7597597597597598,0.14078660542139432
sin_homo,0.1,2,-1.7497497497497498,0.1760566872388829
sin_homo,0.1,2,-1.7397397397397398,0.13960107993806534
sin_homo,0.1,2,-1.7297297297297298,0.1407470644733127
sin_homo,0.1,2,-1.7197197197197198,0.1462307696250424
sin_homo,0.1,2,-1.7097097097097098,0.14606282707335314
sin_homo,0.1,2,-1.6996996996996998,0.13274030807307333
sin_homo,0.1,2,-1.6896896896896898,0.160952803531676
sin_homo,0.1,2,-1.6796796796796798,0.1553715244934869
sin_homo,0.1,2,-1.6696696696696698,0.13776676739809512
sin_homo,0.1,2,-1.6596596596596598,0.17298046513965146
sin_homo,0.1,2,-1.6496496496496498,0.15408925504872767
sin_homo,0.1,2,-1.6396396396396398,0.16316122481263107
sin_homo,0.1,2,-1.6296296296296298,0.13643753895597102
sin_homo,0.1,2,-1.6196196196196198,0.1312721638437876
sin_homo,0.1,2,-1.6096096096096097,0.16154046043485334
sin_homo,0.1,2,-1.5995995995995997,0.16542917826044368
sin_homo,0.1,2,-1.5895895895895895,0.1331983795698572
sin_homo,0.1,2,-1.5795795795795795,0.15221904983771756
sin_homo,0.1,2,-1.5695695695695695,0.14710509736362545
sin_homo,0.1,2,-1.5595595595595595,0.1346706508728022
sin_homo,0.1,2,-1.5495495495495495,0.15527362133761125
sin_homo,0.1,2,-1.5395395395395395,0.1473657678576426
sin_homo,0.1,2,-1.5295295295295295,0.14823279932807906
sin_homo,0.1,2,-1.5195195195195195,0.13428861944499257
sin_homo,0.1,2,-1.5095095095095095,0.15771425088372928
sin_homo,0.1,2,-1.4994994994994995,0.1560479524369819
sin_homo,0.1,2,-1.4894894894894894,0.13975460609085025
sin_homo,0.1,2,-1.4794794794794794,0.14123411645580475
sin_homo,0.1,2,-1.4694694694694694,0.1451718226704698
sin_homo,0.1,2,-1.4594594594594594,0.14858021371207839
sin_homo,0.1,2,-1.4494494494494494,0.1459356608879093
sin_homo,0.1,2,-1.4394394394394394,0.16346601161670382
sin_homo,0.1,2,-1.4294294294294294,0.1349996890535454
sin_homo,0.1,2,-1.4194194194194194,0.1371240592531112
sin_homo,0.1,2,-1.4094094094094094,0.14964817386311424
sin_homo,0.1,2,-1.3993993993993994,0.15654179295125367
sin_homo,0.1,2,-1.3893893893893894,0.1309778687074211
sin_homo,0.1,2,-1.3793793793793794,0.13813987203636327
sin_homo,0.1,2,-1.3693693693693694,0.1382738447418197
sin_homo,0.1,2,-1.3593593593593594,0.12481229149682453
sin_homo,0.1,2,-1.3493493493493494,0.13502153746008705
sin_homo,0.1,2,-1.3393393393393394,0.1433842419222547
sin_homo,0.1,2,-1.3293293293293293,0.14985640621695445
sin_homo,0.1,2,-1.3193193193193193,0.15350496523096913
sin_homo,0.1,2,-1.3093093093093093,0.14778877037298266
sin_homo,0.1,2,-1.2992992992992993,0.1563648985476016
sin_homo,0.1,2,-1.2892892892892893,0.13628857523208587
sin_homo,0.1,2,-1.2792792792792793,0.1305536498034372
sin_homo,0.1,2,-1.2692692692692693,0.1425336406530568
sin_homo,0.1,2,-1.2592592592592593,0.14180924806905768
sin_homo,0.1,2,-1.2492492492492493,0.14738691670989282
sin_homo,0.1,2,-1.2392392392392393,0.12305953645040577
sin_homo,0.1,2,-1.2292292292292293,0.1509413714638363
sin_homo,0.1,2,-1.2192192192192193,0.15024601586033406
sin_homo,0.1,2,-1.2092092092092093,0.1472594317817124
sin_homo,0.1,2,-1.1991991991991993,0.14032246512376345
sin_homo,0.1,2,-1.189189189189189,0.13447579681490693
sin_homo,0.1,2,-1.179179179179179,0.133560651420952
sin_homo,0.1,2,-1.169169169169169,0.15245241323222522
sin_homo,0.1,2,-1.159159159159159,0.13729175082216
sin_homo,0.1,2,-1.149149149149149,0.11746237493782288
sin_homo,0.1,2,-1.139139139139139,0.1433976044880509
sin_homo,0.1,2,-1.129129129129129,0.15388301354121517
sin_homo,0.1,2,-1.119119119119119,0.13127954195579603
sin_homo,0.1,2,-1.109109109109109,0.14900815908960258
sin_homo,0.1,2,-1.099099099099099,0.13151172066881908
sin_homo,0.1,2,-1.089089089089089,0.12366998757673499
sin_homo,0.1,2,-1.079079079079079,0.13347237502242326
sin_homo,0.1,2,-1.069069069069069,0.14120475591822895
sin_homo,0.1,2,-1.059059059059059,0.13557341075562745
sin_homo,0.1,2,-1.049049049049049,0.12147540773399085
sin_homo,0.1,2,-1.039039039039039,0.13853072639810163
sin_homo,0.1,2,-1.029029029029029,0.15056134382103847
sin_homo,0.1,2,-1.019019019019019,0.1195698736636609
sin_homo,0.1,2,-1.009009009009009,0.1492272862339243
sin_homo,0.1,2,-0.9989989989989989,0.15659286365163508
sin_homo,0.1,2,-0.9889889889889889,0.16589641595697238
sin_homo,0.1,2,-0.9789789789789789,0.15849749433354432
sin_homo,0.1,2,-0.9689689689689689,0.1458134787560996
sin_homo,0.1,2,-0.9589589589589589,0.12755322832567664
sin_homo,0.1,2,-0.9489489489489489,0.12482562649386097
sin_homo,0.1,2,-0.9389389389389389,0.13955811879223
sin_homo,0.1,2,-0.9289289289289289,0.1449082361056545
sin_homo,0.1,2,-0.9189189189189189,0.12577925908483056
sin_homo,0.1,2,-0.9089089089089089,0.13374643294141533
sin_homo,0.1,2,-0.8988988988988988,0.13083141737738513
sin_homo,0.1,2,-0.8888888888888888,0.14214006326169862
sin_homo,0.1,2,-0.8788788788788788,0.1352737450815097
sin_homo,0.1,2,-0.8688688688688688,0.12859618541140933
sin_homo,0.1,2,-0.8588588588588588,0.1580565761421116
sin_homo,0.1,2,-0.8488488488488488,0.15014608475776087
sin_homo,0.1,2,-0.8388388388388388,0.13911512572237122
sin_homo,0.1,2,-0.8288288288288288,0.1359199200168422
sin_homo,0.1,2,-0.8188188188188188,0.13913214060981763
sin_homo,0.1,2,-0.8088088088088088,0.14886465783294756
sin_homo,0.1,2,-0.7987987987987988,0.13192585812364802
sin_homo,0.1,2,-0.7887887887887888,0.14802487005194345
sin_homo,0.1,2,-0.7787787787787788,0.13461798275808964
sin_homo,0.1,2,-0.7687687687687688,0.1382031433975036
sin_homo,0.1,2,-0.7587587587587588,0.14265446453312208
sin_homo,0.1,2,-0.7487487487487487,0.14465774356284175
sin_homo,0.1,2,-0.7387387387387387,0.1418975054524108
sin_homo,0.1,2,-0.7287287287287287,0.12365944302491565
sin_homo,0.1,2,-0.7187187187187187,0.1479499105958817
sin_homo,0.1,2,-0.7087087087087087,0.13098780348341632
sin_homo,0.1,2,-0.6986986986986987,0.1581614321312994
sin_homo,0.1,2,-0.6886886886886887,0.136546255572018
sin_homo,0.1,2,-0.6786786786786787,0.13517044964825545
sin_homo,0.1,2,-0.6686686686686687,0.13986732267638907
sin_homo,0.1,2,-0.6586586586586587,0.1379892294282913
sin_homo,0.1,2,-0.6486486486486487,0.13251874649283074
sin_homo,0.1,2,-0.6386386386386387,0.13870582108672527
sin_homo,0.1,2,-0.6286286286286287,0.14903326797714023
sin_homo,0.1,2,-0.6186186186186187,0.16695530010257342
sin_homo,0.1,2,-0.6086086086086087,0.12867357744356694
sin_homo,0.1,2,-0.5985985985985987,0.1332806691369299
sin_homo,0.1,2,-0.5885885885885886,0.1298096442274354
sin_homo,0.1,2,-0.5785785785785786,0.15584772507793265
sin_homo,0.1,2,-0.5685685685685686,0.13457900310619736
sin_homo,0.1,2,-0.5585585585585586,0.12686696080282703
sin_homo,0.1,2,-0.5485485485485486,0.12286693749747205
sin_homo,0.1,2,-0.5385385385385386,0.14762702150700957
sin_homo,0.1,2,-0.5285285285285286,0.1305678117461348
sin_homo,0.1,2,-0.5185185185185186,0.16192944870490253
sin_homo,0.1,2,-0.5085085085085086,0.13482426419922344
sin_homo,0.1,2,-0.4984984984984986,0.1410540556588337
sin_homo,0.1,2,-0.4884884884884886,0.12412042323398599
sin_homo,0.1,2,-0.4784784784784786,0.14996178269972943
sin_homo,0.1,2,-0.46846846846846857,0.12981950625393293
sin_homo,0.1,2,-0.45845845845845856,0.13432809249766697
sin_homo,0.1,2,-0.44844844844844856,0.1414927696048058
sin_homo,0.1,2,-0.43843843843843855,0.15648823034815315
sin_homo,0.1,2,-0.42842842842842854,0.12395957841320807
sin_homo,0.1,2,-0.41841841841841854,0.12915568536489697
sin_homo,0.1,2,-0.40840840840840853,0.14910403163428743
sin_homo,0.1,2,-0.3983983983983985,0.12749317385052164
sin_homo,0.1,2,-0.3883883883883883,0.11647603114625546
sin_homo,0.1,2,-0.3783783783783783,0.1310051156540534
sin_homo,0.1,2,-0.3683683683683683,0.13442508777083212
sin_homo,0.1,2,-0.3583583583583583,0.13406947624119717
sin_homo,0.1,2,-0.34834834834834827,0.11831103840203015
sin_homo,0.1,2,-0.33833833833833826,0.15285130090215288
sin_homo,0.1,2,-0.32832832832832826,0.11358616884350689
sin_homo,0.1,2,-0.31831831831831825,0.1363583232326158
sin_homo,0.1,2,-0.30830830830830824,0.10491572047548726
sin_homo,0.1,2,-0.29829829829829824,0.12176893590920719
sin_homo,0.1,2,-0.28828828828828823,0.12851537327128407
sin_homo,0.1,2,-0.2782782782782782,0.15511810702618836
sin_homo,0.1,2,-0.2682682682682682,0.12267499435372707
sin_homo,0.1,2,-0.2582582582582582,0.12727068704879654
sin_homo,0.1,2,-0.2482482482482482,0.1457009805490339
sin_homo,0.1,2,-0.2382382382382382,0.13042126415120134
sin_homo,0.1,2,-0.2282282282282282,0.12470379541297828
sin_homo,0.1,2,-0.21821821821821819,0.125918565102356
sin_homo,0.1,2,-0.20820820820820818,0.1227894065104475
sin_homo,0.1,2,-0.19819819819819817,0.12619319581510974
sin_homo,0.1,2,-0.18818818818818817,0.1263666736941508
sin_homo,0.1,2,-0.17817817817817816,0.12247288224989246
sin_homo,0.1,2,-0.16816816816816815,0.11851472148265975
sin_homo,0.1,2,-0.15815815815815815,0.12317084540013405
sin_homo,0.1,2,-0.14814814814814814,0.14654921416413355
sin_homo,0.1,2,-0.13813813813813813,0.14349808856467056
sin_homo,0.1,2,-0.12812812812812813,0.12765472517292661
sin_homo,0.1,2,-0.11811811811811812,0.14376213771011637
sin_homo,0.1,2,-0.10810810810810811,0.13194749051454044
sin_homo,0.1,2,-0.09809809809809811,0.13724849977186832
sin_homo,0.1,2,-0.0880880880880881,0.1331845767389459
sin_homo,0.1,2,-0.0780780780780781,0.13120489548669062
sin_homo,0.1,2,-0.06806806806806809,0.1356762637281477
sin_homo,0.1,2,-0.05805805805805808,0.13209890521376555
sin_homo,0.1,2,-0.048048048048048075,0.12367641260874658
sin_homo,0.1,2,-0.03803803803803807,0.14494490679008676
sin_homo,0.1,2,-0.028028028028028062,0.12713802335771635
sin_homo,0.1,2,-0.018018018018018056,0.1300559597715387
sin_homo,0.1,2,-0.00800800800800805,0.1393579606343585
sin_homo,0.1,2,0.002002002002002179,0.10934283376056153
sin_homo,0.1,2,0.012012012012012185,0.13182240333189357
sin_homo,0.1,2,0.022022022022022192,0.12546023821409139
sin_homo,0.1,2,0.0320320320320322,0.12265952470481066
sin_homo,0.1,2,0.042042042042042205,0.1113878068578164
sin_homo,0.1,2,0.05205205205205221,0.14251498374221605
sin_homo,0.1,2,0.06206206206206222,0.1271203711220646
sin_homo,0.1,2,0.07207207207207222,0.10823175618980527
sin_homo,0.1,2,0.08208208208208223,0.14603965777065486
sin_homo,0.1,2,0.09209209209209224,0.1297339680232775
sin_homo,0.1,2,0.10210210210210224,0.11746958510162968
sin_homo,0.1,2,0.11211211211211225,0.10788005331515998
sin_homo,0.1,2,0.12212212212212226,0.11853536364456198
sin_homo,0.1,2,0.13213213213213226,0.1291700003332273
sin_homo,0.1,2,0.14214214214214227,0.1330468672961436
sin_homo,0.1,2,0.15215215215215228,0.11511962684584132
sin_homo,0.1,2,0.16216216216216228,0.11517310945242087
sin_homo,0.1,2,0.1721721721721723,0.12970024912973344
sin_homo,0.1,2,0.1821821821821823,0.12509884589421377
sin_homo,0.1,2,0.1921921921921923,0.1234811976040706
sin_homo,0.1,2,0.2022022022022023,0.12525735450443795
sin_homo,0.1,2,0.21221221221221231,0.12149708359812568
sin_homo,0.1,2,0.22222222222222232,0.11517167328417668
sin_homo,0.1,2,0.23223223223223233,0.1160894086462844
sin_homo,0.1,2,0.24224224224224233,0.12193949666289598
sin_homo,0.1,2,0.25225225225225234,0.11813071017209317
sin_homo,0.1,2,0.26226226226226235,0.12014232314357882
sin_homo,0.1,2,0.27227227227227235,0.11706485371264741
sin_homo,0.1,2,0.28228228228228236,0.1350138824849266
sin_homo,0.1,2,0.29229229229229237,0.12844994881719074
sin_homo,0.1,2,0.3023023023023024,0.12274985730718545
sin_homo,0.1,2,0.3123123123123124,0.10637924166140701
sin_homo,0.1,2,0.3223223223223224,0.13730123681808515
sin_homo,0.1,2,0.3323323323323324,0.12186410676271668
sin_homo,0.1,2,0.3423423423423424,0.12189343907004248
sin_homo,0.1,2,0.3523523523523524,0.11308023158082406
sin_homo,0.1,2,0.3623623623623624,0.14197235484184573
sin_homo,0.1,2,0.3723723723723724,0.11935496531358032
sin_homo,0.1,2,0.3823823823823824,0.11549268226167946
sin_homo,0.1,2,0.39239239239239243,0.12662118910084738
sin_homo,0.1,2,0.40240240240240244,0.12159594027633211
sin_homo,0.1,2,0.41241241241241244,0.12145089613345245
sin_homo,0.1,2,0.42242242242242245,0.11622396091407831
sin_homo,0.1,2,0.43243243243243246,0.11571867062129144
sin_homo,0.1,2,0.44244244244244246,0.11481206214877422
sin_homo,0.1,2,0.45245245245245247,0.1218868456509979
sin_homo,0.1,2,0.4624624624624625,0.1177686101608767
sin_homo,0.1,2,0.4724724724724725,0.10661494027972282
sin_homo,0.1,2,0.4824824824824825,0.11986327796695272
sin_homo,0.1,2,0.4924924924924925,0.11640704906732073
sin_homo,0.1,2,0.5025025025025025,0.12497957013196463
sin_homo,0.1,2,0.5125125125125125,0.1330090477431705
sin_homo,0.1,2,0.5225225225225225,0.13005406557733407
sin_homo,0.1,2,0.5325325325325325,0.12287094915585473
sin_homo,0.1,2,0.5425425425425425,0.12606051023806653
sin_homo,0.1,2,0.5525525525525525,0.12418414163802358
sin_homo,0.1,2,0.5625625625625625,0.12673680761989287
sin_homo,0.1,2,0.5725725725725725,0.11173530176545353
sin_homo,0.1,2,0.5825825825825826,0.12755973699750345
sin_homo,0.1,2,0.5925925925925926,0.1430415188519747
sin_homo,0.1,2,0.6026026026026026,0.13280075440845182
sin_homo,0.1,2,0.6126126126126126,0.11712688696938335
sin_homo,0.1,2,0.6226226226226226,0.11469018870943028
sin_homo,0.1,2,0.6326326326326326,0.11161758132369952
sin_homo,0.1,2,0.6426426426426426,0.12315923741914142
sin_homo,0.1,2,0.6526526526526526,0.10402470538669822
sin_homo,0.1,2,0.6626626626626626,0.12320187012326454
sin_homo,0.1,2,0.6726726726726726,0.13432286211250835
sin_homo,0.1,2,0.6826826826826826,0.11827326339410008
sin_homo,0.1,2,0.6926926926926926,0.11474862000872345
sin_homo,0.1,2,0.7027027027027026,0.12677422459259974
sin_homo,0.1,2,0.7127127127127126,0.12862942118692644
sin_homo,0.1,2,0.7227227227227226,0.13172487587070092
sin_homo,0.1,2,0.7327327327327327,0.1171355448289256
sin_homo,0.1,2,0.7427427427427427,0.09775764861011074
sin_homo,0.1,2,0.7527527527527527,0.1287091252151233
sin_homo,0.1,2,0.7627627627627627,0.12139149282010046
sin_homo,0.1,2,0.7727727727727727,0.1157450187554572
sin_homo,0.1,2,0.7827827827827827,0.1199813725375233
sin_homo,0.1,2,0.7927927927927927,0.10863107247549142
sin_homo,0.1,2,0.8028028028028027,0.12684357681743164
sin_homo,0.1,2,0.8128128128128127,0.11029085625580415
sin_homo,0.1,2,0.8228228228228227,0.10676866939355334
sin_homo,0.1,2,0.8328328328328327,0.11610731981465919
sin_homo,0.1,2,0.8428428428428427,0.12349612708477381
sin_homo,0.1,2,0.8528528528528527,0.10279281338241562
sin_homo,0.1,2,0.8628628628628627,0.11798844685562573
sin_homo,0.1,2,0.8728728728728727,0.12401696876216715
sin_homo,0.1,2,0.8828828828828827,0.1220537295333156
sin_homo,0.1,2,0.8928928928928928,0.11676222718819991
sin_homo,0.1,2,0.9029029029029028,0.11354225899937788
sin_homo,0.1,2,0.9129129129129128,0.12322581906890571
sin_homo,0.1,2,0.9229229229229228,0.11963012035003229
sin_homo,0.1,2,0.9329329329329328,0.12211477919688865
sin_homo,0.1,2,0.9429429429429428,0.11607594226625344
sin_homo,0.1,2,0.9529529529529528,0.12815834005782398
sin_homo,0.1,2,0.9629629629629628,0.1131113702414876
sin_homo,0.1,2,0.9729729729729728,0.12216247300034141
sin_homo,0.1,2,0.9829829829829828,0.11166425687991882
sin_homo,0.1,2,0.9929929929929928,0.11752565703401502
sin_homo,0.1,2,1.0030030030030028,0.12042119412145907
sin_homo,0.1,2,1.0130130130130128,0.13356797195493864
sin_homo,0.1,2,1.0230230230230228,0.12733382550701217
sin_homo,0.1,2,1.0330330330330328,0.11613476294811022
sin_homo,0.1,2,1.0430430430430429,0.09608909329152752
sin_homo,0.1,2,1.0530530530530529,0.12601265900757097
sin_homo,0.1,2,1.0630630630630629,0.13048812053918368
sin_homo,0.1,2,1.0730730730730729,0.11089546488096555
sin_homo,0.1,2,1.0830830830830829,0.11218739078351236
sin_homo,0.1,2,1.0930930930930929,0.10716108705947343
sin_homo,0.1,2,1.1031031031031029,0.11968258925153587
sin_homo,0.1,2,1.113113113113113,0.11661757310086493
sin_homo,0.1,2,1.123123123123123,0.1212741849593355
sin_homo,0.1,2,1.133133133133133,0.1346201879595538
sin_homo,0.1,2,1.143143143143143,0.12441316278051087
sin_homo,0.1,2,1.153153153153153,0.11372108993545006
sin_homo,0.1,2,1.163163163163163,0.12290034357864565
sin_homo,0.1,2,1.173173173173173,0.13279505938579653
sin_homo,0.1,2,1.183183183183183,0.1263290164048226
sin_homo,0.1,2,1.193193193193193,0.11406854459007956
sin_homo,0.1,2,1.203203203203203,0.12363633016401804
sin_homo,0.1,2,1.2132132132132134,0.12735742307176484
sin_homo,0.1,2,1.2232232232232234,0.12096279113838823
sin_homo,0.1,2,1.2332332332332334,0.1293391057265128
sin_homo,0.1,2,1.2432432432432434,0.11104654501876893
sin_homo,0.1,2,1.2532532532532534,0.12188249170356777
sin_homo,0.1,2,1.2632632632632634,0.1129031733651286
sin_homo,0.1,2,1.2732732732732734,0.12228191180191175
sin_homo,0.1,2,1.2832832832832834,0.11217747743889223
sin_homo,0.1,2,1.2932932932932935,0.11729376133419223
sin_homo,0.1,2,1.3033033033033035,0.1166880733955411
sin_homo,0.1,2,1.3133133133133135,0.11270598974819365
sin_homo,0.1,2,1.3233233233233235,0.1143163239748373
sin_homo,0.1,2,1.3333333333333335,0.12131223403701331
sin_homo,0.1,2,1.3433433433433435,0.12277054791233441
sin_homo,0.1,2,1.3533533533533535,0.10935175065754923
sin_homo,0.1,2,1.3633633633633635,0.10279961440589198
sin_homo,0.1,2,1.3733733733733735,0.11450860782867561
sin_homo,0.1,2,1.3833833833833835,0.11005594592254353
sin_homo,0.1,2,1.3933933933933935,0.11659882197352359
sin_homo,0.1,2,1.4034034034034035,0.1157199295662632
sin_homo,0.1,2,1.4134134134134135,0.10817786896056625
sin_homo,0.1,2,1.4234234234234235,0.11213504716638328
sin_homo,0.1,2,1.4334334334334335,0.09746926184872656
sin_homo,0.1,2,1.4434434434434436,0.11459387959675318
sin_homo,0.1,2,1.4534534534534536,0.11778533907112179
sin_homo,0.1,2,1.4634634634634636,0.12485887789031057
sin_homo,0.1,2,1.4734734734734736,0.12605015381590473
sin_homo,0.1,2,1.4834834834834836,0.12256077316422169
sin_homo,0.1,2,1.4934934934934936,0.11291952590629127
sin_homo,0.1,2,1.5035035035035036,0.11486213292575741
sin_homo,0.1,2,1.5135135135135136,0.103384405484775
sin_homo,0.1,2,1.5235235235235236,0.11674255080503528
sin_homo,0.1,2,1.5335335335335336,0.11410521572743469
sin_homo,0.1,2,1.5435435435435436,0.11747129795355532
sin_homo,0.1,2,1.5535535535535536,0.1161973655195542
sin_homo,0.1,2,1.5635635635635636,0.10198140260551913
sin_homo,0.1,2,1.5735735735735736,0.10182483283930649
sin_homo,0.1,2,1.5835835835835836,0.1108568676922582
sin_homo,0.1,2,1.5935935935935936,0.11304685258121037
sin_homo,0.1,2,1.6036036036036037,0.11181749204629197
sin_homo,0.1,2,1.6136136136136137,0.1132569955333257
sin_homo,0.1,2,1.6236236236236237,0.11766222802561913
sin_homo,0.1,2,1.6336336336336337,0.11366752497783392
sin_homo,0.1,2,1.6436436436436437,0.11507118369732361
sin_homo,0.1,2,1.6536536536536537,0.1206397687271957
sin_homo,0.1,2,1.6636636636636637,0.11530596982466985
sin_homo,0.1,2,1.6736736736736737,0.10589295579909547
sin_homo,0.1,2,1.6836836836836837,0.10867448126482901
sin_homo,0.1,2,1.6936936936936937,0.10208849376504321
sin_homo,0.1,2,1.7037037037037037,0.10283663297674066
sin_homo,0.1,2,1.7137137137137137,0.10915635256372808
sin_homo,0.1,2,1.7237237237237237,0.10243837708313062
sin_homo,0.1,2,1.7337337337337337,0.10001821683706838
sin_homo,0.1,2,1.7437437437437437,0.10318161265332446
sin_homo,0.1,2,1.7537537537537538,0.11115996071199963
sin_homo,0.1,2,1.7637637637637638,0.10618311943954899
sin_homo,0.1,2,1.7737737737737738,0.09512866432530312
sin_homo,0.1,2,1.7837837837837838,0.09963046826284729
sin_homo,0.1,2,1.7937937937937938,0.1138263006077451
sin_homo,0.1,2,1.8038038038038038,0.10661849988398399
sin_homo,0.1,2,1.8138138138138138,0.10775117603047392
sin_homo,0.1,2,1.8238238238238238,0.10113741244105584
sin_homo,0.1,2,1.8338338338338338,0.10649556139276767
sin_homo,0.1,2,1.8438438438438438,0.1037959426080566
sin_homo,0.1,2,1.8538538538538538,0.10197757271461512
sin_homo,0.1,2,1.8638638638638638,0.10773988122113343
sin_homo,0.1,2,1.8738738738738738,0.09910974735443635
sin_homo,0.1,2,1.8838838838838838,0.10349859815106188
sin_homo,0.1,2,1.8938938938938938,0.09707867156733213
sin_homo,0.1,2,1.9039039039039038,0.11471002869947747
sin_homo,0.1,2,1.9139139139139139,0.09160413618203025
sin_homo,0.1,2,1.9239239239239239,0.10843257470905379
sin_homo,0.1,2,1.9339339339339339,0.10264094803487717
sin_homo,0.1,2,1.9439439439439439,0.09633239703844984
sin_homo,0.1,2,1.9539539539539539,0.09248350382885927
sin_homo,0.1,2,1.9639639639639639,0.10237661611475996
sin_homo,0.1,2,1.973973973973974,0.10126111804266326
sin_homo,0.1,2,1.983983983983984,0.10056461483970965
sin_homo,0.1,2,1.993993993993994,0.1105105509324137
sin_homo,0.1,2,2.0040040040040044,0.09649303193580547
sin_homo,0.1,2,2.0140140140140144,0.11829155965501852
sin_homo,0.1,2,2.0240240240240244,0.08207351202829134
sin_homo,0.1,2,2.0340340340340344,0.09375247561807934
sin_homo,0.1,2,2.0440440440440444,0.0979790330231433
sin_homo,0.1,2,2.0540540540540544,0.10196937976553382
sin_homo,0.1,2,2.0640640640640644,0.09797722423097419
sin_homo,0.1,2,2.0740740740740744,0.10814789955753587
sin_homo,0.1,2,2.0840840840840844,0.09731481531134488
sin_homo,0.1,2,2.0940940940940944,0.09289280274820201
sin_homo,0.1,2,2.1041041041041044,0.09356013507502806
sin_homo,0.1,2,2.1141141141141144,0.09324323210976411
sin_homo,0.1,2,2.1241241241241244,0.10307728605116505
sin_homo,0.1,2,2.1341341341341344,0.09438749627554867
sin_homo,0.1,2,2.1441441441441444,0.09554297093809312
sin_homo,0.1,2,2.1541541541541545,0.09520988896492782
sin_homo,0.1,2,2.1641641641641645,0.09147146755639457
sin_homo,0.1,2,2.1741741741741745,0.08768044272575388
sin_homo,0.1,2,2.1841841841841845,0.09376438497278076
sin_homo,0.1,2,2.1941941941941945,0.09098331257307
sin_homo,0.1,2,2.2042042042042045,0.08624853312797204
sin_homo,0.1,2,2.2142142142142145,0.09454495967923529
sin_homo,0.1,2,2.2242242242242245,0.08617079494081009
sin_homo,0.1,2,2.2342342342342345,0.07987825215391134
sin_homo,0.1,2,2.2442442442442445,0.0870784950095566
sin_homo,0.1,2,2.2542542542542545,0.10166709219783245
sin_homo,0.1,2,2.2642642642642645,0.08800456383270998
sin_homo,0.1,2,2.2742742742742745,0.08739432637607843
sin_homo,0.1,2,2.2842842842842845,0.08234524852758106
sin_homo,0.1,2,2.2942942942942945,0.07574686398466603
sin_homo,0.1,2,2.3043043043043046,0.08013088153723592
sin_homo,0.1,2,2.3143143143143146,0.07891909227339068
sin_homo,0.1,2,2.3243243243243246,0.08793241830428858
sin_homo,0.1,2,2.3343343343343346,0.0693836311203244
sin_homo,0.1,2,2.3443443443443446,0.08277519113693198
sin_homo,0.1,2,2.3543543543543546,0.07120548884507752
sin_homo,0.1,2,2.3643643643643646,0.07826440143826115
sin_homo,0.1,2,2.3743743743743746,0.08478426477660245
sin_homo,0.1,2,2.3843843843843846,0.07415743017657739
sin_homo,0.1,2,2.3943943943943946,0.07073250725322934
sin_homo,0.1,2,2.4044044044044046,0.07912129734122635
sin_homo,0.1,2,2.4144144144144146,0.0697271075183929
sin_homo,0.1,2,2.4244244244244246,0.07283695163925202
sin_homo,0.1,2,2.4344344344344346,0.07649824360048246
sin_homo,0.1,2,2.4444444444444446,0.06658748146350905
sin_homo,0.1,2,2.4544544544544546,0.07344699849275685
sin_homo,0.1,2,2.4644644644644647,0.07818425028958362
sin_homo,0.1,2,2.4744744744744747,0.07328734031017389
sin_homo,0.1,2,2.4844844844844847,0.07115366750457962
sin_homo,0.1,2,2.4944944944944947,0.07414418212077027
sin_homo,0.1,2,2.5045045045045047,0.07367989728065949
sin_homo,0.1,2,2.5145145145145147,0.074929764587002
sin_homo,0.1,2,2.5245245245245247,0.0671425808603273
sin_homo,0.1,2,2.5345345345345347,0.06541610095268773
sin_homo,0.1,2,2.5445445445445447,0.07256159024863466
sin_homo,0.1,2,2.5545545545545547,0.06659909767494476
sin_homo,0.1,2,2.5645645645645647,0.06516071310131846
sin_homo,0.1,2,2.5745745745745747,0.06614965965704858
sin_homo,0.1,2,2.5845845845845847,0.07287717311014792
sin_homo,0.1,2,2.5945945945945947,0.0615432159284945
sin_homo,0.1,2,2.6046046046046047,0.06439465517282324
sin_homo,0.1,2,2.6146146146146148,0.06793514316717968
sin_homo,0.1,2,2.6246246246246248,0.06298885655343109
sin_homo,0.1,2,2.6346346346346348,0.06244421314590972
sin_homo,0.1,2,2.6446446446446448,0.06408488223938633
sin_homo,0.1,2,2.6546546546546548,0.06705091419121902
sin_homo,0.1,2,2.664664664664665,0.053178039283120586
sin_homo,0.1,2,2.674674674674675,0.05753878507502704
sin_homo,0.1,2,2.684684684684685,0.07059810426118693
sin_homo,0.1,2,2.694694694694695,0.05592137722943875
sin_homo,0.1,2,2.704704704704705,0.06207617325299053
sin_homo,0.1,2,2.714714714714715,0.05804704699857186
sin_homo,0.1,2,2.724724724724725,0.058599224413750504
sin_homo,0.1,2,2.734734734734735,0.053164313717731664
sin_homo,0.1,2,2.744744744744745,0.052746762319010224
sin_homo,0.1,2,2.754754754754755,0.05498165120269775
sin_homo,0.1,2,2.764764764764765,0.050678263362063644
sin_homo,0.1,2,2.774774774774775,0.05365978335274135
sin_homo,0.1,2,2.784784784784785,0.05913042821758435
sin_homo,0.1,2,2.794794794794795,0.052994652509051325
sin_homo,0.1,2,2.804804804804805,0.04870106019218529
sin_homo,0.1,2,2.814814814814815,0.053818972176997285
sin_homo,0.1,2,2.824824824824825,0.053511011738384705
sin_homo,0.1,2,2.834834834834835,0.04831239033399429
sin_homo,0.1,2,2.844844844844845,0.05104145551835878
sin_homo,0.1,2,2.854854854854855,0.047298081743889074
sin_homo,0.1,2,2.864864864864865,0.052304734731056395
sin_homo,0.1,2,2.874874874874875,0.04638261743797525
sin_homo,0.1,2,2.884884884884885,0.053369915598097686
sin_homo,0.1,2,2.894894894894895,0.04958124159933467
sin_homo,0.1,2,2.904904904904905,0.04894315500934116
sin_homo,0.1,2,2.914914914914915,0.0463629156464544
sin_homo,0.1,2,2.924924924924925,0.05523620172148186
sin_homo,0.1,2,2.934934934934935,0.048074444512904026
sin_homo,0.1,2,2.944944944944945,0.03922745727518955
sin_homo,0.1,2,2.954954954954955,0.04610259728860478
sin_homo,0.1,2,2.964964964964965,0.04571833876377393
sin_homo,0.1,2,2.974974974974975,0.04662225026112007
sin_homo,0.1,2,2.984984984984985,0.05060042742228394
sin_homo,0.1,2,2.994994994994995,0.051256794408597824
sin_homo,0.1,2,3.005005005005005,0.05261361052833474
sin_homo,0.1,2,3.015015015015015,0.04223684527117792
sin_homo,0.1,2,3.025025025025025,0.0474562956807985
sin_homo,0.1,2,3.035035035035035,0.044897253136104036
sin_homo,0.1,2,3.045045045045045,0.051174519157725924
sin_homo,0.1,2,3.055055055055055,0.04412053669662262
sin_homo,0.1,2,3.065065065065065,0.048295199250626475
sin_homo,0.1,2,3.075075075075075,0.04843584223505384
sin_homo,0.1,2,3.085085085085085,0.053210325666565916
sin_homo,0.1,2,3.095095095095095,0.04795283377413956
sin_homo,0.1,2,3.105105105105105,0.0436571604742815
sin_homo,0.1,2,3.115115115115115,0.051972345972504046
sin_homo,0.1,2,3.125125125125125,0.043476937146994174
sin_homo,0.1,2,3.135135135135135,0.04772661101773616
sin_homo,0.1,2,3.145145145145145,0.05059801555016518
sin_homo,0.1,2,3.155155155155155,0.05113222363080917
sin_homo,0.1,2,3.165165165165165,0.04921303999167063
sin_homo,0.1,2,3.175175175175175,0.040148514431923646
sin_homo,0.1,2,3.185185185185185,0.048963025982240865
sin_homo,0.1,2,3.195195195195195,0.049847404931377515
sin_homo,0.1,2,3.205205205205205,0.05178986539460868
sin_homo,0.1,2,3.215215215215215,0.062053221704564045
sin_homo,0.1,2,3.225225225225225,0.05684802048804325
sin_homo,0.1,2,3.235235235235235,0.04762344833492217
sin_homo,0.1,2,3.245245245245245,0.05000678706134854
sin_homo,0.1,2,3.255255255255255,0.05252626866298455
sin_homo,0.1,2,3.265265265265265,0.04792131370601718
sin_homo,0.1,2,3.275275275275275,0.05114927885126416
sin_homo,0.1,2,3.285285285285285,0.05042233442600346
sin_homo,0.1,2,3.295295295295295,0.05015173413993679
sin_homo,0.1,2,3.305305305305305,0.05409362615720966
sin_homo,0.1,2,3.315315315315315,0.05300765014361392
sin_homo,0.1,2,3.325325325325325,0.05403499649736891
sin_homo,0.1,2,3.335335335335335,0.05907804640477292
sin_homo,0.1,2,3.3453453453453452,0.06099151979150482
sin_homo,0.1,2,3.3553553553553552,0.05780188034030552
sin_homo,0.1,2,3.3653653653653652,0.05459365726223823
sin_homo,0.1,2,3.3753753753753752,0.05673621569241844
sin_homo,0.1,2,3.3853853853853852,0.06308663063906494
sin_homo,0.1,2,3.3953953953953953,0.0604343369964809
sin_homo,0.1,2,3.4054054054054053,0.061591007329924286
sin_homo,0.1,2,3.4154154154154153,0.06202938209197018
sin_homo,0.1,2,3.4254254254254253,0.06252716929215921
sin_homo,0.1,2,3.4354354354354353,0.07253405090109165
sin_homo,0.1,2,3.4454454454454453,0.05516819926463632
sin_homo,0.1,2,3.4554554554554553,0.07183701421983942
sin_homo,0.1,2,3.4654654654654653,0.06282544052772177
sin_homo,0.1,2,3.4754754754754753,0.06408313277632852
sin_homo,0.1,2,3.4854854854854853,0.06848059185356127
sin_homo,0.1,2,3.4954954954954953,0.05901917706967626
sin_homo,0.1,2,3.5055055055055053,0.06314541614767802
sin_homo,0.1,2,3.5155155155155153,0.06874972710578811
sin_homo,0.1,2,3.5255255255255253,0.06776587111189065
sin_homo,0.1,2,3.5355355355355353,0.06704940412947132
sin_homo,0.1,2,3.5455455455455454,0.06393898732729401
sin_homo,0.1,2,3.5555555555555554,0.07275551377334537
sin_homo,0.1,2,3.5655655655655654,0.06711164632285296
sin_homo,0.1,2,3.5755755755755754,0.06232389586028256
sin_homo,0.1,2,3.5855855855855854,0.0739624591232887
sin_homo,0.1,2,3.5955955955955954,0.0716565414552806
sin_homo,0.1,2,3.6056056056056054,0.08262901230164583
sin_homo,0.1,2,3.6156156156156154,0.07269418589006901
sin_homo,0.1,2,3.6256256256256254,0.08277452755475456
sin_homo,0.1,2,3.6356356356356354,0.06270396879425708
sin_homo,0.1,2,3.6456456456456454,0.07722013796202827
sin_homo,0.1,2,3.6556556556556554,0.07558022612997863
sin_homo,0.1,2,3.6656656656656654,0.08463116664267326
sin_homo,0.1,2,3.6756756756756754,0.08749855526065532
sin_homo,0.1,2,3.6856856856856854,0.07974453922694856
sin_homo,0.1,2,3.6956956956956954,0.08084359506178043
sin_homo,0.1,2,3.7057057057057055,0.0875765295904577
sin_homo,0.1,2,3.7157157157157155,0.07636426545431255
sin_homo,0.1,2,3.7257257257257255,0.07201450715650105
sin_homo,0.1,2,3.7357357357357355,0.08479542919012423
sin_homo,0.1,2,3.7457457457457455,0.08624718331110562
sin_homo,0.1,2,3.7557557557557555,0.08510518888428337
sin_homo,0.1,2,3.7657657657657655,0.07539978040567372
sin_homo,0.1,2,3.7757757757757755,0.08031407416407445
sin_homo,0.1,2,3.7857857857857855,0.09374660822411746
sin_homo,0.1,2,3.7957957957957955,0.07598125755271658
sin_homo,0.1,2,3.8058058058058055,0.08404832044219172
sin_homo,0.1,2,3.8158158158158155,0.08424235859880994
sin_homo,0.1,2,3.8258258258258255,0.08775386219432266
sin_homo,0.1,2,3.8358358358358355,0.08589553378607312
sin_homo,0.1,2,3.8458458458458455,0.09119243433093423
sin_homo,0.1,2,3.8558558558558556,0.08976782506885737
sin_homo,0.1,2,3.8658658658658656,0.08371468899754564
sin_homo,0.1,2,3.8758758758758756,0.09227418951822666
sin_homo,0.1,2,3.8858858858858856,0.08495787906175348
sin_homo,0.1,2,3.8958958958958956,0.09350105651444637
sin_homo,0.1,2,3.9059059059059056,0.08147435793865683
sin_homo,0.1,2,3.9159159159159156,0.1027765734547689
sin_homo,0.1,2,3.9259259259259256,0.0928527600736094
sin_homo,0.1,2,3.9359359359359356,0.08693536228269358
sin_homo,0.1,2,3.9459459459459456,0.09212775771647351
sin_homo,0.1,2,3.9559559559559556,0.09430604012951184
sin_homo,0.1,2,3.9659659659659656,0.08836564250435124
sin_homo,0.1,2,3.9759759759759756,0.09165853276077424
sin_homo,0.1,2,3.9859859859859856,0.08347207612465886
sin_homo,0.1,2,3.9959959959959956,0.1025329381612454
sin_homo,0.1,2,4.006006006006006,0.08579145287718622
sin_homo,0.1,2,4.016016016016016,0.10002819485397782
sin_homo,0.1,2,4.026026026026026,0.10252281050063418
sin_homo,0.1,2,4.036036036036036,0.09626703476246554
sin_homo,0.1,2,4.046046046046046,0.09879183677874112
sin_homo,0.1,2,4.056056056056056,0.10271298590394286
sin_homo,0.1,2,4.066066066066066,0.0897583755954764
sin_homo,0.1,2,4.076076076076076,0.10035948517719721
sin_homo,0.1,2,4.086086086086086,0.09998812443305687
sin_homo,0.1,2,4.096096096096096,0.09486949302658897
sin_homo,0.1,2,4.106106106106106,0.10344863063486863
sin_homo,0.1,2,4.116116116116116,0.09277387596593063
sin_homo,0.1,2,4.126126126126126,0.11674258088931329
sin_homo,0.1,2,4.136136136136136,0.09736457833806277
sin_homo,0.1,2,4.146146146146146,0.09755350628815126
sin_homo,0.1,2,4.156156156156156,0.12676205486948372
sin_homo,0.1,2,4.166166166166166,0.10713973080554925
sin_homo,0.1,2,4.176176176176176,0.09225095859026108
sin_homo,0.1,2,4.186186186186186,0.09783169346593343
sin_homo,0.1,2,4.196196196196196,0.1023125782994435
sin_homo,0.1,2,4.206206206206206,0.0914875654353359
sin_homo,0.1,2,4.216216216216216,0.09652242310931705
sin_homo,0.1,2,4.226226226226226,0.10924323365669275
sin_homo,0.1,2,4.236236236236236,0.09329017927480482
sin_homo,0.1,2,4.246246246246246,0.10358322334376319
sin_homo,0.1,2,4.256256256256256,0.10263711544773535
sin_homo,0.1,2,4.266266266266266,0.0982724247879284
sin_homo,0.1,2,4.276276276276276,0.09799926680544734
sin_homo,0.1,2,4.286286286286286,0.11616939617534322
sin_homo,0.1,2,4.296296296296296,0.1030995491043583
sin_homo,0.1,2,4.306306306306306,0.12209834185972147
sin_homo,0.1,2,4.316316316316316,0.11949427625877106
sin_homo,0.1,2,4.326326326326326,0.1081987282671309
sin_homo,0.1,2,4.336336336336336,0.10721791246925362
sin_homo,0.1,2,4.346346346346346,0.10343354058774144
sin_homo,0.1,2,4.356356356356356,0.10711964077417162
sin_homo,0.1,2,4.366366366366366,0.1185908121622904
sin_homo,0.1,2,4.376376376376376,0.10422039627698897
sin_homo,0.1,2,4.386386386386386,0.11159056126242668
sin_homo,0.1,2,4.396396396396396,0.0966886360244353
sin_homo,0.1,2,4.406406406406406,0.12132012566130566
sin_homo,0.1,2,4.416416416416417,0.10982302396554676
sin_homo,0.1,2,4.426426426426427,0.10603893858029069
sin_homo,0.1,2,4.436436436436437,0.10606822960524578
sin_homo,0.1,2,4.446446446446447,0.1115078425212185
sin_homo,0.1,2,4.456456456456457,0.10446069319709049
sin_homo,0.1,2,4.466466466466467,0.11838225553113328
sin_homo,0.1,2,4.476476476476477,0.1034260729386246
sin_homo,0.1,2,4.486486486486487,0.09344178863572145
sin_homo,0.1,2,4.496496496496497,0.11890410633260134
sin_homo,0.1,2,4.506506506506507,0.10745723232441047
sin_homo,0.1,2,4.516516516516517,0.1078340301025005
sin_homo,0.1,2,4.526526526526527,0.1134465105863969
sin_homo,0.1,2,4.536536536536537,0.11978577919810832
sin_homo,0.1,2,4.546546546546547,0.12740299868550403
sin_homo,0.1,2,4.556556556556557,0.10666375070453303
sin_homo,0.1,2,4.566566566566567,0.10814985590567482
sin_homo,0.1,2,4.576576576576577,0.10564084211026306
sin_homo,0.1,2,4.586586586586587,0.12017934516212565
sin_homo,0.1,2,4.596596596596597,0.11985437045290748
sin_homo,0.1,2,4.606606606606607,0.12148462659383938
sin_homo,0.1,2,4.616616616616617,0.11880374980894577
sin_homo,0.1,2,4.626626626626627,0.12240483681524329
sin_homo,0.1,2,4.636636636636637,0.11192524332240422
sin_homo,0.1,2,4.646646646646647,0.11605772431866884
sin_homo,0.1,2,4.656656656656657,0.11672793811921686
sin_homo,0.1,2,4.666666666666667,0.11176033027963539
sin_homo,0.1,2,4.676676676676677,0.11591464747225812
sin_homo,0.1,2,4.686686686686687,0.12419346516571483
sin_homo,0.1,2,4.696696696696697,0.10764982294899308
sin_homo,0.1,2,4.706706706706707,0.1220248121239018
sin_homo,0.1,2,4.716716716716717,0.11398151725701414
sin_homo,0.1,2,4.726726726726727,0.12298444907963156
sin_homo,0.1,2,4.736736736736737,0.12039172590313334
sin_homo,0.1,2,4.746746746746747,0.1247571988365811
sin_homo,0.1,2,4.756756756756757,0.1263799093549853
sin_homo,0.1,2,4.766766766766767,0.12673170952018767
sin_homo,0.1,2,4.776776776776777,0.13697184104241897
sin_homo,0.1,2,4.786786786786787,0.13365646771308023
sin_homo,0.1,2,4.796796796796797,0.10906444338416094
sin_homo,0.1,2,4.806806806806807,0.11509791082513779
sin_homo,0.1,2,4.816816816816817,0.11854031605798951
sin_homo,0.1,2,4.826826826826827,0.1265747325880374
sin_homo,0.1,2,4.836836836836837,0.12598624605353834
sin_homo,0.1,2,4.846846846846847,0.10094708010437971
sin_homo,0.1,2,4.856856856856857,0.10870857803198444
sin_homo,0.1,2,4.866866866866867,0.12857023715462712
sin_homo,0.1,2,4.876876876876877,0.13067178111402988
sin_homo,0.1,2,4.886886886886887,0.11822918331689196
sin_homo,0.1,2,4.896896896896897,0.10178379019484407
sin_homo,0.1,2,4.906906906906907,0.10600685497202293
sin_homo,0.1,2,4.916916916916917,0.12258854627298162
sin_homo,0.1,2,4.926926926926927,0.119515482746077
sin_homo,0.1,2,4.936936936936937,0.12253495005325304
sin_homo,0.1,2,4.946946946946947,0.10043464020828485
sin_homo,0.1,2,4.956956956956957,0.12829474011846198
sin_homo,0.1,2,4.966966966966967,0.1350232603185736
sin_homo,0.1,2,4.976976976976977,0.12992200411063096
sin_homo,0.1,2,4.986986986986987,0.1347245734427509
sin_homo,0.1,2,4.996996996996997,0.11026437065074061
sin_homo,0.1,2,5.007007007007007,0.1232377767854402
sin_homo,0.1,2,5.017017017017017,0.13289166407284053
sin_homo,0.1,2,5.027027027027027,0.10689967036665085
sin_homo,0.1,2,5.037037037037037,0.134736404372274
sin_homo,0.1,2,5.047047047047047,0.1187708726645297
sin_homo,0.1,2,5.057057057057057,0.1257874212905252
sin_homo,0.1,2,5.067067067067067,0.12808089024735944
sin_homo,0.1,2,5.077077077077077,0.12990999326593117
sin_homo,0.1,2,5.087087087087087,0.13635575692052193
sin_homo,0.1,2,5.097097097097097,0.1320201990043663
sin_homo,0.1,2,5.107107107107107,0.124388958959112
sin_homo,0.1,2,5.117117117117117,0.12483968419887241
sin_homo,0.1,2,5.127127127127127,0.1099576035395209
sin_homo,0.1,2,5.137137137137137,0.11850325205948906
sin_homo,0.1,2,5.147147147147147,0.13471645739469898
sin_homo,0.1,2,5.157157157157157,0.12421530869688449
sin_homo,0.1,2,5.167167167167167,0.10839382180802369
sin_homo,0.1,2,5.177177177177177,0.12190566687985907
sin_homo,0.1,2,5.187187187187187,0.11906305323948493
sin_homo,0.1,2,5.197197197197197,0.11598103613780894
sin_homo,0.1,2,5.207207207207207,0.11986742239540543
sin_homo,0.1,2,5.217217217217217,0.12014801049148295
sin_homo,0.1,2,5.227227227227227,0.1344745086738651
sin_homo,0.1,2,5.237237237237237,0.11660417039182595
sin_homo,0.1,2,5.247247247247247,0.12111280524313815
sin_homo,0.1,2,5.257257257257257,0.11766866939840732
sin_homo,0.1,2,5.267267267267267,0.1312915495102595
sin_homo,0.1,2,5.277277277277277,0.11405122557159039
sin_homo,0.1,2,5.287287287287287,0.12680324787798858
sin_homo,0.1,2,5.297297297297297,0.12254555143787585
sin_homo,0.1,2,5.307307307307307,0.13253070125073482
sin_homo,0.1,2,5.317317317317317,0.13417745346841875
sin_homo,0.1,2,5.327327327327327,0.14898369410313503
sin_homo,0.1,2,5.337337337337337,0.11758300119500562
sin_homo,0.1,2,5.347347347347347,0.14817244935458065
sin_homo,0.1,2,5.357357357357357,0.11721307089725942
sin_homo,0.1,2,5.367367367367367,0.10761446750538305
sin_homo,0.1,2,5.377377377377377,0.13594581680291307
sin_homo,0.1,2,5.387387387387387,0.12435665367571146
sin_homo,0.1,2,5.397397397397397,0.11645364571675706
sin_homo,0.1,2,5.407407407407407,0.12885947188108646
sin_homo,0.1,2,5.4174174174174174,0.1439773083371533
sin_homo,0.1,2,5.4274274274274275,0.11563471477798767
sin_homo,0.1,2,5.4374374374374375,0.1346975116882651
sin_homo,0.1,2,5.4474474474474475,0.12547824000951396
sin_homo,0.1,2,5.4574574574574575,0.13117557548786193
sin_homo,0.1,2,5.4674674674674675,0.13384129654473154
sin_homo,0.1,2,5.4774774774774775,0.1267471735251031
sin_homo,0.1,2,5.4874874874874875,0.11909335552770074
sin_homo,0.1,2,5.4974974974974975,0.12313454048337101
sin_homo,0.1,2,5.5075075075075075,0.13452051925323663
sin_homo,0.1,2,5.5175175175175175,0.13734072594233337
sin_homo,0.1,2,5.5275275275275275,0.11494321422663266
sin_homo,0.1,2,5.5375375375375375,0.11446791484378996
sin_homo,0.1,2,5.5475475475475475,0.11343908480169121
sin_homo,0.1,2,5.5575575575575575,0.12854801749684522
sin_homo,0.1,2,5.5675675675675675,0.16895600905883199
sin_homo,0.1,2,5.5775775775775776,0.1272866407547596
sin_homo,0.1,2,5.587587587587588,0.12389771200983452
sin_homo,0.1,2,5.597597597597598,0.13683340603701702
sin_homo,0.1,2,5.607607607607608,0.12330507189529877
sin_homo,0.1,2,5.617617617617618,0.1323568962369786
sin_homo,0.1,2,5.627627627627628,0.11214648473583781
sin_homo,0.1,2,5.637637637637638,0.13979532654995833
sin_homo,0.1,2,5.647647647647648,0.11555070258600884
sin_homo,0.1,2,5.657657657657658,0.13726876772320581
sin_homo,0.1,2,5.667667667667668,0.12289602718320564
sin_homo,0.1,2,5.677677677677678,0.1435180392683452
sin_homo,0.1,2,5.687687687687688,0.12332072769020568
sin_homo,0.1,2,5.697697697697698,0.13394748220333852
sin_homo,0.1,2,5.707707707707708,0.13580310064023143
sin_homo,0.1,2,5.717717717717718,0.13529468450078488
sin_homo,0.1,2,5.727727727727728,0.12269053225806596
sin_homo,0.1,2,5.737737737737738,0.14061219611041303
sin_homo,0.1,2,5.747747747747748,0.12697379403861475
sin_homo,0.1,2,5.757757757757758,0.13152622039552062
sin_homo,0.1,2,5.767767767767768,0.13831306517364905
sin_homo,0.1,2,5.777777777777778,0.11988829804017512
sin_homo,0.1,2,5.787787787787788,0.11909479318372755
sin_homo,0.1,2,5.797797797797798,0.12964194318481786
sin_homo,0.1,2,5.807807807807808,0.11435061673999196
sin_homo,0.1,2,5.817817817817818,0.13048433371788992
sin_homo,0.1,2,5.827827827827828,0.1297096410217595
sin_homo,0.1,2,5.837837837837838,0.11747756987765653
sin_homo,0.1,2,5.847847847847848,0.13503907165401793
sin_homo,0.1,2,5.857857857857858,0.12758087298089926
sin_homo,0.1,2,5.867867867867868,0.13992945339327123
sin_homo,0.1,2,5.877877877877878,0.13564939931529477
sin_homo,0.1,2,5.887887887887888,0.1252223104833117
sin_homo,0.1,2,5.897897897897898,0.12921917189741433
sin_homo,0.1,2,5.907907907907908,0.1161168629057259
sin_homo,0.1,2,5.917917917917918,0.11776536139753695
sin_homo,0.1,2,5.927927927927928,0.13744069616942203
sin_homo,0.1,2,5.937937937937938,0.13731214500703126
sin_homo,0.1,2,5.947947947947948,0.12458751147510432
sin_homo,0.1,2,5.957957957957958,0.14689377208819718
sin_homo,0.1,2,5.967967967967968,0.12312629010712607
sin_homo,0.1,2,5.977977977977978,0.1197578127002856
sin_homo,0.1,2,5.987987987987988,0.12363618200065753
sin_homo,0.1,2,5.997997997997998,0.12048510242057121
sin_homo,0.1,2,6.008008008008009,0.12640212774407913
sin_homo,0.1,2,6.018018018018019,0.13457425684401228
sin_homo,0.1,2,6.028028028028029,0.12276805927675964
sin_homo,0.1,2,6.038038038038039,0.1348051831651838
sin_homo,0.1,2,6.048048048048049,0.143026809921764
sin_homo,0.1,2,6.058058058058059,0.14400506210244615
sin_homo,0.1,2,6.068068068068069,0.13241595883966317
sin_homo,0.1,2,6.078078078078079,0.12831976517532714
sin_homo,0.1,2,6.088088088088089,0.12288143986811548
sin_homo,0.1,2,6.098098098098099,0.12568052273154984
sin_homo,0.1,2,6.108108108108109,0.1483585324116212
sin_homo,0.1,2,6.118118118118119,0.12640136558215803
sin_homo,0.1,2,6.128128128128129,0.11983994211700416
sin_homo,0.1,2,6.138138138138139,0.13040502547556193
sin_homo,0.1,2,6.148148148148149,0.1507263092620143
sin_homo,0.1,2,6.158158158158159,0.140404781635689
sin_homo,0.1,2,6.168168168168169,0.12811447890927138
sin_homo,0.1,2,6.178178178178179,0.12402658247293204
sin_homo,0.1,2,6.188188188188189,0.13104304894905527
sin_homo,0.1,2,6.198198198198199,0.13254207593959047
sin_homo,0.1,2,6.208208208208209,0.1359492101746533
sin_homo,0.1,2,6.218218218218219,0.15027136486468973
sin_homo,0.1,2,6.228228228228229,0.12000467211331531
sin_homo,0.1,2,6.238238238238239,0.14322304332041666
sin_homo,0.1,2,6.248248248248249,0.14135132976885112
sin_homo,0.1,2,6.258258258258259,0.13697667278231832
sin_homo,0.1,2,6.268268268268269,0.1453274845247357
sin_homo,0.1,2,6.278278278278279,0.13217163251576253
sin_homo,0.1,2,6.288288288288289,0.14254321781994447
sin_homo,0.1,2,6.298298298298299,0.13544102333646366
sin_homo,0.1,2,6.308308308308309,0.11962136304440922
sin_homo,0.1,2,6.318318318318319,0.12663279438170424
sin_homo,0.1,2,6.328328328328329,0.12590840791488217
sin_homo,0.1,2,6.338338338338339,0.1299254646672712
sin_homo,0.1,2,6.348348348348349,0.13536715723794646
sin_homo,0.1,2,6.358358358358359,0.14688656588479643
sin_homo,0.1,2,6.368368368368369,0.12921724654216593
sin_homo,0.1,2,6.378378378378379,0.15353148294937982
sin_homo,0.1,2,6.388388388388389,0.13877856766368746
sin_homo,0.1,2,6.398398398398399,0.13827776865466143
sin_homo,0.1,2,6.408408408408409,0.1484593115142258
sin_homo,0.1,2,6.418418418418419,0.13770446971415434
sin_homo,0.1,2,6.428428428428429,0.14205959911810515
sin_homo,0.1,2,6.438438438438439,0.13866488019127848
sin_homo,0.1,2,6.448448448448449,0.1280132503903799
sin_homo,0.1,2,6.458458458458459,0.12385846398981581
sin_homo,0.1,2,6.468468468468469,0.12973764313511338
sin_homo,0.1,2,6.478478478478479,0.13628121476540328
sin_homo,0.1,2,6.488488488488489,0.13073732051405787
sin_homo,0.1,2,6.498498498498499,0.13211732839130833
sin_homo,0.1,2,6.508508508508509,0.12666969075808335
sin_homo,0.1,2,6.518518518518519,0.12321148838599243
sin_homo,0.1,2,6.528528528528529,0.1453574423092257
sin_homo,0.1,2,6.538538538538539,0.13422975387114125
sin_homo,0.1,2,6.548548548548549,0.12532702444951516
sin_homo,0.1,2,6.558558558558559,0.13253378410269578
sin_homo,0.1,2,6.568568568568569,0.10711982697785777
sin_homo,0.1,2,6.578578578578579,0.11373491830592937
sin_homo,0.1,2,6.588588588588589,0.1448680533791478
sin_homo,0.1,2,6.598598598598599,0.13381260283824034
sin_homo,0.1,2,6.608608608608609,0.13727674601684967
sin_homo,0.1,2,6.618618618618619,0.1284573164709611
sin_homo,0.1,2,6.628628628628629,0.12962110996956214
sin_homo,0.1,2,6.638638638638639,0.12353731150878947
sin_homo,0.1,2,6.648648648648649,0.1326475767486431
sin_homo,0.1,2,6.658658658658659,0.13630056071625918
sin_homo,0.1,2,6.668668668668669,0.14702914781634085
sin_homo,0.1,2,6.678678678678679,0.1412135324559082
sin_homo,0.1,2,6.688688688688689,0.1531045879755308
sin_homo,0.1,2,6.698698698698699,0.16345425098988717
sin_homo,0.1,2,6.708708708708709,0.14350345310654325
sin_homo,0.1,2,6.718718718718719,0.13300467423835233
sin_homo,0.1,2,6.728728728728729,0.13680588645070657
sin_homo,0.1,2,6.738738738738739,0.1377981908895271
sin_homo,0.1,2,6.748748748748749,0.11007063139871673
sin_homo,0.1,2,6.758758758758759,0.11720892162713273
sin_homo,0.1,2,6.768768768768769,0.1305619701545557
sin_homo,0.1,2,6.778778778778779,0.12193639875364534
sin_homo,0.1,2,6.788788788788789,0.14576109770668452
sin_homo,0.1,2,6.798798798798799,0.14855294986385173
sin_homo,0.1,2,6.808808808808809,0.14957477514763823
sin_homo,0.1,2,6.818818818818819,0.1394270668163991
sin_homo,0.1,2,6.828828828828829,0.1434869960477028
sin_homo,0.1,2,6.838838838838839,0.13440374096709948
sin_homo,0.1,2,6.848848848848849,0.1364664964405198
sin_homo,0.1,2,6.858858858858859,0.13270962685984478
sin_homo,0.1,2,6.868868868868869,0.11606658699471653
sin_homo,0.1,2,6.878878878878879,0.13574198280070235
sin_homo,0.1,2,6.888888888888889,0.14119950497526218
sin_homo,0.1,2,6.898898898898899,0.12945301448953647
sin_homo,0.1,2,6.908908908908909,0.14454456778971048
sin_homo,0.1,2,6.918918918918919,0.1504455862691985
sin_homo,0.1,2,6.928928928928929,0.1254242649539897
sin_homo,0.1,2,6.938938938938939,0.14648401280284612
sin_homo,0.1,2,6.948948948948949,0.13027006210204853
sin_homo,0.1,2,6.958958958958959,0.14620924693748724
sin_homo,0.1,2,6.968968968968969,0.13433467375500494
sin_homo,0.1,2,6.978978978978979,0.15205047220656426
sin_homo,0.1,2,6.988988988988989,0.12038705475581131
sin_homo,0.1,2,6.998998998998999,0.13659506361457602
sin_homo,0.1,2,7.009009009009009,0.1338267557798008
sin_homo,0.1,2,7.019019019019019,0.14151974028014477
sin_homo,0.1,2,7.029029029029029,0.13054271821086422
sin_homo,0.1,2,7.039039039039039,0.1368267664399453
sin_homo,0.1,2,7.049049049049049,0.14030113610833012
sin_homo,0.1,2,7.059059059059059,0.1384503363151834
sin_homo,0.1,2,7.069069069069069,0.1435238996767728
sin_homo,0.1,2,7.079079079079079,0.12364366684453777
sin_homo,0.1,2,7.089089089089089,0.13682114609816062
sin_homo,0.1,2,7.099099099099099,0.13544252100215787
sin_homo,0.1,2,7.109109109109109,0.14612632747827953
sin_homo,0.1,2,7.119119119119119,0.14010627464403658
sin_homo,0.1,2,7.129129129129129,0.14447104571847139
sin_homo,0.1,2,7.1391391391391394,0.14542960978954822
sin_homo,0.1,2,7.1491491491491495,0.14756874431540562
sin_homo,0.1,2,7.1591591591591595,0.1393770716309646
sin_homo,0.1,2,7.1691691691691695,0.12602456929206815
sin_homo,0.1,2,7.1791791791791795,0.13697496467015097
sin_homo,0.1,2,7.1891891891891895,0.14754643773412868
sin_homo,0.1,2,7.1991991991991995,0.1523159596421418
sin_homo,0.1,2,7.2092092092092095,0.1432248200646825
sin_homo,0.1,2,7.2192192192192195,0.15483361783500824
sin_homo,0.1,2,7.2292292292292295,0.1599762310178423
sin_homo,0.1,2,7.2392392392392395,0.1432047453065192
sin_homo,0.1,2,7.2492492492492495,0.12620074580298016
sin_homo,0.1,2,7.2592592592592595,0.15652223296311663
sin_homo,0.1,2,7.2692692692692695,0.1469196092534886
sin_homo,0.1,2,7.2792792792792795,0.1477120093314543
sin_homo,0.1,2,7.2892892892892895,0.16681956538128648
sin_homo,0.1,2,7.2992992992992995,0.13794778716442496
sin_homo,0.1,2,7.3093093093093096,0.1449638934067183
sin_homo,0.1,2,7.31931931931932,0.128315145786767
sin_homo,0.1,2,7.32932932932933,0.15080880771958624
sin_homo,0.1,2,7.33933933933934,0.13600760192450354
sin_homo,0.1,2,7.34934934934935,0.14257664833336817
sin_homo,0.1,2,7.35935935935936,0.14558534147464552
sin_homo,0.1,2,7.36936936936937,0.13894732485783934
sin_homo,0.1,2,7.37937937937938,0.1458260819779282
sin_homo,0.1,2,7.38938938938939,0.15500587873717805
sin_homo,0.1,2,7.3993993993994,0.13293223014463487
sin_homo,0.1,2,7.40940940940941,0.1358640109234781
sin_homo,0.1,2,7.41941941941942,0.13568456635296922
sin_homo,0.1,2,7.42942942942943,0.14526391506547232
sin_homo,0.1,2,7.43943943943944,0.13437564408798106
sin_homo,0.1,2,7.44944944944945,0.14658192372778311
sin_homo,0.1,2,7.45945945945946,0.15552309106162593
sin_homo,0.1,2,7.46946946946947,0.1335083556405312
sin_homo,0.1,2,7.47947947947948,0.1356576138446036
sin_homo,0.1,2,7.48948948948949,0.1596321623520245
sin_homo,0.1,2,7.4994994994995,0.15508590505655023
sin_homo,0.1,2,7.50950950950951,0.156523878744695
sin_homo,0.1,2,7.51951951951952,0.15461554166627947
sin_homo,0.1,2,7.52952952952953,0.15496942373872138
sin_homo,0.1,2,7.53953953953954,0.15038391039209578
sin_homo,0.1,2,7.54954954954955,0.15465356890554482
sin_homo,0.1,2,7.55955955955956,0.15123019603558882
sin_homo,0.1,2,7.56956956956957,0.17059905367689543
sin_homo,0.1,2,7.57957957957958,0.13326428239196733
sin_homo,0.1,2,7.58958958958959,0.14256443324012888
sin_homo,0.1,2,7.5995995995996,0.13127118795290998
sin_homo,0.1,2,7.60960960960961,0.13578714271719575
sin_homo,0.1,2,7.61961961961962,0.14307842482996497
sin_homo,0.1,2,7.62962962962963,0.13844043735709186
sin_homo,0.1,2,7.63963963963964,0.13585223639014482
sin_homo,0.1,2,7.64964964964965,0.1548373696927383
sin_homo,0.1,2,7.65965965965966,0.13864848605628394
sin_homo,0.1,2,7.66966966966967,0.13416908735317468
sin_homo,0.1,2,7.67967967967968,0.14425941470176634
sin_homo,0.1,2,7.68968968968969,0.13785628437018688
sin_homo,0.1,2,7.6996996996997,0.16261617064648717
sin_homo,0.1,2,7.70970970970971,0.1263920388882126
sin_homo,0.1,2,7.71971971971972,0.1708112706567852
sin_homo,0.1,2,7.72972972972973,0.16163224031513626
sin_homo,0.1,2,7.73973973973974,0.14998325272958754
sin_homo,0.1,2,7.74974974974975,0.14053077762456387
sin_homo,0.1,2,7.75975975975976,0.13494108512458547
sin_homo,0.1,2,7.76976976976977,0.13947254853233246
sin_homo,0.1,2,7.77977977977978,0.14174558296944875
sin_homo,0.1,2,7.78978978978979,0.15037124712356498
sin_homo,0.1,2,7.7997997997998,0.15225118838944757
sin_homo,0.1,2,7.80980980980981,0.17002962535213725
sin_homo,0.1,2,7.81981981981982,0.1227152006655113
sin_homo,0.1,2,7.82982982982983,0.15335585699043883
sin_homo,0.1,2,7.83983983983984,0.14155132105230953
sin_homo,0.1,2,7.84984984984985,0.13414167768157384
sin_homo,0.1,2,7.85985985985986,0.12139323093195793
sin_homo,0.1,2,7.86986986986987,0.14043921631594752
sin_homo,0.1,2,7.87987987987988,0.14775933886788986
sin_homo,0.1,2,7.88988988988989,0.15555947089281333
sin_homo,0.1,2,7.8998998998999,0.13423043260389353
sin_homo,0.1,2,7.90990990990991,0.15759578125311885
sin_homo,0.1,2,7.91991991991992,0.14773502027430807
sin_homo,0.1,2,7.92992992992993,0.15958099199630857
sin_homo,0.1,2,7.93993993993994,0.13801612319692297
sin_homo,0.1,2,7.94994994994995,0.13997081227872868
sin_homo,0.1,2,7.95995995995996,0.14742391199878768
sin_homo,0.1,2,7.96996996996997,0.13771281972585994
sin_homo,0.1,2,7.97997997997998,0.15024471032089096
sin_homo,0.1,2,7.98998998998999,0.1442618442058786
sin_homo,0.1,2,8.0,0.13437345288288374
sin_homo,0.2,0,-2.0,0.15373345998389198
sin_homo,0.2,0,-1.98998998998999,0.15994425827363332
sin_homo,0.2,0,-1.97997997997998,0.15970402762659971
sin_homo,0.2,0,-1.96996996996997,0.1646530469871609
sin_homo,0.2,0,-1.95995995995996,0.16456687597942085
sin_homo,0.2,0,-1.94994994994995,0.16348987485746258
sin_homo,0.2,0,-1.93993993993994,0.16600165108473502
sin_homo,0.2,0,-1.92992992992993,0.15774443378779734
sin_homo,0.2,0,-1.91991991991992,0.17417925774319348
sin_homo,0.2,0,-1.90990990990991,0.15984024427013696
sin_homo,0.2,0,-1.8998998998999,0.15099149866766332
sin_homo,0.2,0,-1.88988988988989,0.15366026806452643
sin_homo,0.2,0,-1.87987987987988,0.15546308920009694
sin_homo,0.2,0,-1.86986986986987,0.1575401165319005
sin_homo,0.2,0,-1.85985985985986,0.13345039395799893
sin_homo,0.2,0,-1.84984984984985,0.15081246963493192
sin_homo,0.2,0,-1.83983983983984,0.14822348572446942
sin_homo,0.2,0,-1.82982982982983,0.1394519118594056
sin_homo,0.2,0,-1.8198198198198199,0.1796611961062908
sin_homo,0.2,0,-1.8098098098098099,0.15293147798709342
sin_homo,0.2,0,-1.7997997997997999,0.15434563311247856
sin_homo,0.2,0,-1.7897897897897899,0.16734873057816166
sin_homo,0.2,0,-1.7797797797797799,0.1547156515628194
sin_homo,0.2,0,-1.7697697697697699,0.16890386697751814
sin_homo,0.2,0,-1.7597597597597598,0.1555068409760444
sin_homo,0.2,0,-1.7497497497497498,0.17267875918293732
sin_homo,0.2,0,-1.7397397397397398,0.16809401360128784
sin_homo,0.2,0,-1.7297297297297298,0.14953390815179635
sin_homo,0.2,0,-1.7197197197197198,0.17275338951893662
sin_homo,0.2,0,-1.7097097097097098,0.14871588590234835
sin_homo,0.2,0,-1.6996996996996998,0.1663404744197212
sin_homo,0.2,0,-1.6896896896896898,0.14186318397798164
sin_homo,0.2,0,-1.6796796796796798,0.1609650689212988
sin_homo,0.2,0,-1.6696696696696698,0.14844549254352302
sin_homo,0.2,0,-1.6596596596596598,0.14455653922701944
sin_homo,0.2,0,-1.6496496496496498,0.16729180203270702
sin_homo,0.2,0,-1.6396396396396398,0.19083467811499652
sin_homo,0.2,0,-1.6296296296296298,0.1566080822756011
sin_homo,0.2,0,-1.6196196196196198,0.14851899334340532
sin_homo,0.2,0,-1.6096096096096097,0.1462375902738163
sin_homo,0.2,0,-1.5995995995995997,0.15022425543637938
sin_homo,0.2,0,-1.5895895895895895,0.14281216220822557
sin_homo,0.2,0,-1.5795795795795795,0.13871523454936777
sin_homo,0.2,0,-1.5695695695695695,0.16202045616775546
sin_homo,0.2,0,-1.5595595595595595,0.1566358247710591
sin_homo,0.2,0,-1.5495495495495495,0.17284471981440291
sin_homo,0.2,0,-1.5395395395395395,0.15829974149355888
sin_homo,0.2,0,-1.5295295295295295,0.14769086682358612
sin_homo,0.2,0,-1.5195195195195195,0.14312614810308005
sin_homo,0.2,0,-1.5095095095095095,0.16719023523239554
sin_homo,0.2,0,-1.4994994994994995,0.1628949718253837
sin_homo,0.2,0,-1.4894894894894894,0.15738470448150904
sin_homo,0.2,0,-1.4794794794794794,0.12399343642521146
sin_homo,0.2,0,-1.4694694694694694,0.15347769437668568
sin_homo,0.2,0,-1.4594594594594594,0.1504956901277516
sin_homo,0.2,0,-1.4494494494494494,0.15311075153606848
sin_homo,0.2,0,-1.4394394394394394,0.16997526790529463
sin_homo,0.2,0,-1.4294294294294294,0.16345068471887184
sin_homo,0.2,0,-1.4194194194194194,0.15788214593460073
sin_homo,0.2,0,-1.4094094094094094,0.17132072560999287
sin_homo,0.2,0,-1.3993993993993994,0.14242530333769493
sin_homo,0.2,0,-1.3893893893893894,0.1714719758109025
sin_homo,0.2,0,-1.3793793793793794,0.1565645220680471
sin_homo,0.2,0,-1.3693693693693694,0.1635554791162347
sin_homo,0.2,0,-1.3593593593593594,0.16455234555047563
sin_homo,0.2,0,-1.3493493493493494,0.17365023805605895
sin_homo,0.2,0,-1.3393393393393394,0.1701103206983413
sin_homo,0.2,0,-1.3293293293293293,0.1543861987550437
sin_homo,0.2,0,-1.3193193193193193,0.17742460230043408
sin_homo,0.2,0,-1.3093093093093093,0.1634524535484635
sin_homo,0.2,0,-1.2992992992992993,0.15587746311780887
sin_homo,0.2,0,-1.2892892892892893,0.1481179189379688
sin_homo,0.2,0,-1.2792792792792793,0.1538608776493459
sin_homo,0.2,0,-1.2692692692692693,0.14049374336281314
sin_homo,0.2,0,-1.2592592592592593,0.14074262885276026
sin_homo,0.2,0,-1.2492492492492493,0.17404952567313722
sin_homo,0.2,0,-1.2392392392392393,0.14169264017573727
sin_homo,0.2,0,-1.2292292292292293,0.16347551348588849
sin_homo,0.2,0,-1.2192192192192193,0.16117380489735558
sin_homo,0.2,0,-1.2092092092092093,0.1652750777681075
sin_homo,0.2,0,-1.1991991991991993,0.1637963833665536
sin_homo,0.2,0,-1.189189189189189,0.16118199142736583
sin_homo,0.2,0,-1.179179179179179,0.14562969091209382
sin_homo,0.2,0,-1.169169169169169,0.16237434945203458
sin_homo,0.2,0,-1.159159159159159,0.1520070242991591
sin_homo,0.2,0,-1.149149149149149,0.1647390718067082
sin_homo,0.2,0,-1.139139139139139,0.1450596742083324
sin_homo,0.2,0,-1.129129129129129,0.16873673162109723
sin_homo,0.2,0,-1.119119119119119,0.16964923932375464
sin_homo,0.2,0,-1.109109109109109,0.1531632626534935
sin_homo,0.2,0,-1.099099099099099,0.16968545200428456
sin_homo,0.2,0,-1.089089089089089,0.142291209620812
sin_homo,0.2,0,-1.079079079079079,0.14872871889656852
sin_homo,0.2,0,-1.069069069069069,0.15253070995384893
sin_homo,0.2,0,-1.059059059059059,0.16741683280964373
sin_homo,0.2,0,-1.049049049049049,0.15166732770763
sin_homo,0.2,0,-1.039039039039039,0.1502470823784939
sin_homo,0.2,0,-1.029029029029029,0.14472826934901836
sin_homo,0.2,0,-1.019019019019019,0.1451401807334463
sin_homo,0.2,0,-1.009009009009009,0.14642795958287305
sin_homo,0.2,0,-0.9989989989989989,0.1431859777634139
sin_homo,0.2,0,-0.9889889889889889,0.14675711144772496
sin_homo,0.2,0,-0.9789789789789789,0.15949668854723814
sin_homo,0.2,0,-0.9689689689689689,0.16323670595993228
sin_homo,0.2,0,-0.9589589589589589,0.1631934536875005
sin_homo,0.2,0,-0.9489489489489489,0.1596513464990625
sin_homo,0.2,0,-0.9389389389389389,0.148732496490828
sin_homo,0.2,0,-0.9289289289289289,0.15264162676358295
sin_homo,0.2,0,-0.9189189189189189,0.15512953757812187
sin_homo,0.2,0,-0.9089089089089089,0.15853477370545643
sin_homo,0.2,0,-0.8988988988988988,0.13990359048234682
sin_homo,0.2,0,-0.8888888888888888,0.16284419775860076
sin_homo,0.2,0,-0.8788788788788788,0.15446345787629265
sin_homo,0.2,0,-0.8688688688688688,0.1789942069338121
sin_homo,0.2,0,-0.8588588588588588,0.16789535577355288
sin_homo,0.2,0,-0.8488488488488488,0.14369482163171993
sin_homo,0.2,0,-0.8388388388388388,0.13886382647741416
sin_homo,0.2,0,-0.8288288288288288,0.14083305069642535
sin_homo,0.2,0,-0.8188188188188188,0.16627920010471703
sin_homo,0.2,0,-0.8088088088088088,0.18125560199747254
sin_homo,0.2,0,-0.7987987987987988,0.15343698364976982
sin_homo,0.2,0,-0.7887887887887888,0.1478271546002256
sin_homo,0.2,0,-0.7787787787787788,0.16185867304126994
sin_homo,0.2,0,-0.7687687687687688,0.15817981773484285
sin_homo,0.2,0,-0.7587587587587588,0.1611981935568623
sin_homo,0.2,0,-0.7487487487487487,0.14281927168208372
sin_homo,0.2,0,-0.7387387387387387,0.1682504843039975
sin_homo,0.2,0,-0.7287287287287287,0.1796535614586104
sin_homo,0.2,0,-0.7187187187187187,0.16793478508461324
sin_homo,0.2,0,-0.7087087087087087,0.15140363028703213
sin_homo,0.2,0,-0.6986986986986987,0.1486073875604945
sin_homo,0.2,0,-0.6886886886886887,0.15252151554068524
sin_homo,0.2,0,-0.6786786786786787,0.16904354328735421
sin_homo,0.2,0,-0.6686686686686687,0.1525548871395387
sin_homo,0.2,0,-0.6586586586586587,0.1603632678829186
sin_homo,0.2,0,-0.6486486486486487,0.15164565059278146
sin_homo,0.2,0,-0.6386386386386387,0.16132345745473323
sin_homo,0.2,0,-0.6286286286286287,0.15483356865212997
sin_homo,0.2,0,-0.6186186186186187,0.15371638883072067
sin_homo,0.2,0,-0.6086086086086087,0.15062443791853988
sin_homo,0.2,0,-0.5985985985985987,0.19514226804255463
sin_homo,0.2,0,-0.5885885885885886,0.1594399514657588
sin_homo,0.2,0,-0.5785785785785786,0.15470352467726384
sin_homo,0.2,0,-0.5685685685685686,0.1730829983307968
sin_homo,0.2,0,-0.5585585585585586,0.15495161355084783
sin_homo,0.2,0,-0.5485485485485486,0.1724248258364049
sin_homo,0.2,0,-0.5385385385385386,0.17809683131639328
sin_homo,0.2,0,-0.5285285285285286,0.14141676313494422
sin_homo,0.2,0,-0.5185185185185186,0.1492249521231415
sin_homo,0.2,0,-0.5085085085085086,0.14626326618572735
sin_homo,0.2,0,-0.4984984984984986,0.15112267146123592
sin_homo,0.2,0,-0.4884884884884886,0.15240478229393178
sin_homo,0.2,0,-0.4784784784784786,0.16341152867158734
sin_homo,0.2,0,-0.46846846846846857,0.15198417064619124
sin_homo,0.2,0,-0.45845845845845856,0.13646067519711527
sin_homo,0.2,0,-0.44844844844844856,0.13551350113347346
sin_homo,0.2,0,-0.43843843843843855,0.1662506864361604
sin_homo,0.2,0,-0.42842842842842854,0.1645865198838291
sin_homo,0.2,0,-0.41841841841841854,0.16080598605529042
sin_homo,0.2,0,-0.40840840840840853,0.15083756345332278
sin_homo,0.2,0,-0.3983983983983985,0.15017912678741674
sin_homo,0.2,0,-0.3883883883883883,0.14019451059097435
sin_homo,0.2,0,-0.3783783783783783,0.1443878441861442
sin_homo,0.2,0,-0.3683683683683683,0.17074239755443013
sin_homo,0.2,0,-0.3583583583583583,0.15883889044702731
sin_homo,0.2,0,-0.34834834834834827,0.1445739790026926
sin_homo,0.2,0,-0.33833833833833826,0.14805314683738974
sin_homo,0.2,0,-0.32832832832832826,0.137611099496628
sin_homo,0.2,0,-0.31831831831831825,0.15635666524706365
sin_homo,0.2,0,-0.30830830830830824,0.13294990758931075
sin_homo,0.2,0,-0.29829829829829824,0.16230318571834126
sin_homo,0.2,0,-0.28828828828828823,0.16795775355095693
sin_homo,0.2,0,-0.2782782782782782,0.16720682186908278
sin_homo,0.2,0,-0.2682682682682682,0.14029991158957056
sin_homo,0.2,0,-0.2582582582582582,0.15380371893784678
sin_homo,0.2,0,-0.2482482482482482,0.1776838855011323
sin_homo,0.2,0,-0.2382382382382382,0.14279054954908246
sin_homo,0.2,0,-0.2282282282282282,0.1512875357544762
sin_homo,0.2,0,-0.21821821821821819,0.16830095412115542
sin_homo,0.2,0,-0.20820820820820818,0.1477650850530619
sin_homo,0.2,0,-0.19819819819819817,0.14987257927221026
sin_homo,0.2,0,-0.18818818818818817,0.14424974059188322
sin_homo,0.2,0,-0.17817817817817816,0.1425258850053704
sin_homo,0.2,0,-0.16816816816816815,0.1382966134950495
sin_homo,0.2,0,-0.15815815815815815,0.13931739272396682
sin_homo,0.2,0,-0.14814814814814814,0.13960115953742228
sin_homo,0.2,0,-0.13813813813813813,0.1469924204671134
sin_homo,0.2,0,-0.12812812812812813,0.17343137175503434
sin_homo,0.2,0,-0.11811811811811812,0.14673716698762027
sin_homo,0.2,0,-0.10810810810810811,0.1472500258781846
sin_homo,0.2,0,-0.09809809809809811,0.15153919204897714
sin_homo,0.2,0,-0.0880880880880881,0.1567267603655256
sin_homo,0.2,0,-0.0780780780780781,0.15262348243001447
sin_homo,0.2,0,-0.06806806806806809,0.14789379809874834
sin_homo,0.2,0,-0.05805805805805808,0.1451256771401798
sin_homo,0.2,0,-0.048048048048048075,0.14394885928969553
sin_homo,0.2,0,-0.03803803803803807,0.1542217863274487
sin_homo,0.2,0,-0.028028028028028062,0.1586526006620676
sin_homo,0.2,0,-0.018018018018018056,0.1476329811379108
sin_homo,0.2,0,-0.00800800800800805,0.13598884172675185
sin_homo,0.2,0,0.002002002002002179,0.14200459090131273
sin_homo,0.2,0,0.012012012012012185,0.14587159610760791
sin_homo,0.2,0,0.022022022022022192,0.13720267659646146
sin_homo,0.2,0,0.0320320320320322,0.15831306539939854
sin_homo,0.2,0,0.042042042042042205,0.15196425776400946
sin_homo,0.2,0,0.05205205205205221,0.13853465087384464
sin_homo,0.2,0,0.06206206206206222,0.15134010413894913
sin_homo,0.2,0,0.07207207207207222,0.14720768905358594
sin_homo,0.2,0,0.08208208208208223,0.1545219629030318
sin_homo,0.2,0,0.09209209209209224,0.15961810146685826
sin_homo,0.2,0,0.10210210210210224,0.14571648901109097
sin_homo,0.2,0,0.11211211211211225,0.14250660046769717
sin_homo,0.2,0,0.12212212212212226,0.13985791662179295
sin_homo,0.2,0,0.13213213213213226,0.1340560455882845
sin_homo,0.2,0,0.14214214214214227,0.14729808732446387
sin_homo,0.2,0,0.15215215215215228,0.15343767804556283
sin_homo,0.2,0,0.16216216216216228,0.14997135449101817
sin_homo,0.2,0,0.1721721721721723,0.15308449951754305
sin_homo,0.2,0,0.1821821821821823,0.14521389335282098
sin_homo,0.2,0,0.1921921921921923,0.15276042598809464
sin_homo,0.2,0,0.2022022022022023,0.1638709224495319
sin_homo,0.2,0,0.21221221221221231,0.14265212916539302
sin_homo,0.2,0,0.22222222222222232,0.14385104407103708
sin_homo,0.2,0,0.23223223223223233,0.13655151488549352
sin_homo,0.2,0,0.24224224224224233,0.14155575808797818
sin_homo,0.2,0,0.25225225225225234,0.1209544420689264
sin_homo,0.2,0,0.26226226226226235,0.12646086525669742
sin_homo,0.2,0,0.27227227227227235,0.15507756739670145
sin_homo,0.2,0,0.28228228228228236,0.1649112761491109
sin_homo,0.2,0,0.29229229229229237,0.13779525212235663
sin_homo,0.2,0,0.3023023023023024,0.12857921577569106
sin_homo,0.2,0,0.3123123123123124,0.13954446308798527
sin_homo,0.2,0,0.3223223223223224,0.1419152757905371
sin_homo,0.2,0,0.3323323323323324,0.1224524864132554
sin_homo,0.2,0,0.3423423423423424,0.15362890005493274
sin_homo,0.2,0,0.3523523523523524,0.14380257495598653
sin_homo,0.2,0,0.3623623623623624,0.1393459084996153
sin_homo,0.2,0,0.3723723723723724,0.1333171993267509
sin_homo,0.2,0,0.3823823823823824,0.14368873263008497
sin_homo,0.2,0,0.39239239239239243,0.12888425505083487
sin_homo,0.2,0,0.40240240240240244,0.14070730711730312
sin_homo,0.2,0,0.41241241241241244,0.14411877297421927
sin_homo,0.2,0,0.42242242242242245,0.13627999267169874
sin_homo,0.2,0,0.43243243243243246,0.13653802194587833
sin_homo,0.2,0,0.44244244244244246,0.15036795548166815
sin_homo,0.2,0,0.45245245245245247,0.1254668646882799
sin_homo,0.2,0,0.4624624624624625,0.14916008024307478
sin_homo,0.2,0,0.4724724724724725,0.14678491332757168
sin_homo,0.2,0,0.4824824824824825,0.15148076346730444
sin_homo,0.2,0,0.4924924924924925,0.14918491196508
sin_homo,0.2,0,0.5025025025025025,0.1493545009295656
sin_homo,0.2,0,0.5125125125125125,0.1441477518730964
sin_homo,0.2,0,0.5225225225225225,0.14157093719056582
sin_homo,0.2,0,0.5325325325325325,0.1500621488127042
sin_homo,0.2,0,0.5425425425425425,0.146001271709767
sin_homo,0.2,0,0.5525525525525525,0.15177055412759352
sin_homo,0.2,0,0.5625625625625625,0.15574335227905725
sin_homo,0.2,0,0.5725725725725725,0.1402540384655304
sin_homo,0.2,0,0.5825825825825826,0.15638971850319192
sin_homo,0.2,0,0.5925925925925926,0.1552183406391584
sin_homo,0.2,0,0.6026026026026026,0.16266781564146526
sin_homo,0.2,0,0.6126126126126126,0.12264100203779867
sin_homo,0.2,0,0.6226226226226226,0.14196217932466088
sin_homo,0.2,0,0.6326326326326326,0.1350368845649694
sin_homo,0.2,0,0.6426426426426426,0.14095131456580662
sin_homo,0.2,0,0.6526526526526526,0.14213899100430724
sin_homo,0.2,0,0.6626626626626626,0.14610792325230804
sin_homo,0.2,0,0.6726726726726726,0.14874800505405708
sin_homo,0.2,0,0.6826826826826826,0.1483931549427175
sin_homo,0.2,0,0.6926926926926926,0.16506170047553428
sin_homo,0.2,0,0.7027027027027026,0.15905455395317422
sin_homo,0.2,0,0.7127127127127126,0.13788776201213143
sin_homo,0.2,0,0.7227227227227226,0.1415941052624183
sin_homo,0.2,0,0.7327327327327327,0.1409947838062834
sin_homo,0.2,0,0.7427427427427427,0.13643611160346755
sin_homo,0.2,0,0.7527527527527527,0.11854334207885264
sin_homo,0.2,0,0.7627627627627627,0.1378121053251712
sin_homo,0.2,0,0.7727727727727727,0.1392212749749884
sin_homo,0.2,0,0.7827827827827827,0.15038305790248097
sin_homo,0.2,0,0.7927927927927927,0.1209808158262703
sin_homo,0.2,0,0.8028028028028027,0.1580878618582857
sin_homo,0.2,0,0.8128128128128127,0.1535314059190322
sin_homo,0.2,0,0.8228228228228227,0.15149740486516008
sin_homo,0.2,0,0.8328328328328327,0.1514969870519283
sin_homo,0.2,0,0.8428428428428427,0.14353973534141168
sin_homo,0.2,0,0.8528528528528527,0.1495701003638819
sin_homo,0.2,0,0.8628628628628627,0.13594092192789198
sin_homo,0.2,0,0.8728728728728727,0.15768607365822487
sin_homo,0.2,0,0.8828828828828827,0.15150108327660905
sin_homo,0.2,0,0.8928928928928928,0.13780614089118087
sin_homo,0.2,0,0.9029029029029028,0.14265790838281692
sin_homo,0.2,0,0.9129129129129128,0.1674147292184262
sin_homo,0.2,0,0.9229229229229228,0.15371821838889585
sin_homo,0.2,0,0.9329329329329328,0.1604427001952502
sin_homo,0.2,0,0.9429429429429428,0.12685627334138125
sin_homo,0.2,0,0.9529529529529528,0.1480455918925039
sin_homo,0.2,0,0.9629629629629628,0.1325140266356944
sin_homo,0.2,0,0.9729729729729728,0.13976314639471318
sin_homo,0.2,0,0.9829829829829828,0.1446209775563016
sin_homo,0.2,0,0.9929929929929928,0.13385681276617956
sin_homo,0.2,0,1.0030030030030028,0.16722504898052418
sin_homo,0.2,0,1.0130130130130128,0.138840489048226
sin_homo,0.2,0,1.0230230230230228,0.14688644919903457
sin_homo,0.2,0,1.0330330330330328,0.15734341263374563
sin_homo,0.2,0,1.0430430430430429,0.13278511948938193
sin_homo,0.2,0,1.0530530530530529,0.1500489337478311
sin_homo,0.2,0,1.0630630630630629,0.13203503483026213
sin_homo,0.2,0,1.0730730730730729,0.15704610695292817
sin_homo,0.2,0,1.0830830830830829,0.150471665649406
sin_homo,0.2,0,1.0930930930930929,0.13792572859555854
sin_homo,0.2,0,1.1031031031031029,0.14389544020878858
sin_homo,0.2,0,1.113113113113113,0.12782024654915777
sin_homo,0.2,0,1.123123123123123,0.1344750606450808
sin_homo,0.2,0,1.133133133133133,0.13529156158000424
sin_homo,0.2,0,1.143143143143143,0.14299721182092906
sin_homo,0.2,0,1.153153153153153,0.13469773856540723
sin_homo,0.2,0,1.163163163163163,0.1368606395893833
sin_homo,0.2,0,1.173173173173173,0.1390192116177327
sin_homo,0.2,0,1.183183183183183,0.14371274141192675
sin_homo,0.2,0,1.193193193193193,0.1512680071266729
sin_homo,0.2,0,1.203203203203203,0.1331853011624824
sin_homo,0.2,0,1.2132132132132134,0.1267949601634621
sin_homo,0.2,0,1.2232232232232234,0.14103608087491787
sin_homo,0.2,0,1.2332332332332334,0.14041703384893134
sin_homo,0.2,0,1.2432432432432434,0.13644882466877745
sin_homo,0.2,0,1.2532532532532534,0.13701711902052582
sin_homo,0.2,0,1.2632632632632634,0.13636948435820395
sin_homo,0.2,0,1.2732732732732734,0.16347128736996158
sin_homo,0.2,0,1.2832832832832834,0.1503849799385865
sin_homo,0.2,0,1.2932932932932935,0.149365355585055
sin_homo,0.2,0,1.3033033033033035,0.13954444938444824
sin_homo,0.2,0,1.3133133133133135,0.14976984040084987
sin_homo,0.2,0,1.3233233233233235,0.13544561993162335
sin_homo,0.2,0,1.3333333333333335,0.17106868435740238
sin_homo,0.2,0,1.3433433433433435,0.14004172798317258
sin_homo,0.2,0,1.3533533533533535,0.1396171485512715
sin_homo,0.2,0,1.3633633633633635,0.150471323082046
sin_homo,0.2,0,1.3733733733733735,0.1425183789205759
sin_homo,0.2,0,1.3833833833833835,0.148766371626509
sin_homo,0.2,0,1.3933933933933935,0.13962946620348954
sin_homo,0.2,0,1.4034034034034035,0.1366793359389269
sin_homo,0.2,0,1.4134134134134135,0.14203660939510715
sin_homo,0.2,0,1.4234234234234235,0.14681646812532312
sin_homo,0.2,0,1.4334334334334335,0.14784914674987865
sin_homo,0.2,0,1.4434434434434436,0.1596419690571331
sin_homo,0.2,0,1.4534534534534536,0.13915751222799141
sin_homo,0.2,0,1.4634634634634636,0.15057166895113094
sin_homo,0.2,0,1.4734734734734736,0.13349743416327675
sin_homo,0.2,0,1.4834834834834836,0.14171296432278088
sin_homo,0.2,0,1.4934934934934936,0.13393172471485013
sin_homo,0.2,0,1.5035035035035036,0.14044658669757665
sin_homo,0.2,0,1.5135135135135136,0.14434786094547036
sin_homo,0.2,0,1.5235235235235236,0.14394936679881945
sin_homo,0.2,0,1.5335335335335336,0.1662262247976713
sin_homo,0.2,0,1.5435435435435436,0.14958417264562504
sin_homo,0.2,0,1.5535535535535536,0.14812479043347423
sin_homo,0.2,0,1.5635635635635636,0.1336298543612332
sin_homo,0.2,0,1.5735735735735736,0.13932030172023332
sin_homo,0.2,0,1.5835835835835836,0.13848223393244505
sin_homo,0.2,0,1.5935935935935936,0.14894761940365822
sin_homo,0.2,0,1.6036036036036037,0.15227784221746396
sin_homo,0.2,0,1.6136136136136137,0.13987719461930903
sin_homo,0.2,0,1.6236236236236237,0.14117250336684103
sin_homo,0.2,0,1.6336336336336337,0.12022502201777366
sin_homo,0.2,0,1.6436436436436437,0.14936532523883497
sin_homo,0.2,0,1.6536536536536537,0.14541662438972697
sin_homo,0.2,0,1.6636636636636637,0.1361736294420863
sin_homo,0.2,0,1.6736736736736737,0.13820557635954472
sin_homo,0.2,0,1.6836836836836837,0.127595972486253
sin_homo,0.2,0,1.6936936936936937,0.14119289216820027
sin_homo,0.2,0,1.7037037037037037,0.14793383215946299
sin_homo,0.2,0,1.7137137137137137,0.12272412278989028
sin_homo,0.2,0,1.7237237237237237,0.15361070315405703
sin_homo,0.2,0,1.7337337337337337,0.11895484486636354
sin_homo,0.2,0,1.7437437437437437,0.14546898862025504
sin_homo,0.2,0,1.7537537537537538,0.13375587594775096
sin_homo,0.2,0,1.7637637637637638,0.12976470801229803
sin_homo,0.2,0,1.7737737737737738,0.15125996586409557
sin_homo,0.2,0,1.7837837837837838,0.13935309068843763
sin_homo,0.2,0,1.7937937937937938,0.13498679653284737
sin_homo,0.2,0,1.8038038038038038,0.12389207381167487
sin_homo,0.2,0,1.8138138138138138,0.143250575676542
sin_homo,0.2,0,1.8238238238238238,0.12670972473127168
sin_homo,0.2,0,1.8338338338338338,0.12765522487998268
sin_homo,0.2,0,1.8438438438438438,0.13225409645727432
sin_homo,0.2,0,1.8538538538538538,0.1404124105846458
sin_homo,0.2,0,1.8638638638638638,0.13508789027395326
sin_homo,0.2,0,1.8738738738738738,0.13586081604671796
sin_homo,0.2,0,1.8838838838838838,0.12539004833535325
sin_homo,0.2,0,1.8938938938938938,0.12681568095145182
sin_homo,0.2,0,1.9039039039039038,0.13480438190987332
sin_homo,0.2,0,1.9139139139139139,0.1347045159458594
sin_homo,0.2,0,1.9239239239239239,0.10608952916629848
sin_homo,0.2,0,1.9339339339339339,0.12968954726533566
sin_homo,0.2,0,1.9439439439439439,0.11853192894431717
sin_homo,0.2,0,1.9539539539539539,0.13941168303519083
sin_homo,0.2,0,1.9639639639639639,0.14482511042573823
sin_homo,0.2,0,1.973973973973974,0.11482656289642557
sin_homo,0.2,0,1.983983983983984,0.11802993407663837
sin_homo,0.2,0,1.993993993993994,0.14184162674683842
sin_homo,0.2,0,2.0040040040040044,0.11237391019206702
sin_homo,0.2,0,2.0140140140140144,0.13516682748125103
sin_homo,0.2,0,2.0240240240240244,0.11904816456886677
sin_homo,0.2,0,2.0340340340340344,0.12969551729721043
sin_homo,0.2,0,2.0440440440440444,0.13655584322471875
sin_homo,0.2,0,2.0540540540540544,0.1319573322362602
sin_homo,0.2,0,2.0640640640640644,0.1330606890402402
sin_homo,0.2,0,2.0740740740740744,0.11271791620856945
sin_homo,0.2,0,2.0840840840840844,0.12301477450163345
sin_homo,0.2,0,2.0940940940940944,0.11622631759029978
sin_homo,0.2,0,2.1041041041041044,0.10567194410047163
sin_homo,0.2,0,2.1141141141141144,0.11908512320145305
sin_homo,0.2,0,2.1241241241241244,0.12054088957722095
sin_homo,0.2,0,2.1341341341341344,0.1410852998011352
sin_homo,0.2,0,2.1441441441441444,0.11553707480898741
sin_homo,0.2,0,2.1541541541541545,0.11685902449561661
sin_homo,0.2,0,2.1641641641641645,0.12072558138392717
sin_homo,0.2,0,2.1741741741741745,0.10302294546566462
sin_homo,0.2,0,2.1841841841841845,0.12222959448351288
sin_homo,0.2,0,2.1941941941941945,0.1206680388423462
sin_homo,0.2,0,2.2042042042042045,0.11130449628642129
sin_homo,0.2,0,2.2142142142142145,0.12908829022368798
sin_homo,0.2,0,2.2242242242242245,0.11239190641864497
sin_homo,0.2,0,2.2342342342342345,0.1138860587998032
sin_homo,0.2,0,2.2442442442442445,0.13488210137643317
sin_homo,0.2,0,2.2542542542542545,0.11564013605557401
sin_homo,0.2,0,2.2642642642642645,0.11157349800820847
sin_homo,0.2,0,2.2742742742742745,0.11355622591505615
sin_homo,0.2,0,2.2842842842842845,0.11497633570115876
sin_homo,0.2,0,2.2942942942942945,0.12492439300331427
sin_homo,0.2,0,2.3043043043043046,0.10465524814242477
sin_homo,0.2,0,2.3143143143143146,0.10273755770404885
sin_homo,0.2,0,2.3243243243243246,0.11164222009315154
sin_homo,0.2,0,2.3343343343343346,0.11229779191512215
sin_homo,0.2,0,2.3443443443443446,0.115951273010027
sin_homo,0.2,0,2.3543543543543546,0.10490331029066745
sin_homo,0.2,0,2.3643643643643646,0.11875224165908815
sin_homo,0.2,0,2.3743743743743746,0.10549534849386409
sin_homo,0.2,0,2.3843843843843846,0.09481835203147032
sin_homo,0.2,0,2.3943943943943946,0.11073668021843892
sin_homo,0.2,0,2.4044044044044046,0.10580935348027026
sin_homo,0.2,0,2.4144144144144146,0.09883533654913848
sin_homo,0.2,0,2.4244244244244246,0.10327994197686702
sin_homo,0.2,0,2.4344344344344346,0.0875214772835185
sin_homo,0.2,0,2.4444444444444446,0.0968637344575716
sin_homo,0.2,0,2.4544544544544546,0.09473019902672501
sin_homo,0.2,0,2.4644644644644647,0.09513606523764025
sin_homo,0.2,0,2.4744744744744747,0.08759886862744257
sin_homo,0.2,0,2.4844844844844847,0.09425105512623806
sin_homo,0.2,0,2.4944944944944947,0.08337761691904119
sin_homo,0.2,0,2.5045045045045047,0.08709525367534042
sin_homo,0.2,0,2.5145145145145147,0.09793067887721014
sin_homo,0.2,0,2.5245245245245247,0.08625777689449994
sin_homo,0.2,0,2.5345345345345347,0.09629259205890553
sin_homo,0.2,0,2.5445445445445447,0.08917627191066403
sin_homo,0.2,0,2.5545545545545547,0.09262888729661556
sin_homo,0.2,0,2.5645645645645647,0.0952777936430399
sin_homo,0.2,0,2.5745745745745747,0.07617676758261291
sin_homo,0.2,0,2.5845845845845847,0.08945722637864414
sin_homo,0.2,0,2.5945945945945947,0.08920095248414112
sin_homo,0.2,0,2.6046046046046047,0.08730234759297208
sin_homo,0.2,0,2.6146146146146148,0.08222159190831156
sin_homo,0.2,0,2.6246246246246248,0.08285120717592415
sin_homo,0.2,0,2.6346346346346348,0.08149779818514769
sin_homo,0.2,0,2.6446446446446448,0.08528037442299159
sin_homo,0.2,0,2.6546546546546548,0.08237517631935369
sin_homo,0.2,0,2.664664664664665,0.0827386175783439
sin_homo,0.2,0,2.674674674674675,0.0771855314442798
sin_homo,0.2,0,2.684684684684685,0.0843894470128651
sin_homo,0.2,0,2.694694694694695,0.0753098031485181
sin_homo,0.2,0,2.704704704704705,0.07605926663869667
sin_homo,0.2,0,2.714714714714715,0.07324571689225355
sin_homo,0.2,0,2.724724724724725,0.07039287020628761
sin_homo,0.2,0,2.734734734734735,0.07020138789453778
sin_homo,0.2,0,2.744744744744745,0.07334113777175992
sin_homo,0.2,0,2.754754754754755,0.08302234251474204
sin_homo,0.2,0,2.764764764764765,0.06174453891561867
sin_homo,0.2,0,2.774774774774775,0.06951339396665328
sin_homo,0.2,0,2.784784784784785,0.05530731296847095
sin_homo,0.2,0,2.794794794794795,0.059314012631067996
sin_homo,0.2,0,2.804804804804805,0.05811036822163476
sin_homo,0.2,0,2.814814814814815,0.07176203581207713
sin_homo,0.2,0,2.824824824824825,0.06326961895073255
sin_homo,0.2,0,2.834834834834835,0.06335974025227606
sin_homo,0.2,0,2.844844844844845,0.059044157986716916
sin_homo,0.2,0,2.854854854854855,0.06651967983523907
sin_homo,0.2,0,2.864864864864865,0.05916056103156078
sin_homo,0.2,0,2.874874874874875,0.05497124473159163
sin_homo,0.2,0,2.884884884884885,0.05062020901210009
sin_homo,0.2,0,2.894894894894895,0.0548776094263506
sin_homo,0.2,0,2.904904904904905,0.053276581939607874
sin_homo,0.2,0,2.914914914914915,0.05383181462908301
sin_homo,0.2,0,2.924924924924925,0.053005035381359596
sin_homo,0.2,0,2.934934934934935,0.06010792226517945
sin_homo,0.2,0,2.944944944944945,0.05624230283347555
sin_homo,0.2,0,2.954954954954955,0.05781283984879671
sin_homo,0.2,0,2.964964964964965,0.055796545378426037
sin_homo,0.2,0,2.974974974974975,0.04726361496094378
sin_homo,0.2,0,2.984984984984985,0.05471216889636969
sin_homo,0.2,0,2.994994994994995,0.050800380200745544
sin_homo,0.2,0,3.005005005005005,0.05506842898213262
sin_homo,0.2,0,3.015015015015015,0.049571334295161106
sin_homo,0.2,0,3.025025025025025,0.05170351537661799
sin_homo,0.2,0,3.035035035035035,0.052364078541087634
sin_homo,0.2,0,3.045045045045045,0.051531186874733535
sin_homo,0.2,0,3.055055055055055,0.053881655816421244
sin_homo,0.2,0,3.065065065065065,0.05342219781808464
sin_homo,0.2,0,3.075075075075075,0.04623507253673275
sin_homo,0.2,0,3.085085085085085,0.046415137434387264
sin_homo,0.2,0,3.095095095095095,0.052445991791308266
sin_homo,0.2,0,3.105105105105105,0.05156395019402757
sin_homo,0.2,0,3.115115115115115,0.05377410762275167
sin_homo,0.2,0,3.125125125125125,0.04630432726928532
sin_homo,0.2,0,3.135135135135135,0.0472107470604762
sin_homo,0.2,0,3.145145145145145,0.05405249364735731
sin_homo,0.2,0,3.155155155155155,0.054576679799116325
sin_homo,0.2,0,3.165165165165165,0.05952103241282363
sin_homo,0.2,0,3.175175175175175,0.054635961847136684
sin_homo,0.2,0,3.185185185185185,0.05358373982481399
sin_homo,0.2,0,3.195195195195195,0.05965846935588564
sin_homo,0.2,0,3.205205205205205,0.054050777843725945
sin_homo,0.2,0,3.215215215215215,0.05882114084488409
sin_homo,0.2,0,3.225225225225225,0.052979479259536465
sin_homo,0.2,0,3.235235235235235,0.05451687951061737
sin_homo,0.2,0,3.245245245245245,0.058450056757098495
sin_homo,0.2,0,3.255255255255255,0.056232396603446734
sin_homo,0.2,0,3.265265265265265,0.06288761449118405
sin_homo,0.2,0,3.275275275275275,0.06429578968080168
sin_homo,0.2,0,3.285285285285285,0.05771706961413317
sin_homo,0.2,0,3.295295295295295,0.060125968883234245
sin_homo,0.2,0,3.305305305305305,0.055162405698057033
sin_homo,0.2,0,3.315315315315315,0.056772904695833244
sin_homo,0.2,0,3.325325325325325,0.061888431074235715
sin_homo,0.2,0,3.335335335335335,0.07435777784004048
sin_homo,0.2,0,3.3453453453453452,0.06479192059041197
sin_homo,0.2,0,3.3553553553553552,0.06891289767759393
sin_homo,0.2,0,3.3653653653653652,0.06786536711246363
sin_homo,0.2,0,3.3753753753753752,0.07666648294446805
sin_homo,0.2,0,3.3853853853853852,0.061442943932741564
sin_homo,0.2,0,3.3953953953953953,0.072431815721788
sin_homo,0.2,0,3.4054054054054053,0.06970201077179485
sin_homo,0.2,0,3.4154154154154153,0.07108139751914856
sin_homo,0.2,0,3.4254254254254253,0.0747508124705933
sin_homo,0.2,0,3.4354354354354353,0.06975211618950462
sin_homo,0.2,0,3.4454454454454453,0.09251921889140054
sin_homo,0.2,0,3.4554554554554553,0.07713489502867724
sin_homo,0.2,0,3.4654654654654653,0.09150925167751832
sin_homo,0.2,0,3.4754754754754753,0.08631198669673078
sin_homo,0.2,0,3.4854854854854853,0.08261869645498525
sin_homo,0.2,0,3.4954954954954953,0.09484165975617016
sin_homo,0.2,0,3.5055055055055053,0.0921101636233658
sin_homo,0.2,0,3.5155155155155153,0.08644797625053585
sin_homo,0.2,0,3.5255255255255253,0.07457310646390239
sin_homo,0.2,0,3.5355355355355353,0.08468985269307368
sin_homo,0.2,0,3.5455455455455454,0.10089772294876612
sin_homo,0.2,0,3.5555555555555554,0.08391921358792674
sin_homo,0.2,0,3.5655655655655654,0.08672409989405498
sin_homo,0.2,0,3.5755755755755754,0.08966868441853727
sin_homo,0.2,0,3.5855855855855854,0.08964651256103412
sin_homo,0.2,0,3.5955955955955954,0.10500916050903157
sin_homo,0.2,0,3.6056056056056054,0.10010417547472507
sin_homo,0.2,0,3.6156156156156154,0.09788986145411926
sin_homo,0.2,0,3.6256256256256254,0.07419124703965432
sin_homo,0.2,0,3.6356356356356354,0.09847445955482473
sin_homo,0.2,0,3.6456456456456454,0.09369466914994051
sin_homo,0.2,0,3.6556556556556554,0.09755109429691775
sin_homo,0.2,0,3.6656656656656654,0.09708505190238101
sin_homo,0.2,0,3.6756756756756754,0.09456315378126035
sin_homo,0.2,0,3.6856856856856854,0.09660717313537609
sin_homo,0.2,0,3.6956956956956954,0.08864127795103204
sin_homo,0.2,0,3.7057057057057055,0.10631581199431259
sin_homo,0.2,0,3.7157157157157155,0.08553050235052324
sin_homo,0.2,0,3.7257257257257255,0.11179492642629459
sin_homo,0.2,0,3.7357357357357355,0.11384385969514745
sin_homo,0.2,0,3.7457457457457455,0.10718322009677222
sin_homo,0.2,0,3.7557557557557555,0.11909970660643662
sin_homo,0.2,0,3.7657657657657655,0.10646079406751462
sin_homo,0.2,0,3.7757757757757755,0.09425106909809007
sin_homo,0.2,0,3.7857857857857855,0.10154043670953465
sin_homo,0.2,0,3.7957957957957955,0.11653309812884025
sin_homo,0.2,0,3.8058058058058055,0.1134395258678766
sin_homo,0.2,0,3.8158158158158155,0.1098340532252641
sin_homo,0.2,0,3.8258258258258255,0.11278795843690378
sin_homo,0.2,0,3.8358358358358355,0.09452752187519076
sin_homo,0.2,0,3.8458458458458455,0.11748449274409115
sin_homo,0.2,0,3.8558558558558556,0.10779996240099954
sin_homo,0.2,0,3.8658658658658656,0.11573078809909784
sin_homo,0.2,0,3.8758758758758756,0.123894545625016
sin_homo,0.2,0,3.8858858858858856,0.12692392200533326
sin_homo,0.2,0,3.8958958958958956,0.11934172598048381
sin_homo,0.2,0,3.9059059059059056,0.13292153048514152
sin_homo,0.2,0,3.9159159159159156,0.1233989787870561
sin_homo,0.2,0,3.9259259259259256,0.1286230575859201
sin_homo,0.2,0,3.9359359359359356,0.10913965422940211
sin_homo,0.2,0,3.9459459459459456,0.11467200746547589
sin_homo,0.2,0,3.9559559559559556,0.13554986640608213
sin_homo,0.2,0,3.9659659659659656,0.12073366581228322
sin_homo,0.2,0,3.9759759759759756,0.11488273173202035
sin_homo,0.2,0,3.9859859859859856,0.12380292082008203
sin_homo,0.2,0,3.9959959959959956,0.11607109114809461
sin_homo,0.2,0,4.006006006006006,0.11810907682861883
sin_homo,0.2,0,4.016016016016016,0.1141081582067919
sin_homo,0.2,0,4.026026026026026,0.13957087385835448
sin_homo,0.2,0,4.036036036036036,0.12400517946122375
sin_homo,0.2,0,4.046046046046046,0.13647928046925278
sin_homo,0.2,0,4.056056056056056,0.14482251926375833
sin_homo,0.2,0,4.066066066066066,0.11647505144981263
sin_homo,0.2,0,4.076076076076076,0.13000304767121826
sin_homo,0.2,0,4.086086086086086,0.1353072952568179
sin_homo,0.2,0,4.096096096096096,0.13241254276482928
sin_homo,0.2,0,4.106106106106106,0.13405045272751687
sin_homo,0.2,0,4.116116116116116,0.1361702856324762
sin_homo,0.2,0,4.126126126126126,0.12529217907505963
sin_homo,0.2,0,4.136136136136136,0.130215143467022
sin_homo,0.2,0,4.146146146146146,0.13700612887748523
sin_homo,0.2,0,4.156156156156156,0.14921530708774766
sin_homo,0.2,0,4.166166166166166,0.12641648157697302
sin_homo,0.2,0,4.176176176176176,0.12073324620647077
sin_homo,0.2,0,4.186186186186186,0.13646016153903295
sin_homo,0.2,0,4.196196196196196,0.11849735802906385
sin_homo,0.2,0,4.206206206206206,0.14335416433374365
sin_homo,0.2,0,4.216216216216216,0.12187175237742284
sin_homo,0.2,0,4.226226226226226,0.13814541054474375
sin_homo,0.2,0,4.236236236236236,0.11980818136185233
sin_homo,0.2,0,4.246246246246246,0.15257917553109182
sin_homo,0.2,0,4.256256256256256,0.14110095313811116
sin_homo,0.2,0,4.266266266266266,0.13645643892834391
sin_homo,0.2,0,4.276276276276276,0.13176116233237653
sin_homo,0.2,0,4.286286286286286,0.13607776351093015
sin_homo,0.2,0,4.296296296296296,0.1457335347588622
sin_homo,0.2,0,4.306306306306306,0.13767352394858498
sin_homo,0.2,0,4.316316316316316,0.13314104180646527
sin_homo,0.2,0,4.326326326326326,0.13641755602318922
sin_homo,0.2,0,4.336336336336336,0.12957541316010018
sin_homo,0.2,0,4.346346346346346,0.13364997696923633
sin_homo,0.2,0,4.356356356356356,0.136531297461118
sin_homo,0.2,0,4.366366366366366,0.14333666858185065
sin_homo,0.2,0,4.376376376376376,0.1400321244809299
sin_homo,0.2,0,4.386386386386386,0.13181653818170871
sin_homo,0.2,0,4.396396396396396,0.13382334350385128
sin_homo,0.2,0,4.406406406406406,0.13753813059350845
sin_homo,0.2,0,4.416416416416417,0.15684898080746063
sin_homo,0.2,0,4.426426426426427,0.135856292847583
sin_homo,0.2,0,4.436436436436437,0.1394590984649577
sin_homo,0.2,0,4.446446446446447,0.1224648895484089
sin_homo,0.2,0,4.456456456456457,0.1447808593625369
sin_homo,0.2,0,4.466466466466467,0.14120844949673347
sin_homo,0.2,0,4.476476476476477,0.15931989046864023
sin_homo,0.2,0,4.486486486486487,0.14778156243182194
sin_homo,0.2,0,4.496496496496497,0.14133582552746393
sin_homo,0.2,0,4.506506506506507,0.14644373785945036
sin_homo,0.2,0,4.516516516516517,0.13332472373763815
sin_homo,0.2,0,4.526526526526527,0.13926526992229013
sin_homo,0.2,0,4.536536536536537,0.1363804176639549
sin_homo,0.2,0,4.546546546546547,0.14527210731618997
sin_homo,0.2,0,4.556556556556557,0.1494662219982553
sin_homo,0.2,0,4.566566566566567,0.14152059068919975
sin_homo,0.2,0,4.576576576576577,0.14921942327930235
sin_homo,0.2,0,4.586586586586587,0.14557748341558696
sin_homo,0.2,0,4.596596596596597,0.14909999706499769
sin_homo,0.2,0,4.606606606606607,0.152704996116297
sin_homo,0.2,0,4.616616616616617,0.1486855863351404
sin_homo,0.2,0,4.626626626626627,0.14583140623466742
sin_homo,0.2,0,4.636636636636637,0.14914847388105235
sin_homo,0.2,0,4.646646646646647,0.13753768916758374
sin_homo,0.2,0,4.656656656656657,0.14092048663763146
sin_homo,0.2,0,4.666666666666667,0.15297345796862502
sin_homo,0.2,0,4.676676676676677,0.1496987922338925
sin_homo,0.2,0,4.686686686686687,0.14029392196821036
sin_homo,0.2,0,4.696696696696697,0.1327198909487584
sin_homo,0.2,0,4.706706706706707,0.14113033613870932
sin_homo,0.2,0,4.716716716716717,0.15055998465911963
sin_homo,0.2,0,4.726726726726727,0.13470192899750769
sin_homo,0.2,0,4.736736736736737,0.15146449260048087
sin_homo,0.2,0,4.746746746746747,0.1299303214783411
sin_homo,0.2,0,4.756756756756757,0.15617432352027558
sin_homo,0.2,0,4.766766766766767,0.13964773898200689
sin_homo,0.2,0,4.776776776776777,0.15033751054119476
sin_homo,0.2,0,4.786786786786787,0.1582692747163907
sin_homo,0.2,0,4.796796796796797,0.13736559126506265
sin_homo,0.2,0,4.806806806806807,0.15194689518454896
sin_homo,0.2,0,4.816816816816817,0.14551877480980183
sin_homo,0.2,0,4.826826826826827,0.12261439957846833
sin_homo,0.2,0,4.836836836836837,0.1375033736626866
sin_homo,0.2,0,4.846846846846847,0.1457466821806251
sin_homo,0.2,0,4.856856856856857,0.151215996901155
sin_homo,0.2,0,4.866866866866867,0.12778503331873062
sin_homo,0.2,0,4.876876876876877,0.14826258942470175
sin_homo,0.2,0,4.886886886886887,0.15275870397217528
sin_homo,0.2,0,4.896896896896897,0.14870433603878985
sin_homo,0.2,0,4.906906906906907,0.1437093926486899
sin_homo,0.2,0,4.916916916916917,0.16382407315257413
sin_homo,0.2,0,4.926926926926927,0.15027483919521872
sin_homo,0.2,0,4.936936936936937,0.14154127519599619
sin_homo,0.2,0,4.946946946946947,0.1452578811369159
sin_homo,0.2,0,4.956956956956957,0.14083908954407967
sin_homo,0.2,0,4.966966966966967,0.15788130317836882
sin_homo,0.2,0,4.976976976976977,0.15513450343776478
sin_homo,0.2,0,4.986986986986987,0.15444799771441337
sin_homo,0.2,0,4.996996996996997,0.12929810048751122
sin_homo,0.2,0,5.007007007007007,0.1705393302072506
sin_homo,0.2,0,5.017017017017017,0.14682650235134265
sin_homo,0.2,0,5.027027027027027,0.1699414120868427
sin_homo,0.2,0,5.037037037037037,0.15526871892704763
sin_homo,0.2,0,5.047047047047047,0.157138543255421
sin_homo,0.2,0,5.057057057057057,0.13806018418998978
sin_homo,0.2,0,5.067067067067067,0.1618507005729719
sin_homo,0.2,0,5.077077077077077,0.1423613382620841
sin_homo,0.2,0,5.087087087087087,0.14409891201470804
sin_homo,0.2,0,5.097097097097097,0.16406271383650248
sin_homo,0.2,0,5.107107107107107,0.15547138894598697
sin_homo,0.2,0,5.117117117117117,0.13262146731297772
sin_homo,0.2,0,5.127127127127127,0.15967018031510136
sin_homo,0.2,0,5.137137137137137,0.154670181579588
sin_homo,0.2,0,5.147147147147147,0.15007045957717108
sin_homo,0.2,0,5.157157157157157,0.13577743232639838
sin_homo,0.2,0,5.167167167167167,0.15067816779484114
sin_homo,0.2,0,5.177177177177177,0.14640177472674942
sin_homo,0.2,0,5.187187187187187,0.157822935817422
sin_homo,0.2,0,5.197197197197197,0.15124547877982514
sin_homo,0.2,0,5.207207207207207,0.14068230518703975
sin_homo,0.2,0,5.217217217217217,0.1354486892899322
sin_homo,0.2,0,5.227227227227227,0.1405988336343354
sin_homo,0.2,0,5.237237237237237,0.13746499815854502
sin_homo,0.2,0,5.247247247247247,0.13700503937016487
sin_homo,0.2,0,5.257257257257257,0.13357442098625566
sin_homo,0.2,0,5.267267267267267,0.14104874928277775
sin_homo,0.2,0,5.277277277277277,0.16818302932684212
sin_homo,0.2,0,5.287287287287287,0.14953768042061721
sin_homo,0.2,0,5.297297297297297,0.1441880468193441
sin_homo,0.2,0,5.307307307307307,0.15494207688772615
sin_homo,0.2,0,5.317317317317317,0.16755229640272473
sin_homo,0.2,0,5.327327327327327,0.1649247215128957
sin_homo,0.2,0,5.337337337337337,0.14814611430295327
sin_homo,0.2,0,5.347347347347347,0.14142894390444397
sin_homo,0.2,0,5.357357357357357,0.14286834718969396
sin_homo,0.2,0,5.367367367367367,0.1752427757309283
sin_homo,0.2,0,5.377377377377377,0.16235465272682278
sin_homo,0.2,0,5.387387387387387,0.1426922024644758
sin_homo,0.2,0,5.397397397397397,0.13622352965945647
sin_homo,0.2,0,5.407407407407407,0.1475809163116683
sin_homo,0.2,0,5.4174174174174174,0.15705851913718508
sin_homo,0.2,0,5.4274274274274275,0.16159312252322608
sin_homo,0.2,0,5.4374374374374375,0.13832358101990389
sin_homo,0.2,0,5.4474474474474475,0.1490558227392354
sin_homo,0.2,0,5.4574574574574575,0.12839438268592077
sin_homo,0.2,0,5.4674674674674675,0.14526636475233265
sin_homo,0.2,0,5.4774774774774775,0.14913180419423694
sin_homo,0.2,0,5.4874874874874875,0.1471857441935825
sin_homo,0.2,0,5.4974974974974975,0.16554043484026482
sin_homo,0.2,0,5.5075075075075075,0.16220409520616239
sin_homo,0.2,0,5.5175175175175175,0.14781442984964308
sin_homo,0.2,0,5.5275275275275275,0.14922460335393972
sin_homo,0.2,0,5.5375375375375375,0.16185016248558234
sin_homo,0.2,0,5.5475475475475475,0.1362098505113659
sin_homo,0.2,0,5.5575575575575575,0.14467479171976247
sin_homo,0.2,0,5.5675675675675675,0.16291047048886206
sin_homo,0.2,0,5.5775775775775776,0.15575327827848864
sin_homo,0.2,0,5.587587587587588,0.1624790576582741
sin_homo,0.2,0,5.597597597597598,0.15505684376407772
sin_homo,0.2,0,5.607607607607608,0.15491845355296535
sin_homo,0.2,0,5.617617617617618,0.13961813769082576
sin_homo,0.2,0,5.627627627627628,0.15516435715850205
sin_homo,0.2,0,5.637637637637638,0.1397940535996982
sin_homo,0.2,0,5.647647647647648,0.17055376989140308
sin_homo,0.2,0,5.657657657657658,0.15331817263415826
sin_homo,0.2,0,5.667667667667668,0.16894283100320387
sin_homo,0.2,0,5.677677677677678,0.15635765389320366
sin_homo,0.2,0,5.687687687687688,0.15095876576616304
sin_homo,0.2,0,5.697697697697698,0.1589245646502841
sin_homo,0.2,0,5.707707707707708,0.15620015421400021
sin_homo,0.2,0,5.717717717717718,0.15096134724993643
sin_homo,0.2,0,5.727727727727728,0.150722327449879
sin_homo,0.2,0,5.737737737737738,0.15338480347927402
sin_homo,0.2,0,5.747747747747748,0.1533906680535778
sin_homo,0.2,0,5.757757757757758,0.1575227051875143
sin_homo,0.2,0,5.767767767767768,0.1456072934728714
sin_homo,0.2,0,5.777777777777778,0.15186757283495272
sin_homo,0.2,0,5.787787787787788,0.1698116654505729
sin_homo,0.2,0,5.797797797797798,0.15722428921180628
sin_homo,0.2,0,5.807807807807808,0.15490374239126914
sin_homo,0.2,0,5.817817817817818,0.15872611356042818
sin_homo,0.2,0,5.827827827827828,0.16172114005116103
sin_homo,0.2,0,5.837837837837838,0.15624006589045358
sin_homo,0.2,0,5.847847847847848,0.16719021765415784
sin_homo,0.2,0,5.857857857857858,0.16388156809725504
sin_homo,0.2,0,5.867867867867868,0.15875928628497477
sin_homo,0.2,0,5.877877877877878,0.14415121412145662
sin_homo,0.2,0,5.887887887887888,0.16383443492118263
sin_homo,0.2,0,5.897897897897898,0.1482653431626908
sin_homo,0.2,0,5.907907907907908,0.14274205874809068
sin_homo,0.2,0,5.917917917917918,0.1494799685315441
sin_homo,0.2,0,5.927927927927928,0.1572288879969764
sin_homo,0.2,0,5.937937937937938,0.15115252372455684
sin_homo,0.2,0,5.947947947947948,0.15980042166876368
sin_homo,0.2,0,5.957957957957958,0.17113710733400453
sin_homo,0.2,0,5.967967967967968,0.14835332300110646
sin_homo,0.2,0,5.977977977977978,0.1618457081126897
sin_homo,0.2,0,5.987987987987988,0.14987725720593417
sin_homo,0.2,0,5.997997997997998,0.16052638531259295
sin_homo,0.2,0,6.008008008008009,0.1482257078456059
sin_homo,0.2,0,6.018018018018019,0.16013979877145357
sin_homo,0.2,0,6.028028028028029,0.17235596582165996
sin_homo,0.2,0,6.038038038038039,0.1389581749395689
sin_homo,0.2,0,6.048048048048049,0.16051930447037324
sin_homo,0.2,0,6.058058058058059,0.13321030461119496
sin_homo,0.2,0,6.068068068068069,0.14713839844810897
sin_homo,0.2,0,6.078078078078079,0.15058112613282232
sin_homo,0.2,0,6.088088088088089,0.1504122665648604
sin_homo,0.2,0,6.098098098098099,0.1607481166295387
sin_homo,0.2,0,6.108108108108109,0.15699926530867112
sin_homo,0.2,0,6.118118118118119,0.1550211889705806
sin_homo,0.2,0,6.128128128128129,0.15322890799322572
sin_homo,0.2,0,6.138138138138139,0.1430976780592004
sin_homo,0.2,0,6.148148148148149,0.14490112668484792
sin_homo,0.2,0,6.158158158158159,0.16562763906286648
sin_homo,0.2,0,6.168168168168169,0.16885697886197032
sin_homo,0.2,0,6.178178178178179,0.1497921169432484
sin_homo,0.2,0,6.188188188188189,0.14867457274639737
sin_homo,0.2,0,6.198198198198199,0.15320050245646796
sin_homo,0.2,0,6.208208208208209,0.14580925064485412
sin_homo,0.2,0,6.218218218218219,0.15705428093543014
sin_homo,0.2,0,6.228228228228229,0.14380326019869877
sin_homo,0.2,0,6.238238238238239,0.1659025394072209
sin_homo,0.2,0,6.248248248248249,0.16015222365666443
sin_homo,0.2,0,6.258258258258259,0.14349555248526163
sin_homo,0.2,0,6.268268268268269,0.16390218722235347
sin_homo,0.2,0,6.278278278278279,0.17850819926040146
sin_homo,0.2,0,6.288288288288289,0.15405965126004997
sin_homo,0.2,0,6.298298298298299,0.14326807814244086
sin_homo,0.2,0,6.308308308308309,0.1590041478813362
sin_homo,0.2,0,6.318318318318319,0.14047934308661764
sin_homo,0.2,0,6.328328328328329,0.16597991759429384
sin_homo,0.2,0,6.338338338338339,0.15421203459668462
sin_homo,0.2,0,6.348348348348349,0.16463872796231108
sin_homo,0.2,0,6.358358358358359,0.13537803458145625
sin_homo,0.2,0,6.368368368368369,0.13815642541858317
sin_homo,0.2,0,6.378378378378379,0.15546459944605995
sin_homo,0.2,0,6.388388388388389,0.16793374637612962
sin_homo,0.2,0,6.398398398398399,0.15549578866356806
sin_homo,0.2,0,6.408408408408409,0.148190949088597
sin_homo,0.2,0,6.418418418418419,0.13994229215577045
sin_homo,0.2,0,6.428428428428429,0.171181793097556
sin_homo,0.2,0,6.438438438438439,0.16210193914151128
sin_homo,0.2,0,6.448448448448449,0.1261573447845386
sin_homo,0.2,0,6.458458458458459,0.16446941132641782
sin_homo,0.2,0,6.468468468468469,0.15375728946386977
sin_homo,0.2,0,6.478478478478479,0.14791722342405333
sin_homo,0.2,0,6.488488488488489,0.16294684445127422
sin_homo,0.2,0,6.498498498498499,0.15433832660162308
sin_homo,0.2,0,6.508508508508509,0.14023003532934272
sin_homo,0.2,0,6.518518518518519,0.15100592304700453
sin_homo,0.2,0,6.528528528528529,0.14375908563815712
sin_homo,0.2,0,6.538538538538539,0.1543149183828676
sin_homo,0.2,0,6.548548548548549,0.15410910581707354
sin_homo,0.2,0,6.558558558558559,0.15087647731312376
sin_homo,0.2,0,6.568568568568569,0.16949122203290032
sin_homo,0.2,0,6.578578578578579,0.1494631774243421
sin_homo,0.2,0,6.588588588588589,0.16362574877994024
sin_homo,0.2,0,6.598598598598599,0.1293721051582024
sin_homo,0.2,0,6.608608608608609,0.16943427755836238
sin_homo,0.2,0,6.618618618618619,0.17092876232966653
sin_homo,0.2,0,6.628628628628629,0.1435266658386248
sin_homo,0.2,0,6.638638638638639,0.1567318319729629
sin_homo,0.2,0,6.648648648648649,0.1506526106032737
sin_homo,0.2,0,6.658658658658659,0.16758284073422977
sin_homo,0.2,0,6.668668668668669,0.15476414289105678
sin_homo,0.2,0,6.678678678678679,0.1792939971622582
sin_homo,0.2,0,6.688688688688689,0.1525194469948365
sin_homo,0.2,0,6.698698698698699,0.15293405642844757
sin_homo,0.2,0,6.708708708708709,0.16962238232322702
sin_homo,0.2,0,6.718718718718719,0.13256453229880694
sin_homo,0.2,0,6.728728728728729,0.14117723254400322
sin_homo,0.2,0,6.738738738738739,0.16736760989286367
sin_homo,0.2,0,6.748748748748749,0.1552412328337712
sin_homo,0.2,0,6.758758758758759,0.15701049219646315
sin_homo,0.2,0,6.768768768768769,0.15606427141743004
sin_homo,0.2,0,6.778778778778779,0.1665909494770361
sin_homo,0.2,0,6.788788788788789,0.15808691909187955
sin_homo,0.2,0,6.798798798798799,0.15435966880812
sin_homo,0.2,0,6.808808808808809,0.15274748710819658
sin_homo,0.2,0,6.818818818818819,0.1461469953284003
sin_homo,0.2,0,6.828828828828829,0.14690210973013473
sin_homo,0.2,0,6.838838838838839,0.1724530904612469
sin_homo,0.2,0,6.848848848848849,0.1782707406843863
sin_homo,0.2,0,6.858858858858859,0.15767894748382622
sin_homo,0.2,0,6.868868868868869,0.15045626325342384
sin_homo,0.2,0,6.878878878878879,0.171886094739116
sin_homo,0.2,0,6.888888888888889,0.14472688414001306
sin_homo,0.2,0,6.898898898898899,0.15960590703576255
sin_homo,0.2,0,6.908908908908909,0.1589878425929377
sin_homo,0.2,0,6.918918918918919,0.1715759200082208
sin_homo,0.2,0,6.928928928928929,0.16589303483485335
sin_homo,0.2,0,6.938938938938939,0.17484390110365258
sin_homo,0.2,0,6.948948948948949,0.161283931689538
sin_homo,0.2,0,6.958958958958959,0.1567965959407871
sin_homo,0.2,0,6.968968968968969,0.15565897218363248
sin_homo,0.2,0,6.978978978978979,0.16493302758990583
sin_homo,0.2,0,6.988988988988989,0.16468321579898074
sin_homo,0.2,0,6.998998998998999,0.1566092457108815
sin_homo,0.2,0,7.009009009009009,0.16407426429092922
sin_homo,0.2,0,7.019019019019019,0.1671434045597799
sin_homo,0.2,0,7.029029029029029,0.1474643497718916
sin_homo,0.2,0,7.039039039039039,0.14709690221191524
sin_homo,0.2,0,7.049049049049049,0.17074069258300628
sin_homo,0.2,0,7.059059059059059,0.1359252799835244
sin_homo,0.2,0,7.069069069069069,0.145931742527482
sin_homo,0.2,0,7.079079079079079,0.18584105101345808
sin_homo,0.2,0,7.089089089089089,0.16830877080458256
sin_homo,0.2,0,7.099099099099099,0.1818756572417209
sin_homo,0.2,0,7.109109109109109,0.15042109511811133
sin_homo,0.2,0,7.119119119119119,0.16044164437504882
sin_homo,0.2,0,7.129129129129129,0.1535356256345814
sin_homo,0.2,0,7.1391391391391394,0.15758890306508286
sin_homo,0.2,0,7.1491491491491495,0.15841082680491214
sin_homo,0.2,0,7.1591591591591595,0.14726446329723294
sin_homo,0.2,0,7.1691691691691695,0.14921483990048318
sin_homo,0.2,0,7.1791791791791795,0.16627746334862367
sin_homo,0.2,0,7.1891891891891895,0.16112533222146463
sin_homo,0.2,0,7.1991991991991995,0.1344940990418562
sin_homo,0.2,0,7.2092092092092095,0.15061856379654096
sin_homo,0.2,0,7.2192192192192195,0.15868758035964808
sin_homo,0.2,0,7.2292292292292295,0.16618298701637718
sin_homo,0.2,0,7.2392392392392395,0.14833936370382053
sin_homo,0.2,0,7.2492492492492495,0.17309186580817162
sin_homo,0.2,0,7.2592592592592595,0.13732009966597924
sin_homo,0.2,0,7.2692692692692695,0.15406954020254787
sin_homo,0.2,0,7.2792792792792795,0.13391602468413194
sin_homo,0.2,0,7.2892892892892895,0.14118008323199238
sin_homo,0.2,0,7.2992992992992995,0.1687284169480906
sin_homo,0.2,0,7.3093093093093096,0.14153105965422214
sin_homo,0.2,0,7.31931931931932,0.1461559823907995
sin_homo,0.2,0,7.32932932932933,0.14183975743818966
sin_homo,0.2,0,7.33933933933934,0.16186438382700266
sin_homo,0.2,0,7.34934934934935,0.16067862195260094
sin_homo,0.2,0,7.35935935935936,0.15609462171998434
sin_homo,0.2,0,7.36936936936937,0.14455342912500205
sin_homo,0.2,0,7.37937937937938,0.15075222057501894
sin_homo,0.2,0,7.38938938938939,0.16223436177899542
sin_homo,0.2,0,7.3993993993994,0.14661548877746272
sin_homo,0.2,0,7.40940940940941,0.16312938580449676
sin_homo,0.2,0,7.41941941941942,0.14049216600890083
sin_homo,0.2,0,7.42942942942943,0.15932276522101782
sin_homo,0.2,0,7.43943943943944,0.1492585230843088
sin_homo,0.2,0,7.44944944944945,0.15899276969359466
sin_homo,0.2,0,7.45945945945946,0.1590355754398998
sin_homo,0.2,0,7.46946946946947,0.14141336812788502
sin_homo,0.2,0,7.47947947947948,0.17147618136906423
sin_homo,0.2,0,7.48948948948949,0.15886333254737584
sin_homo,0.2,0,7.4994994994995,0.16159979139410002
sin_homo,0.2,0,7.50950950950951,0.17553306748704392
sin_homo,0.2,0,7.51951951951952,0.16804816759130825
sin_homo,0.2,0,7.52952952952953,0.17259149730472498
sin_homo,0.2,0,7.53953953953954,0.16048517227578002
sin_homo,0.2,0,7.54954954954955,0.13768030877070014
sin_homo,0.2,0,7.55955955955956,0.14062242663897542
sin_homo,0.2,0,7.56956956956957,0.16936876624838162
sin_homo,0.2,0,7.57957957957958,0.1477071975888308
sin_homo,0.2,0,7.58958958958959,0.15260466698613281
sin_homo,0.2,0,7.5995995995996,0.14217076520157587
sin_homo,0.2,0,7.60960960960961,0.14215701861703053
sin_homo,0.2,0,7.61961961961962,0.15330923083107054
sin_homo,0.2,0,7.62962962962963,0.177492372129863
sin_homo,0.2,0,7.63963963963964,0.15855237630141292
sin_homo,0.2,0,7.64964964964965,0.15300138704094146
sin_homo,0.2,0,7.65965965965966,0.15770679917146216
sin_homo,0.2,0,7.66966966966967,0.15071047378702626
sin_homo,0.2,0,7.67967967967968,0.133740290218672
sin_homo,0.2,0,7.68968968968969,0.17305007032087436
sin_homo,0.2,0,7.6996996996997,0.1378691094699709
sin_homo,0.2,0,7.70970970970971,0.18970597309098644
sin_homo,0.2,0,7.71971971971972,0.17359269385311665
sin_homo,0.2,0,7.72972972972973,0.16357962171608897
sin_homo,0.2,0,7.73973973973974,0.13881002850844687
sin_homo,0.2,0,7.74974974974975,0.15714181691962137
sin_homo,0.2,0,7.75975975975976,0.1498269544560916
sin_homo,0.2,0,7.76976976976977,0.16503421990834422
sin_homo,0.2,0,7.77977977977978,0.15236612672858815
sin_homo,0.2,0,7.78978978978979,0.16912278918156815
sin_homo,0.2,0,7.7997997997998,0.13822848825965908
sin_homo,0.2,0,7.80980980980981,0.15213325666052124
sin_homo,0.2,0,7.81981981981982,0.16035925006638427
sin_homo,0.2,0,7.82982982982983,0.14777946632502115
sin_homo,0.2,0,7.83983983983984,0.15510214608295
sin_homo,0.2,0,7.84984984984985,0.17006595186540716
sin_homo,0.2,0,7.85985985985986,0.16438837578298865
sin_homo,0.2,0,7.86986986986987,0.15321113511947843
sin_homo,0.2,0,7.87987987987988,0.14386282244533463
sin_homo,0.2,0,7.88988988988989,0.13242145473666886
sin_homo,0.2,0,7.8998998998999,0.14440751611774794
sin_homo,0.2,0,7.90990990990991,0.16605233916308507
sin_homo,0.2,0,7.91991991991992,0.15166096988735642
sin_homo,0.2,0,7.92992992992993,0.1487997104531106
sin_homo,0.2,0,7.93993993993994,0.16619955158527858
sin_homo,0.2,0,7.94994994994995,0.1585763421889677
sin_homo,0.2,0,7.95995995995996,0.15343512607946222
sin_homo,0.2,0,7.96996996996997,0.1549521126298841
sin_homo,0.2,0,7.97997997997998,0.14224010403008772
sin_homo,0.2,0,7.98998998998999,0.15182185074228782
sin_homo,0.2,0,8.0,0.1555579181992134
sin_homo,0.2,1,-2.0,0.15911414863075957
sin_homo,0.2,1,-1.98998998998999,0.18326822069589035
sin_homo,0.2,1,-1.97997997997998,0.1614024874927972
sin_homo,0.2,1,-1.96996996996997,0.166553422182473
sin_homo,0.2,1,-1.95995995995996,0.15916138472687055
sin_homo,0.2,1,-1.94994994994995,0.15807801937864216
sin_homo,0.2,1,-1.93993993993994,0.15335938303999885
sin_homo,0.2,1,-1.92992992992993,0.16021820253061583
sin_homo,0.2,1,-1.91991991991992,0.14104637729917321
sin_homo,0.2,1,-1.90990990990991,0.1477999144956244
sin_homo,0.2,1,-1.8998998998999,0.1695571806996707
sin_homo,0.2,1,-1.88988988988989,0.1618292391134496
sin_homo,0.2,1,-1.87987987987988,0.15558525405519313
sin_homo,0.2,1,-1.86986986986987,0.16173138540927198
sin_homo,0.2,1,-1.85985985985986,0.16570649775354857
sin_homo,0.2,1,-1.84984984984985,0.16556488539640696
sin_homo,0.2,1,-1.83983983983984,0.1740688787937291
sin_homo,0.2,1,-1.82982982982983,0.1541969262101685
sin_homo,0.2,1,-1.8198198198198199,0.16158375078560502
sin_homo,0.2,1,-1.8098098098098099,0.16973573898110153
sin_homo,0.2,1,-1.7997997997997999,0.1689391415872168
sin_homo,0.2,1,-1.7897897897897899,0.1756687646106887
sin_homo,0.2,1,-1.7797797797797799,0.1531588354484571
sin_homo,0.2,1,-1.7697697697697699,0.15789149605602198
sin_homo,0.2,1,-1.7597597597597598,0.1603826151816451
sin_homo,0.2,1,-1.7497497497497498,0.168890032625368
sin_homo,0.2,1,-1.7397397397397398,0.15912699902887317
sin_homo,0.2,1,-1.7297297297297298,0.15213390636149962
sin_homo,0.2,1,-1.7197197197197198,0.16438573254610434
sin_homo,0.2,1,-1.7097097097097098,0.16048739396362652
sin_homo,0.2,1,-1.6996996996996998,0.14935175894930003
sin_homo,0.2,1,-1.6896896896896898,0.1641938495367673
sin_homo,0.2,1,-1.6796796796796798,0.15794574474543194
sin_homo,0.2,1,-1.6696696696696698,0.15384573426079778
sin_homo,0.2,1,-1.6596596596596598,0.17233199479934105
sin_homo,0.2,1,-1.6496496496496498,0.15159932364948736
sin_homo,0.2,1,-1.6396396396396398,0.16565308315300567
sin_homo,0.2,1,-1.6296296296296298,0.16107331897450305
sin_homo,0.2,1,-1.6196196196196198,0.17968148867489298
sin_homo,0.2,1,-1.6096096096096097,0.1692854126847381
sin_homo,0.2,1,-1.5995995995995997,0.1367114209649639
sin_homo,0.2,1,-1.5895895895895895,0.1485827930130705
sin_homo,0.2,1,-1.5795795795795795,0.15282035402199048
sin_homo,0.2,1,-1.5695695695695695,0.1590390895329572
sin_homo,0.2,1,-1.5595595595595595,0.17983835385982713
sin_homo,0.2,1,-1.5495495495495495,0.17292137840144586
sin_homo,0.2,1,-1.5395395395395395,0.17202277179641617
sin_homo,0.2,1,-1.5295295295295295,0.1650746237297942
sin_homo,0.2,1,-1.5195195195195195,0.1475595242006358
sin_homo,0.2,1,-1.5095095095095095,0.1574548146256527
sin_homo,0.2,1,-1.4994994994994995,0.1494882922367145
sin_homo,0.2,1,-1.4894894894894894,0.12645929183511284
sin_homo,0.2,1,-1.4794794794794794,0.14783332076904743
sin_homo,0.2,1,-1.4694694694694694,0.15872000652961155
sin_homo,0.2,1,-1.4594594594594594,0.16288801322988786
sin_homo,0.2,1,-1.4494494494494494,0.14583308226423278
sin_homo,0.2,1,-1.4394394394394394,0.1643030580598661
sin_homo,0.2,1,-1.4294294294294294,0.14733628786607508
sin_homo,0.2,1,-1.4194194194194194,0.15659026633139825
sin_homo,0.2,1,-1.4094094094094094,0.1685401808205929
sin_homo,0.2,1,-1.3993993993993994,0.1625505612768496
sin_homo,0.2,1,-1.3893893893893894,0.1717305981080839
sin_homo,0.2,1,-1.3793793793793794,0.16563128577867609
sin_homo,0.2,1,-1.3693693693693694,0.16753608289642782
sin_homo,0.2,1,-1.3593593593593594,0.15544739294211307
sin_homo,0.2,1,-1.3493493493493494,0.17292203145369306
sin_homo,0.2,1,-1.3393393393393394,0.1525381912336791
sin_homo,0.2,1,-1.3293293293293293,0.1739177615204766
sin_homo,0.2,1,-1.3193193193193193,0.14937852372806149
sin_homo,0.2,1,-1.3093093093093093,0.17062241018748991
sin_homo,0.2,1,-1.2992992992992993,0.1565988580988874
sin_homo,0.2,1,-1.2892892892892893,0.17158292325262176
sin_homo,0.2,1,-1.2792792792792793,0.1717013863373482
sin_homo,0.2,1,-1.2692692692692693,0.16813126484850846
sin_homo,0.2,1,-1.2592592592592593,0.1921548432983196
sin_homo,0.2,1,-1.2492492492492493,0.15384824011781795
sin_homo,0.2,1,-1.2392392392392393,0.15612320621357484
sin_homo,0.2,1,-1.2292292292292293,0.16948892988181355
sin_homo,0.2,1,-1.2192192192192193,0.16628905880749728
sin_homo,0.2,1,-1.2092092092092093,0.15525728688094215
sin_homo,0.2,1,-1.1991991991991993,0.14629300386281044
sin_homo,0.2,1,-1.189189189189189,0.1663404290252155
sin_homo,0.2,1,-1.179179179179179,0.17304445310169175
sin_homo,0.2,1,-1.169169169169169,0.17011344763448313
sin_homo,0.2,1,-1.159159159159159,0.15051391905261713
sin_homo,0.2,1,-1.149149149149149,0.17210182713780806
sin_homo,0.2,1,-1.139139139139139,0.17331826241173315
sin_homo,0.2,1,-1.129129129129129,0.16293391878612776
sin_homo,0.2,1,-1.119119119119119,0.15864494762259596
sin_homo,0.2,1,-1.109109109109109,0.17106322705360585
sin_homo,0.2,1,-1.099099099099099,0.15575089827650174
sin_homo,0.2,1,-1.089089089089089,0.1553228249435248
sin_homo,0.2,1,-1.079079079079079,0.15760616137369873
sin_homo,0.2,1,-1.069069069069069,0.1653317765810761
sin_homo,0.2,1,-1.059059059059059,0.1647318170519367
sin_homo,0.2,1,-1.049049049049049,0.1437893223041315
sin_homo,0.2,1,-1.039039039039039,0.15444697926527734
sin_homo,0.2,1,-1.029029029029029,0.1675245216191654
sin_homo,0.2,1,-1.019019019019019,0.1520422045021187
sin_homo,0.2,1,-1.009009009009009,0.15528677872554955
sin_homo,0.2,1,-0.9989989989989989,0.15656090205813267
sin_homo,0.2,1,-0.9889889889889889,0.16147137285018506
sin_homo,0.2,1,-0.9789789789789789,0.16232393134697687
sin_homo,0.2,1,-0.9689689689689689,0.18918582078670435
sin_homo,0.2,1,-0.9589589589589589,0.14985284227052803
sin_homo,0.2,1,-0.9489489489489489,0.14874305577249014
sin_homo,0.2,1,-0.9389389389389389,0.16534836026374794
sin_homo,0.2,1,-0.9289289289289289,0.161184113276265
sin_homo,0.2,1,-0.9189189189189189,0.15990594630458665
sin_homo,0.2,1,-0.9089089089089089,0.16879182414759958
sin_homo,0.2,1,-0.8988988988988988,0.16313186322770784
sin_homo,0.2,1,-0.8888888888888888,0.16221078726723312
sin_homo,0.2,1,-0.8788788788788788,0.14522246183588408
sin_homo,0.2,1,-0.8688688688688688,0.14745070781728548
sin_homo,0.2,1,-0.8588588588588588,0.151310277859234
sin_homo,0.2,1,-0.8488488488488488,0.15632901846461297
sin_homo,0.2,1,-0.8388388388388388,0.14292701230389257
sin_homo,0.2,1,-0.8288288288288288,0.14874518553290758
sin_homo,0.2,1,-0.8188188188188188,0.1767942818415559
sin_homo,0.2,1,-0.8088088088088088,0.16837791836536384
sin_homo,0.2,1,-0.7987987987987988,0.1600480334579412
sin_homo,0.2,1,-0.7887887887887888,0.15467350450058173
sin_homo,0.2,1,-0.7787787787787788,0.15382788487077995
sin_homo,0.2,1,-0.7687687687687688,0.13694397767255545
sin_homo,0.2,1,-0.7587587587587588,0.16010316046255663
sin_homo,0.2,1,-0.7487487487487487,0.18138165349534788
sin_homo,0.2,1,-0.7387387387387387,0.1479365346637094
sin_homo,0.2,1,-0.7287287287287287,0.14385451598446097
sin_homo,0.2,1,-0.7187187187187187,0.14926064127987293
sin_homo,0.2,1,-0.7087087087087087,0.15236701212125284
sin_homo,0.2,1,-0.6986986986986987,0.15112378684642452
sin_homo,0.2,1,-0.6886886886886887,0.17655143736357426
sin_homo,0.2,1,-0.6786786786786787,0.14934013042012395
sin_homo,0.2,1,-0.6686686686686687,0.14836579854307338
sin_homo,0.2,1,-0.6586586586586587,0.16048096242729387
sin_homo,0.2,1,-0.6486486486486487,0.16385442841513462
sin_homo,0.2,1,-0.6386386386386387,0.17620842384168142
sin_homo,0.2,1,-0.6286286286286287,0.14471865007997475
sin_homo,0.2,1,-0.6186186186186187,0.16766322829232544
sin_homo,0.2,1,-0.6086086086086087,0.15891350760181847
sin_homo,0.2,1,-0.5985985985985987,0.16542200886129918
sin_homo,0.2,1,-0.5885885885885886,0.16485287662814366
sin_homo,0.2,1,-0.5785785785785786,0.15999531942825043
sin_homo,0.2,1,-0.5685685685685686,0.15696309465686625
sin_homo,0.2,1,-0.5585585585585586,0.16898267211146129
sin_homo,0.2,1,-0.5485485485485486,0.15763571402600482
sin_homo,0.2,1,-0.5385385385385386,0.15613231552834
sin_homo,0.2,1,-0.5285285285285286,0.17833248628879242
sin_homo,0.2,1,-0.5185185185185186,0.14821542042865363
sin_homo,0.2,1,-0.5085085085085086,0.16481486498546516
sin_homo,0.2,1,-0.4984984984984986,0.1544412271581446
sin_homo,0.2,1,-0.4884884884884886,0.14901667101228142
sin_homo,0.2,1,-0.4784784784784786,0.17279044782873199
sin_homo,0.2,1,-0.46846846846846857,0.1578684287997083
sin_homo,0.2,1,-0.45845845845845856,0.15396595185812484
sin_homo,0.2,1,-0.44844844844844856,0.14747199206636383
sin_homo,0.2,1,-0.43843843843843855,0.14886950949239638
sin_homo,0.2,1,-0.42842842842842854,0.15173489091891437
sin_homo,0.2,1,-0.41841841841841854,0.14431572835798057
sin_homo,0.2,1,-0.40840840840840853,0.1507473769908798
sin_homo,0.2,1,-0.3983983983983985,0.17278596491967488
sin_homo,0.2,1,-0.3883883883883883,0.1728296359094921
sin_homo,0.2,1,-0.3783783783783783,0.13552109050275493
sin_homo,0.2,1,-0.3683683683683683,0.15400986170620173
sin_homo,0.2,1,-0.3583583583583583,0.1608817828102689
sin_homo,0.2,1,-0.34834834834834827,0.1408658078857018
sin_homo,0.2,1,-0.33833833833833826,0.1636378572222801
sin_homo,0.2,1,-0.32832832832832826,0.16103263941936355
sin_homo,0.2,1,-0.31831831831831825,0.14585644960626412
sin_homo,0.2,1,-0.30830830830830824,0.15629471153566196
sin_homo,0.2,1,-0.29829829829829824,0.1463923335902711
sin_homo,0.2,1,-0.28828828828828823,0.14780895804257474
sin_homo,0.2,1,-0.2782782782782782,0.16017283134457472
sin_homo,0.2,1,-0.2682682682682682,0.15529169496390535
sin_homo,0.2,1,-0.2582582582582582,0.16003344921481044
sin_homo,0.2,1,-0.2482482482482482,0.15447515653397648
sin_homo,0.2,1,-0.2382382382382382,0.14259904118981698
sin_homo,0.2,1,-0.2282282282282282,0.1657108901715736
sin_homo,0.2,1,-0.21821821821821819,0.17312863832141617
sin_homo,0.2,1,-0.20820820820820818,0.14545824162138976
sin_homo,0.2,1,-0.19819819819819817,0.16722644451041294
sin_homo,0.2,1,-0.18818818818818817,0.1471303249539937
sin_homo,0.2,1,-0.17817817817817816,0.15170725475026453
sin_homo,0.2,1,-0.16816816816816815,0.15053978182883865
sin_homo,0.2,1,-0.15815815815815815,0.1498367840094979
sin_homo,0.2,1,-0.14814814814814814,0.16406317285864808
sin_homo,0.2,1,-0.13813813813813813,0.14610309380484812
sin_homo,0.2,1,-0.12812812812812813,0.14947212551468186
sin_homo,0.2,1,-0.11811811811811812,0.15052324551180235
sin_homo,0.2,1,-0.10810810810810811,0.15892511753121014
sin_homo,0.2,1,-0.09809809809809811,0.13450856499725297
sin_homo,0.2,1,-0.0880880880880881,0.162912601704406
sin_homo,0.2,1,-0.0780780780780781,0.13062266796994065
sin_homo,0.2,1,-0.06806806806806809,0.16208558948892507
sin_homo,0.2,1,-0.05805805805805808,0.1494399145032279
sin_homo,0.2,1,-0.048048048048048075,0.14803674167477404
sin_homo,0.2,1,-0.03803803803803807,0.15301432031376738
sin_homo,0.2,1,-0.028028028028028062,0.14290127382353737
sin_homo,0.2,1,-0.018018018018018056,0.14732984423560286
sin_homo,0.2,1,-0.00800800800800805,0.15797505851560728
sin_homo,0.2,1,0.002002002002002179,0.16126572621588386
sin_homo,0.2,1,0.012012012012012185,0.14898044387416473
sin_homo,0.2,1,0.022022022022022192,0.1623833098932148
sin_homo,0.2,1,0.0320320320320322,0.14000300684583064
sin_homo,0.2,1,0.042042042042042205,0.168668621361405
sin_homo,0.2,1,0.05205205205205221,0.13053008616830028
sin_homo,0.2,1,0.06206206206206222,0.15003742305386722
sin_homo,0.2,1,0.07207207207207222,0.14816005684441996
sin_homo,0.2,1,0.08208208208208223,0.15622746448255337
sin_homo,0.2,1,0.09209209209209224,0.15698893133227426
sin_homo,0.2,1,0.10210210210210224,0.143343509445519
sin_homo,0.2,1,0.11211211211211225,0.14925200383623843
sin_homo,0.2,1,0.12212212212212226,0.1506899624200816
sin_homo,0.2,1,0.13213213213213226,0.15010139198743028
sin_homo,0.2,1,0.14214214214214227,0.14799020292152984
sin_homo,0.2,1,0.15215215215215228,0.15148157041435675
sin_homo,0.2,1,0.16216216216216228,0.14551091554337686
sin_homo,0.2,1,0.1721721721721723,0.16876964636267996
sin_homo,0.2,1,0.1821821821821823,0.16680226383565253
sin_homo,0.2,1,0.1921921921921923,0.1502848414401299
sin_homo,0.2,1,0.2022022022022023,0.16474949186943272
sin_homo,0.2,1,0.21221221221221231,0.14774952700353217
sin_homo,0.2,1,0.22222222222222232,0.1464401989812485
sin_homo,0.2,1,0.23223223223223233,0.13230429429004856
sin_homo,0.2,1,0.24224224224224233,0.15306815259606535
sin_homo,0.2,1,0.25225225225225234,0.13917731800491467
sin_homo,0.2,1,0.26226226226226235,0.145701821639543
sin_homo,0.2,1,0.27227227227227235,0.16271658290935814
sin_homo,0.2,1,0.28228228228228236,0.16563683486959938
sin_homo,0.2,1,0.29229229229229237,0.14740329322506265
sin_homo,0.2,1,0.3023023023023024,0.15934085209423898
sin_homo,0.2,1,0.3123123123123124,0.14547587176033402
sin_homo,0.2,1,0.3223223223223224,0.15342038484803486
sin_homo,0.2,1,0.3323323323323324,0.14446455279058468
sin_homo,0.2,1,0.3423423423423424,0.13922293810583564
sin_homo,0.2,1,0.3523523523523524,0.13074471555930225
sin_homo,0.2,1,0.3623623623623624,0.14236580701903329
sin_homo,0.2,1,0.3723723723723724,0.14264874065661046
sin_homo,0.2,1,0.3823823823823824,0.1406264429658645
sin_homo,0.2,1,0.39239239239239243,0.1573868097385821
sin_homo,0.2,1,0.40240240240240244,0.13920185104836924
sin_homo,0.2,1,0.41241241241241244,0.15235675359453532
sin_homo,0.2,1,0.42242242242242245,0.1286987806735928
sin_homo,0.2,1,0.43243243243243246,0.16902073467456655
sin_homo,0.2,1,0.44244244244244246,0.1490260854887244
sin_homo,0.2,1,0.45245245245245247,0.13966836432758462
sin_homo,0.2,1,0.4624624624624625,0.141024007244793
sin_homo,0.2,1,0.4724724724724725,0.14392270444033922
sin_homo,0.2,1,0.4824824824824825,0.1321826859393428
sin_homo,0.2,1,0.4924924924924925,0.1533351660370021
sin_homo,0.2,1,0.5025025025025025,0.13009521648831318
sin_homo,0.2,1,0.5125125125125125,0.12249464656633577
sin_homo,0.2,1,0.5225225225225225,0.14706402307249497
sin_homo,0.2,1,0.5325325325325325,0.11920332291337692
sin_homo,0.2,1,0.5425425425425425,0.11684261267309377
sin_homo,0.2,1,0.5525525525525525,0.14122086792692198
sin_homo,0.2,1,0.5625625625625625,0.14076729951501654
sin_homo,0.2,1,0.5725725725725725,0.11481155452329973
sin_homo,0.2,1,0.5825825825825826,0.11180442039022495
sin_homo,0.2,1,0.5925925925925926,0.14345953417904872
sin_homo,0.2,1,0.6026026026026026,0.1317046269154456
sin_homo,0.2,1,0.6126126126126126,0.1422803509015341
sin_homo,0.2,1,0.6226226226226226,0.12631426510841326
sin_homo,0.2,1,0.6326326326326326,0.13248652622045504
sin_homo,0.2,1,0.6426426426426426,0.145116238606875
sin_homo,0.2,1,0.6526526526526526,0.13889568580100306
sin_homo,0.2,1,0.6626626626626626,0.13600073962554296
sin_homo,0.2,1,0.6726726726726726,0.14659093892484756
sin_homo,0.2,1,0.6826826826826826,0.1498528685958433
sin_homo,0.2,1,0.6926926926926926,0.14439662587543337
sin_homo,0.2,1,0.7027027027027026,0.15625794028232892
sin_homo,0.2,1,0.7127127127127126,0.12922242051936111
sin_homo,0.2,1,0.7227227227227226,0.156532837619469
sin_homo,0.2,1,0.7327327327327327,0.13512067894743188
sin_homo,0.2,1,0.7427427427427427,0.13336160135578062
sin_homo,0.2,1,0.7527527527527527,0.13740378831099564
sin_homo,0.2,1,0.7627627627627627,0.1391217172986178
sin_homo,0.2,1,0.7727727727727727,0.14295014711926293
sin_homo,0.2,1,0.7827827827827827,0.14375681724192205
sin_homo,0.2,1,0.7927927927927927,0.155091528308131
sin_homo,0.2,1,0.8028028028028027,0.15361404552128335
sin_homo,0.2,1,0.8128128128128127,0.13838336628272338
sin_homo,0.2,1,0.8228228228228227,0.1478815911344505
sin_homo,0.2,1,0.8328328328328327,0.15072589017654975
sin_homo,0.2,1,0.8428428428428427,0.1440002292025985
sin_homo,0.2,1,0.8528528528528527,0.12432541239639976
sin_homo,0.2,1,0.8628628628628627,0.146668220315181
sin_homo,0.2,1,0.8728728728728727,0.13455582407232225
sin_homo,0.2,1,0.8828828828828827,0.1513605398030533
sin_homo,0.2,1,0.8928928928928928,0.14391273564243473
sin_homo,0.2,1,0.9029029029029028,0.1365806717463206
sin_homo,0.2,1,0.9129129129129128,0.13088823042475659
sin_homo,0.2,1,0.9229229229229228,0.1607255590337848
sin_homo,0.2,1,0.9329329329329328,0.13553351511890824
sin_homo,0.2,1,0.9429429429429428,0.14895107656768466
sin_homo,0.2,1,0.9529529529529528,0.14986024625780586
sin_homo,0.2,1,0.9629629629629628,0.13558912191017705
sin_homo,0.2,1,0.9729729729729728,0.13653936774294587
sin_homo,0.2,1,0.9829829829829828,0.1555101192552846
sin_homo,0.2,1,0.9929929929929928,0.12298002302049874
sin_homo,0.2,1,1.0030030030030028,0.14154416865353023
sin_homo,0.2,1,1.0130130130130128,0.1339819946753883
sin_homo,0.2,1,1.0230230230230228,0.1361443237769317
sin_homo,0.2,1,1.0330330330330328,0.14586147956141393
sin_homo,0.2,1,1.0430430430430429,0.1432375746570877
sin_homo,0.2,1,1.0530530530530529,0.14588782109932222
sin_homo,0.2,1,1.0630630630630629,0.1471497280594062
sin_homo,0.2,1,1.0730730730730729,0.14271788237324373
sin_homo,0.2,1,1.0830830830830829,0.17104711104313755
sin_homo,0.2,1,1.0930930930930929,0.13667311558068093
sin_homo,0.2,1,1.1031031031031029,0.142047690259581
sin_homo,0.2,1,1.113113113113113,0.13148557336107597
sin_homo,0.2,1,1.123123123123123,0.144751491399429
sin_homo,0.2,1,1.133133133133133,0.13371417025321725
sin_homo,0.2,1,1.143143143143143,0.1422712857696423
sin_homo,0.2,1,1.153153153153153,0.1485098716183048
sin_homo,0.2,1,1.163163163163163,0.1357928866742104
sin_homo,0.2,1,1.173173173173173,0.139202839567594
sin_homo,0.2,1,1.183183183183183,0.1351194029637113
sin_homo,0.2,1,1.193193193193193,0.1406880011605729
sin_homo,0.2,1,1.203203203203203,0.13966107342150366
sin_homo,0.2,1,1.2132132132132134,0.158667140459621
sin_homo,0.2,1,1.2232232232232234,0.1533959125181189
sin_homo,0.2,1,1.2332332332332334,0.1554171300137326
sin_homo,0.2,1,1.2432432432432434,0.14203367509983156
sin_homo,0.2,1,1.2532532532532534,0.1483854297931843
sin_homo,0.2,1,1.2632632632632634,0.14350077179546267
sin_homo,0.2,1,1.2732732732732734,0.14269529516434945
sin_homo,0.2,1,1.2832832832832834,0.1466614847648203
sin_homo,0.2,1,1.2932932932932935,0.13990574901514163
sin_homo,0.2,1,1.3033033033033035,0.14330888688667892
sin_homo,0.2,1,1.3133133133133135,0.13994112053220759
sin_homo,0.2,1,1.3233233233233235,0.11676101165517432
sin_homo,0.2,1,1.3333333333333335,0.12918192483821866
sin_homo,0.2,1,1.3433433433433435,0.14316427667138537
sin_homo,0.2,1,1.3533533533533535,0.13843136710998127
sin_homo,0.2,1,1.3633633633633635,0.14030461887559625
sin_homo,0.2,1,1.3733733733733735,0.12922669891079
sin_homo,0.2,1,1.3833833833833835,0.13251226074711123
sin_homo,0.2,1,1.3933933933933935,0.1440063749289328
sin_homo,0.2,1,1.4034034034034035,0.15073316033412815
sin_homo,0.2,1,1.4134134134134135,0.15281926154137462
sin_homo,0.2,1,1.4234234234234235,0.13044668557107253
sin_homo,0.2,1,1.4334334334334335,0.1432417825003111
sin_homo,0.2,1,1.4434434434434436,0.13818927257219646
sin_homo,0.2,1,1.4534534534534536,0.12510751117305927
sin_homo,0.2,1,1.4634634634634636,0.13764846754530702
sin_homo,0.2,1,1.4734734734734736,0.133994915950773
sin_homo,0.2,1,1.4834834834834836,0.14804026133335021
sin_homo,0.2,1,1.4934934934934936,0.13646384587402421
sin_homo,0.2,1,1.5035035035035036,0.13953407910169452
sin_homo,0.2,1,1.5135135135135136,0.1447031794892859
sin_homo,0.2,1,1.5235235235235236,0.14255735955828
sin_homo,0.2,1,1.5335335335335336,0.14489259844566396
sin_homo,0.2,1,1.5435435435435436,0.1439778988053818
sin_homo,0.2,1,1.5535535535535536,0.14492343149206416
sin_homo,0.2,1,1.5635635635635636,0.14666351790913648
sin_homo,0.2,1,1.5735735735735736,0.14046734079463066
sin_homo,0.2,1,1.5835835835835836,0.1417361500568616
sin_homo,0.2,1,1.5935935935935936,0.13802906184201658
sin_homo,0.2,1,1.6036036036036037,0.13953966831819423
sin_homo,0.2,1,1.6136136136136137,0.15476164032121992
sin_homo,0.2,1,1.6236236236236237,0.13783928742141413
sin_homo,0.2,1,1.6336336336336337,0.1283861277675405
sin_homo,0.2,1,1.6436436436436437,0.15090568591839304
sin_homo,0.2,1,1.6536536536536537,0.1386268879659608
sin_homo,0.2,1,1.6636636636636637,0.13985061914862582
sin_homo,0.2,1,1.6736736736736737,0.14139871460749553
sin_homo,0.2,1,1.6836836836836837,0.13324835668239404
sin_homo,0.2,1,1.6936936936936937,0.1141393121719643
sin_homo,0.2,1,1.7037037037037037,0.13628726186287643
sin_homo,0.2,1,1.7137137137137137,0.14503943352614204
sin_homo,0.2,1,1.7237237237237237,0.12046275190993518
sin_homo,0.2,1,1.7337337337337337,0.1305117816994357
sin_homo,0.2,1,1.7437437437437437,0.1323570023298883
sin_homo,0.2,1,1.7537537537537538,0.1328159007523001
sin_homo,0.2,1,1.7637637637637638,0.11862897679521478
sin_homo,0.2,1,1.7737737737737738,0.14183467644319728
sin_homo,0.2,1,1.7837837837837838,0.14436770271145707
sin_homo,0.2,1,1.7937937937937938,0.11602559484601455
sin_homo,0.2,1,1.8038038038038038,0.12281383572517598
sin_homo,0.2,1,1.8138138138138138,0.12959183287389706
sin_homo,0.2,1,1.8238238238238238,0.1352574808546715
sin_homo,0.2,1,1.8338338338338338,0.1326444290455353
sin_homo,0.2,1,1.8438438438438438,0.11365851071535195
sin_homo,0.2,1,1.8538538538538538,0.1293109324355512
sin_homo,0.2,1,1.8638638638638638,0.12527932476391587
sin_homo,0.2,1,1.8738738738738738,0.1350245436058417
sin_homo,0.2,1,1.8838838838838838,0.1265270771793562
sin_homo,0.2,1,1.8938938938938938,0.13236009593533138
sin_homo,0.2,1,1.9039039039039038,0.115522931334225
sin_homo,0.2,1,1.9139139139139139,0.12857018404982334
sin_homo,0.2,1,1.9239239239239239,0.131591403604422
sin_homo,0.2,1,1.9339339339339339,0.1279829682787827
sin_homo,0.2,1,1.9439439439439439,0.14209796156730592
sin_homo,0.2,1,1.9539539539539539,0.10531344600244437
sin_homo,0.2,1,1.9639639639639639,0.12517915634633284
sin_homo,0.2,1,1.973973973973974,0.1283276311899758
sin_homo,0.2,1,1.983983983983984,0.12565641132613625
sin_homo,0.2,1,1.993993993993994,0.1429830250556876
sin_homo,0.2,1,2.0040040040040044,0.12445736596220704
sin_homo,0.2,1,2.0140140140140144,0.12920370563323585
sin_homo,0.2,1,2.0240240240240244,0.13767234610620885
sin_homo,0.2,1,2.0340340340340344,0.11559832717660574
sin_homo,0.2,1,2.0440440440440444,0.12827881432368818
sin_homo,0.2,1,2.0540540540540544,0.11241394813654519
sin_homo,0.2,1,2.0640640640640644,0.1294230928237928
sin_homo,0.2,1,2.0740740740740744,0.138382330626153
sin_homo,0.2,1,2.0840840840840844,0.1180544381577393
sin_homo,0.2,1,2.0940940940940944,0.13110626255401467
sin_homo,0.2,1,2.1041041041041044,0.10801779562834626
sin_homo,0.2,1,2.1141141141141144,0.11303959511219568
sin_homo,0.2,1,2.1241241241241244,0.11675701437689869
sin_homo,0.2,1,2.1341341341341344,0.12008205456066941
sin_homo,0.2,1,2.1441441441441444,0.1191042226494507
sin_homo,0.2,1,2.1541541541541545,0.11220506777348647
sin_homo,0.2,1,2.1641641641641645,0.09523757416790322
sin_homo,0.2,1,2.1741741741741745,0.1193054311419714
sin_homo,0.2,1,2.1841841841841845,0.12639069759800547
sin_homo,0.2,1,2.1941941941941945,0.11920533277023511
sin_homo,0.2,1,2.2042042042042045,0.11380523068184935
sin_homo,0.2,1,2.2142142142142145,0.10494174949432666
sin_homo,0.2,1,2.2242242242242245,0.11131428080906325
sin_homo,0.2,1,2.2342342342342345,0.1054635910265349
sin_homo,0.2,1,2.2442442442442445,0.10942932551699658
sin_homo,0.2,1,2.2542542542542545,0.10742643947669873
sin_homo,0.2,1,2.2642642642642645,0.09879322819319634
sin_homo,0.2,1,2.2742742742742745,0.10730188651933857
sin_homo,0.2,1,2.2842842842842845,0.11613975749002499
sin_homo,0.2,1,2.2942942942942945,0.09645407201457189
sin_homo,0.2,1,2.3043043043043046,0.10777173982789476
sin_homo,0.2,1,2.3143143143143146,0.10603228593739657
sin_homo,0.2,1,2.3243243243243246,0.09408808086264367
sin_homo,0.2,1,2.3343343343343346,0.10910253933677398
sin_homo,0.2,1,2.3443443443443446,0.085307825235318
sin_homo,0.2,1,2.3543543543543546,0.09797322265348822
sin_homo,0.2,1,2.3643643643643646,0.10406116926721723
sin_homo,0.2,1,2.3743743743743746,0.09969396878847686
sin_homo,0.2,1,2.3843843843843846,0.09439675488088838
sin_homo,0.2,1,2.3943943943943946,0.09939012649388376
sin_homo,0.2,1,2.4044044044044046,0.10373320338452188
sin_homo,0.2,1,2.4144144144144146,0.10287199766178964
sin_homo,0.2,1,2.4244244244244246,0.1015477785565414
sin_homo,0.2,1,2.4344344344344346,0.09393915785269408
sin_homo,0.2,1,2.4444444444444446,0.1035800291739107
sin_homo,0.2,1,2.4544544544544546,0.08875730595650694
sin_homo,0.2,1,2.4644644644644647,0.09239008074523151
sin_homo,0.2,1,2.4744744744744747,0.09486546706980482
sin_homo,0.2,1,2.4844844844844847,0.08820075042602792
sin_homo,0.2,1,2.4944944944944947,0.09468164354001524
sin_homo,0.2,1,2.5045045045045047,0.09829581789566676
sin_homo,0.2,1,2.5145145145145147,0.09531112719336611
sin_homo,0.2,1,2.5245245245245247,0.09156509308220312
sin_homo,0.2,1,2.5345345345345347,0.09104340709244352
sin_homo,0.2,1,2.5445445445445447,0.08037053881898744
sin_homo,0.2,1,2.5545545545545547,0.08982571065936143
sin_homo,0.2,1,2.5645645645645647,0.08858160111005478
sin_homo,0.2,1,2.5745745745745747,0.09209861937333028
sin_homo,0.2,1,2.5845845845845847,0.06460820091818464
sin_homo,0.2,1,2.5945945945945947,0.08106920247521794
sin_homo,0.2,1,2.6046046046046047,0.08640620915169245
sin_homo,0.2,1,2.6146146146146148,0.0855668289585582
sin_homo,0.2,1,2.6246246246246248,0.08033289051451156
sin_homo,0.2,1,2.6346346346346348,0.07262258081848753
sin_homo,0.2,1,2.6446446446446448,0.07550937632819257
sin_homo,0.2,1,2.6546546546546548,0.06766520371534196
sin_homo,0.2,1,2.664664664664665,0.0751098387131191
sin_homo,0.2,1,2.674674674674675,0.07504293115110207
sin_homo,0.2,1,2.684684684684685,0.07811012051007621
sin_homo,0.2,1,2.694694694694695,0.06631392014576974
sin_homo,0.2,1,2.704704704704705,0.07898793285550479
sin_homo,0.2,1,2.714714714714715,0.082826411012833
sin_homo,0.2,1,2.724724724724725,0.06785100658680406
sin_homo,0.2,1,2.734734734734735,0.07290400697530146
sin_homo,0.2,1,2.744744744744745,0.06999008914405085
sin_homo,0.2,1,2.754754754754755,0.07111646529233816
sin_homo,0.2,1,2.764764764764765,0.07169682229067524
sin_homo,0.2,1,2.774774774774775,0.07147535524257703
sin_homo,0.2,1,2.784784784784785,0.05869243413818673
sin_homo,0.2,1,2.794794794794795,0.06409178999122263
sin_homo,0.2,1,2.804804804804805,0.06756111587181969
sin_homo,0.2,1,2.814814814814815,0.06562760426099085
sin_homo,0.2,1,2.824824824824825,0.06707182853863573
sin_homo,0.2,1,2.834834834834835,0.06450597216152745
sin_homo,0.2,1,2.844844844844845,0.0684643910081303
sin_homo,0.2,1,2.854854854854855,0.06446316744422063
sin_homo,0.2,1,2.864864864864865,0.05619362825065601
sin_homo,0.2,1,2.874874874874875,0.06300570729325376
sin_homo,0.2,1,2.884884884884885,0.06442092167125213
sin_homo,0.2,1,2.894894894894895,0.0639919929202088
sin_homo,0.2,1,2.904904904904905,0.05801644452252902
sin_homo,0.2,1,2.914914914914915,0.05330930041452059
sin_homo,0.2,1,2.924924924924925,0.05691534246235328
sin_homo,0.2,1,2.934934934934935,0.06649390441925182
sin_homo,0.2,1,2.944944944944945,0.059018794028758106
sin_homo,0.2,1,2.954954954954955,0.05343022777757627
sin_homo,0.2,1,2.964964964964965,0.06598173351414269
sin_homo,0.2,1,2.974974974974975,0.057055233909414055
sin_homo,0.2,1,2.984984984984985,0.056057124983709856
sin_homo,0.2,1,2.994994994994995,0.06288071426813334
sin_homo,0.2,1,3.005005005005005,0.06511218514841048
sin_homo,0.2,1,3.015015015015015,0.06532584018627087
sin_homo,0.2,1,3.025025025025025,0.062226681868339614
sin_homo,0.2,1,3.035035035035035,0.05864174551648685
sin_homo,0.2,1,3.045045045045045,0.06508640522795087
sin_homo,0.2,1,3.055055055055055,0.05714394088482871
sin_homo,0.2,1,3.065065065065065,0.06646597632095803
sin_homo,0.2,1,3.075075075075075,0.05434387000880312
sin_homo,0.2,1,3.085085085085085,0.06172372259861826
sin_homo,0.2,1,3.095095095095095,0.060879808269714196
sin_homo,0.2,1,3.105105105105105,0.06282033029342192
sin_homo,0.2,1,3.115115115115115,0.06331131424915326
sin_homo,0.2,1,3.125125125125125,0.06328166167766236
sin_homo,0.2,1,3.135135135135135,0.06402507509713365
sin_homo,0.2,1,3.145145145145145,0.06552384676900039
sin_homo,0.2,1,3.155155155155155,0.07290192865725911
sin_homo,0.2,1,3.165165165165165,0.05736113475594234
sin_homo,0.2,1,3.175175175175175,0.06287469933144046
sin_homo,0.2,1,3.185185185185185,0.062661762069337
sin_homo,0.2,1,3.195195195195195,0.06114313423198382
sin_homo,0.2,1,3.205205205205205,0.06763988923595199
sin_homo,0.2,1,3.215215215215215,0.05291467499142631
sin_homo,0.2,1,3.225225225225225,0.07355739307764786
sin_homo,0.2,1,3.235235235235235,0.06774853975003926
sin_homo,0.2,1,3.245245245245245,0.0671358274521824
sin_homo,0.2,1,3.255255255255255,0.06416539485820731
sin_homo,0.2,1,3.265265265265265,0.06976580310536867
sin_homo,0.2,1,3.275275275275275,0.06352881034024514
sin_homo,0.2,1,3.285285285285285,0.06725732859580211
sin_homo,0.2,1,3.295295295295295,0.0638261670981632
sin_homo,0.2,1,3.305305305305305,0.07263548073116026
sin_homo,0.2,1,3.315315315315315,0.06672361004673427
sin_homo,0.2,1,3.325325325325325,0.07606705755802817
sin_homo,0.2,1,3.335335335335335,0.06686875882253564
sin_homo,0.2,1,3.3453453453453452,0.07674800634824962
sin_homo,0.2,1,3.3553553553553552,0.08919329247691336
sin_homo,0.2,1,3.3653653653653652,0.07666495538201928
sin_homo,0.2,1,3.3753753753753752,0.08259149774457583
sin_homo,0.2,1,3.3853853853853852,0.08222473034153598
sin_homo,0.2,1,3.3953953953953953,0.07638253712952732
sin_homo,0.2,1,3.4054054054054053,0.07780684839810993
sin_homo,0.2,1,3.4154154154154153,0.0806994522681662
sin_homo,0.2,1,3.4254254254254253,0.0926978374829441
sin_homo,0.2,1,3.4354354354354353,0.0856481045144639
sin_homo,0.2,1,3.4454454454454453,0.08209833153783815
sin_homo,0.2,1,3.4554554554554553,0.08115095797962302
sin_homo,0.2,1,3.4654654654654653,0.07997569743925387
sin_homo,0.2,1,3.4754754754754753,0.09012022823849711
sin_homo,0.2,1,3.4854854854854853,0.08922333673943768
sin_homo,0.2,1,3.4954954954954953,0.0847266703878656
sin_homo,0.2,1,3.5055055055055053,0.08358711163635912
sin_homo,0.2,1,3.5155155155155153,0.08666242378290216
sin_homo,0.2,1,3.5255255255255253,0.08953982405011811
sin_homo,0.2,1,3.5355355355355353,0.08831335096763196
sin_homo,0.2,1,3.5455455455455454,0.08997910306118859
sin_homo,0.2,1,3.5555555555555554,0.10111020618478511
sin_homo,0.2,1,3.5655655655655654,0.07708560453133285
sin_homo,0.2,1,3.5755755755755754,0.09511996119428048
sin_homo,0.2,1,3.5855855855855854,0.08773721936685486
sin_homo,0.2,1,3.5955955955955954,0.0944768789626697
sin_homo,0.2,1,3.6056056056056054,0.08564029102200948
sin_homo,0.2,1,3.6156156156156154,0.09486333252971044
sin_homo,0.2,1,3.6256256256256254,0.10819173908088309
sin_homo,0.2,1,3.6356356356356354,0.09991544590367529
sin_homo,0.2,1,3.6456456456456454,0.09434505601555843
sin_homo,0.2,1,3.6556556556556554,0.09881531284747268
sin_homo,0.2,1,3.6656656656656654,0.0920393737543284
sin_homo,0.2,1,3.6756756756756754,0.11140003979691919
sin_homo,0.2,1,3.6856856856856854,0.1045789609389312
sin_homo,0.2,1,3.6956956956956954,0.11071225133083931
sin_homo,0.2,1,3.7057057057057055,0.09223007923487175
sin_homo,0.2,1,3.7157157157157155,0.11048362260046453
sin_homo,0.2,1,3.7257257257257255,0.0955921526671563
sin_homo,0.2,1,3.7357357357357355,0.11243378129145697
sin_homo,0.2,1,3.7457457457457455,0.10682358934241803
sin_homo,0.2,1,3.7557557557557555,0.10872701010797799
sin_homo,0.2,1,3.7657657657657655,0.10232331728023975
sin_homo,0.2,1,3.7757757757757755,0.10863614279320753
sin_homo,0.2,1,3.7857857857857855,0.1057416842492274
sin_homo,0.2,1,3.7957957957957955,0.09602021368028574
sin_homo,0.2,1,3.8058058058058055,0.12072118437953595
sin_homo,0.2,1,3.8158158158158155,0.11696990859519077
sin_homo,0.2,1,3.8258258258258255,0.11116325356474997
sin_homo,0.2,1,3.8358358358358355,0.10987165202284598
sin_homo,0.2,1,3.8458458458458455,0.10128464292198656
sin_homo,0.2,1,3.8558558558558556,0.10304195363780887
sin_homo,0.2,1,3.8658658658658656,0.1120111302345162
sin_homo,0.2,1,3.8758758758758756,0.11189735399829556
sin_homo,0.2,1,3.8858858858858856,0.10685606367328616
sin_homo,0.2,1,3.8958958958958956,0.11254991970584437
sin_homo,0.2,1,3.9059059059059056,0.12257459473049746
sin_homo,0.2,1,3.9159159159159156,0.11126140603731638
sin_homo,0.2,1,3.9259259259259256,0.121752242230401
sin_homo,0.2,1,3.9359359359359356,0.12950169215494187
sin_homo,0.2,1,3.9459459459459456,0.12838303449531088
sin_homo,0.2,1,3.9559559559559556,0.12980897799115199
sin_homo,0.2,1,3.9659659659659656,0.1244861594527976
sin_homo,0.2,1,3.9759759759759756,0.11563271880484638
sin_homo,0.2,1,3.9859859859859856,0.11863258394230546
sin_homo,0.2,1,3.9959959959959956,0.11655238202573634
sin_homo,0.2,1,4.006006006006006,0.12142060279407647
sin_homo,0.2,1,4.016016016016016,0.12108257115424323
sin_homo,0.2,1,4.026026026026026,0.11441627576081045
sin_homo,0.2,1,4.036036036036036,0.12843617385292885
sin_homo,0.2,1,4.046046046046046,0.1293899454590507
sin_homo,0.2,1,4.056056056056056,0.12678883658766088
sin_homo,0.2,1,4.066066066066066,0.15558326970297526
sin_homo,0.2,1,4.076076076076076,0.12565265874338982
sin_homo,0.2,1,4.086086086086086,0.11977588995670226
sin_homo,0.2,1,4.096096096096096,0.11719215636385467
sin_homo,0.2,1,4.106106106106106,0.11062106660003551
sin_homo,0.2,1,4.116116116116116,0.12290585038668976
sin_homo,0.2,1,4.126126126126126,0.14550285037265848
sin_homo,0.2,1,4.136136136136136,0.13279919881993998
sin_homo,0.2,1,4.146146146146146,0.14025567365150285
sin_homo,0.2,1,4.156156156156156,0.1303339935893208
sin_homo,0.2,1,4.166166166166166,0.12965116403538948
sin_homo,0.2,1,4.176176176176176,0.13979876468834684
sin_homo,0.2,1,4.186186186186186,0.13059442318208436
sin_homo,0.2,1,4.196196196196196,0.13280398049467496
sin_homo,0.2,1,4.206206206206206,0.15091584368053657
sin_homo,0.2,1,4.216216216216216,0.13462089835747598
sin_homo,0.2,1,4.226226226226226,0.1294112492321422
sin_homo,0.2,1,4.236236236236236,0.11722170231967603
sin_homo,0.2,1,4.246246246246246,0.13476771551521108
sin_homo,0.2,1,4.256256256256256,0.12851918318530522
sin_homo,0.2,1,4.266266266266266,0.13202016873252767
sin_homo,0.2,1,4.276276276276276,0.15643216767715398
sin_homo,0.2,1,4.286286286286286,0.13382978116980299
sin_homo,0.2,1,4.296296296296296,0.1292315353917985
sin_homo,0.2,1,4.306306306306306,0.12710251574735928
sin_homo,0.2,1,4.316316316316316,0.13457597574141733
sin_homo,0.2,1,4.326326326326326,0.13555199341668975
sin_homo,0.2,1,4.336336336336336,0.14873748278869175
sin_homo,0.2,1,4.346346346346346,0.13638887525724552
sin_homo,0.2,1,4.356356356356356,0.14855742668194033
sin_homo,0.2,1,4.366366366366366,0.1302353794833837
sin_homo,0.2,1,4.376376376376376,0.13232009469010636
sin_homo,0.2,1,4.386386386386386,0.1514577380340792
sin_homo,0.2,1,4.396396396396396,0.1372431245875975
sin_homo,0.2,1,4.406406406406406,0.14438381269175565
sin_homo,0.2,1,4.416416416416417,0.12862971759864691
sin_homo,0.2,1,4.426426426426427,0.1417085902797384
sin_homo,0.2,1,4.436436436436437,0.13297778956992368
sin_homo,0.2,1,4.446446446446447,0.14152005649006952
sin_homo,0.2,1,4.456456456456457,0.1365933038826801
sin_homo,0.2,1,4.466466466466467,0.15426295913782945
sin_homo,0.2,1,4.476476476476477,0.14439366564294429
sin_homo,0.2,1,4.486486486486487,0.13311995395312431
sin_homo,0.2,1,4.496496496496497,0.13673189022690355
sin_homo,0.2,1,4.506506506506507,0.12461822321591128
sin_homo,0.2,1,4.516516516516517,0.13156602268662104
sin_homo,0.2,1,4.526526526526527,0.13843862856073907
sin_homo,0.2,1,4.536536536536537,0.13983795538911123
sin_homo,0.2,1,4.546546546546547,0.14872047778502107
sin_homo,0.2,1,4.556556556556557,0.14208704771540043
sin_homo,0.2,1,4.566566566566567,0.14607450256756205
sin_homo,0.2,1,4.576576576576577,0.13868440521307057
sin_homo,0.2,1,4.586586586586587,0.12507660101813034
sin_homo,0.2,1,4.596596596596597,0.14942238025215684
sin_homo,0.2,1,4.606606606606607,0.13339323777463605
sin_homo,0.2,1,4.616616616616617,0.1411856886971412
sin_homo,0.2,1,4.626626626626627,0.14607823496700068
sin_homo,0.2,1,4.636636636636637,0.12947610552727956
sin_homo,0.2,1,4.646646646646647,0.15795575528411906
sin_homo,0.2,1,4.656656656656657,0.1359355216772158
sin_homo,0.2,1,4.666666666666667,0.14851887126808697
sin_homo,0.2,1,4.676676676676677,0.1562652480946447
sin_homo,0.2,1,4.686686686686687,0.14739769769252242
sin_homo,0.2,1,4.696696696696697,0.14523811341171014
sin_homo,0.2,1,4.706706706706707,0.15767124856896653
sin_homo,0.2,1,4.716716716716717,0.1461672127109592
sin_homo,0.2,1,4.726726726726727,0.1330882315400998
sin_homo,0.2,1,4.736736736736737,0.15735599155339125
sin_homo,0.2,1,4.746746746746747,0.13131900060302237
sin_homo,0.2,1,4.756756756756757,0.1337673491732727
sin_homo,0.2,1,4.766766766766767,0.14520996946972098
sin_homo,0.2,1,4.776776776776777,0.15299148952119065
sin_homo,0.2,1,4.786786786786787,0.1399823003193176
sin_homo,0.2,1,4.796796796796797,0.14112032914373254
sin_homo,0.2,1,4.806806806806807,0.12673243312577626
sin_homo,0.2,1,4.816816816816817,0.16287508831112804
sin_homo,0.2,1,4.826826826826827,0.14544089368782917
sin_homo,0.2,1,4.836836836836837,0.1335822554740348
sin_homo,0.2,1,4.846846846846847,0.14732244340419587
sin_homo,0.2,1,4.856856856856857,0.16120875013757593
sin_homo,0.2,1,4.866866866866867,0.15427532728875484
sin_homo,0.2,1,4.876876876876877,0.14621961230350553
sin_homo,0.2,1,4.886886886886887,0.15516920178187343
sin_homo,0.2,1,4.896896896896897,0.16956747619500095
sin_homo,0.2,1,4.906906906906907,0.15133180374446348
sin_homo,0.2,1,4.916916916916917,0.14447242271990254
sin_homo,0.2,1,4.926926926926927,0.1404886781521027
sin_homo,0.2,1,4.936936936936937,0.1404582990101649
sin_homo,0.2,1,4.946946946946947,0.1537060483536041
sin_homo,0.2,1,4.956956956956957,0.15812356481486534
sin_homo,0.2,1,4.966966966966967,0.1454083738162988
sin_homo,0.2,1,4.976976976976977,0.14367139102943693
sin_homo,0.2,1,4.986986986986987,0.14252105826459827
sin_homo,0.2,1,4.996996996996997,0.15905935952416078
sin_homo,0.2,1,5.007007007007007,0.17038233549200762
sin_homo,0.2,1,5.017017017017017,0.15672785903232994
sin_homo,0.2,1,5.027027027027027,0.16010789997755648
sin_homo,0.2,1,5.037037037037037,0.15347485460675747
sin_homo,0.2,1,5.047047047047047,0.1665462833729752
sin_homo,0.2,1,5.057057057057057,0.14190032229503768
sin_homo,0.2,1,5.067067067067067,0.14712969542161133
sin_homo,0.2,1,5.077077077077077,0.14755994866242267
sin_homo,0.2,1,5.087087087087087,0.1518091314322059
sin_homo,0.2,1,5.097097097097097,0.16204350090977654
sin_homo,0.2,1,5.107107107107107,0.139822496886409
sin_homo,0.2,1,5.117117117117117,0.12881804563377708
sin_homo,0.2,1,5.127127127127127,0.1487487777159394
sin_homo,0.2,1,5.137137137137137,0.16125648167159626
sin_homo,0.2,1,5.147147147147147,0.13710436514080349
sin_homo,0.2,1,5.157157157157157,0.13273330324189236
sin_homo,0.2,1,5.167167167167167,0.1739224172430837
sin_homo,0.2,1,5.177177177177177,0.1626966998493406
sin_homo,0.2,1,5.187187187187187,0.16522417932212066
sin_homo,0.2,1,5.197197197197197,0.13541296683967793
sin_homo,0.2,1,5.207207207207207,0.1439017246688614
sin_homo,0.2,1,5.217217217217217,0.1500589476446446
sin_homo,0.2,1,5.227227227227227,0.14869807521653913
sin_homo,0.2,1,5.237237237237237,0.1453393292750818
sin_homo,0.2,1,5.247247247247247,0.1537971913029478
sin_homo,0.2,1,5.257257257257257,0.14220571785942562
sin_homo,0.2,1,5.267267267267267,0.1264504443309647
sin_homo,0.2,1,5.277277277277277,0.16076685983810818
sin_homo,0.2,1,5.287287287287287,0.15392405147169097
sin_homo,0.2,1,5.297297297297297,0.14981065443066965
sin_homo,0.2,1,5.307307307307307,0.1453178421071613
sin_homo,0.2,1,5.317317317317317,0.13517416349268854
sin_homo,0.2,1,5.327327327327327,0.15143091544393747
sin_homo,0.2,1,5.337337337337337,0.17105273120355535
sin_homo,0.2,1,5.347347347347347,0.14756508572400573
sin_homo,0.2,1,5.357357357357357,0.14198347653941265
sin_homo,0.2,1,5.367367367367367,0.14611486457656536
sin_homo,0.2,1,5.377377377377377,0.15768880374507904
sin_homo,0.2,1,5.387387387387387,0.16634245730002895
sin_homo,0.2,1,5.397397397397397,0.17343372700793952
sin_homo,0.2,1,5.407407407407407,0.1479997209310437
sin_homo,0.2,1,5.4174174174174174,0.12504948763242235
sin_homo,0.2,1,5.4274274274274275,0.1340673053075414
sin_homo,0.2,1,5.4374374374374375,0.14384554423406237
sin_homo,0.2,1,5.4474474474474475,0.15098214150373843
sin_homo,0.2,1,5.4574574574574575,0.15123629913139705
sin_homo,0.2,1,5.4674674674674675,0.17405499919421005
sin_homo,0.2,1,5.4774774774774775,0.1434951669108833
sin_homo,0.2,1,5.4874874874874875,0.15590449981736784
sin_homo,0.2,1,5.4974974974974975,0.1511070379861849
sin_homo,0.2,1,5.5075075075075075,0.1678723983427374
sin_homo,0.2,1,5.5175175175175175,0.1365022544510405
sin_homo,0.2,1,5.5275275275275275,0.1565882362515927
sin_homo,0.2,1,5.5375375375375375,0.16030298369899182
sin_homo,0.2,1,5.5475475475475475,0.13912601334910044
sin_homo,0.2,1,5.5575575575575575,0.13238674889388605
sin_homo,0.2,1,5.5675675675675675,0.13245240222508034
sin_homo,0.2,1,5.5775775775775776,0.15529049294261027
sin_homo,0.2,1,5.587587587587588,0.14757829031610548
sin_homo,0.2,1,5.597597597597598,0.156855624829956
sin_homo,0.2,1,5.607607607607608,0.16644610412015315
sin_homo,0.2,1,5.617617617617618,0.16420656667390612
sin_homo,0.2,1,5.627627627627628,0.15788177259550962
sin_homo,0.2,1,5.637637637637638,0.14319772391396984
sin_homo,0.2,1,5.647647647647648,0.15692127707070183
sin_homo,0.2,1,5.657657657657658,0.15239422522825127
sin_homo,0.2,1,5.667667667667668,0.13280858099739506
sin_homo,0.2,1,5.677677677677678,0.14459101704929414
sin_homo,0.2,1,5.687687687687688,0.14847280934457624
sin_homo,0.2,1,5.697697697697698,0.13842169763338413
sin_homo,0.2,1,5.707707707707708,0.14287826334220155
sin_homo,0.2,1,5.717717717717718,0.16149442189716318
sin_homo,0.2,1,5.727727727727728,0.15245005635612327
sin_homo,0.2,1,5.737737737737738,0.1507410743731644
sin_homo,0.2,1,5.747747747747748,0.16036218516287076
sin_homo,0.2,1,5.757757757757758,0.14096790068277004
sin_homo,0.2,1,5.767767767767768,0.14836876388549533
sin_homo,0.2,1,5.777777777777778,0.1766644658531051
sin_homo,0.2,1,5.787787787787788,0.1442734803212511
sin_homo,0.2,1,5.797797797797798,0.1330477406542465
sin_homo,0.2,1,5.807807807807808,0.15462159157312177
sin_homo,0.2,1,5.817817817817818,0.13276857165167028
sin_homo,0.2,1,5.827827827827828,0.14283881260482106
sin_homo,0.2,1,5.837837837837838,0.14133461235010353
sin_homo,0.2,1,5.847847847847848,0.13975780293914086
sin_homo,0.2,1,5.857857857857858,0.16226114893037324
sin_homo,0.2,1,5.867867867867868,0.15924521697912267
sin_homo,0.2,1,5.877877877877878,0.15112034986500628
sin_homo,0.2,1,5.887887887887888,0.15696037734246704
sin_homo,0.2,1,5.897897897897898,0.15005060913622997
sin_homo,0.2,1,5.907907907907908,0.17220331218740012
sin_homo,0.2,1,5.917917917917918,0.15847564609453332
sin_homo,0.2,1,5.927927927927928,0.16070564925025738
sin_homo,0.2,1,5.937937937937938,0.16207722894266294
sin_homo,0.2,1,5.947947947947948,0.1386971490688558
sin_homo,0.2,1,5.957957957957958,0.16151818641189203
sin_homo,0.2,1,5.967967967967968,0.1743302609563463
sin_homo,0.2,1,5.977977977977978,0.13275979280417535
sin_homo,0.2,1,5.987987987987988,0.13778354053900316
sin_homo,0.2,1,5.997997997997998,0.16412680150386605
sin_homo,0.2,1,6.008008008008009,0.14988836689592225
sin_homo,0.2,1,6.018018018018019,0.15716359736182564
sin_homo,0.2,1,6.028028028028029,0.1647812018600673
sin_homo,0.2,1,6.038038038038039,0.16861054067153855
sin_homo,0.2,1,6.048048048048049,0.15152289632731858
sin_homo,0.2,1,6.058058058058059,0.16371005212844772
sin_homo,0.2,1,6.068068068068069,0.1447369995244259
sin_homo,0.2,1,6.078078078078079,0.1615888958441555
sin_homo,0.2,1,6.088088088088089,0.1497604495450548
sin_homo,0.2,1,6.098098098098099,0.13005668371321805
sin_homo,0.2,1,6.108108108108109,0.15737142445259344
sin_homo,0.2,1,6.118118118118119,0.140187636045445
sin_homo,0.2,1,6.128128128128129,0.1414628877879541
sin_homo,0.2,1,6.138138138138139,0.12964401382350385
sin_homo,0.2,1,6.148148148148149,0.160148692250452
sin_homo,0.2,1,6.158158158158159,0.15575671242229566
sin_homo,0.2,1,6.168168168168169,0.15252095276598088
sin_homo,0.2,1,6.178178178178179,0.17066975053267863
sin_homo,0.2,1,6.188188188188189,0.14527062564259058
sin_homo,0.2,1,6.198198198198199,0.16487454065583687
sin_homo,0.2,1,6.208208208208209,0.16928761863739913
sin_homo,0.2,1,6.218218218218219,0.16283604041658398
sin_homo,0.2,1,6.228228228228229,0.16179259408338098
sin_homo,0.2,1,6.238238238238239,0.1727944888677308
sin_homo,0.2,1,6.248248248248249,0.1577005130809871
sin_homo,0.2,1,6.258258258258259,0.15122804537603496
sin_homo,0.2,1,6.268268268268269,0.14392079591153115
sin_homo,0.2,1,6.278278278278279,0.15516828190575865
sin_homo,0.2,1,6.288288288288289,0.16294301756699522
sin_homo,0.2,1,6.298298298298299,0.14962403269275704
sin_homo,0.2,1,6.308308308308309,0.17588207704636144
sin_homo,0.2,1,6.318318318318319,0.1526549129394405
sin_homo,0.2,1,6.328328328328329,0.1668484903609534
sin_homo,0.2,1,6.338338338338339,0.16181875155776468
sin_homo,0.2,1,6.348348348348349,0.18120649355252666
sin_homo,0.2,1,6.358358358358359,0.13980998701053168
sin_homo,0.2,1,6.368368368368369,0.15872448021797333
sin_homo,0.2,1,6.378378378378379,0.16051530615551157
sin_homo,0.2,1,6.388388388388389,0.15480523876591618
sin_homo,0.2,1,6.398398398398399,0.16091675599212285
sin_homo,0.2,1,6.408408408408409,0.16881476238998905
sin_homo,0.2,1,6.418418418418419,0.15790359420603442
sin_homo,0.2,1,6.428428428428429,0.17624763515801303
sin_homo,0.2,1,6.438438438438439,0.17362031101518038
sin_homo,0.2,1,6.448448448448449,0.1564511385845744
sin_homo,0.2,1,6.458458458458459,0.16013073403774145
sin_homo,0.2,1,6.468468468468469,0.1693436216798232
sin_homo,0.2,1,6.478478478478479,0.158857363258559
sin_homo,0.2,1,6.488488488488489,0.1436808500642304
sin_homo,0.2,1,6.498498498498499,0.15544529380071223
sin_homo,0.2,1,6.508508508508509,0.17802273429033
sin_homo,0.2,1,6.518518518518519,0.1544170255258312
sin_homo,0.2,1,6.528528528528529,0.14291464607341534
sin_homo,0.2,1,6.538538538538539,0.1462812481801904
sin_homo,0.2,1,6.548548548548549,0.17199495557932723
sin_homo,0.2,1,6.558558558558559,0.14649936748162468
sin_homo,0.2,1,6.568568568568569,0.14927722224853052
sin_homo,0.2,1,6.578578578578579,0.15902343147082593
sin_homo,0.2,1,6.588588588588589,0.16298372935093022
sin_homo,0.2,1,6.598598598598599,0.14214243211129737
sin_homo,0.2,1,6.608608608608609,0.16325703974944616
sin_homo,0.2,1,6.618618618618619,0.14039198723424476
sin_homo,0.2,1,6.628628628628629,0.16240843325606394
sin_homo,0.2,1,6.638638638638639,0.1685270101351635
sin_homo,0.2,1,6.648648648648649,0.16438745872753666
sin_homo,0.2,1,6.658658658658659,0.1594535621489104
sin_homo,0.2,1,6.668668668668669,0.14585215762031528
sin_homo,0.2,1,6.678678678678679,0.14681428430389815
sin_homo,0.2,1,6.688688688688689,0.15357651687690602
sin_homo,0.2,1,6.698698698698699,0.1556390188223865
sin_homo,0.2,1,6.708708708708709,0.15359363115418834
sin_homo,0.2,1,6.718718718718719,0.1500517554644967
sin_homo,0.2,1,6.728728728728729,0.15437212465771513
sin_homo,0.2,1,6.738738738738739,0.14521377202723235
sin_homo,0.2,1,6.748748748748749,0.15437643919529412
sin_homo,0.2,1,6.758758758758759,0.13869938663216308
sin_homo,0.2,1,6.768768768768769,0.16357385927663443
sin_homo,0.2,1,6.778778778778779,0.1388543458855158
sin_homo,0.2,1,6.788788788788789,0.13749014002411067
sin_homo,0.2,1,6.798798798798799,0.14719458108510983
sin_homo,0.2,1,6.808808808808809,0.1495761551118161
sin_homo,0.2,1,6.818818818818819,0.16652130396328282
sin_homo,0.2,1,6.828828828828829,0.1457645028123349
sin_homo,0.2,1,6.838838838838839,0.14553563112155013
sin_homo,0.2,1,6.848848848848849,0.1593256337298663
sin_homo,0.2,1,6.858858858858859,0.15629344494728664
sin_homo,0.2,1,6.868868868868869,0.16557104718486615
sin_homo,0.2,1,6.878878878878879,0.14754467107517089
sin_homo,0.2,1,6.888888888888889,0.14543912262670522
sin_homo,0.2,1,6.898898898898899,0.14646315393302453
sin_homo,0.2,1,6.908908908908909,0.1547476295724019
sin_homo,0.2,1,6.918918918918919,0.1492887657073982
sin_homo,0.2,1,6.928928928928929,0.1533920580094928
sin_homo,0.2,1,6.938938938938939,0.14705829144799942
sin_homo,0.2,1,6.948948948948949,0.1478585310490505
sin_homo,0.2,1,6.958958958958959,0.15078484225628716
sin_homo,0.2,1,6.968968968968969,0.16677407730590596
sin_homo,0.2,1,6.978978978978979,0.1517336718204161
sin_homo,0.2,1,6.988988988988989,0.14310185450934979
sin_homo,0.2,1,6.998998998998999,0.1541283258882125
sin_homo,0.2,1,7.009009009009009,0.15761452482907282
sin_homo,0.2,1,7.019019019019019,0.16329304599917815
sin_homo,0.2,1,7.029029029029029,0.16972546069221287
sin_homo,0.2,1,7.039039039039039,0.15315892522617952
sin_homo,0.2,1,7.049049049049049,0.1506238226621917
sin_homo,0.2,1,7.059059059059059,0.1518760708915189
sin_homo,0.2,1,7.069069069069069,0.132754687569949
sin_homo,0.2,1,7.079079079079079,0.16252107668270485
sin_homo,0.2,1,7.089089089089089,0.170979180174989
sin_homo,0.2,1,7.099099099099099,0.14859753307114995
sin_homo,0.2,1,7.109109109109109,0.17655791737670748
sin_homo,0.2,1,7.119119119119119,0.14201873751204208
sin_homo,0.2,1,7.129129129129129,0.16760941246175579
sin_homo,0.2,1,7.1391391391391394,0.16526505386448206
sin_homo,0.2,1,7.1491491491491495,0.1481116273386767
sin_homo,0.2,1,7.1591591591591595,0.17449487042579695
sin_homo,0.2,1,7.1691691691691695,0.15497342713758497
sin_homo,0.2,1,7.1791791791791795,0.17693981637066655
sin_homo,0.2,1,7.1891891891891895,0.18053052095643293
sin_homo,0.2,1,7.1991991991991995,0.1613946905049159
sin_homo,0.2,1,7.2092092092092095,0.15429966264093917
sin_homo,0.2,1,7.2192192192192195,0.1451986934506892
sin_homo,0.2,1,7.2292292292292295,0.15572451527357775
sin_homo,0.2,1,7.2392392392392395,0.1517577664256382
sin_homo,0.2,1,7.2492492492492495,0.17073979033403072
sin_homo,0.2,1,7.2592592592592595,0.1609580244302108
sin_homo,0.2,1,7.2692692692692695,0.1917677946722378
sin_homo,0.2,1,7.2792792792792795,0.15720738658285083
sin_homo,0.2,1,7.2892892892892895,0.16537251956489013
sin_homo,0.2,1,7.2992992992992995,0.1527277154927266
sin_homo,0.2,1,7.3093093093093096,0.15714466545194866
sin_homo,0.2,1,7.31931931931932,0.15902200949892384
sin_homo,0.2,1,7.32932932932933,0.15923799033483949
sin_homo,0.2,1,7.33933933933934,0.1570364531187603
sin_homo,0.2,1,7.34934934934935,0.16278482690849033
sin_homo,0.2,1,7.35935935935936,0.16688187094920887
sin_homo,0.2,1,7.36936936936937,0.1387647641381002
sin_homo,0.2,1,7.37937937937938,0.14835274050732244
sin_homo,0.2,1,7.38938938938939,0.14786690168213365
sin_homo,0.2,1,7.3993993993994,0.17367406059503307
sin_homo,0.2,1,7.40940940940941,0.17099619480953807
sin_homo,0.2,1,7.41941941941942,0.15272063457631505
sin_homo,0.2,1,7.42942942942943,0.13848832337229988
sin_homo,0.2,1,7.43943943943944,0.15248132306845846
sin_homo,0.2,1,7.44944944944945,0.15730092705633333
sin_homo,0.2,1,7.45945945945946,0.14989023311512845
sin_homo,0.2,1,7.46946946946947,0.15769770176251285
sin_homo,0.2,1,7.47947947947948,0.15216031935562058
sin_homo,0.2,1,7.48948948948949,0.1676868289714369
sin_homo,0.2,1,7.4994994994995,0.14862557737316076
sin_homo,0.2,1,7.50950950950951,0.16324373101995746
sin_homo,0.2,1,7.51951951951952,0.16958550346975199
sin_homo,0.2,1,7.52952952952953,0.1499091353153703
sin_homo,0.2,1,7.53953953953954,0.15810821849547466
sin_homo,0.2,1,7.54954954954955,0.17658478237324807
sin_homo,0.2,1,7.55955955955956,0.1638816604343157
sin_homo,0.2,1,7.56956956956957,0.16095988252407337
sin_homo,0.2,1,7.57957957957958,0.1613413323594354
sin_homo,0.2,1,7.58958958958959,0.14057036895251956
sin_homo,0.2,1,7.5995995995996,0.16005937610505241
sin_homo,0.2,1,7.60960960960961,0.1821640070886644
sin_homo,0.2,1,7.61961961961962,0.15422166497330567
sin_homo,0.2,1,7.62962962962963,0.1325276231666378
sin_homo,0.2,1,7.63963963963964,0.1672796825490929
sin_homo,0.2,1,7.64964964964965,0.16047258904941789
sin_homo,0.2,1,7.65965965965966,0.1661212551751212
sin_homo,0.2,1,7.66966966966967,0.15953127090945823
sin_homo,0.2,1,7.67967967967968,0.1563450068526546
sin_homo,0.2,1,7.68968968968969,0.16161193744472876
sin_homo,0.2,1,7.6996996996997,0.15105102957812327
sin_homo,0.2,1,7.70970970970971,0.16457325544521895
sin_homo,0.2,1,7.71971971971972,0.1615162505292041
sin_homo,0.2,1,7.72972972972973,0.1577262470225115
sin_homo,0.2,1,7.73973973973974,0.14586352207658643
sin_homo,0.2,1,7.74974974974975,0.1377244199977145
sin_homo,0.2,1,7.75975975975976,0.16241499415667476
sin_homo,0.2,1,7.76976976976977,0.15943599284639207
sin_homo,0.2,1,7.77977977977978,0.1472004684813169
sin_homo,0.2,1,7.78978978978979,0.15316617512517353
sin_homo,0.2,1,7.7997997997998,0.16259787071256837
sin_homo,0.2,1,7.80980980980981,0.17400014061841337
sin_homo,0.2,1,7.81981981981982,0.17461442457750806
sin_homo,0.2,1,7.82982982982983,0.1679721584950375
sin_homo,0.2,1,7.83983983983984,0.15920152395209125
sin_homo,0.2,1,7.84984984984985,0.16921213736063345
sin_homo,0.2,1,7.85985985985986,0.16112547192758458
sin_homo,0.2,1,7.86986986986987,0.16418989717335944
sin_homo,0.2,1,7.87987987987988,0.15491116923309958
sin_homo,0.2,1,7.88988988988989,0.153669378193411
sin_homo,0.2,1,7.8998998998999,0.15354441805886307
sin_homo,0.2,1,7.90990990990991,0.18328897178020864
sin_homo,0.2,1,7.91991991991992,0.1500972083233216
sin_homo,0.2,1,7.92992992992993,0.1512411775537135
sin_homo,0.2,1,7.93993993993994,0.1584861186894775
sin_homo,0.2,1,7.94994994994995,0.16135923226978457
sin_homo,0.2,1,7.95995995995996,0.14624107810386558
sin_homo,0.2,1,7.96996996996997,0.15674195682791284
sin_homo,0.2,1,7.97997997997998,0.16536588215851222
sin_homo,0.2,1,7.98998998998999,0.15918359144205832
sin_homo,0.2,1,8.0,0.16388207870597976
sin_homo,0.2,2,-2.0,0.1461874024571549
sin_homo,0.2,2,-1.98998998998999,0.14330601167306187
sin_homo,0.2,2,-1.97997997997998,0.1379093823922586
sin_homo,0.2,2,-1.96996996996997,0.14899861510227955
sin_homo,0.2,2,-1.95995995995996,0.18367030771975337
sin_homo,0.2,2,-1.94994994994995,0.16502701323067168
sin_homo,0.2,2,-1.93993993993994,0.16806895380773745
sin_homo,0.2,2,-1.92992992992993,0.14271334568667024
sin_homo,0.2,2,-1.91991991991992,0.17424896377679192
sin_homo,0.2,2,-1.90990990990991,0.1619522578720391
sin_homo,0.2,2,-1.8998998998999,0.1437451414777849
sin_homo,0.2,2,-1.88988988988989,0.16513507183916024
sin_homo,0.2,2,-1.87987987987988,0.15005644561289663
sin_homo,0.2,2,-1.86986986986987,0.1711683203990719
sin_homo,0.2,2,-1.85985985985986,0.17248711687915164
sin_homo,0.2,2,-1.84984984984985,0.1744071159501913
sin_homo,0.2,2,-1.83983983983984,0.16216591857261603
sin_homo,0.2,2,-1.82982982982983,0.15890928620223677
sin_homo,0.2,2,-1.8198198198198199,0.14883631881554804
sin_homo,0.2,2,-1.8098098098098099,0.17962350650979222
sin_homo,0.2,2,-1.7997997997997999,0.1663084283491337
sin_homo,0.2,2,-1.7897897897897899,0.14998744314512538
sin_homo,0.2,2,-1.7797797797797799,0.14845149896768833
sin_homo,0.2,2,-1.7697697697697699,0.17024471959973791
sin_homo,0.2,2,-1.7597597597597598,0.15082702548114393
sin_homo,0.2,2,-1.7497497497497498,0.17075000286835595
sin_homo,0.2,2,-1.7397397397397398,0.16623951701883774
sin_homo,0.2,2,-1.7297297297297298,0.16788469727227884
sin_homo,0.2,2,-1.7197197197197198,0.15284647352068903
sin_homo,0.2,2,-1.7097097097097098,0.1727017164239607
sin_homo,0.2,2,-1.6996996996996998,0.15189126496660535
sin_homo,0.2,2,-1.6896896896896898,0.16046079567905241
sin_homo,0.2,2,-1.6796796796796798,0.15697307795082602
sin_homo,0.2,2,-1.6696696696696698,0.14772685909358796
sin_homo,0.2,2,-1.6596596596596598,0.15097808138021485
sin_homo,0.2,2,-1.6496496496496498,0.14985516637040414
sin_homo,0.2,2,-1.6396396396396398,0.17201885241366163
sin_homo,0.2,2,-1.6296296296296298,0.14064161529893157
sin_homo,0.2,2,-1.6196196196196198,0.16954107532699078
sin_homo,0.2,2,-1.6096096096096097,0.15148766671998493
sin_homo,0.2,2,-1.5995995995995997,0.17127178848229505
sin_homo,0.2,2,-1.5895895895895895,0.14569572090172606
sin_homo,0.2,2,-1.5795795795795795,0.16662411711726074
sin_homo,0.2,2,-1.5695695695695695,0.1334968596783499
sin_homo,0.2,2,-1.5595595595595595,0.14917152756121724
sin_homo,0.2,2,-1.5495495495495495,0.17011954454133305
sin_homo,0.2,2,-1.5395395395395395,0.15403119855539832
sin_homo,0.2,2,-1.5295295295295295,0.17333301770672466
sin_homo,0.2,2,-1.5195195195195195,0.16445730051111795
sin_homo,0.2,2,-1.5095095095095095,0.17102858911867197
sin_homo,0.2,2,-1.4994994994994995,0.1660738262119332
sin_homo,0.2,2,-1.4894894894894894,0.17329118035118204
sin_homo,0.2,2,-1.4794794794794794,0.15834104411907973
sin_homo,0.2,2,-1.4694694694694694,0.1634104165287706
sin_homo,0.2,2,-1.4594594594594594,0.157193912394987
sin_homo,0.2,2,-1.4494494494494494,0.16100657344827388
sin_homo,0.2,2,-1.4394394394394394,0.15944620208247293
sin_homo,0.2,2,-1.4294294294294294,0.1565891721316371
sin_homo,0.2,2,-1.4194194194194194,0.1616404589308624
sin_homo,0.2,2,-1.4094094094094094,0.1576245927962096
sin_homo,0.2,2,-1.3993993993993994,0.19425345006318667
sin_homo,0.2,2,-1.3893893893893894,0.16063852693902037
sin_homo,0.2,2,-1.3793793793793794,0.156216826456729
sin_homo,0.2,2,-1.3693693693693694,0.1666918248279005
sin_homo,0.2,2,-1.3593593593593594,0.14126517721308904
sin_homo,0.2,2,-1.3493493493493494,0.15710785769744348
sin_homo,0.2,2,-1.3393393393393394,0.14413121498006365
sin_homo,0.2,2,-1.3293293293293293,0.16462931769471192
sin_homo,0.2,2,-1.3193193193193193,0.18437930955105655
sin_homo,0.2,2,-1.3093093093093093,0.1534892058628844
sin_homo,0.2,2,-1.2992992992992993,0.1523098910762931
sin_homo,0.2,2,-1.2892892892892893,0.15551960482059712
sin_homo,0.2,2,-1.2792792792792793,0.15990191469145779
sin_homo,0.2,2,-1.2692692692692693,0.17147598779130813
sin_homo,0.2,2,-1.2592592592592593,0.16688099729295963
sin_homo,0.2,2,-1.2492492492492493,0.16990771517146738
sin_homo,0.2,2,-1.2392392392392393,0.14292275289761175
sin_homo,0.2,2,-1.2292292292292293,0.16327120993850583
sin_homo,0.2,2,-1.2192192192192193,0.16276143536910187
sin_homo,0.2,2,-1.2092092092092093,0.16455388936199472
sin_homo,0.2,2,-1.1991991991991993,0.1429731219285645
sin_homo,0.2,2,-1.189189189189189,0.1501163991691927
sin_homo,0.2,2,-1.179179179179179,0.1503842847919948
sin_homo,0.2,2,-1.169169169169169,0.15713424364430886
sin_homo,0.2,2,-1.159159159159159,0.16163982903702953
sin_homo,0.2,2,-1.149149149149149,0.12851970315491215
sin_homo,0.2,2,-1.139139139139139,0.15900866503509242
sin_homo,0.2,2,-1.129129129129129,0.19261469583433874
sin_homo,0.2,2,-1.119119119119119,0.14877327960794143
sin_homo,0.2,2,-1.109109109109109,0.16334580428650627
sin_homo,0.2,2,-1.099099099099099,0.1534607249566496
sin_homo,0.2,2,-1.089089089089089,0.1413410417454544
sin_homo,0.2,2,-1.079079079079079,0.16128240499142465
sin_homo,0.2,2,-1.069069069069069,0.15999270585871
sin_homo,0.2,2,-1.059059059059059,0.14642148005895547
sin_homo,0.2,2,-1.049049049049049,0.14859327942822398
sin_homo,0.2,2,-1.039039039039039,0.15646131650211828
sin_homo,0.2,2,-1.029029029029029,0.14090904815879118
sin_homo,0.2,2,-1.019019019019019,0.13780062493418835
sin_homo,0.2,2,-1.009009009009009,0.1539151611998491
sin_homo,0.2,2,-0.9989989989989989,0.15074588224688534
sin_homo,0.2,2,-0.9889889889889889,0.17015569349665188
sin_homo,0.2,2,-0.9789789789789789,0.14888629688593974
sin_homo,0.2,2,-0.9689689689689689,0.15171556820043888
sin_homo,0.2,2,-0.9589589589589589,0.15762086561421798
sin_homo,0.2,2,-0.9489489489489489,0.1634339465872122
sin_homo,0.2,2,-0.9389389389389389,0.15115090147030422
sin_homo,0.2,2,-0.9289289289289289,0.15570226457747752
sin_homo,0.2,2,-0.9189189189189189,0.16248748283742573
sin_homo,0.2,2,-0.9089089089089089,0.15009249117868084
sin_homo,0.2,2,-0.8988988988988988,0.1538478738681429
sin_homo,0.2,2,-0.8888888888888888,0.14694473152156168
sin_homo,0.2,2,-0.8788788788788788,0.13545010529837484
sin_homo,0.2,2,-0.8688688688688688,0.15928255274991718
sin_homo,0.2,2,-0.8588588588588588,0.17212041984066553
sin_homo,0.2,2,-0.8488488488488488,0.1822435371159852
sin_homo,0.2,2,-0.8388388388388388,0.150002612632032
sin_homo,0.2,2,-0.8288288288288288,0.17595740833559848
sin_homo,0.2,2,-0.8188188188188188,0.13067587018740945
sin_homo,0.2,2,-0.8088088088088088,0.1623029090266901
sin_homo,0.2,2,-0.7987987987987988,0.15404234632780628
sin_homo,0.2,2,-0.7887887887887888,0.14450197874917184
sin_homo,0.2,2,-0.7787787787787788,0.14114771635585427
sin_homo,0.2,2,-0.7687687687687688,0.15928580080288365
sin_homo,0.2,2,-0.7587587587587588,0.14969555097006246
sin_homo,0.2,2,-0.7487487487487487,0.16155082144589886
sin_homo,0.2,2,-0.7387387387387387,0.1516266015647802
sin_homo,0.2,2,-0.7287287287287287,0.15427470489278047
sin_homo,0.2,2,-0.7187187187187187,0.16976906156157082
sin_homo,0.2,2,-0.7087087087087087,0.14934164255762247
sin_homo,0.2,2,-0.6986986986986987,0.17857313656052962
sin_homo,0.2,2,-0.6886886886886887,0.14713561489636412
sin_homo,0.2,2,-0.6786786786786787,0.15210782782830912
sin_homo,0.2,2,-0.6686686686686687,0.13849700760713352
sin_homo,0.2,2,-0.6586586586586587,0.15203647972216594
sin_homo,0.2,2,-0.6486486486486487,0.16646794237314663
sin_homo,0.2,2,-0.6386386386386387,0.14846721082989048
sin_homo,0.2,2,-0.6286286286286287,0.16848951141077215
sin_homo,0.2,2,-0.6186186186186187,0.16333733502903655
sin_homo,0.2,2,-0.6086086086086087,0.13994733428802078
sin_homo,0.2,2,-0.5985985985985987,0.14822795345928083
sin_homo,0.2,2,-0.5885885885885886,0.14146183506845644
sin_homo,0.2,2,-0.5785785785785786,0.1442101730086263
sin_homo,0.2,2,-0.5685685685685686,0.15712518316037447
sin_homo,0.2,2,-0.5585585585585586,0.14516510257994586
sin_homo,0.2,2,-0.5485485485485486,0.14570813749838207
sin_homo,0.2,2,-0.5385385385385386,0.15395798911125552
sin_homo,0.2,2,-0.5285285285285286,0.17458046792394039
sin_homo,0.2,2,-0.5185185185185186,0.1541727214200317
sin_homo,0.2,2,-0.5085085085085086,0.15496875536293803
sin_homo,0.2,2,-0.4984984984984986,0.15268629723840296
sin_homo,0.2,2,-0.4884884884884886,0.15786169505258357
sin_homo,0.2,2,-0.4784784784784786,0.1507377008596997
sin_homo,0.2,2,-0.46846846846846857,0.13652051068203297
sin_homo,0.2,2,-0.45845845845845856,0.16189844300165904
sin_homo,0.2,2,-0.44844844844844856,0.15975467829562665
sin_homo,0.2,2,-0.43843843843843855,0.14557887547982942
sin_homo,0.2,2,-0.42842842842842854,0.13887746588309474
sin_homo,0.2,2,-0.41841841841841854,0.13656965093358409
sin_homo,0.2,2,-0.40840840840840853,0.1403322963918402
sin_homo,0.2,2,-0.3983983983983985,0.15516425318389024
sin_homo,0.2,2,-0.3883883883883883,0.16058147597913425
sin_homo,0.2,2,-0.3783783783783783,0.16017939261647354
sin_homo,0.2,2,-0.3683683683683683,0.15092823368174857
sin_homo,0.2,2,-0.3583583583583583,0.16752564735014677
sin_homo,0.2,2,-0.34834834834834827,0.1428059871318374
sin_homo,0.2,2,-0.33833833833833826,0.16404902480155384
sin_homo,0.2,2,-0.32832832832832826,0.15056072651887323
sin_homo,0.2,2,-0.31831831831831825,0.14691594714225922
sin_homo,0.2,2,-0.30830830830830824,0.14477047887038894
sin_homo,0.2,2,-0.29829829829829824,0.1439570620020734
sin_homo,0.2,2,-0.28828828828828823,0.1501822347946921
sin_homo,0.2,2,-0.2782782782782782,0.15308470211032663
sin_homo,0.2,2,-0.2682682682682682,0.14755582231643585
sin_homo,0.2,2,-0.2582582582582582,0.1417622735608815
sin_homo,0.2,2,-0.2482482482482482,0.1606100205075392
sin_homo,0.2,2,-0.2382382382382382,0.13683005781391055
sin_homo,0.2,2,-0.2282282282282282,0.13972030483006326
sin_homo,0.2,2,-0.21821821821821819,0.13276100912174543
sin_homo,0.2,2,-0.20820820820820818,0.1474415228002961
sin_homo,0.2,2,-0.19819819819819817,0.1462855009303928
sin_homo,0.2,2,-0.18818818818818817,0.15539789685135683
sin_homo,0.2,2,-0.17817817817817816,0.13661143517118993
sin_homo,0.2,2,-0.16816816816816815,0.1526694194202866
sin_homo,0.2,2,-0.15815815815815815,0.1345644867066346
sin_homo,0.2,2,-0.14814814814814814,0.15307292351236515
sin_homo,0.2,2,-0.13813813813813813,0.14827393386048587
sin_homo,0.2,2,-0.12812812812812813,0.15819817628666857
sin_homo,0.2,2,-0.11811811811811812,0.16219325387018882
sin_homo,0.2,2,-0.10810810810810811,0.13007080258882572
sin_homo,0.2,2,-0.09809809809809811,0.13913669291507974
sin_homo,0.2,2,-0.0880880880880881,0.134132934269094
sin_homo,0.2,2,-0.0780780780780781,0.14324061621405626
sin_homo,0.2,2,-0.06806806806806809,0.1506560225757255
sin_homo,0.2,2,-0.05805805805805808,0.17910621079301908
sin_homo,0.2,2,-0.048048048048048075,0.15003736125374986
sin_homo,0.2,2,-0.03803803803803807,0.15187423224586696
sin_homo,0.2,2,-0.028028028028028062,0.1797235313890315
sin_homo,0.2,2,-0.018018018018018056,0.13590445215826297
sin_homo,0.2,2,-0.00800800800800805,0.14312937896091166
sin_homo,0.2,2,0.002002002002002179,0.12329765249327782
sin_homo,0.2,2,0.012012012012012185,0.15152327938714963
sin_homo,0.2,2,0.022022022022022192,0.12992996269809434
sin_homo,0.2,2,0.0320320320320322,0.14947228369122806
sin_homo,0.2,2,0.042042042042042205,0.1465604538509094
sin_homo,0.2,2,0.05205205205205221,0.15271879357122164
sin_homo,0.2,2,0.06206206206206222,0.14331040207462417
sin_homo,0.2,2,0.07207207207207222,0.12788585723200782
sin_homo,0.2,2,0.08208208208208223,0.13798567017652946
sin_homo,0.2,2,0.09209209209209224,0.13918777691102568
sin_homo,0.2,2,0.10210210210210224,0.1292119843954148
sin_homo,0.2,2,0.11211211211211225,0.14035899319830997
sin_homo,0.2,2,0.12212212212212226,0.14548475117344895
sin_homo,0.2,2,0.13213213213213226,0.14333693054852323
sin_homo,0.2,2,0.14214214214214227,0.15285616619911915
sin_homo,0.2,2,0.15215215215215228,0.14850862426579817
sin_homo,0.2,2,0.16216216216216228,0.13820302333514103
sin_homo,0.2,2,0.1721721721721723,0.148824674586821
sin_homo,0.2,2,0.1821821821821823,0.13182042986906067
sin_homo,0.2,2,0.1921921921921923,0.14001720469365597
sin_homo,0.2,2,0.2022022022022023,0.13307931992349284
sin_homo,0.2,2,0.21221221221221231,0.14378094993130242
sin_homo,0.2,2,0.22222222222222232,0.14442249857073094
sin_homo,0.2,2,0.23223223223223233,0.14499818333703082
sin_homo,0.2,2,0.24224224224224233,0.14169025421057424
sin_homo,0.2,2,0.25225225225225234,0.1373494038152173
sin_homo,0.2,2,0.26226226226226235,0.14431219952977703
sin_homo,0.2,2,0.27227227227227235,0.1334701246133659
sin_homo,0.2,2,0.28228228228228236,0.15273385839610784
sin_homo,0.2,2,0.29229229229229237,0.14189534460092273
sin_homo,0.2,2,0.3023023023023024,0.13955145274678726
sin_homo,0.2,2,0.3123123123123124,0.1485652997508219
sin_homo,0.2,2,0.3223223223223224,0.15589635765937776
sin_homo,0.2,2,0.3323323323323324,0.14840345933116258
sin_homo,0.2,2,0.3423423423423424,0.1361970161396931
sin_homo,0.2,2,0.3523523523523524,0.15030071254420546
sin_homo,0.2,2,0.3623623623623624,0.15979750106710292
sin_homo,0.2,2,0.3723723723723724,0.14731086747341457
sin_homo,0.2,2,0.3823823823823824,0.12259138810312623
sin_homo,0.2,2,0.39239239239239243,0.14089802674026491
sin_homo,0.2,2,0.40240240240240244,0.1345464082501031
sin_homo,0.2,2,0.41241241241241244,0.13221370719785944
sin_homo,0.2,2,0.42242242242242245,0.12886968458545486
sin_homo,0.2,2,0.43243243243243246,0.13194886616852322
sin_homo,0.2,2,0.44244244244244246,0.13018645441046017
sin_homo,0.2,2,0.45245245245245247,0.1394480584629122
sin_homo,0.2,2,0.4624624624624625,0.1267767190665963
sin_homo,0.2,2,0.4724724724724725,0.13521621038374343
sin_homo,0.2,2,0.4824824824824825,0.13693365415302894
sin_homo,0.2,2,0.4924924924924925,0.14511208453252372
sin_homo,0.2,2,0.5025025025025025,0.13459805152082663
sin_homo,0.2,2,0.5125125125125125,0.12620088315380032
sin_homo,0.2,2,0.5225225225225225,0.1375788808019726
sin_homo,0.2,2,0.5325325325325325,0.1391623400492882
sin_homo,0.2,2,0.5425425425425425,0.15158996375998332
sin_homo,0.2,2,0.5525525525525525,0.1319016901362928
sin_homo,0.2,2,0.5625625625625625,0.13962278480826915
sin_homo,0.2,2,0.5725725725725725,0.12640993011313792
sin_homo,0.2,2,0.5825825825825826,0.15249774933820565
sin_homo,0.2,2,0.5925925925925926,0.1593987734324606
sin_homo,0.2,2,0.6026026026026026,0.13914443374167107
sin_homo,0.2,2,0.6126126126126126,0.13356680987685804
sin_homo,0.2,2,0.6226226226226226,0.12352380193828157
sin_homo,0.2,2,0.6326326326326326,0.1281940259744278
sin_homo,0.2,2,0.6426426426426426,0.1384150892797994
sin_homo,0.2,2,0.6526526526526526,0.12098073849380683
sin_homo,0.2,2,0.6626626626626626,0.13600524868323827
sin_homo,0.2,2,0.6726726726726726,0.13516910214867967
sin_homo,0.2,2,0.6826826826826826,0.14810365124073296
sin_homo,0.2,2,0.6926926926926926,0.14874079826086847
sin_homo,0.2,2,0.7027027027027026,0.14963206892479636
sin_homo,0.2,2,0.7127127127127126,0.1492576176841291
sin_homo,0.2,2,0.7227227227227226,0.16506898704219825
sin_homo,0.2,2,0.7327327327327327,0.14509701248653104
sin_homo,0.2,2,0.7427427427427427,0.13076788262015612
sin_homo,0.2,2,0.7527527527527527,0.15197788553100755
sin_homo,0.2,2,0.7627627627627627,0.14740959806037948
sin_homo,0.2,2,0.7727727727727727,0.14214628366216567
sin_homo,0.2,2,0.7827827827827827,0.11825909814981204
sin_homo,0.2,2,0.7927927927927927,0.11920385656875818
sin_homo,0.2,2,0.8028028028028027,0.1472676663358087
sin_homo,0.2,2,0.8128128128128127,0.12834163202133053
sin_homo,0.2,2,0.8228228228228227,0.12319080272025593
sin_homo,0.2,2,0.8328328328328327,0.1454161796089539
sin_homo,0.2,2,0.8428428428428427,0.15261796179002934
sin_homo,0.2,2,0.8528528528528527,0.13807760860000082
sin_homo,0.2,2,0.8628628628628627,0.13346333110029687
sin_homo,0.2,2,0.8728728728728727,0.1405796668054286
sin_homo,0.2,2,0.8828828828828827,0.12480287802543749
sin_homo,0.2,2,0.8928928928928928,0.1552818917049331
sin_homo,0.2,2,0.9029029029029028,0.11698950117231062
sin_homo,0.2,2,0.9129129129129128,0.1473606277435627
sin_homo,0.2,2,0.9229229229229228,0.1303695391605173
sin_homo,0.2,2,0.9329329329329328,0.14450217409429464
sin_homo,0.2,2,0.9429429429429428,0.12440833369017663
sin_homo,0.2,2,0.9529529529529528,0.14771026884611171
sin_homo,0.2,2,0.9629629629629628,0.12545342801078394
sin_homo,0.2,2,0.9729729729729728,0.1579899493468809
sin_homo,0.2,2,0.9829829829829828,0.13951279987440315
sin_homo,0.2,2,0.9929929929929928,0.12935548418841702
sin_homo,0.2,2,1.0030030030030028,0.13920068007518965
sin_homo,0.2,2,1.0130130130130128,0.12222764519977855
sin_homo,0.2,2,1.0230230230230228,0.14050108192975455
sin_homo,0.2,2,1.0330330330330328,0.14443933879846071
sin_homo,0.2,2,1.0430430430430429,0.11627569502174805
sin_homo,0.2,2,1.0530530530530529,0.11249392822282468
sin_homo,0.2,2,1.0630630630630629,0.15312387775859285
sin_homo,0.2,2,1.0730730730730729,0.14751821541174395
sin_homo,0.2,2,1.0830830830830829,0.1441116735285538
sin_homo,0.2,2,1.0930930930930929,0.13752461957739026
sin_homo,0.2,2,1.1031031031031029,0.14735392289524257
sin_homo,0.2,2,1.113113113113113,0.1377570789027086
sin_homo,0.2,2,1.123123123123123,0.15218246934429
sin_homo,0.2,2,1.133133133133133,0.15412181078252976
sin_homo,0.2,2,1.143143143143143,0.1675094715077367
sin_homo,0.2,2,1.153153153153153,0.1350147167067423
sin_homo,0.2,2,1.163163163163163,0.132080858049071
sin_homo,0.2,2,1.173173173173173,0.14357869055666833
sin_homo,0.2,2,1.183183183183183,0.13958116175609084
sin_homo,0.2,2,1.193193193193193,0.13278153925989744
sin_homo,0.2,2,1.203203203203203,0.1535593569941165
sin_homo,0.2,2,1.2132132132132134,0.12822241927919284
sin_homo,0.2,2,1.2232232232232234,0.13863924309414735
sin_homo,0.2,2,1.2332332332332334,0.14423724412077113
sin_homo,0.2,2,1.2432432432432434,0.12441404521798476
sin_homo,0.2,2,1.2532532532532534,0.13738347381248264
sin_homo,0.2,2,1.2632632632632634,0.13957428544801548
sin_homo,0.2,2,1.2732732732732734,0.15343903634826733
sin_homo,0.2,2,1.2832832832832834,0.12137416839280112
sin_homo,0.2,2,1.2932932932932935,0.15275707292800234
sin_homo,0.2,2,1.3033033033033035,0.12164577440006179
sin_homo,0.2,2,1.3133133133133135,0.13239502579444903
sin_homo,0.2,2,1.3233233233233235,0.13492655842444273
sin_homo,0.2,2,1.3333333333333335,0.14734560994146573
sin_homo,0.2,2,1.3433433433433435,0.13724621048590524
sin_homo,0.2,2,1.3533533533533535,0.1529528632048494
sin_homo,0.2,2,1.3633633633633635,0.12707312754481898
sin_homo,0.2,2,1.3733733733733735,0.13804257295601505
sin_homo,0.2,2,1.3833833833833835,0.14198216230478397
sin_homo,0.2,2,1.3933933933933935,0.12807994365468064
sin_homo,0.2,2,1.4034034034034035,0.1373896913914816
sin_homo,0.2,2,1.4134134134134135,0.1435735554251193
sin_homo,0.2,2,1.4234234234234235,0.12083235353214855
sin_homo,0.2,2,1.4334334334334335,0.13510304469888001
sin_homo,0.2,2,1.4434434434434436,0.14142855478283653
sin_homo,0.2,2,1.4534534534534536,0.13575460742670964
sin_homo,0.2,2,1.4634634634634636,0.1374086222472247
sin_homo,0.2,2,1.4734734734734736,0.14810977277281953
sin_homo,0.2,2,1.4834834834834836,0.13607311258058732
sin_homo,0.2,2,1.4934934934934936,0.1418499626113027
sin_homo,0.2,2,1.5035035035035036,0.14352652296793522
sin_homo,0.2,2,1.5135135135135136,0.11889443255804702
sin_homo,0.2,2,1.5235235235235236,0.13186161496996068
sin_homo,0.2,2,1.5335335335335336,0.11977326720209888
sin_homo,0.2,2,1.5435435435435436,0.1181072675944633
sin_homo,0.2,2,1.5535535535535536,0.1449917712829867
sin_homo,0.2,2,1.5635635635635636,0.1120473854843806
sin_homo,0.2,2,1.5735735735735736,0.13488168420612737
sin_homo,0.2,2,1.5835835835835836,0.1258160343977105
sin_homo,0.2,2,1.5935935935935936,0.1235594365528724
sin_homo,0.2,2,1.6036036036036037,0.1220915347153062
sin_homo,0.2,2,1.6136136136136137,0.1161537731617788
sin_homo,0.2,2,1.6236236236236237,0.1162212408356821
sin_homo,0.2,2,1.6336336336336337,0.13462814558409691
sin_homo,0.2,2,1.6436436436436437,0.12337959166654056
sin_homo,0.2,2,1.6536536536536537,0.13901281446191216
sin_homo,0.2,2,1.6636636636636637,0.11451865407951388
sin_homo,0.2,2,1.6736736736736737,0.1453036123331317
sin_homo,0.2,2,1.6836836836836837,0.13137726222655832
sin_homo,0.2,2,1.6936936936936937,0.12563317767586304
sin_homo,0.2,2,1.7037037037037037,0.13537899085470256
sin_homo,0.2,2,1.7137137137137137,0.13591082436669533
sin_homo,0.2,2,1.7237237237237237,0.11524852778076666
sin_homo,0.2,2,1.7337337337337337,0.1135599480629447
sin_homo,0.2,2,1.7437437437437437,0.12085133816905945
sin_homo,0.2,2,1.7537537537537538,0.1365172627975888
sin_homo,0.2,2,1.7637637637637638,0.12265368620093965
sin_homo,0.2,2,1.7737737737737738,0.10201461953742028
sin_homo,0.2,2,1.7837837837837838,0.12366687611187743
sin_homo,0.2,2,1.7937937937937938,0.13193022034860008
sin_homo,0.2,2,1.8038038038038038,0.12631141820912012
sin_homo,0.2,2,1.8138138138138138,0.13813385752230764
sin_homo,0.2,2,1.8238238238238238,0.1367892801026019
sin_homo,0.2,2,1.8338338338338338,0.13922833875308266
sin_homo,0.2,2,1.8438438438438438,0.1329168859665951
sin_homo,0.2,2,1.8538538538538538,0.11395391666258556
sin_homo,0.2,2,1.8638638638638638,0.11458322821779074
sin_homo,0.2,2,1.8738738738738738,0.12918557859510882
sin_homo,0.2,2,1.8838838838838838,0.12390443859991983
sin_homo,0.2,2,1.8938938938938938,0.12426722652054016
sin_homo,0.2,2,1.9039039039039038,0.12972954613251853
sin_homo,0.2,2,1.9139139139139139,0.10867506050992616
sin_homo,0.2,2,1.9239239239239239,0.13318816432964556
sin_homo,0.2,2,1.9339339339339339,0.12088258961008105
sin_homo,0.2,2,1.9439439439439439,0.11462535470130636
sin_homo,0.2,2,1.9539539539539539,0.12700700036124649
sin_homo,0.2,2,1.9639639639639639,0.1183451937352422
sin_homo,0.2,2,1.973973973973974,0.12760390084718498
sin_homo,0.2,2,1.983983983983984,0.10704333120528287
sin_homo,0.2,2,1.993993993993994,0.10907711597301435
sin_homo,0.2,2,2.0040040040040044,0.12761720449455802
sin_homo,0.2,2,2.0140140140140144,0.13319041203036647
sin_homo,0.2,2,2.0240240240240244,0.11193887875240634
sin_homo,0.2,2,2.0340340340340344,0.12409562358025956
sin_homo,0.2,2,2.0440440440440444,0.12226448416993613
sin_homo,0.2,2,2.0540540540540544,0.11370514448571194
sin_homo,0.2,2,2.0640640640640644,0.11203144931087136
sin_homo,0.2,2,2.0740740740740744,0.10829024720733796
sin_homo,0.2,2,2.0840840840840844,0.11585151467451633
sin_homo,0.2,2,2.0940940940940944,0.11317132194732488
sin_homo,0.2,2,2.1041041041041044,0.11700244875881924
sin_homo,0.2,2,2.1141141141141144,0.10898256192199433
sin_homo,0.2,2,2.1241241241241244,0.11865369234082353
sin_homo,0.2,2,2.1341341341341344,0.11636446516426119
sin_homo,0.2,2,2.1441441441441444,0.108504122670083
sin_homo,0.2,2,2.1541541541541545,0.10654629365162752
sin_homo,0.2,2,2.1641641641641645,0.10812243966832827
sin_homo,0.2,2,2.1741741741741745,0.10784256319081051
sin_homo,0.2,2,2.1841841841841845,0.11698525776204426
sin_homo,0.2,2,2.1941941941941945,0.11037684871845192
sin_homo,0.2,2,2.2042042042042045,0.1070922993265243
sin_homo,0.2,2,2.2142142142142145,0.10789982805125892
sin_homo,0.2,2,2.2242242242242245,0.12174020002692787
sin_homo,0.2,2,2.2342342342342345,0.099093451434349
sin_homo,0.2,2,2.2442442442442445,0.10109259483517107
sin_homo,0.2,2,2.2542542542542545,0.10174544611072937
sin_homo,0.2,2,2.2642642642642645,0.09874978356832552
sin_homo,0.2,2,2.2742742742742745,0.11539326930665773
sin_homo,0.2,2,2.2842842842842845,0.09600040092314545
sin_homo,0.2,2,2.2942942942942945,0.09335157194710053
sin_homo,0.2,2,2.3043043043043046,0.085325152993703
sin_homo,0.2,2,2.3143143143143146,0.10508086983497524
sin_homo,0.2,2,2.3243243243243246,0.11639540900966537
sin_homo,0.2,2,2.3343343343343346,0.09075857727114418
sin_homo,0.2,2,2.3443443443443446,0.10377075501506326
sin_homo,0.2,2,2.3543543543543546,0.09756295018909213
sin_homo,0.2,2,2.3643643643643646,0.09395077049889641
sin_homo,0.2,2,2.3743743743743746,0.1059635742427828
sin_homo,0.2,2,2.3843843843843846,0.09996127106310679
sin_homo,0.2,2,2.3943943943943946,0.09250429937488905
sin_homo,0.2,2,2.4044044044044046,0.10538399015880087
sin_homo,0.2,2,2.4144144144144146,0.08648985158697724
sin_homo,0.2,2,2.4244244244244246,0.08652118554933712
sin_homo,0.2,2,2.4344344344344346,0.08619495449169967
sin_homo,0.2,2,2.4444444444444446,0.10134905947538751
sin_homo,0.2,2,2.4544544544544546,0.0848273652887643
sin_homo,0.2,2,2.4644644644644647,0.09634047265092337
sin_homo,0.2,2,2.4744744744744747,0.0929553923228847
sin_homo,0.2,2,2.4844844844844847,0.08742397304939362
sin_homo,0.2,2,2.4944944944944947,0.09109427943402598
sin_homo,0.2,2,2.5045045045045047,0.08425403518098573
sin_homo,0.2,2,2.5145145145145147,0.08509395371070341
sin_homo,0.2,2,2.5245245245245247,0.0819919889370879
sin_homo,0.2,2,2.5345345345345347,0.09210914079502083
sin_homo,0.2,2,2.5445445445445447,0.08501357209645292
sin_homo,0.2,2,2.5545545545545547,0.08743465255812054
sin_homo,0.2,2,2.5645645645645647,0.07631431849313904
sin_homo,0.2,2,2.5745745745745747,0.0851281370241832
sin_homo,0.2,2,2.5845845845845847,0.09084472033208058
sin_homo,0.2,2,2.5945945945945947,0.08347280468862725
sin_homo,0.2,2,2.6046046046046047,0.09287400963758549
sin_homo,0.2,2,2.6146146146146148,0.08514521809461711
sin_homo,0.2,2,2.6246246246246248,0.07625830687548503
sin_homo,0.2,2,2.6346346346346348,0.07781539189922512
sin_homo,0.2,2,2.6446446446446448,0.07883674127328683
sin_homo,0.2,2,2.6546546546546548,0.0777244441818387
sin_homo,0.2,2,2.664664664664665,0.07470646997544453
sin_homo,0.2,2,2.674674674674675,0.0791028309760597
sin_homo,0.2,2,2.684684684684685,0.07605537704647898
sin_homo,0.2,2,2.694694694694695,0.0791996221137972
sin_homo,0.2,2,2.704704704704705,0.07901785427448652
sin_homo,0.2,2,2.714714714714715,0.08217936692371512
sin_homo,0.2,2,2.724724724724725,0.07099371604415868
sin_homo,0.2,2,2.734734734734735,0.06527927197373544
sin_homo,0.2,2,2.744744744744745,0.06328584896578857
sin_homo,0.2,2,2.754754754754755,0.06987751909145536
sin_homo,0.2,2,2.764764764764765,0.07400297995009109
sin_homo,0.2,2,2.774774774774775,0.07036888388505921
sin_homo,0.2,2,2.784784784784785,0.0683080221266814
sin_homo,0.2,2,2.794794794794795,0.06315339828937121
sin_homo,0.2,2,2.804804804804805,0.06143862296814006
sin_homo,0.2,2,2.814814814814815,0.07358255392641863
sin_homo,0.2,2,2.824824824824825,0.061271887623335
sin_homo,0.2,2,2.834834834834835,0.07216711333591186
sin_homo,0.2,2,2.844844844844845,0.06565481578057379
sin_homo,0.2,2,2.854854854854855,0.058324983310300754
sin_homo,0.2,2,2.864864864864865,0.06741715731363335
sin_homo,0.2,2,2.874874874874875,0.06794718534167528
sin_homo,0.2,2,2.884884884884885,0.07043911275987562
sin_homo,0.2,2,2.894894894894895,0.060225234866900935
sin_homo,0.2,2,2.904904904904905,0.060800509926254145
sin_homo,0.2,2,2.914914914914915,0.06597827864458185
sin_homo,0.2,2,2.924924924924925,0.06550077482688721
sin_homo,0.2,2,2.934934934934935,0.06298964866618662
sin_homo,0.2,2,2.944944944944945,0.050450150708032195
sin_homo,0.2,2,2.954954954954955,0.0607347040549572
sin_homo,0.2,2,2.964964964964965,0.06044745789975431
sin_homo,0.2,2,2.974974974974975,0.055469539121475175
sin_homo,0.2,2,2.984984984984985,0.0567462300916338
sin_homo,0.2,2,2.994994994994995,0.06744909352284313
sin_homo,0.2,2,3.005005005005005,0.06460820245976412
sin_homo,0.2,2,3.015015015015015,0.06961266785760403
sin_homo,0.2,2,3.025025025025025,0.06351582690601693
sin_homo,0.2,2,3.035035035035035,0.061857577247130674
sin_homo,0.2,2,3.045045045045045,0.062277780221294314
sin_homo,0.2,2,3.055055055055055,0.06544666307551687
sin_homo,0.2,2,3.065065065065065,0.05884085699643254
sin_homo,0.2,2,3.075075075075075,0.06388686116351035
sin_homo,0.2,2,3.085085085085085,0.06339485257531306
sin_homo,0.2,2,3.095095095095095,0.06256734575836026
sin_homo,0.2,2,3.105105105105105,0.06157758303870986
sin_homo,0.2,2,3.115115115115115,0.06523459325201789
sin_homo,0.2,2,3.125125125125125,0.057737924541780526
sin_homo,0.2,2,3.135135135135135,0.06314325845383727
sin_homo,0.2,2,3.145145145145145,0.06210490465579441
sin_homo,0.2,2,3.155155155155155,0.0599444823208881
sin_homo,0.2,2,3.165165165165165,0.060101646220223105
sin_homo,0.2,2,3.175175175175175,0.060326518738159654
sin_homo,0.2,2,3.185185185185185,0.06659252593198049
sin_homo,0.2,2,3.195195195195195,0.05702025966994129
sin_homo,0.2,2,3.205205205205205,0.07052811881604976
sin_homo,0.2,2,3.215215215215215,0.07930529139721834
sin_homo,0.2,2,3.225225225225225,0.0759344899967986
sin_homo,0.2,2,3.235235235235235,0.06531835013496601
sin_homo,0.2,2,3.245245245245245,0.07193403761978183
sin_homo,0.2,2,3.255255255255255,0.06286949573345796
sin_homo,0.2,2,3.265265265265265,0.06527218867679464
sin_homo,0.2,2,3.275275275275275,0.07054174234544248
sin_homo,0.2,2,3.285285285285285,0.06931186895227412
sin_homo,0.2,2,3.295295295295295,0.0687206746945064
sin_homo,0.2,2,3.305305305305305,0.06955232268911148
sin_homo,0.2,2,3.315315315315315,0.07896649455055159
sin_homo,0.2,2,3.325325325325325,0.06910093904651436
sin_homo,0.2,2,3.335335335335335,0.07662452232299949
sin_homo,0.2,2,3.3453453453453452,0.07284915198516247
sin_homo,0.2,2,3.3553553553553552,0.07123055687852738
sin_homo,0.2,2,3.3653653653653652,0.07609777596667197
sin_homo,0.2,2,3.3753753753753752,0.0798217553720489
sin_homo,0.2,2,3.3853853853853852,0.07453208393160891
sin_homo,0.2,2,3.3953953953953953,0.07335062726405683
sin_homo,0.2,2,3.4054054054054053,0.08146614377954457
sin_homo,0.2,2,3.4154154154154153,0.07281854148009662
sin_homo,0.2,2,3.4254254254254253,0.0832087253613118
sin_homo,0.2,2,3.4354354354354353,0.09143185568218043
sin_homo,0.2,2,3.4454454454454453,0.08133242236604037
sin_homo,0.2,2,3.4554554554554553,0.07799301043272354
sin_homo,0.2,2,3.4654654654654653,0.07855001748637643
sin_homo,0.2,2,3.4754754754754753,0.09359949897403771
sin_homo,0.2,2,3.4854854854854853,0.09004982711217643
sin_homo,0.2,2,3.4954954954954953,0.08693742254240229
sin_homo,0.2,2,3.5055055055055053,0.09021238926166199
sin_homo,0.2,2,3.5155155155155153,0.08194302314449511
sin_homo,0.2,2,3.5255255255255253,0.09349177345062602
sin_homo,0.2,2,3.5355355355355353,0.07304808430060097
sin_homo,0.2,2,3.5455455455455454,0.08330370049577336
sin_homo,0.2,2,3.5555555555555554,0.09781493895259577
sin_homo,0.2,2,3.5655655655655654,0.08117301286883837
sin_homo,0.2,2,3.5755755755755754,0.08778582203735483
sin_homo,0.2,2,3.5855855855855854,0.1021475698901848
sin_homo,0.2,2,3.5955955955955954,0.10022511795526991
sin_homo,0.2,2,3.6056056056056054,0.09897921782030232
sin_homo,0.2,2,3.6156156156156154,0.10454729410867489
sin_homo,0.2,2,3.6256256256256254,0.09439388004903229
sin_homo,0.2,2,3.6356356356356354,0.10521749791888044
sin_homo,0.2,2,3.6456456456456454,0.1004539935684023
sin_homo,0.2,2,3.6556556556556554,0.09927395466399225
sin_homo,0.2,2,3.6656656656656654,0.09593861626463653
sin_homo,0.2,2,3.6756756756756754,0.09888016736671303
sin_homo,0.2,2,3.6856856856856854,0.08870146376180861
sin_homo,0.2,2,3.6956956956956954,0.09907419176221259
sin_homo,0.2,2,3.7057057057057055,0.09900849206977005
sin_homo,0.2,2,3.7157157157157155,0.10703128017246138
sin_homo,0.2,2,3.7257257257257255,0.10347886135396121
sin_homo,0.2,2,3.7357357357357355,0.10350532021318244
sin_homo,0.2,2,3.7457457457457455,0.10124874306871379
sin_homo,0.2,2,3.7557557557557555,0.10601341629270902
sin_homo,0.2,2,3.7657657657657655,0.09954829883386304
sin_homo,0.2,2,3.7757757757757755,0.10675035729785556
sin_homo,0.2,2,3.7857857857857855,0.10893764469535142
sin_homo,0.2,2,3.7957957957957955,0.09262092502305605
sin_homo,0.2,2,3.8058058058058055,0.12293895667023158
sin_homo,0.2,2,3.8158158158158155,0.11240646237435865
sin_homo,0.2,2,3.8258258258258255,0.11083709265641534
sin_homo,0.2,2,3.8358358358358355,0.10579885436697052
sin_homo,0.2,2,3.8458458458458455,0.11404935300265966
sin_homo,0.2,2,3.8558558558558556,0.0994448975154711
sin_homo,0.2,2,3.8658658658658656,0.11359895708033022
sin_homo,0.2,2,3.8758758758758756,0.10667609700559585
sin_homo,0.2,2,3.8858858858858856,0.11584651925273375
sin_homo,0.2,2,3.8958958958958956,0.12050153448269496
sin_homo,0.2,2,3.9059059059059056,0.10364669543211162
sin_homo,0.2,2,3.9159159159159156,0.12075198551287179
sin_homo,0.2,2,3.9259259259259256,0.11944855248571784
sin_homo,0.2,2,3.9359359359359356,0.10800091478647621
sin_homo,0.2,2,3.9459459459459456,0.11285600847104761
sin_homo,0.2,2,3.9559559559559556,0.10777022715209744
sin_homo,0.2,2,3.9659659659659656,0.1203983168351995
sin_homo,0.2,2,3.9759759759759756,0.11310440063615446
sin_homo,0.2,2,3.9859859859859856,0.11335424867712751
sin_homo,0.2,2,3.9959959959959956,0.11907344851322846
sin_homo,0.2,2,4.006006006006006,0.10471755046535007
sin_homo,0.2,2,4.016016016016016,0.11600409400247777
sin_homo,0.2,2,4.026026026026026,0.11903126273541956
sin_homo,0.2,2,4.036036036036036,0.12042343549681675
sin_homo,0.2,2,4.046046046046046,0.12385942610095295
sin_homo,0.2,2,4.056056056056056,0.11480565787066277
sin_homo,0.2,2,4.066066066066066,0.119291971151764
sin_homo,0.2,2,4.076076076076076,0.12952615897453487
sin_homo,0.2,2,4.086086086086086,0.11831395608023612
sin_homo,0.2,2,4.096096096096096,0.1314134555197743
sin_homo,0.2,2,4.106106106106106,0.12691003181526095
sin_homo,0.2,2,4.116116116116116,0.12754650146872779
sin_homo,0.2,2,4.126126126126126,0.1357285963454319
sin_homo,0.2,2,4.136136136136136,0.12030503847187969
sin_homo,0.2,2,4.146146146146146,0.1384962699063306
sin_homo,0.2,2,4.156156156156156,0.13951341798643033
sin_homo,0.2,2,4.166166166166166,0.12374221274320987
sin_homo,0.2,2,4.176176176176176,0.12067738438168768
sin_homo,0.2,2,4.186186186186186,0.13015347283527173
sin_homo,0.2,2,4.196196196196196,0.13836850733907186
sin_homo,0.2,2,4.206206206206206,0.12489677569368814
sin_homo,0.2,2,4.216216216216216,0.12710012836944706
sin_homo,0.2,2,4.226226226226226,0.13436600000989668
sin_homo,0.2,2,4.236236236236236,0.13504593071835247
sin_homo,0.2,2,4.246246246246246,0.11312075708923261
sin_homo,0.2,2,4.256256256256256,0.12411262956033342
sin_homo,0.2,2,4.266266266266266,0.11691099645782843
sin_homo,0.2,2,4.276276276276276,0.13909991951501285
sin_homo,0.2,2,4.286286286286286,0.12854823054720746
sin_homo,0.2,2,4.296296296296296,0.1325966950751181
sin_homo,0.2,2,4.306306306306306,0.14169678508008945
sin_homo,0.2,2,4.316316316316316,0.12444360802500173
sin_homo,0.2,2,4.326326326326326,0.13666710496465928
sin_homo,0.2,2,4.336336336336336,0.13333252090150005
sin_homo,0.2,2,4.346346346346346,0.12591972255924436
sin_homo,0.2,2,4.356356356356356,0.11027767325861781
sin_homo,0.2,2,4.366366366366366,0.13205052420509994
sin_homo,0.2,2,4.376376376376376,0.14413946253847923
sin_homo,0.2,2,4.386386386386386,0.12099707832594511
sin_homo,0.2,2,4.396396396396396,0.13969587063704716
sin_homo,0.2,2,4.406406406406406,0.13121982549115305
sin_homo,0.2,2,4.416416416416417,0.1466171123715096
sin_homo,0.2,2,4.426426426426427,0.13704552101891573
sin_homo,0.2,2,4.436436436436437,0.1348712308197133
sin_homo,0.2,2,4.446446446446447,0.11681168603380275
sin_homo,0.2,2,4.456456456456457,0.1359312023428825
sin_homo,0.2,2,4.466466466466467,0.12226278346248033
sin_homo,0.2,2,4.476476476476477,0.12449163068056505
sin_homo,0.2,2,4.486486486486487,0.11946949679823851
sin_homo,0.2,2,4.496496496496497,0.13360191934008805
sin_homo,0.2,2,4.506506506506507,0.14378715622315785
sin_homo,0.2,2,4.516516516516517,0.12563592240152183
sin_homo,0.2,2,4.526526526526527,0.1280115915250419
sin_homo,0.2,2,4.536536536536537,0.13293308841404847
sin_homo,0.2,2,4.546546546546547,0.1338046849359822
sin_homo,0.2,2,4.556556556556557,0.13802477120918072
sin_homo,0.2,2,4.566566566566567,0.11899366333626966
sin_homo,0.2,2,4.576576576576577,0.13230775922404683
sin_homo,0.2,2,4.586586586586587,0.13399735057573947
sin_homo,0.2,2,4.596596596596597,0.12038784303678567
sin_homo,0.2,2,4.606606606606607,0.15097820792352937
sin_homo,0.2,2,4.616616616616617,0.13451803920657435
sin_homo,0.2,2,4.626626626626627,0.12379333392620194
sin_homo,0.2,2,4.636636636636637,0.12560164755269607
sin_homo,0.2,2,4.646646646646647,0.12182385449783505
sin_homo,0.2,2,4.656656656656657,0.12892079870014367
sin_homo,0.2,2,4.666666666666667,0.14165787790091236
sin_homo,0.2,2,4.676676676676677,0.12368010807639089
sin_homo,0.2,2,4.686686686686687,0.14781896160574645
sin_homo,0.2,2,4.696696696696697,0.13501633204013572
sin_homo,0.2,2,4.706706706706707,0.14551701807007794
sin_homo,0.2,2,4.716716716716717,0.14574650001565637
sin_homo,0.2,2,4.726726726726727,0.14747678254243402
sin_homo,0.2,2,4.736736736736737,0.13273204341528647
sin_homo,0.2,2,4.746746746746747,0.13726017378872113
sin_homo,0.2,2,4.756756756756757,0.13832377301107873
sin_homo,0.2,2,4.766766766766767,0.1460466267866046
sin_homo,0.2,2,4.776776776776777,0.15323595702984746
sin_homo,0.2,2,4.786786786786787,0.1560940495642653
sin_homo,0.2,2,4.796796796796797,0.12764515447941854
sin_homo,0.2,2,4.806806806806807,0.12400760170213689
sin_homo,0.2,2,4.816816816816817,0.14397881197628684
sin_homo,0.2,2,4.826826826826827,0.1264936635973897
sin_homo,0.2,2,4.836836836836837,0.1342001547769206
sin_homo,0.2,2,4.846846846846847,0.14489993113763835
sin_homo,0.2,2,4.856856856856857,0.14498008071869992
sin_homo,0.2,2,4.866866866866867,0.12788826962890373
sin_homo,0.2,2,4.876876876876877,0.16826526641861364
sin_homo,0.2,2,4.886886886886887,0.15678454146399443
sin_homo,0.2,2,4.896896896896897,0.1426762587040575
sin_homo,0.2,2,4.906906906906907,0.137600946223367
sin_homo,0.2,2,4.916916916916917,0.13984652141509352
sin_homo,0.2,2,4.926926926926927,0.1564501062258215
sin_homo,0.2,2,4.936936936936937,0.13866284276239157
sin_homo,0.2,2,4.946946946946947,0.1377965794434182
sin_homo,0.2,2,4.956956956956957,0.14356882174532917
sin_homo,0.2,2,4.966966966966967,0.13809440104745493
sin_homo,0.2,2,4.976976976976977,0.15917231558052475
sin_homo,0.2,2,4.986986986986987,0.1432367956890945
sin_homo,0.2,2,4.996996996996997,0.13397217735600397
sin_homo,0.2,2,5.007007007007007,0.1520594648211875
sin_homo,0.2,2,5.017017017017017,0.14370647934940486
sin_homo,0.2,2,5.027027027027027,0.13726806547890813
sin_homo,0.2,2,5.037037037037037,0.16355257760313296
sin_homo,0.2,2,5.047047047047047,0.13559946589902702
sin_homo,0.2,2,5.057057057057057,0.14282331943540963
sin_homo,0.2,2,5.067067067067067,0.16557228878626762
sin_homo,0.2,2,5.077077077077077,0.1510612314518535
sin_homo,0.2,2,5.087087087087087,0.13963517641283624
sin_homo,0.2,2,5.097097097097097,0.14652597450624402
sin_homo,0.2,2,5.107107107107107,0.14244137312453467
sin_homo,0.2,2,5.117117117117117,0.15733463053071114
sin_homo,0.2,2,5.127127127127127,0.12574847411794848
sin_homo,0.2,2,5.137137137137137,0.13959832598840885
sin_homo,0.2,2,5.147147147147147,0.15527444042338298
sin_homo,0.2,2,5.157157157157157,0.16520263330037072
sin_homo,0.2,2,5.167167167167167,0.14927704793388313
sin_homo,0.2,2,5.177177177177177,0.1263846018179416
sin_homo,0.2,2,5.187187187187187,0.15654943490467163
sin_homo,0.2,2,5.197197197197197,0.14546179600923342
sin_homo,0.2,2,5.207207207207207,0.15223647026228654
sin_homo,0.2,2,5.217217217217217,0.14566290081709934
sin_homo,0.2,2,5.227227227227227,0.1604919025903664
sin_homo,0.2,2,5.237237237237237,0.1401233997765406
sin_homo,0.2,2,5.247247247247247,0.15437346051381884
sin_homo,0.2,2,5.257257257257257,0.154885383990095
sin_homo,0.2,2,5.267267267267267,0.15728471760162252
sin_homo,0.2,2,5.277277277277277,0.1326547528741641
sin_homo,0.2,2,5.287287287287287,0.14214979897148802
sin_homo,0.2,2,5.297297297297297,0.1539717561020406
sin_homo,0.2,2,5.307307307307307,0.17283042122388756
sin_homo,0.2,2,5.317317317317317,0.15367286149414094
sin_homo,0.2,2,5.327327327327327,0.1731646069122906
sin_homo,0.2,2,5.337337337337337,0.15924980696964847
sin_homo,0.2,2,5.347347347347347,0.15632097402910416
sin_homo,0.2,2,5.357357357357357,0.1623570325478285
sin_homo,0.2,2,5.367367367367367,0.14265844922288462
sin_homo,0.2,2,5.377377377377377,0.1481479171345052
sin_homo,0.2,2,5.387387387387387,0.15544624461007261
sin_homo,0.2,2,5.397397397397397,0.13982253790438093
sin_homo,0.2,2,5.407407407407407,0.15500643407096934
sin_homo,0.2,2,5.4174174174174174,0.15903910834064475
sin_homo,0.2,2,5.4274274274274275,0.12117523415301329
sin_homo,0.2,2,5.4374374374374375,0.14924120608223196
sin_homo,0.2,2,5.4474474474474475,0.16092344786477153
sin_homo,0.2,2,5.4574574574574575,0.15640938392494333
sin_homo,0.2,2,5.4674674674674675,0.1636382265594596
sin_homo,0.2,2,5.4774774774774775,0.14375820750658558
sin_homo,0.2,2,5.4874874874874875,0.14741611865978532
sin_homo,0.2,2,5.4974974974974975,0.15508489629975458
sin_homo,0.2,2,5.5075075075075075,0.14363267107239613
sin_homo,0.2,2,5.5175175175175175,0.17558462057686938
sin_homo,0.2,2,5.5275275275275275,0.1367150574509106
sin_homo,0.2,2,5.5375375375375375,0.13415315672902026
sin_homo,0.2,2,5.5475475475475475,0.14475553962954674
sin_homo,0.2,2,5.5575575575575575,0.15197998499140608
sin_homo,0.2,2,5.5675675675675675,0.18490178595246673
sin_homo,0.2,2,5.5775775775775776,0.15310879151338913
sin_homo,0.2,2,5.587587587587588,0.14508444800560352
sin_homo,0.2,2,5.597597597597598,0.14257637582751523
sin_homo,0.2,2,5.607607607607608,0.15090338409606965
sin_homo,0.2,2,5.617617617617618,0.14931957721780606
sin_homo,0.2,2,5.627627627627628,0.13255190906311648
sin_homo,0.2,2,5.637637637637638,0.14681682482526653
sin_homo,0.2,2,5.647647647647648,0.1566140891796303
sin_homo,0.2,2,5.657657657657658,0.13608527888744396
sin_homo,0.2,2,5.667667667667668,0.13316291851222428
sin_homo,0.2,2,5.677677677677678,0.15235585310436284
sin_homo,0.2,2,5.687687687687688,0.16359632890402717
sin_homo,0.2,2,5.697697697697698,0.15000705402651682
sin_homo,0.2,2,5.707707707707708,0.13966779067606713
sin_homo,0.2,2,5.717717717717718,0.13355697982044984
sin_homo,0.2,2,5.727727727727728,0.14176236834901448
sin_homo,0.2,2,5.737737737737738,0.16949443256727847
sin_homo,0.2,2,5.747747747747748,0.1472301522086376
sin_homo,0.2,2,5.757757757757758,0.1606764295027862
sin_homo,0.2,2,5.767767767767768,0.16029903728295905
sin_homo,0.2,2,5.777777777777778,0.1302481164789754
sin_homo,0.2,2,5.787787787787788,0.16066848784940854
sin_homo,0.2,2,5.797797797797798,0.13721075856596093
sin_homo,0.2,2,5.807807807807808,0.12881560614776907
sin_homo,0.2,2,5.817817817817818,0.1390432437891092
sin_homo,0.2,2,5.827827827827828,0.1405030420954234
sin_homo,0.2,2,5.837837837837838,0.13730625543729297
sin_homo,0.2,2,5.847847847847848,0.1497915838555577
sin_homo,0.2,2,5.857857857857858,0.13703382654605142
sin_homo,0.2,2,5.867867867867868,0.13368559590961485
sin_homo,0.2,2,5.877877877877878,0.1602993860306979
sin_homo,0.2,2,5.887887887887888,0.14802347372414962
sin_homo,0.2,2,5.897897897897898,0.14736422644265051
sin_homo,0.2,2,5.907907907907908,0.1442436596049791
sin_homo,0.2,2,5.917917917917918,0.1605825448775263
sin_homo,0.2,2,5.927927927927928,0.16951280087167228
sin_homo,0.2,2,5.937937937937938,0.15296205704232477
sin_homo,0.2,2,5.947947947947948,0.14570503108165508
sin_homo,0.2,2,5.957957957957958,0.1632728578800652
sin_homo,0.2,2,5.967967967967968,0.14728017150242959
sin_homo,0.2,2,5.977977977977978,0.12337897378218263
sin_homo,0.2,2,5.987987987987988,0.15234713949447637
sin_homo,0.2,2,5.997997997997998,0.14381759234974661
sin_homo,0.2,2,6.008008008008009,0.13718551355160158
sin_homo,0.2,2,6.018018018018019,0.1485995656147893
sin_homo,0.2,2,6.028028028028029,0.1366145949870639
sin_homo,0.2,2,6.038038038038039,0.14101647923270977
sin_homo,0.2,2,6.048048048048049,0.15184184214320265
sin_homo,0.2,2,6.058058058058059,0.1632749027824765
sin_homo,0.2,2,6.068068068068069,0.1488464243143238
sin_homo,0.2,2,6.078078078078079,0.15518413438398307
sin_homo,0.2,2,6.088088088088089,0.14790054570015723
sin_homo,0.2,2,6.098098098098099,0.15008333893441686
sin_homo,0.2,2,6.108108108108109,0.15419406126363705
sin_homo,0.2,2,6.118118118118119,0.12088361872679806
sin_homo,0.2,2,6.128128128128129,0.13584559150431025
sin_homo,0.2,2,6.138138138138139,0.1508627426302521
sin_homo,0.2,2,6.148148148148149,0.14290886293223481
sin_homo,0.2,2,6.158158158158159,0.16746529529408227
sin_homo,0.2,2,6.168168168168169,0.13640673533208697
sin_homo,0.2,2,6.178178178178179,0.14116729579319054
sin_homo,0.2,2,6.188188188188189,0.14289065716737748
sin_homo,0.2,2,6.198198198198199,0.16600190464771838
sin_homo,0.2,2,6.208208208208209,0.13361338797371622
sin_homo,0.2,2,6.218218218218219,0.164434544269212
sin_homo,0.2,2,6.228228228228229,0.163406833190533
sin_homo,0.2,2,6.238238238238239,0.1589768696301152
sin_homo,0.2,2,6.248248248248249,0.1642629818998929
sin_homo,0.2,2,6.258258258258259,0.1399616280549555
sin_homo,0.2,2,6.268268268268269,0.16820930027819703
sin_homo,0.2,2,6.278278278278279,0.14454459128948918
sin_homo,0.2,2,6.288288288288289,0.14004326031257164
sin_homo,0.2,2,6.298298298298299,0.1499825510232746
sin_homo,0.2,2,6.308308308308309,0.1635789668113832
sin_homo,0.2,2,6.318318318318319,0.15798470822779356
sin_homo,0.2,2,6.328328328328329,0.16079910634545858
sin_homo,0.2,2,6.338338338338339,0.14134890726971786
sin_homo,0.2,2,6.348348348348349,0.15303240239896265
sin_homo,0.2,2,6.358358358358359,0.15412224670849936
sin_homo,0.2,2,6.368368368368369,0.1494623067927562
sin_homo,0.2,2,6.378378378378379,0.15119560124933082
sin_homo,0.2,2,6.388388388388389,0.1681835292857617
sin_homo,0.2,2,6.398398398398399,0.13735300020173097
sin_homo,0.2,2,6.408408408408409,0.1477223316164101
sin_homo,0.2,2,6.418418418418419,0.15442491788945456
sin_homo,0.2,2,6.428428428428429,0.14921409219741383
sin_homo,0.2,2,6.438438438438439,0.15098876160724434
sin_homo,0.2,2,6.448448448448449,0.15291482443098922
sin_homo,0.2,2,6.458458458458459,0.13809814270041967
sin_homo,0.2,2,6.468468468468469,0.15707366544535148
sin_homo,0.2,2,6.478478478478479,0.14192891722858494
sin_homo,0.2,2,6.488488488488489,0.14866806488560552
sin_homo,0.2,2,6.498498498498499,0.15579388581059375
sin_homo,0.2,2,6.508508508508509,0.15532640162601613
sin_homo,0.2,2,6.518518518518519,0.16828696460811932
sin_homo,0.2,2,6.528528528528529,0.15564899316202252
sin_homo,0.2,2,6.538538538538539,0.15352796513476646
sin_homo,0.2,2,6.548548548548549,0.15463028152086347
sin_homo,0.2,2,6.558558558558559,0.148207816140386
sin_homo,0.2,2,6.568568568568569,0.13299091288864814
sin_homo,0.2,2,6.578578578578579,0.1602468935656764
sin_homo,0.2,2,6.588588588588589,0.15813757398879666
sin_homo,0.2,2,6.598598598598599,0.15224232579709857
sin_homo,0.2,2,6.608608608608609,0.15266137173085353
sin_homo,0.2,2,6.618618618618619,0.14058116945111143
sin_homo,0.2,2,6.628628628628629,0.14156666551409902
sin_homo,0.2,2,6.638638638638639,0.1565634763700051
sin_homo,0.2,2,6.648648648648649,0.1403009687321637
sin_homo,0.2,2,6.658658658658659,0.16385134268944215
sin_homo,0.2,2,6.668668668668669,0.15323419372807545
sin_homo,0.2,2,6.678678678678679,0.1502604952615955
sin_homo,0.2,2,6.688688688688689,0.16167397399982206
sin_homo,0.2,2,6.698698698698699,0.15024396346854688
sin_homo,0.2,2,6.708708708708709,0.14971592985444404
sin_homo,0.2,2,6.718718718718719,0.14560205299523385
sin_homo,0.2,2,6.728728728728729,0.14510017865514668
sin_homo,0.2,2,6.738738738738739,0.16166181557199696
sin_homo,0.2,2,6.748748748748749,0.15188154535862422
sin_homo,0.2,2,6.758758758758759,0.14156144832592837
sin_homo,0.2,2,6.768768768768769,0.13617583529241098
sin_homo,0.2,2,6.778778778778779,0.150931655952596
sin_homo,0.2,2,6.788788788788789,0.15824284075001774
sin_homo,0.2,2,6.798798798798799,0.15770110951818406
sin_homo,0.2,2,6.808808808808809,0.1591826800735946
sin_homo,0.2,2,6.818818818818819,0.1632196975086528
sin_homo,0.2,2,6.828828828828829,0.16875662395763683
sin_homo,0.2,2,6.838838838838839,0.12989092463241225
sin_homo,0.2,2,6.848848848848849,0.1596119628643392
sin_homo,0.2,2,6.858858858858859,0.13669881558484503
sin_homo,0.2,2,6.868868868868869,0.1496921766280919
sin_homo,0.2,2,6.878878878878879,0.16709166882965193
sin_homo,0.2,2,6.888888888888889,0.16351624733951658
sin_homo,0.2,2,6.898898898898899,0.1416433792844677
sin_homo,0.2,2,6.908908908908909,0.15393566213167556
sin_homo,0.2,2,6.918918918918919,0.16188963350971405
sin_homo,0.2,2,6.928928928928929,0.1464957580997717
sin_homo,0.2,2,6.938938938938939,0.16679163982585374
sin_homo,0.2,2,6.948948948948949,0.16083386780039885
sin_homo,0.2,2,6.958958958958959,0.15868368361961652
sin_homo,0.2,2,6.968968968968969,0.14975455267138135
sin_homo,0.2,2,6.978978978978979,0.15462172203653557
sin_homo,0.2,2,6.988988988988989,0.1551865113102089
sin_homo,0.2,2,6.998998998998999,0.15639316679769702
sin_homo,0.2,2,7.009009009009009,0.13715769485445908
sin_homo,0.2,2,7.019019019019019,0.15453994368739207
sin_homo,0.2,2,7.029029029029029,0.14933429797007533
sin_homo,0.2,2,7.039039039039039,0.1380774628751227
sin_homo,0.2,2,7.049049049049049,0.1664051048833548
sin_homo,0.2,2,7.059059059059059,0.16477456907372484
sin_homo,0.2,2,7.069069069069069,0.1539296331226663
sin_homo,0.2,2,7.079079079079079,0.14944139016759547
sin_homo,0.2,2,7.089089089089089,0.13482795438355608
sin_homo,0.2,2,7.099099099099099,0.15698923602006185
sin_homo,0.2,2,7.109109109109109,0.16506627112707464
sin_homo,0.2,2,7.119119119119119,0.15409733680008242
sin_homo,0.2,2,7.129129129129129,0.16315807639136956
sin_homo,0.2,2,7.1391391391391394,0.15506420177970934
sin_homo,0.2,2,7.1491491491491495,0.16412292226936492
sin_homo,0.2,2,7.1591591591591595,0.1492491258567335
sin_homo,0.2,2,7.1691691691691695,0.13821602755815043
sin_homo,0.2,2,7.1791791791791795,0.15189730477488655
sin_homo,0.2,2,7.1891891891891895,0.16649247413467438
sin_homo,0.2,2,7.1991991991991995,0.15605403802261075
sin_homo,0.2,2,7.2092092092092095,0.15002238644082277
sin_homo,0.2,2,7.2192192192192195,0.168805626962791
sin_homo,0.2,2,7.2292292292292295,0.1697969718925996
sin_homo,0.2,2,7.2392392392392395,0.1676387452655133
sin_homo,0.2,2,7.2492492492492495,0.1485464286383038
sin_homo,0.2,2,7.2592592592592595,0.16758792231718425
sin_homo,0.2,2,7.2692692692692695,0.15729021952539157
sin_homo,0.2,2,7.2792792792792795,0.14752036890738776
sin_homo,0.2,2,7.2892892892892895,0.17300835391018465
sin_homo,0.2,2,7.2992992992992995,0.15641112866338336
sin_homo,0.2,2,7.3093093093093096,0.1695538756892222
sin_homo,0.2,2,7.31931931931932,0.1650472303382146
sin_homo,0.2,2,7.32932932932933,0.15280179361194166
sin_homo,0.2,2,7.33933933933934,0.15774788634140036
sin_homo,0.2,2,7.34934934934935,0.16227151915919208
sin_homo,0.2,2,7.35935935935936,0.13910081828434506
sin_homo,0.2,2,7.36936936936937,0.16456864013352257
sin_homo,0.2,2,7.37937937937938,0.14540421366893927
sin_homo,0.2,2,7.38938938938939,0.16388813929306115
sin_homo,0.2,2,7.3993993993994,0.15582545799862954
sin_homo,0.2,2,7.40940940940941,0.14587172167415216
sin_homo,0.2,2,7.41941941941942,0.1613274714367019
sin_homo,0.2,2,7.42942942942943,0.15761298345536642
sin_homo,0.2,2,7.43943943943944,0.14679916018415537
sin_homo,0.2,2,7.44944944944945,0.16989275239915982
sin_homo,0.2,2,7.45945945945946,0.15855664035938513
sin_homo,0.2,2,7.46946946946947,0.1476766817239253
sin_homo,0.2,2,7.47947947947948,0.1709763757860355
sin_homo,0.2,2,7.48948948948949,0.16373071324758312
sin_homo,0.2,2,7.4994994994995,0.1744359185854168
sin_homo,0.2,2,7.50950950950951,0.15512762595514515
sin_homo,0.2,2,7.51951951951952,0.16890008994942282
sin_homo,0.2,2,7.52952952952953,0.1789363984057301
sin_homo,0.2,2,7.53953953953954,0.15135438180737854
sin_homo,0.2,2,7.54954954954955,0.18213852286163515
sin_homo,0.2,2,7.55955955955956,0.15682547883592615
sin_homo,0.2,2,7.56956956956957,0.14258537644378372
sin_homo,0.2,2,7.57957957957958,0.15831188019873846
sin_homo,0.2,2,7.58958958958959,0.1580588710937121
sin_homo,0.2,2,7.5995995995996,0.1578933239000495
sin_homo,0.2,2,7.60960960960961,0.1314500792925901
sin_homo,0.2,2,7.61961961961962,0.16104606737259491
sin_homo,0.2,2,7.62962962962963,0.15716878037923657
sin_homo,0.2,2,7.63963963963964,0.15602097859589123
sin_homo,0.2,2,7.64964964964965,0.15169764080922912
sin_homo,0.2,2,7.65965965965966,0.15351226068001303
sin_homo,0.2,2,7.66966966966967,0.16069155438511776
sin_homo,0.2,2,7.67967967967968,0.14537790040977472
sin_homo,0.2,2,7.68968968968969,0.15961519093677876
sin_homo,0.2,2,7.6996996996997,0.15495314875107613
sin_homo,0.2,2,7.70970970970971,0.1545468233043099
sin_homo,0.2,2,7.71971971971972,0.1730295299402565
sin_homo,0.2,2,7.72972972972973,0.15867725200661167
sin_homo,0.2,2,7.73973973973974,0.1681209167516626
sin_homo,0.2,2,7.74974974974975,0.1394941992585419
sin_homo,0.2,2,7.75975975975976,0.1560305404680386
sin_homo,0.2,2,7.76976976976977,0.16303112842108855
sin_homo,0.2,2,7.77977977977978,0.15224667522640015
sin_homo,0.2,2,7.78978978978979,0.1556936628599109
sin_homo,0.2,2,7.7997997997998,0.1796282601297467
sin_homo,0.2,2,7.80980980980981,0.17781529605572466
sin_homo,0.2,2,7.81981981981982,0.13895207938443271
sin_homo,0.2,2,7.82982982982983,0.15816115147581555
sin_homo,0.2,2,7.83983983983984,0.16794041001255702
sin_homo,0.2,2,7.84984984984985,0.16948754412696232
sin_homo,0.2,2,7.85985985985986,0.15662041230314985
sin_homo,0.2,2,7.86986986986987,0.17981978571956492
sin_homo,0.2,2,7.87987987987988,0.16199848830411692
sin_homo,0.2,2,7.88988988988989,0.16905607110366117
sin_homo,0.2,2,7.8998998998999,0.14547413340164977
sin_homo,0.2,2,7.90990990990991,0.17405958976689226
sin_homo,0.2,2,7.91991991991992,0.13800835496749383
sin_homo,0.2,2,7.92992992992993,0.17580386638049103
sin_homo,0.2,2,7.93993993993994,0.15920016966196102
sin_homo,0.2,2,7.94994994994995,0.1750381645971671
sin_homo,0.2,2,7.95995995995996,0.15319329659857342
sin_homo,0.2,2,7.96996996996997,0.1395340338786863
sin_homo,0.2,2,7.97997997997998,0.1622287373960776
sin_homo,0.2,2,7.98998998998999,0.14478218034593532
sin_homo,0.2,2,8.0,0.15519962621650674
sin_homo,0.3,0,-2.0,0.17429973094835532
sin_homo,0.3,0,-1.98998998998999,0.1574016526181855
sin_homo,0.3,0,-1.97997997997998,0.15330081548509839
sin_homo,0.3,0,-1.96996996996997,0.1590687937189547
sin_homo,0.3,0,-1.95995995995996,0.16163181517534284
sin_homo,0.3,0,-1.94994994994995,0.16127438461469368
sin_homo,0.3,0,-1.93993993993994,0.15313869067183464
sin_homo,0.3,0,-1.92992992992993,0.1737146404433289
sin_homo,0.3,0,-1.91991991991992,0.16100068168740936
sin_homo,0.3,0,-1.90990990990991,0.18156046244877136
sin_homo,0.3,0,-1.8998998998999,0.15963320254774682
sin_homo,0.3,0,-1.88988988988989,0.18063663710465547
sin_homo,0.3,0,-1.87987987987988,0.17916583495883814
sin_homo,0.3,0,-1.86986986986987,0.17698027660716792
sin_homo,0.3,0,-1.85985985985986,0.14365199998523207
sin_homo,0.3,0,-1.84984984984985,0.15094974686837215
sin_homo,0.3,0,-1.83983983983984,0.15585722863958298
sin_homo,0.3,0,-1.82982982982983,0.15164122114314432
sin_homo,0.3,0,-1.8198198198198199,0.18836456964936263
sin_homo,0.3,0,-1.8098098098098099,0.18833650220035614
sin_homo,0.3,0,-1.7997997997997999,0.17206511298806307
sin_homo,0.3,0,-1.7897897897897899,0.17797736294313304
sin_homo,0.3,0,-1.7797797797797799,0.1668840399821721
sin_homo,0.3,0,-1.7697697697697699,0.1661724638439962
sin_homo,0.3,0,-1.7597597597597598,0.18363291933352915
sin_homo,0.3,0,-1.7497497497497498,0.1698269086148673
sin_homo,0.3,0,-1.7397397397397398,0.1709651700361134
sin_homo,0.3,0,-1.7297297297297298,0.1633529442806909
sin_homo,0.3,0,-1.7197197197197198,0.18695859342144353
sin_homo,0.3,0,-1.7097097097097098,0.16812422122597231
sin_homo,0.3,0,-1.6996996996996998,0.15199440152282778
sin_homo,0.3,0,-1.6896896896896898,0.15026274121413624
sin_homo,0.3,0,-1.6796796796796798,0.15583942204593365
sin_homo,0.3,0,-1.6696696696696698,0.15369253856336143
sin_homo,0.3,0,-1.6596596596596598,0.16642816988186523
sin_homo,0.3,0,-1.6496496496496498,0.15842192330847185
sin_homo,0.3,0,-1.6396396396396398,0.16726356122801272
sin_homo,0.3,0,-1.6296296296296298,0.17295560388851497
sin_homo,0.3,0,-1.6196196196196198,0.14576353184010576
sin_homo,0.3,0,-1.6096096096096097,0.16269637773518394
sin_homo,0.3,0,-1.5995995995995997,0.1473086637696263
sin_homo,0.3,0,-1.5895895895895895,0.17926384364396827
sin_homo,0.3,0,-1.5795795795795795,0.14548462889258343
sin_homo,0.3,0,-1.5695695695695695,0.15384935213019246
sin_homo,0.3,0,-1.5595595595595595,0.14911024500011655
sin_homo,0.3,0,-1.5495495495495495,0.1835186074508095
sin_homo,0.3,0,-1.5395395395395395,0.14848867329532175
sin_homo,0.3,0,-1.5295295295295295,0.16539121320765215
sin_homo,0.3,0,-1.5195195195195195,0.162537905739134
sin_homo,0.3,0,-1.5095095095095095,0.17076009922945626
sin_homo,0.3,0,-1.4994994994994995,0.18597308716939667
sin_homo,0.3,0,-1.4894894894894894,0.1498556694221545
sin_homo,0.3,0,-1.4794794794794794,0.1294006923316051
sin_homo,0.3,0,-1.4694694694694694,0.1607354469557061
sin_homo,0.3,0,-1.4594594594594594,0.15594208030173076
sin_homo,0.3,0,-1.4494494494494494,0.18157230484767295
sin_homo,0.3,0,-1.4394394394394394,0.18854258710211952
sin_homo,0.3,0,-1.4294294294294294,0.14830740942386142
sin_homo,0.3,0,-1.4194194194194194,0.18243776161504677
sin_homo,0.3,0,-1.4094094094094094,0.1886059820667796
sin_homo,0.3,0,-1.3993993993993994,0.1788124762409558
sin_homo,0.3,0,-1.3893893893893894,0.17213281439177938
sin_homo,0.3,0,-1.3793793793793794,0.1699672115805657
sin_homo,0.3,0,-1.3693693693693694,0.1791442847467856
sin_homo,0.3,0,-1.3593593593593594,0.17379735630367035
sin_homo,0.3,0,-1.3493493493493494,0.18539774535468626
sin_homo,0.3,0,-1.3393393393393394,0.1825573691079939
sin_homo,0.3,0,-1.3293293293293293,0.16671492916298167
sin_homo,0.3,0,-1.3193193193193193,0.18215217663585784
sin_homo,0.3,0,-1.3093093093093093,0.1741633031098505
sin_homo,0.3,0,-1.2992992992992993,0.1633738391658553
sin_homo,0.3,0,-1.2892892892892893,0.16551053271586422
sin_homo,0.3,0,-1.2792792792792793,0.1690949614568157
sin_homo,0.3,0,-1.2692692692692693,0.1310862908106738
sin_homo,0.3,0,-1.2592592592592593,0.16256066683411113
sin_homo,0.3,0,-1.2492492492492493,0.16080945403611951
sin_homo,0.3,0,-1.2392392392392393,0.16687442486288134
sin_homo,0.3,0,-1.2292292292292293,0.1590260316966142
sin_homo,0.3,0,-1.2192192192192193,0.1626291950338516
sin_homo,0.3,0,-1.2092092092092093,0.17794002389618033
sin_homo,0.3,0,-1.1991991991991993,0.1817797291846558
sin_homo,0.3,0,-1.189189189189189,0.1667607025319719
sin_homo,0.3,0,-1.179179179179179,0.16379445609161955
sin_homo,0.3,0,-1.169169169169169,0.17649572222818583
sin_homo,0.3,0,-1.159159159159159,0.14395647777257134
sin_homo,0.3,0,-1.149149149149149,0.16567704505810646
sin_homo,0.3,0,-1.139139139139139,0.15920296614531096
sin_homo,0.3,0,-1.129129129129129,0.18197713767231494
sin_homo,0.3,0,-1.119119119119119,0.16272732363133474
sin_homo,0.3,0,-1.109109109109109,0.15311577131224283
sin_homo,0.3,0,-1.099099099099099,0.15826613986260685
sin_homo,0.3,0,-1.089089089089089,0.14887049831440136
sin_homo,0.3,0,-1.079079079079079,0.2072562299287066
sin_homo,0.3,0,-1.069069069069069,0.15118698217303408
sin_homo,0.3,0,-1.059059059059059,0.1759193594399734
sin_homo,0.3,0,-1.049049049049049,0.16966530106629707
sin_homo,0.3,0,-1.039039039039039,0.1662069071373475
sin_homo,0.3,0,-1.029029029029029,0.16743012087646728
sin_homo,0.3,0,-1.019019019019019,0.15901284377633898
sin_homo,0.3,0,-1.009009009009009,0.17517846160377434
sin_homo,0.3,0,-0.9989989989989989,0.15243531654267536
sin_homo,0.3,0,-0.9889889889889889,0.15617367388343661
sin_homo,0.3,0,-0.9789789789789789,0.17054711559734814
sin_homo,0.3,0,-0.9689689689689689,0.16575631487888096
sin_homo,0.3,0,-0.9589589589589589,0.1610611696652896
sin_homo,0.3,0,-0.9489489489489489,0.16820689442446635
sin_homo,0.3,0,-0.9389389389389389,0.1621310695929073
sin_homo,0.3,0,-0.9289289289289289,0.15371847867124072
sin_homo,0.3,0,-0.9189189189189189,0.18228318889787296
sin_homo,0.3,0,-0.9089089089089089,0.16619204704943213
sin_homo,0.3,0,-0.8988988988988988,0.16357704044233365
sin_homo,0.3,0,-0.8888888888888888,0.18278989059938736
sin_homo,0.3,0,-0.8788788788788788,0.185255356667353
sin_homo,0.3,0,-0.8688688688688688,0.16175093555473835
sin_homo,0.3,0,-0.8588588588588588,0.17129557223838124
sin_homo,0.3,0,-0.8488488488488488,0.1505580949252237
sin_homo,0.3,0,-0.8388388388388388,0.1588418843159626
sin_homo,0.3,0,-0.8288288288288288,0.15732533759970654
sin_homo,0.3,0,-0.8188188188188188,0.16999552434224088
sin_homo,0.3,0,-0.8088088088088088,0.18499656498879022
sin_homo,0.3,0,-0.7987987987987988,0.16333254083324064
sin_homo,0.3,0,-0.7887887887887888,0.14869998869231313
sin_homo,0.3,0,-0.7787787787787788,0.16519149510520506
sin_homo,0.3,0,-0.7687687687687688,0.16526621841970854
sin_homo,0.3,0,-0.7587587587587588,0.17804790582239982
sin_homo,0.3,0,-0.7487487487487487,0.17048713362889306
sin_homo,0.3,0,-0.7387387387387387,0.18469141427841446
sin_homo,0.3,0,-0.7287287287287287,0.17198806753166412
sin_homo,0.3,0,-0.7187187187187187,0.16026760871576898
sin_homo,0.3,0,-0.7087087087087087,0.1550094615174962
sin_homo,0.3,0,-0.6986986986986987,0.16999456294152124
sin_homo,0.3,0,-0.6886886886886887,0.17735338623117655
sin_homo,0.3,0,-0.6786786786786787,0.17895495253346205
sin_homo,0.3,0,-0.6686686686686687,0.17016927368647675
sin_homo,0.3,0,-0.6586586586586587,0.16296285669116523
sin_homo,0.3,0,-0.6486486486486487,0.16097260695184384
sin_homo,0.3,0,-0.6386386386386387,0.1605014083946126
sin_homo,0.3,0,-0.6286286286286287,0.1672450645898533
sin_homo,0.3,0,-0.6186186186186187,0.18521571233311376
sin_homo,0.3,0,-0.6086086086086087,0.1623041283526619
sin_homo,0.3,0,-0.5985985985985987,0.19585198497088535
sin_homo,0.3,0,-0.5885885885885886,0.1612387460158203
sin_homo,0.3,0,-0.5785785785785786,0.18490626762120824
sin_homo,0.3,0,-0.5685685685685686,0.1624663994573683
sin_homo,0.3,0,-0.5585585585585586,0.16290802957788106
sin_homo,0.3,0,-0.5485485485485486,0.16452360074033315
sin_homo,0.3,0,-0.5385385385385386,0.15698304062638285
sin_homo,0.3,0,-0.5285285285285286,0.1400037302671905
sin_homo,0.3,0,-0.5185185185185186,0.18262619150205733
sin_homo,0.3,0,-0.5085085085085086,0.14928571141405608
sin_homo,0.3,0,-0.4984984984984986,0.1622623713636601
sin_homo,0.3,0,-0.4884884884884886,0.16552777077914763
sin_homo,0.3,0,-0.4784784784784786,0.17445262828299096
sin_homo,0.3,0,-0.46846846846846857,0.1691135458490514
sin_homo,0.3,0,-0.45845845845845856,0.15070295500408015
sin_homo,0.3,0,-0.44844844844844856,0.14287271708020874
sin_homo,0.3,0,-0.43843843843843855,0.17946454813018128
sin_homo,0.3,0,-0.42842842842842854,0.1505976445463515
sin_homo,0.3,0,-0.41841841841841854,0.19546523654580616
sin_homo,0.3,0,-0.40840840840840853,0.1624930029866616
sin_homo,0.3,0,-0.3983983983983985,0.16559470240819174
sin_homo,0.3,0,-0.3883883883883883,0.17409785408380182
sin_homo,0.3,0,-0.3783783783783783,0.14971848885338468
sin_homo,0.3,0,-0.3683683683683683,0.1683932387531761
sin_homo,0.3,0,-0.3583583583583583,0.16743125083534333
sin_homo,0.3,0,-0.34834834834834827,0.14761108263130282
sin_homo,0.3,0,-0.33833833833833826,0.16162748990725617
sin_homo,0.3,0,-0.32832832832832826,0.14921645134560796
sin_homo,0.3,0,-0.31831831831831825,0.15087331040160504
sin_homo,0.3,0,-0.30830830830830824,0.13750058765710155
sin_homo,0.3,0,-0.29829829829829824,0.15563903502980683
sin_homo,0.3,0,-0.28828828828828823,0.17620265193736492
sin_homo,0.3,0,-0.2782782782782782,0.1817423450911403
sin_homo,0.3,0,-0.2682682682682682,0.1514751871778198
sin_homo,0.3,0,-0.2582582582582582,0.15080571049797642
sin_homo,0.3,0,-0.2482482482482482,0.172685563601416
sin_homo,0.3,0,-0.2382382382382382,0.16922461313666554
sin_homo,0.3,0,-0.2282282282282282,0.17587811460218686
sin_homo,0.3,0,-0.21821821821821819,0.1818166794786059
sin_homo,0.3,0,-0.20820820820820818,0.1674889125354729
sin_homo,0.3,0,-0.19819819819819817,0.14818362692077097
sin_homo,0.3,0,-0.18818818818818817,0.14638884875164057
sin_homo,0.3,0,-0.17817817817817816,0.1295780262310429
sin_homo,0.3,0,-0.16816816816816815,0.15237754839137502
sin_homo,0.3,0,-0.15815815815815815,0.1428652766758945
sin_homo,0.3,0,-0.14814814814814814,0.16104232766019266
sin_homo,0.3,0,-0.13813813813813813,0.16704613127427476
sin_homo,0.3,0,-0.12812812812812813,0.1694557303241925
sin_homo,0.3,0,-0.11811811811811812,0.15805863739949058
sin_homo,0.3,0,-0.10810810810810811,0.1536157452617085
sin_homo,0.3,0,-0.09809809809809811,0.14705743705446223
sin_homo,0.3,0,-0.0880880880880881,0.17630419253656235
sin_homo,0.3,0,-0.0780780780780781,0.13857750093695986
sin_homo,0.3,0,-0.06806806806806809,0.15552566662845227
sin_homo,0.3,0,-0.05805805805805808,0.15642310486691752
sin_homo,0.3,0,-0.048048048048048075,0.15174579028436846
sin_homo,0.3,0,-0.03803803803803807,0.17738650134747228
sin_homo,0.3,0,-0.028028028028028062,0.14923495216803567
sin_homo,0.3,0,-0.018018018018018056,0.15894066691079609
sin_homo,0.3,0,-0.00800800800800805,0.1527829801546645
sin_homo,0.3,0,0.002002002002002179,0.1577146285347549
sin_homo,0.3,0,0.012012012012012185,0.14637933837554995
sin_homo,0.3,0,0.022022022022022192,0.1465839744169858
sin_homo,0.3,0,0.0320320320320322,0.17140297434434945
sin_homo,0.3,0,0.042042042042042205,0.14866123230948963
sin_homo,0.3,0,0.05205205205205221,0.1271668175615823
sin_homo,0.3,0,0.06206206206206222,0.1604588300863557
sin_homo,0.3,0,0.07207207207207222,0.1279771289333923
sin_homo,0.3,0,0.08208208208208223,0.16753765083619862
sin_homo,0.3,0,0.09209209209209224,0.17392375737576277
sin_homo,0.3,0,0.10210210210210224,0.14540654445332823
sin_homo,0.3,0,0.11211211211211225,0.16296188325400873
sin_homo,0.3,0,0.12212212212212226,0.15901164100367862
sin_homo,0.3,0,0.13213213213213226,0.15526481190689906
sin_homo,0.3,0,0.14214214214214227,0.16844060661539267
sin_homo,0.3,0,0.15215215215215228,0.14087467679614993
sin_homo,0.3,0,0.16216216216216228,0.14957887308969378
sin_homo,0.3,0,0.1721721721721723,0.16496332711041026
sin_homo,0.3,0,0.1821821821821823,0.15260602832370218
sin_homo,0.3,0,0.1921921921921923,0.14250559997616735
sin_homo,0.3,0,0.2022022022022023,0.15181555073214914
sin_homo,0.3,0,0.21221221221221231,0.15597988755064016
sin_homo,0.3,0,0.22222222222222232,0.14253409738055517
sin_homo,0.3,0,0.23223223223223233,0.15543961062788564
sin_homo,0.3,0,0.24224224224224233,0.1656301486045193
sin_homo,0.3,0,0.25225225225225234,0.13953912408108018
sin_homo,0.3,0,0.26226226226226235,0.1452947303633589
sin_homo,0.3,0,0.27227227227227235,0.16540296849377398
sin_homo,0.3,0,0.28228228228228236,0.15682934178820637
sin_homo,0.3,0,0.29229229229229237,0.1489115042074642
sin_homo,0.3,0,0.3023023023023024,0.14356480352457796
sin_homo,0.3,0,0.3123123123123124,0.1560753205862456
sin_homo,0.3,0,0.3223223223223224,0.14658622576432984
sin_homo,0.3,0,0.3323323323323324,0.15488825404927395
sin_homo,0.3,0,0.3423423423423424,0.15080558901478214
sin_homo,0.3,0,0.3523523523523524,0.14580677889752328
sin_homo,0.3,0,0.3623623623623624,0.1453331606812586
sin_homo,0.3,0,0.3723723723723724,0.14166440566098817
sin_homo,0.3,0,0.3823823823823824,0.13660802182927473
sin_homo,0.3,0,0.39239239239239243,0.1461759641683283
sin_homo,0.3,0,0.40240240240240244,0.15425671893218468
sin_homo,0.3,0,0.41241241241241244,0.1462524940175063
sin_homo,0.3,0,0.42242242242242245,0.13700128366948122
sin_homo,0.3,0,0.43243243243243246,0.14584094390306182
sin_homo,0.3,0,0.44244244244244246,0.15534434310149312
sin_homo,0.3,0,0.45245245245245247,0.12668401240144767
sin_homo,0.3,0,0.4624624624624625,0.15718762272898928
sin_homo,0.3,0,0.4724724724724725,0.15718791323938208
sin_homo,0.3,0,0.4824824824824825,0.158382191449813
sin_homo,0.3,0,0.4924924924924925,0.16529027312167616
sin_homo,0.3,0,0.5025025025025025,0.14291128985535362
sin_homo,0.3,0,0.5125125125125125,0.1439478806153734
sin_homo,0.3,0,0.5225225225225225,0.14742424047725255
sin_homo,0.3,0,0.5325325325325325,0.1570661987605948
sin_homo,0.3,0,0.5425425425425425,0.13322127042864607
sin_homo,0.3,0,0.5525525525525525,0.146367935909369
sin_homo,0.3,0,0.5625625625625625,0.14856102493531875
sin_homo,0.3,0,0.5725725725725725,0.1300850636709012
sin_homo,0.3,0,0.5825825825825826,0.15876062051280257
sin_homo,0.3,0,0.5925925925925926,0.15004789927493073
sin_homo,0.3,0,0.6026026026026026,0.17051675131375812
sin_homo,0.3,0,0.6126126126126126,0.1278036753909244
sin_homo,0.3,0,0.6226226226226226,0.15090002722391474
sin_homo,0.3,0,0.6326326326326326,0.15817430742948568
sin_homo,0.3,0,0.6426426426426426,0.13387366020433733
sin_homo,0.3,0,0.6526526526526526,0.13660578129316117
sin_homo,0.3,0,0.6626626626626626,0.15632792405612833
sin_homo,0.3,0,0.6726726726726726,0.14413659715271826
sin_homo,0.3,0,0.6826826826826826,0.14693313847844527
sin_homo,0.3,0,0.6926926926926926,0.15398586821418667
sin_homo,0.3,0,0.7027027027027026,0.17903500244174586
sin_homo,0.3,0,0.7127127127127126,0.13950443370217147
sin_homo,0.3,0,0.7227227227227226,0.14035162545260288
sin_homo,0.3,0,0.7327327327327327,0.14687600489331
sin_homo,0.3,0,0.7427427427427427,0.1525096716039337
sin_homo,0.3,0,0.7527527527527527,0.15667896911968426
sin_homo,0.3,0,0.7627627627627627,0.1447362685321725
sin_homo,0.3,0,0.7727727727727727,0.16065860853664513
sin_homo,0.3,0,0.7827827827827827,0.15612290750738683
sin_homo,0.3,0,0.7927927927927927,0.13357909531148007
sin_homo,0.3,0,0.8028028028028027,0.1422078285408425
sin_homo,0.3,0,0.8128128128128127,0.1391879763428237
sin_homo,0.3,0,0.8228228228228227,0.15182475947623456
sin_homo,0.3,0,0.8328328328328327,0.1527351749209514
sin_homo,0.3,0,0.8428428428428427,0.1519606287784028
sin_homo,0.3,0,0.8528528528528527,0.16078559139146026
sin_homo,0.3,0,0.8628628628628627,0.15307220225066137
sin_homo,0.3,0,0.8728728728728727,0.16481296715344632
sin_homo,0.3,0,0.8828828828828827,0.15334860915945575
sin_homo,0.3,0,0.8928928928928928,0.1383938765154542
sin_homo,0.3,0,0.9029029029029028,0.16047595294905745
sin_homo,0.3,0,0.9129129129129128,0.16665545054448236
sin_homo,0.3,0,0.9229229229229228,0.15574133614084223
sin_homo,0.3,0,0.9329329329329328,0.13896363075196577
sin_homo,0.3,0,0.9429429429429428,0.1320890380112769
sin_homo,0.3,0,0.9529529529529528,0.16310539580652686
sin_homo,0.3,0,0.9629629629629628,0.1294964784323929
sin_homo,0.3,0,0.9729729729729728,0.14258699140136125
sin_homo,0.3,0,0.9829829829829828,0.17047163663475176
sin_homo,0.3,0,0.9929929929929928,0.13968579662362815
sin_homo,0.3,0,1.0030030030030028,0.17124640596984694
sin_homo,0.3,0,1.0130130130130128,0.13365994093779598
sin_homo,0.3,0,1.0230230230230228,0.1442870227445332
sin_homo,0.3,0,1.0330330330330328,0.1476511264260024
sin_homo,0.3,0,1.0430430430430429,0.15140504428983168
sin_homo,0.3,0,1.0530530530530529,0.14497950884786082
sin_homo,0.3,0,1.0630630630630629,0.12573251033342536
sin_homo,0.3,0,1.0730730730730729,0.1709035255136938
sin_homo,0.3,0,1.0830830830830829,0.16644989431800739
sin_homo,0.3,0,1.0930930930930929,0.1582423532317592
sin_homo,0.3,0,1.1031031031031029,0.14270949662003712
sin_homo,0.3,0,1.113113113113113,0.15308876471831098
sin_homo,0.3,0,1.123123123123123,0.15383261870877005
sin_homo,0.3,0,1.133133133133133,0.15566180466425214
sin_homo,0.3,0,1.143143143143143,0.14986048331943952
sin_homo,0.3,0,1.153153153153153,0.1525251655668963
sin_homo,0.3,0,1.163163163163163,0.16521800050313445
sin_homo,0.3,0,1.173173173173173,0.14305775752115787
sin_homo,0.3,0,1.183183183183183,0.15388371040725707
sin_homo,0.3,0,1.193193193193193,0.17289304523650814
sin_homo,0.3,0,1.203203203203203,0.15806179077063698
sin_homo,0.3,0,1.2132132132132134,0.13351483078039192
sin_homo,0.3,0,1.2232232232232234,0.16476640229379114
sin_homo,0.3,0,1.2332332332332334,0.14303727013140707
sin_homo,0.3,0,1.2432432432432434,0.16045435331855984
sin_homo,0.3,0,1.2532532532532534,0.14804001411969922
sin_homo,0.3,0,1.2632632632632634,0.1501140832509018
sin_homo,0.3,0,1.2732732732732734,0.15688603730873085
sin_homo,0.3,0,1.2832832832832834,0.15176803413509757
sin_homo,0.3,0,1.2932932932932935,0.1496395607173867
sin_homo,0.3,0,1.3033033033033035,0.1370175858172814
sin_homo,0.3,0,1.3133133133133135,0.1380276878501805
sin_homo,0.3,0,1.3233233233233235,0.14520583858676503
sin_homo,0.3,0,1.3333333333333335,0.1596568238320976
sin_homo,0.3,0,1.3433433433433435,0.14240276016231476
sin_homo,0.3,0,1.3533533533533535,0.14078656266431783
sin_homo,0.3,0,1.3633633633633635,0.15536931289429806
sin_homo,0.3,0,1.3733733733733735,0.15727786126834825
sin_homo,0.3,0,1.3833833833833835,0.15433116268851543
sin_homo,0.3,0,1.3933933933933935,0.14250750856433725
sin_homo,0.3,0,1.4034034034034035,0.14209203057471842
sin_homo,0.3,0,1.4134134134134135,0.15843188563373015
sin_homo,0.3,0,1.4234234234234235,0.16876875663594254
sin_homo,0.3,0,1.4334334334334335,0.16286217842451878
sin_homo,0.3,0,1.4434434434434436,0.16778886731536674
sin_homo,0.3,0,1.4534534534534536,0.1499122099096101
sin_homo,0.3,0,1.4634634634634636,0.1566072778508329
sin_homo,0.3,0,1.4734734734734736,0.13936924755769248
sin_homo,0.3,0,1.4834834834834836,0.1395855621644132
sin_homo,0.3,0,1.4934934934934936,0.1538974560445956
sin_homo,0.3,0,1.5035035035035036,0.14938831246605092
sin_homo,0.3,0,1.5135135135135136,0.16619361712308256
sin_homo,0.3,0,1.5235235235235236,0.14972835012626853
sin_homo,0.3,0,1.5335335335335336,0.1678894128929647
sin_homo,0.3,0,1.5435435435435436,0.1469428805862535
sin_homo,0.3,0,1.5535535535535536,0.15374198319420734
sin_homo,0.3,0,1.5635635635635636,0.15175298478865104
sin_homo,0.3,0,1.5735735735735736,0.1367853240337375
sin_homo,0.3,0,1.5835835835835836,0.14559255596834628
sin_homo,0.3,0,1.5935935935935936,0.1545457822354596
sin_homo,0.3,0,1.6036036036036037,0.16029582123809677
sin_homo,0.3,0,1.6136136136136137,0.14099710581146502
sin_homo,0.3,0,1.6236236236236237,0.1554776030584644
sin_homo,0.3,0,1.6336336336336337,0.1435322767767246
sin_homo,0.3,0,1.6436436436436437,0.14798577451101697
sin_homo,0.3,0,1.6536536536536537,0.15773108113181467
sin_homo,0.3,0,1.6636636636636637,0.13244763517578517
sin_homo,0.3,0,1.6736736736736737,0.1629838260297525
sin_homo,0.3,0,1.6836836836836837,0.1426732165370586
sin_homo,0.3,0,1.6936936936936937,0.16169513819504241
sin_homo,0.3,0,1.7037037037037037,0.14660206919612126
sin_homo,0.3,0,1.7137137137137137,0.13814214171398778
sin_homo,0.3,0,1.7237237237237237,0.164817354253492
sin_homo,0.3,0,1.7337337337337337,0.12862163385033107
sin_homo,0.3,0,1.7437437437437437,0.13950919438022932
sin_homo,0.3,0,1.7537537537537538,0.13603446101563393
sin_homo,0.3,0,1.7637637637637638,0.11824599816521768
sin_homo,0.3,0,1.7737737737737738,0.1565124704790228
sin_homo,0.3,0,1.7837837837837838,0.14692627377739603
sin_homo,0.3,0,1.7937937937937938,0.13154219496663366
sin_homo,0.3,0,1.8038038038038038,0.1657976438608677
sin_homo,0.3,0,1.8138138138138138,0.13762581461171525
sin_homo,0.3,0,1.8238238238238238,0.14912321556198244
sin_homo,0.3,0,1.8338338338338338,0.1381319066979388
sin_homo,0.3,0,1.8438438438438438,0.1251246619719974
sin_homo,0.3,0,1.8538538538538538,0.15096100847427932
sin_homo,0.3,0,1.8638638638638638,0.1357304896511774
sin_homo,0.3,0,1.8738738738738738,0.14161296634485634
sin_homo,0.3,0,1.8838838838838838,0.1265056752567308
sin_homo,0.3,0,1.8938938938938938,0.12623602425472855
sin_homo,0.3,0,1.9039039039039038,0.14388748580553887
sin_homo,0.3,0,1.9139139139139139,0.14393774069587165
sin_homo,0.3,0,1.9239239239239239,0.13386501342087181
sin_homo,0.3,0,1.9339339339339339,0.14508832629912943
sin_homo,0.3,0,1.9439439439439439,0.12590915917681827
sin_homo,0.3,0,1.9539539539539539,0.14713820219311594
sin_homo,0.3,0,1.9639639639639639,0.12803610155065173
sin_homo,0.3,0,1.973973973973974,0.12435185678000292
sin_homo,0.3,0,1.983983983983984,0.14433268714344655
sin_homo,0.3,0,1.993993993993994,0.15235570257358927
sin_homo,0.3,0,2.0040040040040044,0.1363534482968686
sin_homo,0.3,0,2.0140140140140144,0.1456587137838059
sin_homo,0.3,0,2.0240240240240244,0.1497361662106568
sin_homo,0.3,0,2.0340340340340344,0.1341272448916706
sin_homo,0.3,0,2.0440440440440444,0.14512571800732632
sin_homo,0.3,0,2.0540540540540544,0.14757017734576824
sin_homo,0.3,0,2.0640640640640644,0.12369492563026631
sin_homo,0.3,0,2.0740740740740744,0.11992522603972301
sin_homo,0.3,0,2.0840840840840844,0.12838038236869528
sin_homo,0.3,0,2.0940940940940944,0.1253489112716369
sin_homo,0.3,0,2.1041041041041044,0.11760293566182045
sin_homo,0.3,0,2.1141141141141144,0.1315346770680431
sin_homo,0.3,0,2.1241241241241244,0.12310817323592058
sin_homo,0.3,0,2.1341341341341344,0.1406049635104815
sin_homo,0.3,0,2.1441441441441444,0.12891742794749841
sin_homo,0.3,0,2.1541541541541545,0.12968033623202666
sin_homo,0.3,0,2.1641641641641645,0.12813812339609157
sin_homo,0.3,0,2.1741741741741745,0.1236762956869723
sin_homo,0.3,0,2.1841841841841845,0.13557947520683356
sin_homo,0.3,0,2.1941941941941945,0.13351359796857223
sin_homo,0.3,0,2.2042042042042045,0.11569030084696814
sin_homo,0.3,0,2.2142142142142145,0.13455460711310147
sin_homo,0.3,0,2.2242242242242245,0.12565266744815137
sin_homo,0.3,0,2.2342342342342345,0.13402705970280107
sin_homo,0.3,0,2.2442442442442445,0.13695269209766206
sin_homo,0.3,0,2.2542542542542545,0.11826292558415369
sin_homo,0.3,0,2.2642642642642645,0.12488594411615023
sin_homo,0.3,0,2.2742742742742745,0.10770472077742405
sin_homo,0.3,0,2.2842842842842845,0.10949535282365058
sin_homo,0.3,0,2.2942942942942945,0.12630834625509596
sin_homo,0.3,0,2.3043043043043046,0.11568507311684705
sin_homo,0.3,0,2.3143143143143146,0.10441121254755541
sin_homo,0.3,0,2.3243243243243246,0.12399863721118061
sin_homo,0.3,0,2.3343343343343346,0.128772832926928
sin_homo,0.3,0,2.3443443443443446,0.12217137476658219
sin_homo,0.3,0,2.3543543543543546,0.10998851072819556
sin_homo,0.3,0,2.3643643643643646,0.1062822933170659
sin_homo,0.3,0,2.3743743743743746,0.1237252996960633
sin_homo,0.3,0,2.3843843843843846,0.09683241880578032
sin_homo,0.3,0,2.3943943943943946,0.10684955490887851
sin_homo,0.3,0,2.4044044044044046,0.11225343421398258
sin_homo,0.3,0,2.4144144144144146,0.11832597196697764
sin_homo,0.3,0,2.4244244244244246,0.11029753400554156
sin_homo,0.3,0,2.4344344344344346,0.100368584691109
sin_homo,0.3,0,2.4444444444444446,0.11484224943219043
sin_homo,0.3,0,2.4544544544544546,0.10657345279877985
sin_homo,0.3,0,2.4644644644644647,0.112483463717211
sin_homo,0.3,0,2.4744744744744747,0.09185748956113506
sin_homo,0.3,0,2.4844844844844847,0.1007237698828366
sin_homo,0.3,0,2.4944944944944947,0.09622744311531775
sin_homo,0.3,0,2.5045045045045047,0.09832342766280336
sin_homo,0.3,0,2.5145145145145147,0.10757539717070079
sin_homo,0.3,0,2.5245245245245247,0.09309472094334233
sin_homo,0.3,0,2.5345345345345347,0.11046393948879744
sin_homo,0.3,0,2.5445445445445447,0.10825737153054453
sin_homo,0.3,0,2.5545545545545547,0.09611610681617794
sin_homo,0.3,0,2.5645645645645647,0.0969850532851886
sin_homo,0.3,0,2.5745745745745747,0.09085820604829287
sin_homo,0.3,0,2.5845845845845847,0.10545787203212784
sin_homo,0.3,0,2.5945945945945947,0.09615299006430748
sin_homo,0.3,0,2.6046046046046047,0.08919327918699518
sin_homo,0.3,0,2.6146146146146148,0.0817873728117288
sin_homo,0.3,0,2.6246246246246248,0.08059677070058145
sin_homo,0.3,0,2.6346346346346348,0.097382989180122
sin_homo,0.3,0,2.6446446446446448,0.09054923668398847
sin_homo,0.3,0,2.6546546546546548,0.09064884043789062
sin_homo,0.3,0,2.664664664664665,0.09139979685161399
sin_homo,0.3,0,2.674674674674675,0.07968448784445167
sin_homo,0.3,0,2.684684684684685,0.08626171849054087
sin_homo,0.3,0,2.694694694694695,0.07714589830694697
sin_homo,0.3,0,2.704704704704705,0.07126014527918781
sin_homo,0.3,0,2.714714714714715,0.076643629089584
sin_homo,0.3,0,2.724724724724725,0.08709655696347413
sin_homo,0.3,0,2.734734734734735,0.08075325047729862
sin_homo,0.3,0,2.744744744744745,0.0791941603710144
sin_homo,0.3,0,2.754754754754755,0.09658579033082489
sin_homo,0.3,0,2.764764764764765,0.06769991358702614
sin_homo,0.3,0,2.774774774774775,0.0782788588252868
sin_homo,0.3,0,2.784784784784785,0.0711295214108994
sin_homo,0.3,0,2.794794794794795,0.07603989589456707
sin_homo,0.3,0,2.804804804804805,0.07875582422013747
sin_homo,0.3,0,2.814814814814815,0.07599538037062085
sin_homo,0.3,0,2.824824824824825,0.07678879726586296
sin_homo,0.3,0,2.834834834834835,0.06437550047271419
sin_homo,0.3,0,2.844844844844845,0.07530598685606266
sin_homo,0.3,0,2.854854854854855,0.0758994762543999
sin_homo,0.3,0,2.864864864864865,0.06384342952078426
sin_homo,0.3,0,2.874874874874875,0.07005980801849997
sin_homo,0.3,0,2.884884884884885,0.0617456061151459
sin_homo,0.3,0,2.894894894894895,0.07581035376373112
sin_homo,0.3,0,2.904904904904905,0.06723520171246306
sin_homo,0.3,0,2.914914914914915,0.06561676379623947
sin_homo,0.3,0,2.924924924924925,0.06945284389791699
sin_homo,0.3,0,2.934934934934935,0.07113902377415894
sin_homo,0.3,0,2.944944944944945,0.06253324330550154
sin_homo,0.3,0,2.954954954954955,0.06531809676970393
sin_homo,0.3,0,2.964964964964965,0.07238401063670795
sin_homo,0.3,0,2.974974974974975,0.06720414823039084
sin_homo,0.3,0,2.984984984984985,0.06842476584062306
sin_homo,0.3,0,2.994994994994995,0.05451182478254537
sin_homo,0.3,0,3.005005005005005,0.0725904997827294
sin_homo,0.3,0,3.015015015015015,0.05918732984579245
sin_homo,0.3,0,3.025025025025025,0.06964164851226876
sin_homo,0.3,0,3.035035035035035,0.07016639430392502
sin_homo,0.3,0,3.045045045045045,0.05638066832399844
sin_homo,0.3,0,3.055055055055055,0.06714338127835193
sin_homo,0.3,0,3.065065065065065,0.06306735175039635
sin_homo,0.3,0,3.075075075075075,0.06700677255121351
sin_homo,0.3,0,3.085085085085085,0.06036314758438436
sin_homo,0.3,0,3.095095095095095,0.07318392439740153
sin_homo,0.3,0,3.105105105105105,0.06657785123421887
sin_homo,0.3,0,3.115115115115115,0.06370414166045459
sin_homo,0.3,0,3.125125125125125,0.06929871034124377
sin_homo,0.3,0,3.135135135135135,0.06650831841048509
sin_homo,0.3,0,3.145145145145145,0.07020477823854794
sin_homo,0.3,0,3.155155155155155,0.06533425720788805
sin_homo,0.3,0,3.165165165165165,0.07386494296158315
sin_homo,0.3,0,3.175175175175175,0.06524367295369711
sin_homo,0.3,0,3.185185185185185,0.07288690428807601
sin_homo,0.3,0,3.195195195195195,0.07831581730721202
sin_homo,0.3,0,3.205205205205205,0.06922087380011636
sin_homo,0.3,0,3.215215215215215,0.07445038516610074
sin_homo,0.3,0,3.225225225225225,0.07546745572619092
sin_homo,0.3,0,3.235235235235235,0.06697542686163986
sin_homo,0.3,0,3.245245245245245,0.07488307925364024
sin_homo,0.3,0,3.255255255255255,0.07682821726417319
sin_homo,0.3,0,3.265265265265265,0.07502307506252398
sin_homo,0.3,0,3.275275275275275,0.07411933546145337
sin_homo,0.3,0,3.285285285285285,0.07342544148431741
sin_homo,0.3,0,3.295295295295295,0.08779499674473096
sin_homo,0.3,0,3.305305305305305,0.07804528171214006
sin_homo,0.3,0,3.315315315315315,0.07306253757316579
sin_homo,0.3,0,3.325325325325325,0.07714506992560838
sin_homo,0.3,0,3.335335335335335,0.08627393188860609
sin_homo,0.3,0,3.3453453453453452,0.08182457628577566
sin_homo,0.3,0,3.3553553553553552,0.09340665033713916
sin_homo,0.3,0,3.3653653653653652,0.08563900162069385
sin_homo,0.3,0,3.3753753753753752,0.10010990596842305
sin_homo,0.3,0,3.3853853853853852,0.07942473964259561
sin_homo,0.3,0,3.3953953953953953,0.0978488111432978
sin_homo,0.3,0,3.4054054054054053,0.08870982823330091
sin_homo,0.3,0,3.4154154154154153,0.08916030252641018
sin_homo,0.3,0,3.4254254254254253,0.07677343627201516
sin_homo,0.3,0,3.4354354354354353,0.09616141155145601
sin_homo,0.3,0,3.4454454454454453,0.10043906192100693
sin_homo,0.3,0,3.4554554554554553,0.09077245303182481
sin_homo,0.3,0,3.4654654654654653,0.1024501904364904
sin_homo,0.3,0,3.4754754754754753,0.09536911893646313
sin_homo,0.3,0,3.4854854854854853,0.09142415885035789
sin_homo,0.3,0,3.4954954954954953,0.103727067958069
sin_homo,0.3,0,3.5055055055055053,0.10237166971149188
sin_homo,0.3,0,3.5155155155155153,0.09623908953739374
sin_homo,0.3,0,3.5255255255255253,0.09490156059910629
sin_homo,0.3,0,3.5355355355355353,0.09461788144067025
sin_homo,0.3,0,3.5455455455455454,0.11687467849823122
sin_homo,0.3,0,3.5555555555555554,0.0994640837506371
sin_homo,0.3,0,3.5655655655655654,0.11634843614744757
sin_homo,0.3,0,3.5755755755755754,0.10207785084495925
sin_homo,0.3,0,3.5855855855855854,0.09854376070452224
sin_homo,0.3,0,3.5955955955955954,0.1196383455158374
sin_homo,0.3,0,3.6056056056056054,0.10981115313260394
sin_homo,0.3,0,3.6156156156156154,0.11417602905491485
sin_homo,0.3,0,3.6256256256256254,0.10124473054414325
sin_homo,0.3,0,3.6356356356356354,0.10823065289301474
sin_homo,0.3,0,3.6456456456456454,0.11560896878584945
sin_homo,0.3,0,3.6556556556556554,0.10370888819662291
sin_homo,0.3,0,3.6656656656656654,0.10538129894549775
sin_homo,0.3,0,3.6756756756756754,0.1087773054182349
sin_homo,0.3,0,3.6856856856856854,0.0987019384734881
sin_homo,0.3,0,3.6956956956956954,0.11051758874896839
sin_homo,0.3,0,3.7057057057057055,0.11669406191801418
sin_homo,0.3,0,3.7157157157157155,0.10646314631940212
sin_homo,0.3,0,3.7257257257257255,0.13562129876997542
sin_homo,0.3,0,3.7357357357357355,0.12571088595227276
sin_homo,0.3,0,3.7457457457457455,0.12666107784536357
sin_homo,0.3,0,3.7557557557557555,0.14311855958584357
sin_homo,0.3,0,3.7657657657657655,0.11770251410405203
sin_homo,0.3,0,3.7757757757757755,0.10580297646352076
sin_homo,0.3,0,3.7857857857857855,0.13867098707692263
sin_homo,0.3,0,3.7957957957957955,0.10882258011604735
sin_homo,0.3,0,3.8058058058058055,0.13298222126529838
sin_homo,0.3,0,3.8158158158158155,0.13682408019589326
sin_homo,0.3,0,3.8258258258258255,0.1289140903656047
sin_homo,0.3,0,3.8358358358358355,0.12711268381665955
sin_homo,0.3,0,3.8458458458458455,0.11140605472275752
sin_homo,0.3,0,3.8558558558558556,0.11979387768186946
sin_homo,0.3,0,3.8658658658658656,0.1192408284203734
sin_homo,0.3,0,3.8758758758758756,0.13883795364883597
sin_homo,0.3,0,3.8858858858858856,0.14203882891240485
sin_homo,0.3,0,3.8958958958958956,0.12297031712149445
sin_homo,0.3,0,3.9059059059059056,0.1500785554824904
sin_homo,0.3,0,3.9159159159159156,0.13809132497177895
sin_homo,0.3,0,3.9259259259259256,0.1278480136229578
sin_homo,0.3,0,3.9359359359359356,0.12082268556127716
sin_homo,0.3,0,3.9459459459459456,0.12293285764132066
sin_homo,0.3,0,3.9559559559559556,0.14930113233233394
sin_homo,0.3,0,3.9659659659659656,0.13475569599093415
sin_homo,0.3,0,3.9759759759759756,0.12912987882082075
sin_homo,0.3,0,3.9859859859859856,0.1362100155556387
sin_homo,0.3,0,3.9959959959959956,0.12455967017344534
sin_homo,0.3,0,4.006006006006006,0.13999845179242895
sin_homo,0.3,0,4.016016016016016,0.11879184021138713
sin_homo,0.3,0,4.026026026026026,0.1603814903039358
sin_homo,0.3,0,4.036036036036036,0.13778710799899643
sin_homo,0.3,0,4.046046046046046,0.15319911100121103
sin_homo,0.3,0,4.056056056056056,0.14718414642831196
sin_homo,0.3,0,4.066066066066066,0.1468846387178453
sin_homo,0.3,0,4.076076076076076,0.15420136202583404
sin_homo,0.3,0,4.086086086086086,0.1544916794978638
sin_homo,0.3,0,4.096096096096096,0.13301776460066647
sin_homo,0.3,0,4.106106106106106,0.1507356939288206
sin_homo,0.3,0,4.116116116116116,0.14714957530851902
sin_homo,0.3,0,4.126126126126126,0.13576426437529918
sin_homo,0.3,0,4.136136136136136,0.146594042703198
sin_homo,0.3,0,4.146146146146146,0.1637262017722584
sin_homo,0.3,0,4.156156156156156,0.16173469340230068
sin_homo,0.3,0,4.166166166166166,0.13216680882225668
sin_homo,0.3,0,4.176176176176176,0.13907637769556283
sin_homo,0.3,0,4.186186186186186,0.14567684198792855
sin_homo,0.3,0,4.196196196196196,0.12997743534338513
sin_homo,0.3,0,4.206206206206206,0.15524056168072908
sin_homo,0.3,0,4.216216216216216,0.13942257734912472
sin_homo,0.3,0,4.226226226226226,0.16629926042508597
sin_homo,0.3,0,4.236236236236236,0.1349254971489325
sin_homo,0.3,0,4.246246246246246,0.16089093073894856
sin_homo,0.3,0,4.256256256256256,0.15498448777174242
sin_homo,0.3,0,4.266266266266266,0.15755361544528756
sin_homo,0.3,0,4.276276276276276,0.1481490884630867
sin_homo,0.3,0,4.286286286286286,0.13579603089958905
sin_homo,0.3,0,4.296296296296296,0.15414786898328667
sin_homo,0.3,0,4.306306306306306,0.16423040272688286
sin_homo,0.3,0,4.316316316316316,0.14575252504801348
sin_homo,0.3,0,4.326326326326326,0.1360956043644596
sin_homo,0.3,0,4.336336336336336,0.13664864822543416
sin_homo,0.3,0,4.346346346346346,0.1433551333348132
sin_homo,0.3,0,4.356356356356356,0.1522077015703953
sin_homo,0.3,0,4.366366366366366,0.13843916968036685
sin_homo,0.3,0,4.376376376376376,0.15249428166691145
sin_homo,0.3,0,4.386386386386386,0.1504685855121116
sin_homo,0.3,0,4.396396396396396,0.1466421761185438
sin_homo,0.3,0,4.406406406406406,0.1457918308870112
sin_homo,0.3,0,4.416416416416417,0.14122453475854035
sin_homo,0.3,0,4.426426426426427,0.14521695427771739
sin_homo,0.3,0,4.436436436436437,0.16204590398497018
sin_homo,0.3,0,4.446446446446447,0.14244291212468596
sin_homo,0.3,0,4.456456456456457,0.15521099813860784
sin_homo,0.3,0,4.466466466466467,0.15872764002521614
sin_homo,0.3,0,4.476476476476477,0.1657906098777447
sin_homo,0.3,0,4.486486486486487,0.1568613153456034
sin_homo,0.3,0,4.496496496496497,0.14374371601933278
sin_homo,0.3,0,4.506506506506507,0.15339762140250585
sin_homo,0.3,0,4.516516516516517,0.14268815759874606
sin_homo,0.3,0,4.526526526526527,0.14091347052809702
sin_homo,0.3,0,4.536536536536537,0.14198875309565465
sin_homo,0.3,0,4.546546546546547,0.15067910733795883
sin_homo,0.3,0,4.556556556556557,0.16138367596028402
sin_homo,0.3,0,4.566566566566567,0.15528145911832422
sin_homo,0.3,0,4.576576576576577,0.15881717935589262
sin_homo,0.3,0,4.586586586586587,0.16397221104736653
sin_homo,0.3,0,4.596596596596597,0.15556733023611055
sin_homo,0.3,0,4.606606606606607,0.14204492394984666
sin_homo,0.3,0,4.616616616616617,0.15813818162039775
sin_homo,0.3,0,4.626626626626627,0.1655660440012315
sin_homo,0.3,0,4.636636636636637,0.15694933700445188
sin_homo,0.3,0,4.646646646646647,0.14700354539869823
sin_homo,0.3,0,4.656656656656657,0.15008861273211946
sin_homo,0.3,0,4.666666666666667,0.14787382770281693
sin_homo,0.3,0,4.676676676676677,0.156034729720522
sin_homo,0.3,0,4.686686686686687,0.16293628114302722
sin_homo,0.3,0,4.696696696696697,0.1647540770422594
sin_homo,0.3,0,4.706706706706707,0.13685265098028018
sin_homo,0.3,0,4.716716716716717,0.161701786130261
sin_homo,0.3,0,4.726726726726727,0.15081516362766428
sin_homo,0.3,0,4.736736736736737,0.1452875861765998
sin_homo,0.3,0,4.746746746746747,0.15843999142235995
sin_homo,0.3,0,4.756756756756757,0.16069131448199547
sin_homo,0.3,0,4.766766766766767,0.16317336239424193
sin_homo,0.3,0,4.776776776776777,0.18313063494719922
sin_homo,0.3,0,4.786786786786787,0.1674232225281571
sin_homo,0.3,0,4.796796796796797,0.14832696075601315
sin_homo,0.3,0,4.806806806806807,0.16776785171412237
sin_homo,0.3,0,4.816816816816817,0.14380752915816314
sin_homo,0.3,0,4.826826826826827,0.16557839033337624
sin_homo,0.3,0,4.836836836836837,0.15179962256252255
sin_homo,0.3,0,4.846846846846847,0.16865338928264306
sin_homo,0.3,0,4.856856856856857,0.14979496646845777
sin_homo,0.3,0,4.866866866866867,0.16108176783127148
sin_homo,0.3,0,4.876876876876877,0.1601568703927311
sin_homo,0.3,0,4.886886886886887,0.1827458017429769
sin_homo,0.3,0,4.896896896896897,0.1588105518783561
sin_homo,0.3,0,4.906906906906907,0.1584322074316049
sin_homo,0.3,0,4.916916916916917,0.16464569484388286
sin_homo,0.3,0,4.926926926926927,0.15184138896505278
sin_homo,0.3,0,4.936936936936937,0.14790515324613657
sin_homo,0.3,0,4.946946946946947,0.15370554854633747
sin_homo,0.3,0,4.956956956956957,0.15399902082877912
sin_homo,0.3,0,4.966966966966967,0.16404593221145616
sin_homo,0.3,0,4.976976976976977,0.1629547394791756
sin_homo,0.3,0,4.986986986986987,0.1392263487107851
sin_homo,0.3,0,4.996996996996997,0.15127131328526405
sin_homo,0.3,0,5.007007007007007,0.18560982928967404
sin_homo,0.3,0,5.017017017017017,0.14961641663382855
sin_homo,0.3,0,5.027027027027027,0.1895885082859525
sin_homo,0.3,0,5.037037037037037,0.16308533810864978
sin_homo,0.3,0,5.047047047047047,0.1759725663722097
sin_homo,0.3,0,5.057057057057057,0.15462405750303412
sin_homo,0.3,0,5.067067067067067,0.1699263543411821
sin_homo,0.3,0,5.077077077077077,0.16066942514984403
sin_homo,0.3,0,5.087087087087087,0.14578625543072787
sin_homo,0.3,0,5.097097097097097,0.158320859486412
sin_homo,0.3,0,5.107107107107107,0.17073920167913403
sin_homo,0.3,0,5.117117117117117,0.12965719817775287
sin_homo,0.3,0,5.127127127127127,0.16694199771699056
sin_homo,0.3,0,5.137137137137137,0.17090759730322017
sin_homo,0.3,0,5.147147147147147,0.1633286361990699
sin_homo,0.3,0,5.157157157157157,0.15351200862479328
sin_homo,0.3,0,5.167167167167167,0.17062303042340976
sin_homo,0.3,0,5.177177177177177,0.1719365447165265
sin_homo,0.3,0,5.187187187187187,0.1619246299962828
sin_homo,0.3,0,5.197197197197197,0.15581772358649829
sin_homo,0.3,0,5.207207207207207,0.14893832490388315
sin_homo,0.3,0,5.217217217217217,0.1593188651342716
sin_homo,0.3,0,5.227227227227227,0.14862172672651003
sin_homo,0.3,0,5.237237237237237,0.16287707808878427
sin_homo,0.3,0,5.247247247247247,0.14912935667848956
sin_homo,0.3,0,5.257257257257257,0.14787147865160943
sin_homo,0.3,0,5.267267267267267,0.1439955897046673
sin_homo,0.3,0,5.277277277277277,0.16270995604017394
sin_homo,0.3,0,5.287287287287287,0.15862762946973705
sin_homo,0.3,0,5.297297297297297,0.15429353329253243
sin_homo,0.3,0,5.307307307307307,0.16416480971629233
sin_homo,0.3,0,5.317317317317317,0.18512318074441714
sin_homo,0.3,0,5.327327327327327,0.17244168233851853
sin_homo,0.3,0,5.337337337337337,0.16082160924734926
sin_homo,0.3,0,5.347347347347347,0.13934436354323984
sin_homo,0.3,0,5.357357357357357,0.1601217126236087
sin_homo,0.3,0,5.367367367367367,0.18706938236251516
sin_homo,0.3,0,5.377377377377377,0.1793289871454706
sin_homo,0.3,0,5.387387387387387,0.1570467737692744
sin_homo,0.3,0,5.397397397397397,0.15620920062984683
sin_homo,0.3,0,5.407407407407407,0.1699260972214506
sin_homo,0.3,0,5.4174174174174174,0.17216932967131662
sin_homo,0.3,0,5.4274274274274275,0.1668530161213608
sin_homo,0.3,0,5.4374374374374375,0.14949300180648487
sin_homo,0.3,0,5.4474474474474475,0.15588077912577988
sin_homo,0.3,0,5.4574574574574575,0.1407800084461641
sin_homo,0.3,0,5.4674674674674675,0.15685590697748455
sin_homo,0.3,0,5.4774774774774775,0.15962252090149157
sin_homo,0.3,0,5.4874874874874875,0.16557517774733208
sin_homo,0.3,0,5.4974974974974975,0.17458442729623913
sin_homo,0.3,0,5.5075075075075075,0.17075661674828468
sin_homo,0.3,0,5.5175175175175175,0.15776559324907294
sin_homo,0.3,0,5.5275275275275275,0.1760323860474293
sin_homo,0.3,0,5.5375375375375375,0.15704861113880386
sin_homo,0.3,0,5.5475475475475475,0.13796865478855616
sin_homo,0.3,0,5.5575575575575575,0.15777546047715987
sin_homo,0.3,0,5.5675675675675675,0.19017408020193693
sin_homo,0.3,0,5.5775775775775776,0.1737051760079577
sin_homo,0.3,0,5.587587587587588,0.15465591683886118
sin_homo,0.3,0,5.597597597597598,0.16348837936503918
sin_homo,0.3,0,5.607607607607608,0.17509112897176676
sin_homo,0.3,0,5.617617617617618,0.14942813759805784
sin_homo,0.3,0,5.627627627627628,0.16005338312896608
sin_homo,0.3,0,5.637637637637638,0.15346010481847977
sin_homo,0.3,0,5.647647647647648,0.1725255011696927
sin_homo,0.3,0,5.657657657657658,0.17975590545353182
sin_homo,0.3,0,5.667667667667668,0.16807408446808253
sin_homo,0.3,0,5.677677677677678,0.14840865079259558
sin_homo,0.3,0,5.687687687687688,0.17674352301054894
sin_homo,0.3,0,5.697697697697698,0.1556451470360762
sin_homo,0.3,0,5.707707707707708,0.15866927639752654
sin_homo,0.3,0,5.717717717717718,0.15285495203698082
sin_homo,0.3,0,5.727727727727728,0.16718765235328834
sin_homo,0.3,0,5.737737737737738,0.16369592670509484
sin_homo,0.3,0,5.747747747747748,0.1651835274943034
sin_homo,0.3,0,5.757757757757758,0.1641808605097081
sin_homo,0.3,0,5.767767767767768,0.17676464363989
sin_homo,0.3,0,5.777777777777778,0.16473775206589533
sin_homo,0.3,0,5.787787787787788,0.15878684432133142
sin_homo,0.3,0,5.797797797797798,0.15641118632259043
sin_homo,0.3,0,5.807807807807808,0.1757860115644348
sin_homo,0.3,0,5.817817817817818,0.19023714047627716
sin_homo,0.3,0,5.827827827827828,0.1569577288946931
sin_homo,0.3,0,5.837837837837838,0.15989914906411076
sin_homo,0.3,0,5.847847847847848,0.17315297395627133
sin_homo,0.3,0,5.857857857857858,0.17247962695192595
sin_homo,0.3,0,5.867867867867868,0.1695022029708625
sin_homo,0.3,0,5.877877877877878,0.17940794084400702
sin_homo,0.3,0,5.887887887887888,0.1835520673842788
sin_homo,0.3,0,5.897897897897898,0.1493258112954326
sin_homo,0.3,0,5.907907907907908,0.16633195330669726
sin_homo,0.3,0,5.917917917917918,0.1644670778017347
sin_homo,0.3,0,5.927927927927928,0.15221670260254072
sin_homo,0.3,0,5.937937937937938,0.1533734033905592
sin_homo,0.3,0,5.947947947947948,0.1819540792454373
sin_homo,0.3,0,5.957957957957958,0.16040841996882482
sin_homo,0.3,0,5.967967967967968,0.1627339846885081
sin_homo,0.3,0,5.977977977977978,0.16477706573965903
sin_homo,0.3,0,5.987987987987988,0.1653257502120946
sin_homo,0.3,0,5.997997997997998,0.171212347604651
sin_homo,0.3,0,6.008008008008009,0.1583507770155394
sin_homo,0.3,0,6.018018018018019,0.16518833308162023
sin_homo,0.3,0,6.028028028028029,0.18385126617193756
sin_homo,0.3,0,6.038038038038039,0.1423608443552579
sin_homo,0.3,0,6.048048048048049,0.16304113915164598
sin_homo,0.3,0,6.058058058058059,0.15175500361785058
sin_homo,0.3,0,6.068068068068069,0.17448870635335922
sin_homo,0.3,0,6.078078078078079,0.14746523650909932
sin_homo,0.3,0,6.088088088088089,0.16280369762454808
sin_homo,0.3,0,6.098098098098099,0.18547715215205465
sin_homo,0.3,0,6.108108108108109,0.1594444832492884
sin_homo,0.3,0,6.118118118118119,0.16440686068245608
sin_homo,0.3,0,6.128128128128129,0.16004475030203028
sin_homo,0.3,0,6.138138138138139,0.16210860477839925
sin_homo,0.3,0,6.148148148148149,0.15930674181935967
sin_homo,0.3,0,6.158158158158159,0.17903042690330861
sin_homo,0.3,0,6.168168168168169,0.1584495364851557
sin_homo,0.3,0,6.178178178178179,0.1600156530526756
sin_homo,0.3,0,6.188188188188189,0.163799937305029
sin_homo,0.3,0,6.198198198198199,0.17422655481515997
sin_homo,0.3,0,6.208208208208209,0.1612750011742308
sin_homo,0.3,0,6.218218218218219,0.1778392366600238
sin_homo,0.3,0,6.228228228228229,0.16063962587998604
sin_homo,0.3,0,6.238238238238239,0.17250567560321323
sin_homo,0.3,0,6.248248248248249,0.1630920985832433
sin_homo,0.3,0,6.258258258258259,0.16859631955241827
sin_homo,0.3,0,6.268268268268269,0.1597333787610939
sin_homo,0.3,0,6.278278278278279,0.18483269255928758
sin_homo,0.3,0,6.288288288288289,0.15198747032275794
sin_homo,0.3,0,6.298298298298299,0.16262782381679144
sin_homo,0.3,0,6.308308308308309,0.16677807672613454
sin_homo,0.3,0,6.318318318318319,0.17147188132369293
sin_homo,0.3,0,6.328328328328329,0.16098652279987227
sin_homo,0.3,0,6.338338338338339,0.1644678078106813
sin_homo,0.3,0,6.348348348348349,0.17243356339778787
sin_homo,0.3,0,6.358358358358359,0.17309682677128135
sin_homo,0.3,0,6.368368368368369,0.14219741675036046
sin_homo,0.3,0,6.378378378378379,0.16518784830388986
sin_homo,0.3,0,6.388388388388389,0.15726013600118577
sin_homo,0.3,0,6.398398398398399,0.1768116989755889
sin_homo,0.3,0,6.408408408408409,0.17242303315289817
sin_homo,0.3,0,6.418418418418419,0.14742669208522646
sin_homo,0.3,0,6.428428428428429,0.1677785457421324
sin_homo,0.3,0,6.438438438438439,0.15351012420881333
sin_homo,0.3,0,6.448448448448449,0.14159601203645913
sin_homo,0.3,0,6.458458458458459,0.1623759782204925
sin_homo,0.3,0,6.468468468468469,0.1875034439820619
sin_homo,0.3,0,6.478478478478479,0.17703512724910817
sin_homo,0.3,0,6.488488488488489,0.1630731094095822
sin_homo,0.3,0,6.498498498498499,0.14344340783695123
sin_homo,0.3,0,6.508508508508509,0.14848318207432876
sin_homo,0.3,0,6.518518518518519,0.15140576092631677
sin_homo,0.3,0,6.528528528528529,0.16606636664305527
sin_homo,0.3,0,6.538538538538539,0.16554673144899412
sin_homo,0.3,0,6.548548548548549,0.15605916783527976
sin_homo,0.3,0,6.558558558558559,0.16019681368131405
sin_homo,0.3,0,6.568568568568569,0.16227096546709907
sin_homo,0.3,0,6.578578578578579,0.15501173181138972
sin_homo,0.3,0,6.588588588588589,0.15987816271511823
sin_homo,0.3,0,6.598598598598599,0.14420524416467112
sin_homo,0.3,0,6.608608608608609,0.16178969551277433
sin_homo,0.3,0,6.618618618618619,0.17955352299823646
sin_homo,0.3,0,6.628628628628629,0.15526170613957607
sin_homo,0.3,0,6.638638638638639,0.1642016595802444
sin_homo,0.3,0,6.648648648648649,0.1708292865657412
sin_homo,0.3,0,6.658658658658659,0.18587053346059035
sin_homo,0.3,0,6.668668668668669,0.1564019844985644
sin_homo,0.3,0,6.678678678678679,0.18458461046707167
sin_homo,0.3,0,6.688688688688689,0.1623505555224396
sin_homo,0.3,0,6.698698698698699,0.1739685815883219
sin_homo,0.3,0,6.708708708708709,0.1944949226845105
sin_homo,0.3,0,6.718718718718719,0.15604723700110923
sin_homo,0.3,0,6.728728728728729,0.14555508124870278
sin_homo,0.3,0,6.738738738738739,0.1871681387208035
sin_homo,0.3,0,6.748748748748749,0.16032755937230214
sin_homo,0.3,0,6.758758758758759,0.17521642760735398
sin_homo,0.3,0,6.768768768768769,0.1619315869391453
sin_homo,0.3,0,6.778778778778779,0.16373622193900583
sin_homo,0.3,0,6.788788788788789,0.1684377570002014
sin_homo,0.3,0,6.798798798798799,0.14822836413359378
sin_homo,0.3,0,6.808808808808809,0.17780800406361885
sin_homo,0.3,0,6.818818818818819,0.17087535664504205
sin_homo,0.3,0,6.828828828828829,0.14212292649694686
sin_homo,0.3,0,6.838838838838839,0.17846079138379853
sin_homo,0.3,0,6.848848848848849,0.17441229007715034
sin_homo,0.3,0,6.858858858858859,0.17094468175220454
sin_homo,0.3,0,6.868868868868869,0.17816776739944756
sin_homo,0.3,0,6.878878878878879,0.1904030644436817
sin_homo,0.3,0,6.888888888888889,0.16934392061238615
sin_homo,0.3,0,6.898898898898899,0.1635323423510851
sin_homo,0.3,0,6.908908908908909,0.15294635556819083
sin_homo,0.3,0,6.918918918918919,0.15584941156743728
sin_homo,0.3,0,6.928928928928929,0.16169745908184252
sin_homo,0.3,0,6.938938938938939,0.18217418675629884
sin_homo,0.3,0,6.948948948948949,0.1624348279593897
sin_homo,0.3,0,6.958958958958959,0.18250233825186235
sin_homo,0.3,0,6.968968968968969,0.17651256625345746
sin_homo,0.3,0,6.978978978978979,0.16667178850479153
sin_homo,0.3,0,6.988988988988989,0.16774991825232907
sin_homo,0.3,0,6.998998998998999,0.14677502763154873
sin_homo,0.3,0,7.009009009009009,0.1602284748775478
sin_homo,0.3,0,7.019019019019019,0.19106305634997348
sin_homo,0.3,0,7.029029029029029,0.1657024777755245
sin_homo,0.3,0,7.039039039039039,0.17935230880642722
sin_homo,0.3,0,7.049049049049049,0.17911385632417043
sin_homo,0.3,0,7.059059059059059,0.1396725053303405
sin_homo,0.3,0,7.069069069069069,0.1529971439439217
sin_homo,0.3,0,7.079079079079079,0.17978684305441112
sin_homo,0.3,0,7.089089089089089,0.1657306766530509
sin_homo,0.3,0,7.099099099099099,0.1821355775390352
sin_homo,0.3,0,7.109109109109109,0.15798319058563579
sin_homo,0.3,0,7.119119119119119,0.15715797901319253
sin_homo,0.3,0,7.129129129129129,0.1860997337629747
sin_homo,0.3,0,7.1391391391391394,0.1608885842441776
sin_homo,0.3,0,7.1491491491491495,0.16260811033136288
sin_homo,0.3,0,7.1591591591591595,0.1681331548930725
sin_homo,0.3,0,7.1691691691691695,0.18061062304952455
sin_homo,0.3,0,7.1791791791791795,0.17484492230952298
sin_homo,0.3,0,7.1891891891891895,0.16675813921054072
sin_homo,0.3,0,7.1991991991991995,0.15997302016461984
sin_homo,0.3,0,7.2092092092092095,0.14720411314706017
sin_homo,0.3,0,7.2192192192192195,0.16212847370220387
sin_homo,0.3,0,7.2292292292292295,0.1786183737327993
sin_homo,0.3,0,7.2392392392392395,0.1567825452121349
sin_homo,0.3,0,7.2492492492492495,0.17145126679159434
sin_homo,0.3,0,7.2592592592592595,0.15854073427397464
sin_homo,0.3,0,7.2692692692692695,0.1785106270894205
sin_homo,0.3,0,7.2792792792792795,0.1654920591842389
sin_homo,0.3,0,7.2892892892892895,0.155349617144063
sin_homo,0.3,0,7.2992992992992995,0.15659567213253986
sin_homo,0.3,0,7.3093093093093096,0.15298882321615936
sin_homo,0.3,0,7.31931931931932,0.17432771907124467
sin_homo,0.3,0,7.32932932932933,0.17606486548437603
sin_homo,0.3,0,7.33933933933934,0.16909855556143819
sin_homo,0.3,0,7.34934934934935,0.16533884334486512
sin_homo,0.3,0,7.35935935935936,0.15597523332937555
sin_homo,0.3,0,7.36936936936937,0.15976336431952132
sin_homo,0.3,0,7.37937937937938,0.1605409681928769
sin_homo,0.3,0,7.38938938938939,0.16430262223052958
sin_homo,0.3,0,7.3993993993994,0.15062437173267823
sin_homo,0.3,0,7.40940940940941,0.13967787004397475
sin_homo,0.3,0,7.41941941941942,0.1429504247870249
sin_homo,0.3,0,7.42942942942943,0.1578496296938752
sin_homo,0.3,0,7.43943943943944,0.1695395660415688
sin_homo,0.3,0,7.44944944944945,0.16393471683484306
sin_homo,0.3,0,7.45945945945946,0.14465804003963165
sin_homo,0.3,0,7.46946946946947,0.18015407740464429
sin_homo,0.3,0,7.47947947947948,0.18181872420800604
sin_homo,0.3,0,7.48948948948949,0.17053404731359112
sin_homo,0.3,0,7.4994994994995,0.17455591481813557
sin_homo,0.3,0,7.50950950950951,0.17217511440362993
sin_homo,0.3,0,7.51951951951952,0.1737030237177805
sin_homo,0.3,0,7.52952952952953,0.15353653301014628
sin_homo,0.3,0,7.53953953953954,0.17090843956553492
sin_homo,0.3,0,7.54954954954955,0.16187619943641077
sin_homo,0.3,0,7.55955955955956,0.1493321443148867
sin_homo,0.3,0,7.56956956956957,0.17185777674046804
sin_homo,0.3,0,7.57957957957958,0.17544596149548417
sin_homo,0.3,0,7.58958958958959,0.17617579479537362
sin_homo,0.3,0,7.5995995995996,0.14896682495499133
sin_homo,0.3,0,7.60960960960961,0.16201737430946303
sin_homo,0.3,0,7.61961961961962,0.16011791314545495
sin_homo,0.3,0,7.62962962962963,0.17777187765830849
sin_homo,0.3,0,7.63963963963964,0.15644549686996284
sin_homo,0.3,0,7.64964964964965,0.16799956893296575
sin_homo,0.3,0,7.65965965965966,0.17224259652036025
sin_homo,0.3,0,7.66966966966967,0.16991518870490058
sin_homo,0.3,0,7.67967967967968,0.1473159806314879
sin_homo,0.3,0,7.68968968968969,0.16119903530135218
sin_homo,0.3,0,7.6996996996997,0.1633762879603347
sin_homo,0.3,0,7.70970970970971,0.18458653088390814
sin_homo,0.3,0,7.71971971971972,0.17020445068623577
sin_homo,0.3,0,7.72972972972973,0.14267341682150764
sin_homo,0.3,0,7.73973973973974,0.15683912181954618
sin_homo,0.3,0,7.74974974974975,0.15295186020092144
sin_homo,0.3,0,7.75975975975976,0.17783891472875002
sin_homo,0.3,0,7.76976976976977,0.16465711098771726
sin_homo,0.3,0,7.77977977977978,0.1724663713879947
sin_homo,0.3,0,7.78978978978979,0.16826669535728495
sin_homo,0.3,0,7.7997997997998,0.15216301166879984
sin_homo,0.3,0,7.80980980980981,0.1657319977639625
sin_homo,0.3,0,7.81981981981982,0.16138921001811682
sin_homo,0.3,0,7.82982982982983,0.1709833781242323
sin_homo,0.3,0,7.83983983983984,0.1370452600307178
sin_homo,0.3,0,7.84984984984985,0.14393137412880333
sin_homo,0.3,0,7.85985985985986,0.16635709666069565
sin_homo,0.3,0,7.86986986986987,0.15257446464030794
sin_homo,0.3,0,7.87987987987988,0.15159232417635313
sin_homo,0.3,0,7.88988988988989,0.15021044432065234
sin_homo,0.3,0,7.8998998998999,0.17172964742356595
sin_homo,0.3,0,7.90990990990991,0.16553217826806074
sin_homo,0.3,0,7.91991991991992,0.15799740381246022
sin_homo,0.3,0,7.92992992992993,0.15046324423711951
sin_homo,0.3,0,7.93993993993994,0.16486357320193637
sin_homo,0.3,0,7.94994994994995,0.1685072050924281
sin_homo,0.3,0,7.95995995995996,0.16829281394608153
sin_homo,0.3,0,7.96996996996997,0.15804749664122222
sin_homo,0.3,0,7.97997997997998,0.14207088218150526
sin_homo,0.3,0,7.98998998998999,0.1509936327937547
sin_homo,0.3,0,8.0,0.1717540518177673
sin_homo,0.3,1,-2.0,0.17317615408194573
sin_homo,0.3,1,-1.98998998998999,0.19713618144535858
sin_homo,0.3,1,-1.97997997997998,0.17237221317541124
sin_homo,0.3,1,-1.96996996996997,0.19098818501890774
sin_homo,0.3,1,-1.95995995995996,0.1842616797604982
sin_homo,0.3,1,-1.94994994994995,0.16386750652786455
sin_homo,0.3,1,-1.93993993993994,0.17281734692916367
sin_homo,0.3,1,-1.92992992992993,0.17640686719710427
sin_homo,0.3,1,-1.91991991991992,0.16345434709870793
sin_homo,0.3,1,-1.90990990990991,0.1706182059587633
sin_homo,0.3,1,-1.8998998998999,0.1761203894148444
sin_homo,0.3,1,-1.88988988988989,0.187828566160613
sin_homo,0.3,1,-1.87987987987988,0.17638520247612272
sin_homo,0.3,1,-1.86986986986987,0.17979851527136712
sin_homo,0.3,1,-1.85985985985986,0.1712142552117311
sin_homo,0.3,1,-1.84984984984985,0.17985249179824744
sin_homo,0.3,1,-1.83983983983984,0.18983528076646394
sin_homo,0.3,1,-1.82982982982983,0.14779645203732647
sin_homo,0.3,1,-1.8198198198198199,0.17945585632192781
sin_homo,0.3,1,-1.8098098098098099,0.18149169545388516
sin_homo,0.3,1,-1.7997997997997999,0.19123628996402922
sin_homo,0.3,1,-1.7897897897897899,0.18556919736223396
sin_homo,0.3,1,-1.7797797797797799,0.17246024997402123
sin_homo,0.3,1,-1.7697697697697699,0.16583785217612285
sin_homo,0.3,1,-1.7597597597597598,0.17476544382466758
sin_homo,0.3,1,-1.7497497497497498,0.18370019453834488
sin_homo,0.3,1,-1.7397397397397398,0.18137734197465485
sin_homo,0.3,1,-1.7297297297297298,0.16356613773139478
sin_homo,0.3,1,-1.7197197197197198,0.15701561734154693
sin_homo,0.3,1,-1.7097097097097098,0.16870391716406347
sin_homo,0.3,1,-1.6996996996996998,0.1664767533662472
sin_homo,0.3,1,-1.6896896896896898,0.19611083738141508
sin_homo,0.3,1,-1.6796796796796798,0.16478493374926703
sin_homo,0.3,1,-1.6696696696696698,0.1700199377668673
sin_homo,0.3,1,-1.6596596596596598,0.16858674400072327
sin_homo,0.3,1,-1.6496496496496498,0.16782451630535447
sin_homo,0.3,1,-1.6396396396396398,0.17298066670669293
sin_homo,0.3,1,-1.6296296296296298,0.17143893486712028
sin_homo,0.3,1,-1.6196196196196198,0.17406045232675413
sin_homo,0.3,1,-1.6096096096096097,0.17449564019541378
sin_homo,0.3,1,-1.5995995995995997,0.14336219706335962
sin_homo,0.3,1,-1.5895895895895895,0.17157556072630276
sin_homo,0.3,1,-1.5795795795795795,0.1793006157232169
sin_homo,0.3,1,-1.5695695695695695,0.1627820544601356
sin_homo,0.3,1,-1.5595595595595595,0.18228083820149255
sin_homo,0.3,1,-1.5495495495495495,0.17704289757462036
sin_homo,0.3,1,-1.5395395395395395,0.1685859530451431
sin_homo,0.3,1,-1.5295295295295295,0.1932286648530455
sin_homo,0.3,1,-1.5195195195195195,0.16023545975551937
sin_homo,0.3,1,-1.5095095095095095,0.16612391440078525
sin_homo,0.3,1,-1.4994994994994995,0.16579190511129135
sin_homo,0.3,1,-1.4894894894894894,0.15930333959430307
sin_homo,0.3,1,-1.4794794794794794,0.17683517182648928
sin_homo,0.3,1,-1.4694694694694694,0.17470063745156783
sin_homo,0.3,1,-1.4594594594594594,0.1620545012340226
sin_homo,0.3,1,-1.4494494494494494,0.17599468745487878
sin_homo,0.3,1,-1.4394394394394394,0.1737558567557098
sin_homo,0.3,1,-1.4294294294294294,0.1774216373222193
sin_homo,0.3,1,-1.4194194194194194,0.16315378147578252
sin_homo,0.3,1,-1.4094094094094094,0.17438338874059364
sin_homo,0.3,1,-1.3993993993993994,0.16886600936384755
sin_homo,0.3,1,-1.3893893893893894,0.18657487065380723
sin_homo,0.3,1,-1.3793793793793794,0.17699938475209745
sin_homo,0.3,1,-1.3693693693693694,0.18076743288973773
sin_homo,0.3,1,-1.3593593593593594,0.17219551987297582
sin_homo,0.3,1,-1.3493493493493494,0.17698364711132664
sin_homo,0.3,1,-1.3393393393393394,0.18185974077994732
sin_homo,0.3,1,-1.3293293293293293,0.1876906112814188
sin_homo,0.3,1,-1.3193193193193193,0.18023475750511495
sin_homo,0.3,1,-1.3093093093093093,0.17900923536295849
sin_homo,0.3,1,-1.2992992992992993,0.18845158959049524
sin_homo,0.3,1,-1.2892892892892893,0.17300390989155479
sin_homo,0.3,1,-1.2792792792792793,0.18381912737503617
sin_homo,0.3,1,-1.2692692692692693,0.17297670567787424
sin_homo,0.3,1,-1.2592592592592593,0.19869064979673617
sin_homo,0.3,1,-1.2492492492492493,0.16270673228036192
sin_homo,0.3,1,-1.2392392392392393,0.17155205595137651
sin_homo,0.3,1,-1.2292292292292293,0.15563068699559682
sin_homo,0.3,1,-1.2192192192192193,0.167923043798055
sin_homo,0.3,1,-1.2092092092092093,0.1801621574948028
sin_homo,0.3,1,-1.1991991991991993,0.16757712536180988
sin_homo,0.3,1,-1.189189189189189,0.1852807301664804
sin_homo,0.3,1,-1.179179179179179,0.18150758056535965
sin_homo,0.3,1,-1.169169169169169,0.18135521301116173
sin_homo,0.3,1,-1.159159159159159,0.17553952857733296
sin_homo,0.3,1,-1.149149149149149,0.1818965453052127
sin_homo,0.3,1,-1.139139139139139,0.20120033256508998
sin_homo,0.3,1,-1.129129129129129,0.17500697849662433
sin_homo,0.3,1,-1.119119119119119,0.16896840550186418
sin_homo,0.3,1,-1.109109109109109,0.18942405507450166
sin_homo,0.3,1,-1.099099099099099,0.14715089964654512
sin_homo,0.3,1,-1.089089089089089,0.16488492085927534
sin_homo,0.3,1,-1.079079079079079,0.18173192920536352
sin_homo,0.3,1,-1.069069069069069,0.17003391091596898
sin_homo,0.3,1,-1.059059059059059,0.17991057331176433
sin_homo,0.3,1,-1.049049049049049,0.1592348117006194
sin_homo,0.3,1,-1.039039039039039,0.1632130282295827
sin_homo,0.3,1,-1.029029029029029,0.18786546578258193
sin_homo,0.3,1,-1.019019019019019,0.15275178289807434
sin_homo,0.3,1,-1.009009009009009,0.18063070612044418
sin_homo,0.3,1,-0.9989989989989989,0.18208952418947386
sin_homo,0.3,1,-0.9889889889889889,0.15946333651595077
sin_homo,0.3,1,-0.9789789789789789,0.19622495342714613
sin_homo,0.3,1,-0.9689689689689689,0.19628858329083676
sin_homo,0.3,1,-0.9589589589589589,0.16676673222337504
sin_homo,0.3,1,-0.9489489489489489,0.184394921286021
sin_homo,0.3,1,-0.9389389389389389,0.17035606746856397
sin_homo,0.3,1,-0.9289289289289289,0.16716256772961421
sin_homo,0.3,1,-0.9189189189189189,0.1805259769554111
sin_homo,0.3,1,-0.9089089089089089,0.18603280705664912
sin_homo,0.3,1,-0.8988988988988988,0.1707655233798296
sin_homo,0.3,1,-0.8888888888888888,0.17554090525806493
sin_homo,0.3,1,-0.8788788788788788,0.1607140397344977
sin_homo,0.3,1,-0.8688688688688688,0.15836912057042196
sin_homo,0.3,1,-0.8588588588588588,0.1661521867140717
sin_homo,0.3,1,-0.8488488488488488,0.18593797752733401
sin_homo,0.3,1,-0.8388388388388388,0.15573888457786023
sin_homo,0.3,1,-0.8288288288288288,0.1470755595354543
sin_homo,0.3,1,-0.8188188188188188,0.18548928163018558
sin_homo,0.3,1,-0.8088088088088088,0.18068285054128308
sin_homo,0.3,1,-0.7987987987987988,0.16564909933582364
sin_homo,0.3,1,-0.7887887887887888,0.1588675860502396
sin_homo,0.3,1,-0.7787787787787788,0.1749631186835469
sin_homo,0.3,1,-0.7687687687687688,0.16188153072017114
sin_homo,0.3,1,-0.7587587587587588,0.17269490453681713
sin_homo,0.3,1,-0.7487487487487487,0.17398755466643134
sin_homo,0.3,1,-0.7387387387387387,0.16087555067698678
sin_homo,0.3,1,-0.7287287287287287,0.18733734186810583
sin_homo,0.3,1,-0.7187187187187187,0.16819491298663988
sin_homo,0.3,1,-0.7087087087087087,0.18301818630378697
sin_homo,0.3,1,-0.6986986986986987,0.15271028226328454
sin_homo,0.3,1,-0.6886886886886887,0.16128027296612693
sin_homo,0.3,1,-0.6786786786786787,0.16660584955149055
sin_homo,0.3,1,-0.6686686686686687,0.15308542422013005
sin_homo,0.3,1,-0.6586586586586587,0.18050953026410238
sin_homo,0.3,1,-0.6486486486486487,0.18586016965575114
sin_homo,0.3,1,-0.6386386386386387,0.1762441658498423
sin_homo,0.3,1,-0.6286286286286287,0.16292733620255856
sin_homo,0.3,1,-0.6186186186186187,0.18906052121497732
sin_homo,0.3,1,-0.6086086086086087,0.17411772542389312
sin_homo,0.3,1,-0.5985985985985987,0.18590604797202595
sin_homo,0.3,1,-0.5885885885885886,0.17936265031110887
sin_homo,0.3,1,-0.5785785785785786,0.1657842367262977
sin_homo,0.3,1,-0.5685685685685686,0.16569667760279203
sin_homo,0.3,1,-0.5585585585585586,0.17360903347022763
sin_homo,0.3,1,-0.5485485485485486,0.15534749473607923
sin_homo,0.3,1,-0.5385385385385386,0.16745562050630378
sin_homo,0.3,1,-0.5285285285285286,0.17599740200904815
sin_homo,0.3,1,-0.5185185185185186,0.15746791035741908
sin_homo,0.3,1,-0.5085085085085086,0.1802399651674026
sin_homo,0.3,1,-0.4984984984984986,0.1692049058872038
sin_homo,0.3,1,-0.4884884884884886,0.1641102568852383
sin_homo,0.3,1,-0.4784784784784786,0.17853590703711716
sin_homo,0.3,1,-0.46846846846846857,0.15278729777426062
sin_homo,0.3,1,-0.45845845845845856,0.17456261787448943
sin_homo,0.3,1,-0.44844844844844856,0.16389266888587017
sin_homo,0.3,1,-0.43843843843843855,0.14770643913785578
sin_homo,0.3,1,-0.42842842842842854,0.17142720065508996
sin_homo,0.3,1,-0.41841841841841854,0.15071761827845218
sin_homo,0.3,1,-0.40840840840840853,0.16904293339594997
sin_homo,0.3,1,-0.3983983983983985,0.17548940142661631
sin_homo,0.3,1,-0.3883883883883883,0.2022662356287354
sin_homo,0.3,1,-0.3783783783783783,0.14891664706047766
sin_homo,0.3,1,-0.3683683683683683,0.16790462693866173
sin_homo,0.3,1,-0.3583583583583583,0.15847301909694553
sin_homo,0.3,1,-0.34834834834834827,0.1645463851079692
sin_homo,0.3,1,-0.33833833833833826,0.18707352671895142
sin_homo,0.3,1,-0.32832832832832826,0.15082057599845963
sin_homo,0.3,1,-0.31831831831831825,0.15825455970743213
sin_homo,0.3,1,-0.30830830830830824,0.1709472796987988
sin_homo,0.3,1,-0.29829829829829824,0.15012306512976298
sin_homo,0.3,1,-0.28828828828828823,0.16187920413683982
sin_homo,0.3,1,-0.2782782782782782,0.1885524067099922
sin_homo,0.3,1,-0.2682682682682682,0.1827973934185582
sin_homo,0.3,1,-0.2582582582582582,0.17003318125215347
sin_homo,0.3,1,-0.2482482482482482,0.17173076643458973
sin_homo,0.3,1,-0.2382382382382382,0.16718975344829276
sin_homo,0.3,1,-0.2282282282282282,0.17631790571272973
sin_homo,0.3,1,-0.21821821821821819,0.1952647673335589
sin_homo,0.3,1,-0.20820820820820818,0.18869980534174122
sin_homo,0.3,1,-0.19819819819819817,0.1709846458820215
sin_homo,0.3,1,-0.18818818818818817,0.17133845375078266
sin_homo,0.3,1,-0.17817817817817816,0.18543071997257643
sin_homo,0.3,1,-0.16816816816816815,0.1738741103943663
sin_homo,0.3,1,-0.15815815815815815,0.16928156367494238
sin_homo,0.3,1,-0.14814814814814814,0.18530888389492514
sin_homo,0.3,1,-0.13813813813813813,0.15672108756301692
sin_homo,0.3,1,-0.12812812812812813,0.17229872782219643
sin_homo,0.3,1,-0.11811811811811812,0.17053376586092298
sin_homo,0.3,1,-0.10810810810810811,0.18999948485196522
sin_homo,0.3,1,-0.09809809809809811,0.1738267643512491
sin_homo,0.3,1,-0.0880880880880881,0.1895070818819353
sin_homo,0.3,1,-0.0780780780780781,0.1483193273860317
sin_homo,0.3,1,-0.06806806806806809,0.1741507298778968
sin_homo,0.3,1,-0.05805805805805808,0.16659384905865848
sin_homo,0.3,1,-0.048048048048048075,0.1660773568750407
sin_homo,0.3,1,-0.03803803803803807,0.1627394351799785
sin_homo,0.3,1,-0.028028028028028062,0.18221403325946964
sin_homo,0.3,1,-0.018018018018018056,0.1554508807188135
sin_homo,0.3,1,-0.00800800800800805,0.1627642475993957
sin_homo,0.3,1,0.002002002002002179,0.17717264346363662
sin_homo,0.3,1,0.012012012012012185,0.15954386843431764
sin_homo,0.3,1,0.022022022022022192,0.18624330950202037
sin_homo,0.3,1,0.0320320320320322,0.1785578707901846
sin_homo,0.3,1,0.042042042042042205,0.17341678063161137
sin_homo,0.3,1,0.05205205205205221,0.16154730966980535
sin_homo,0.3,1,0.06206206206206222,0.16405520357955686
sin_homo,0.3,1,0.07207207207207222,0.15670485668616116
sin_homo,0.3,1,0.08208208208208223,0.17189672414703083
sin_homo,0.3,1,0.09209209209209224,0.1668521118793956
sin_homo,0.3,1,0.10210210210210224,0.16583271685395126
sin_homo,0.3,1,0.11211211211211225,0.16286376117165843
sin_homo,0.3,1,0.12212212212212226,0.16913236386557878
sin_homo,0.3,1,0.13213213213213226,0.17321392532708457
sin_homo,0.3,1,0.14214214214214227,0.1584542923854149
sin_homo,0.3,1,0.15215215215215228,0.14406980107529652
sin_homo,0.3,1,0.16216216216216228,0.18731062534561455
sin_homo,0.3,1,0.1721721721721723,0.19523438179042996
sin_homo,0.3,1,0.1821821821821823,0.15726303756377236
sin_homo,0.3,1,0.1921921921921923,0.16810648433895783
sin_homo,0.3,1,0.2022022022022023,0.1874237645666426
sin_homo,0.3,1,0.21221221221221231,0.17188402870486882
sin_homo,0.3,1,0.22222222222222232,0.16871082719917319
sin_homo,0.3,1,0.23223223223223233,0.15153800679486473
sin_homo,0.3,1,0.24224224224224233,0.1605819144333945
sin_homo,0.3,1,0.25225225225225234,0.15990815689623367
sin_homo,0.3,1,0.26226226226226235,0.16366788816554936
sin_homo,0.3,1,0.27227227227227235,0.1675261519650461
sin_homo,0.3,1,0.28228228228228236,0.15954471568395884
sin_homo,0.3,1,0.29229229229229237,0.14729169582990298
sin_homo,0.3,1,0.3023023023023024,0.1740527524558269
sin_homo,0.3,1,0.3123123123123124,0.1608585192245662
sin_homo,0.3,1,0.3223223223223224,0.18312498895758383
sin_homo,0.3,1,0.3323323323323324,0.16501593073146165
sin_homo,0.3,1,0.3423423423423424,0.15300940378994776
sin_homo,0.3,1,0.3523523523523524,0.15629225099091096
sin_homo,0.3,1,0.3623623623623624,0.17116561797708174
sin_homo,0.3,1,0.3723723723723724,0.14695427843653652
sin_homo,0.3,1,0.3823823823823824,0.1541182748330375
sin_homo,0.3,1,0.39239239239239243,0.1659349799922183
sin_homo,0.3,1,0.40240240240240244,0.17043325953741884
sin_homo,0.3,1,0.41241241241241244,0.160797362359642
sin_homo,0.3,1,0.42242242242242245,0.14250531306236128
sin_homo,0.3,1,0.43243243243243246,0.18076381289822585
sin_homo,0.3,1,0.44244244244244246,0.16240968804368694
sin_homo,0.3,1,0.45245245245245247,0.15858492693132087
sin_homo,0.3,1,0.4624624624624625,0.1539497111818461
sin_homo,0.3,1,0.4724724724724725,0.15798318739939418
sin_homo,0.3,1,0.4824824824824825,0.15630493913997737
sin_homo,0.3,1,0.4924924924924925,0.16379207804691812
sin_homo,0.3,1,0.5025025025025025,0.15723125843666425
sin_homo,0.3,1,0.5125125125125125,0.16685357570730341
sin_homo,0.3,1,0.5225225225225225,0.17883309342445547
sin_homo,0.3,1,0.5325325325325325,0.1405639951896236
sin_homo,0.3,1,0.5425425425425425,0.12371405116166638
sin_homo,0.3,1,0.5525525525525525,0.157570949794153
sin_homo,0.3,1,0.5625625625625625,0.14937537537823847
sin_homo,0.3,1,0.5725725725725725,0.13131098995508267
sin_homo,0.3,1,0.5825825825825826,0.14861001096005252
sin_homo,0.3,1,0.5925925925925926,0.15540090634690792
sin_homo,0.3,1,0.6026026026026026,0.1457201001323869
sin_homo,0.3,1,0.6126126126126126,0.1681402310899479
sin_homo,0.3,1,0.6226226226226226,0.16923061355955651
sin_homo,0.3,1,0.6326326326326326,0.15148178577202062
sin_homo,0.3,1,0.6426426426426426,0.15123571730602595
sin_homo,0.3,1,0.6526526526526526,0.16071495610886885
sin_homo,0.3,1,0.6626626626626626,0.152187933343584
sin_homo,0.3,1,0.6726726726726726,0.1723338718042163
sin_homo,0.3,1,0.6826826826826826,0.15735731952372128
sin_homo,0.3,1,0.6926926926926926,0.16226402596726636
sin_homo,0.3,1,0.7027027027027026,0.16284483628568602
sin_homo,0.3,1,0.7127127127127126,0.1578054889879268
sin_homo,0.3,1,0.7227227227227226,0.15395327444713228
sin_homo,0.3,1,0.7327327327327327,0.16513900391339345
sin_homo,0.3,1,0.7427427427427427,0.14600640035549145
sin_homo,0.3,1,0.7527527527527527,0.16485835503297372
sin_homo,0.3,1,0.7627627627627627,0.14045213096328862
sin_homo,0.3,1,0.7727727727727727,0.15588141213291185
sin_homo,0.3,1,0.7827827827827827,0.17023261196192108
sin_homo,0.3,1,0.7927927927927927,0.16204396227959109
sin_homo,0.3,1,0.8028028028028027,0.16334007324205455
sin_homo,0.3,1,0.8128128128128127,0.1543854473848409
sin_homo,0.3,1,0.8228228228228227,0.16551204316265447
sin_homo,0.3,1,0.8328328328328327,0.15546382720566856
sin_homo,0.3,1,0.8428428428428427,0.1725128007621015
sin_homo,0.3,1,0.8528528528528527,0.14921130818551018
sin_homo,0.3,1,0.8628628628628627,0.18118358995657466
sin_homo,0.3,1,0.8728728728728727,0.15551588999066085
sin_homo,0.3,1,0.8828828828828827,0.16460896579555276
sin_homo,0.3,1,0.8928928928928928,0.15668175520986385
sin_homo,0.3,1,0.9029029029029028,0.16365919198624965
sin_homo,0.3,1,0.9129129129129128,0.1424794597999281
sin_homo,0.3,1,0.9229229229229228,0.19539033991857693
sin_homo,0.3,1,0.9329329329329328,0.14291347581853137
sin_homo,0.3,1,0.9429429429429428,0.17232572696695078
sin_homo,0.3,1,0.9529529529529528,0.16709538219176995
sin_homo,0.3,1,0.9629629629629628,0.138472156461755
sin_homo,0.3,1,0.9729729729729728,0.13947240074741538
sin_homo,0.3,1,0.9829829829829828,0.17255451625477858
sin_homo,0.3,1,0.9929929929929928,0.15289840606219107
sin_homo,0.3,1,1.0030030030030028,0.16956677672414114
sin_homo,0.3,1,1.0130130130130128,0.15561278198423645
sin_homo,0.3,1,1.0230230230230228,0.14623229761244563
sin_homo,0.3,1,1.0330330330330328,0.16528306319271868
sin_homo,0.3,1,1.0430430430430429,0.16183637020184533
sin_homo,0.3,1,1.0530530530530529,0.16461959456149633
sin_homo,0.3,1,1.0630630630630629,0.15383194542832287
sin_homo,0.3,1,1.0730730730730729,0.15421741815573595
sin_homo,0.3,1,1.0830830830830829,0.16927462153132938
sin_homo,0.3,1,1.0930930930930929,0.13596256138187854
sin_homo,0.3,1,1.1031031031031029,0.15711431671243548
sin_homo,0.3,1,1.113113113113113,0.16230922446561688
sin_homo,0.3,1,1.123123123123123,0.1540713918684963
sin_homo,0.3,1,1.133133133133133,0.14106690696519572
sin_homo,0.3,1,1.143143143143143,0.1528983195833203
sin_homo,0.3,1,1.153153153153153,0.16093269531477883
sin_homo,0.3,1,1.163163163163163,0.1568002816133254
sin_homo,0.3,1,1.173173173173173,0.17125981564875264
sin_homo,0.3,1,1.183183183183183,0.15703305017631936
sin_homo,0.3,1,1.193193193193193,0.17345600867611036
sin_homo,0.3,1,1.203203203203203,0.16030002652115904
sin_homo,0.3,1,1.2132132132132134,0.16683458920446856
sin_homo,0.3,1,1.2232232232232234,0.1750919724775881
sin_homo,0.3,1,1.2332332332332334,0.16910908102029187
sin_homo,0.3,1,1.2432432432432434,0.16154358427006457
sin_homo,0.3,1,1.2532532532532534,0.15744610529422978
sin_homo,0.3,1,1.2632632632632634,0.16905978185254014
sin_homo,0.3,1,1.2732732732732734,0.15325679224562208
sin_homo,0.3,1,1.2832832832832834,0.1634350327178926
sin_homo,0.3,1,1.2932932932932935,0.15999000569061883
sin_homo,0.3,1,1.3033033033033035,0.17388645242859663
sin_homo,0.3,1,1.3133133133133135,0.1646064707157399
sin_homo,0.3,1,1.3233233233233235,0.14528679523466506
sin_homo,0.3,1,1.3333333333333335,0.1422666789277421
sin_homo,0.3,1,1.3433433433433435,0.17198932834352434
sin_homo,0.3,1,1.3533533533533535,0.15834799750373668
sin_homo,0.3,1,1.3633633633633635,0.1591742037712872
sin_homo,0.3,1,1.3733733733733735,0.14521025679398267
sin_homo,0.3,1,1.3833833833833835,0.1536614515997415
sin_homo,0.3,1,1.3933933933933935,0.16985331944241178
sin_homo,0.3,1,1.4034034034034035,0.16069052727631736
sin_homo,0.3,1,1.4134134134134135,0.16931490922862505
sin_homo,0.3,1,1.4234234234234235,0.13538931904712875
sin_homo,0.3,1,1.4334334334334335,0.16560105032655115
sin_homo,0.3,1,1.4434434434434436,0.15398103967687005
sin_homo,0.3,1,1.4534534534534536,0.15831556032072108
sin_homo,0.3,1,1.4634634634634636,0.14802642914215855
sin_homo,0.3,1,1.4734734734734736,0.15915178182119563
sin_homo,0.3,1,1.4834834834834836,0.16795665667045137
sin_homo,0.3,1,1.4934934934934936,0.1709301382593061
sin_homo,0.3,1,1.5035035035035036,0.16542921610639733
sin_homo,0.3,1,1.5135135135135136,0.14921130842042715
sin_homo,0.3,1,1.5235235235235236,0.1635782726208368
sin_homo,0.3,1,1.5335335335335336,0.1767601472113224
sin_homo,0.3,1,1.5435435435435436,0.16123816219173767
sin_homo,0.3,1,1.5535535535535536,0.15612198709268357
sin_homo,0.3,1,1.5635635635635636,0.16445800920564058
sin_homo,0.3,1,1.5735735735735736,0.16751350047115046
sin_homo,0.3,1,1.5835835835835836,0.16503427912777605
sin_homo,0.3,1,1.5935935935935936,0.1430880944483572
sin_homo,0.3,1,1.6036036036036037,0.15715084974330298
sin_homo,0.3,1,1.6136136136136137,0.17772877334035742
sin_homo,0.3,1,1.6236236236236237,0.13696317713995226
sin_homo,0.3,1,1.6336336336336337,0.1554206111328455
sin_homo,0.3,1,1.6436436436436437,0.17003119493114532
sin_homo,0.3,1,1.6536536536536537,0.14923322771050082
sin_homo,0.3,1,1.6636636636636637,0.17607336072091656
sin_homo,0.3,1,1.6736736736736737,0.15699130467533576
sin_homo,0.3,1,1.6836836836836837,0.14503904297417214
sin_homo,0.3,1,1.6936936936936937,0.1494487885279591
sin_homo,0.3,1,1.7037037037037037,0.16430434903532481
sin_homo,0.3,1,1.7137137137137137,0.16091825768800597
sin_homo,0.3,1,1.7237237237237237,0.14618827858741387
sin_homo,0.3,1,1.7337337337337337,0.16694610182208725
sin_homo,0.3,1,1.7437437437437437,0.1422843195512681
sin_homo,0.3,1,1.7537537537537538,0.14376031464712163
sin_homo,0.3,1,1.7637637637637638,0.14704159610883188
sin_homo,0.3,1,1.7737737737737738,0.15764554083827498
sin_homo,0.3,1,1.7837837837837838,0.1693357105790474
sin_homo,0.3,1,1.7937937937937938,0.12747892371819342
sin_homo,0.3,1,1.8038038038038038,0.1388976728341495
sin_homo,0.3,1,1.8138138138138138,0.12575545725876236
sin_homo,0.3,1,1.8238238238238238,0.15604623345584853
sin_homo,0.3,1,1.8338338338338338,0.1443854473872541
sin_homo,0.3,1,1.8438438438438438,0.13816812253870742
sin_homo,0.3,1,1.8538538538538538,0.1547032074296889
sin_homo,0.3,1,1.8638638638638638,0.1513736451979276
sin_homo,0.3,1,1.8738738738738738,0.1688449708796109
sin_homo,0.3,1,1.8838838838838838,0.1523976910499417
sin_homo,0.3,1,1.8938938938938938,0.15775134066081173
sin_homo,0.3,1,1.9039039039039038,0.14923123920251127
sin_homo,0.3,1,1.9139139139139139,0.1447171543862354
sin_homo,0.3,1,1.9239239239239239,0.14240387019003575
sin_homo,0.3,1,1.9339339339339339,0.12561124101221943
sin_homo,0.3,1,1.9439439439439439,0.17207575016703244
sin_homo,0.3,1,1.9539539539539539,0.13185341781003923
sin_homo,0.3,1,1.9639639639639639,0.1653492446734568
sin_homo,0.3,1,1.973973973973974,0.14246873062033028
sin_homo,0.3,1,1.983983983983984,0.14145651846840823
sin_homo,0.3,1,1.993993993993994,0.1579482520292219
sin_homo,0.3,1,2.0040040040040044,0.1458651312034113
sin_homo,0.3,1,2.0140140140140144,0.14053557764408417
sin_homo,0.3,1,2.0240240240240244,0.14591006439354026
sin_homo,0.3,1,2.0340340340340344,0.13958698031128064
sin_homo,0.3,1,2.0440440440440444,0.1277229289403773
sin_homo,0.3,1,2.0540540540540544,0.1507959999515518
sin_homo,0.3,1,2.0640640640640644,0.13977608988044712
sin_homo,0.3,1,2.0740740740740744,0.14010233693738575
sin_homo,0.3,1,2.0840840840840844,0.13731131614289807
sin_homo,0.3,1,2.0940940940940944,0.13828001659688036
sin_homo,0.3,1,2.1041041041041044,0.13316843087986074
sin_homo,0.3,1,2.1141141141141144,0.1404073281088387
sin_homo,0.3,1,2.1241241241241244,0.13319386320206802
sin_homo,0.3,1,2.1341341341341344,0.13527877485705067
sin_homo,0.3,1,2.1441441441441444,0.13875100993127942
sin_homo,0.3,1,2.1541541541541545,0.12688318144309338
sin_homo,0.3,1,2.1641641641641645,0.12883524725623974
sin_homo,0.3,1,2.1741741741741745,0.1322000504365464
sin_homo,0.3,1,2.1841841841841845,0.1494139581223629
sin_homo,0.3,1,2.1941941941941945,0.13890628748640016
sin_homo,0.3,1,2.2042042042042045,0.13685656778619645
sin_homo,0.3,1,2.2142142142142145,0.12692483551378497
sin_homo,0.3,1,2.2242242242242245,0.13092031295565162
sin_homo,0.3,1,2.2342342342342345,0.12307184367522042
sin_homo,0.3,1,2.2442442442442445,0.13703322744345253
sin_homo,0.3,1,2.2542542542542545,0.10899149521980535
sin_homo,0.3,1,2.2642642642642645,0.11722922473215919
sin_homo,0.3,1,2.2742742742742745,0.1150973028150197
sin_homo,0.3,1,2.2842842842842845,0.12421626077339637
sin_homo,0.3,1,2.2942942942942945,0.11041787284004763
sin_homo,0.3,1,2.3043043043043046,0.11809520076129414
sin_homo,0.3,1,2.3143143143143146,0.11743528688592016
sin_homo,0.3,1,2.3243243243243246,0.11494051307845493
sin_homo,0.3,1,2.3343343343343346,0.13007214367815556
sin_homo,0.3,1,2.3443443443443446,0.11168157735856608
sin_homo,0.3,1,2.3543543543543546,0.11039283943799816
sin_homo,0.3,1,2.3643643643643646,0.11980272377941217
sin_homo,0.3,1,2.3743743743743746,0.11264298629948326
sin_homo,0.3,1,2.3843843843843846,0.11533728478775176
sin_homo,0.3,1,2.3943943943943946,0.1189415374842226
sin_homo,0.3,1,2.4044044044044046,0.12055165926362903
sin_homo,0.3,1,2.4144144144144146,0.10240023729811659
sin_homo,0.3,1,2.4244244244244246,0.12427360431797319
sin_homo,0.3,1,2.4344344344344346,0.11291788087798901
sin_homo,0.3,1,2.4444444444444446,0.11149938487633862
sin_homo,0.3,1,2.4544544544544546,0.1013947717072486
sin_homo,0.3,1,2.4644644644644647,0.11194876716813268
sin_homo,0.3,1,2.4744744744744747,0.09900739337555083
sin_homo,0.3,1,2.4844844844844847,0.09287303818619813
sin_homo,0.3,1,2.4944944944944947,0.10968664092480589
sin_homo,0.3,1,2.5045045045045047,0.10788508146590725
sin_homo,0.3,1,2.5145145145145147,0.09745111538938271
sin_homo,0.3,1,2.5245245245245247,0.10837129160462272
sin_homo,0.3,1,2.5345345345345347,0.1029407960613238
sin_homo,0.3,1,2.5445445445445447,0.0924587431979317
sin_homo,0.3,1,2.5545545545545547,0.09478455786358017
sin_homo,0.3,1,2.5645645645645647,0.09489672303906747
sin_homo,0.3,1,2.5745745745745747,0.09536249841469296
sin_homo,0.3,1,2.5845845845845847,0.08388885273820762
sin_homo,0.3,1,2.5945945945945947,0.10202672780275886
sin_homo,0.3,1,2.6046046046046047,0.09866883575603196
sin_homo,0.3,1,2.6146146146146148,0.10592351492655164
sin_homo,0.3,1,2.6246246246246248,0.08734134017617137
sin_homo,0.3,1,2.6346346346346348,0.07743152104048939
sin_homo,0.3,1,2.6446446446446448,0.10084678477191111
sin_homo,0.3,1,2.6546546546546548,0.0871048552614656
sin_homo,0.3,1,2.664664664664665,0.08097348567482988
sin_homo,0.3,1,2.674674674674675,0.07979277221436928
sin_homo,0.3,1,2.684684684684685,0.08668913346474766
sin_homo,0.3,1,2.694694694694695,0.088144926622912
sin_homo,0.3,1,2.704704704704705,0.08434735838201796
sin_homo,0.3,1,2.714714714714715,0.08699732741261303
sin_homo,0.3,1,2.724724724724725,0.07690793317934844
sin_homo,0.3,1,2.734734734734735,0.0821188444141945
sin_homo,0.3,1,2.744744744744745,0.07860818185873439
sin_homo,0.3,1,2.754754754754755,0.0789839809158467
sin_homo,0.3,1,2.764764764764765,0.0843924996048649
sin_homo,0.3,1,2.774774774774775,0.0735622280942863
sin_homo,0.3,1,2.784784784784785,0.07297932043803675
sin_homo,0.3,1,2.794794794794795,0.07793939426425298
sin_homo,0.3,1,2.804804804804805,0.07687029233640984
sin_homo,0.3,1,2.814814814814815,0.070777786855372
sin_homo,0.3,1,2.824824824824825,0.07959094459287938
sin_homo,0.3,1,2.834834834834835,0.07353306284952679
sin_homo,0.3,1,2.844844844844845,0.07180174936399214
sin_homo,0.3,1,2.854854854854855,0.06819209019591345
sin_homo,0.3,1,2.864864864864865,0.0719500858699765
sin_homo,0.3,1,2.874874874874875,0.0762010971976048
sin_homo,0.3,1,2.884884884884885,0.06533953556122601
sin_homo,0.3,1,2.894894894894895,0.07452935488046306
sin_homo,0.3,1,2.904904904904905,0.06949242605339875
sin_homo,0.3,1,2.914914914914915,0.06584269573319722
sin_homo,0.3,1,2.924924924924925,0.06301381409794542
sin_homo,0.3,1,2.934934934934935,0.07127901172893451
sin_homo,0.3,1,2.944944944944945,0.0702298056603705
sin_homo,0.3,1,2.954954954954955,0.06855184040386163
sin_homo,0.3,1,2.964964964964965,0.07381344978545111
sin_homo,0.3,1,2.974974974974975,0.06879337731552305
sin_homo,0.3,1,2.984984984984985,0.06976466151924941
sin_homo,0.3,1,2.994994994994995,0.07449056365542997
sin_homo,0.3,1,3.005005005005005,0.07267052446197615
sin_homo,0.3,1,3.015015015015015,0.07293078436696661
sin_homo,0.3,1,3.025025025025025,0.0658119911356186
sin_homo,0.3,1,3.035035035035035,0.07033584742221892
sin_homo,0.3,1,3.045045045045045,0.07768910738445313
sin_homo,0.3,1,3.055055055055055,0.06445296510052685
sin_homo,0.3,1,3.065065065065065,0.07993892367313819
sin_homo,0.3,1,3.075075075075075,0.05871159824879335
sin_homo,0.3,1,3.085085085085085,0.06651844079898969
sin_homo,0.3,1,3.095095095095095,0.07055846922390688
sin_homo,0.3,1,3.105105105105105,0.07511615478985408
sin_homo,0.3,1,3.115115115115115,0.06970091455883592
sin_homo,0.3,1,3.125125125125125,0.06232023890544205
sin_homo,0.3,1,3.135135135135135,0.0761864646085041
sin_homo,0.3,1,3.145145145145145,0.07644535803128115
sin_homo,0.3,1,3.155155155155155,0.07026933536281231
sin_homo,0.3,1,3.165165165165165,0.07115298202699967
sin_homo,0.3,1,3.175175175175175,0.07773322804184789
sin_homo,0.3,1,3.185185185185185,0.0703906214010596
sin_homo,0.3,1,3.195195195195195,0.07334170189334657
sin_homo,0.3,1,3.205205205205205,0.07711051823080828
sin_homo,0.3,1,3.215215215215215,0.06820234746140721
sin_homo,0.3,1,3.225225225225225,0.08148551101184255
sin_homo,0.3,1,3.235235235235235,0.08574373068742165
sin_homo,0.3,1,3.245245245245245,0.08694567045615209
sin_homo,0.3,1,3.255255255255255,0.07491309201364019
sin_homo,0.3,1,3.265265265265265,0.08492002291723513
sin_homo,0.3,1,3.275275275275275,0.0775131221347518
sin_homo,0.3,1,3.285285285285285,0.081461980359573
sin_homo,0.3,1,3.295295295295295,0.08230082186223502
sin_homo,0.3,1,3.305305305305305,0.08408860470804903
sin_homo,0.3,1,3.315315315315315,0.08012955665800636
sin_homo,0.3,1,3.325325325325325,0.08710043985441618
sin_homo,0.3,1,3.335335335335335,0.08411331876862206
sin_homo,0.3,1,3.3453453453453452,0.0874535407132566
sin_homo,0.3,1,3.3553553553553552,0.10228038042312586
sin_homo,0.3,1,3.3653653653653652,0.09891277417001139
sin_homo,0.3,1,3.3753753753753752,0.09672199867104328
sin_homo,0.3,1,3.3853853853853852,0.093206495309373
sin_homo,0.3,1,3.3953953953953953,0.08818081843109621
sin_homo,0.3,1,3.4054054054054053,0.09507212776827634
sin_homo,0.3,1,3.4154154154154153,0.09213286634911487
sin_homo,0.3,1,3.4254254254254253,0.11622880053683528
sin_homo,0.3,1,3.4354354354354353,0.09803709156813263
sin_homo,0.3,1,3.4454454454454453,0.09700911028887563
sin_homo,0.3,1,3.4554554554554553,0.09176306295299773
sin_homo,0.3,1,3.4654654654654653,0.09167398542514153
sin_homo,0.3,1,3.4754754754754753,0.10727549064617938
sin_homo,0.3,1,3.4854854854854853,0.10425161380538907
sin_homo,0.3,1,3.4954954954954953,0.10153269787890823
sin_homo,0.3,1,3.5055055055055053,0.10706642170576544
sin_homo,0.3,1,3.5155155155155153,0.1086252771616946
sin_homo,0.3,1,3.5255255255255253,0.09717688202155539
sin_homo,0.3,1,3.5355355355355353,0.10159374839289886
sin_homo,0.3,1,3.5455455455455454,0.0954425588294376
sin_homo,0.3,1,3.5555555555555554,0.12192949337676787
sin_homo,0.3,1,3.5655655655655654,0.09778434492042873
sin_homo,0.3,1,3.5755755755755754,0.11548256114779186
sin_homo,0.3,1,3.5855855855855854,0.10325989970548394
sin_homo,0.3,1,3.5955955955955954,0.12198355593118661
sin_homo,0.3,1,3.6056056056056054,0.1091986281594698
sin_homo,0.3,1,3.6156156156156154,0.12013072289722815
sin_homo,0.3,1,3.6256256256256254,0.12994956238794297
sin_homo,0.3,1,3.6356356356356354,0.11058702881746466
sin_homo,0.3,1,3.6456456456456454,0.11068892594918919
sin_homo,0.3,1,3.6556556556556554,0.1251413697110527
sin_homo,0.3,1,3.6656656656656654,0.11515348542667157
sin_homo,0.3,1,3.6756756756756754,0.13535157215174326
sin_homo,0.3,1,3.6856856856856854,0.11537643781403886
sin_homo,0.3,1,3.6956956956956954,0.12795121093282177
sin_homo,0.3,1,3.7057057057057055,0.11976724078878045
sin_homo,0.3,1,3.7157157157157155,0.13852072835494122
sin_homo,0.3,1,3.7257257257257255,0.1183444724740884
sin_homo,0.3,1,3.7357357357357355,0.13722672983152964
sin_homo,0.3,1,3.7457457457457455,0.12681185951623977
sin_homo,0.3,1,3.7557557557557555,0.12627086097635892
sin_homo,0.3,1,3.7657657657657655,0.11992962069374566
sin_homo,0.3,1,3.7757757757757755,0.13409167991111026
sin_homo,0.3,1,3.7857857857857855,0.11374289448156072
sin_homo,0.3,1,3.7957957957957955,0.12604876008320604
sin_homo,0.3,1,3.8058058058058055,0.1396058148992558
sin_homo,0.3,1,3.8158158158158155,0.14242367449303825
sin_homo,0.3,1,3.8258258258258255,0.13077912829598604
sin_homo,0.3,1,3.8358358358358355,0.1262762339804384
sin_homo,0.3,1,3.8458458458458455,0.13810015457734667
sin_homo,0.3,1,3.8558558558558556,0.12878715812876826
sin_homo,0.3,1,3.8658658658658656,0.12455178953132623
sin_homo,0.3,1,3.8758758758758756,0.1183243751210507
sin_homo,0.3,1,3.8858858858858856,0.12843788472586187
sin_homo,0.3,1,3.8958958958958956,0.13144602546290585
sin_homo,0.3,1,3.9059059059059056,0.15210583964321533
sin_homo,0.3,1,3.9159159159159156,0.13102540278015454
sin_homo,0.3,1,3.9259259259259256,0.1405391989917573
sin_homo,0.3,1,3.9359359359359356,0.15347436814350002
sin_homo,0.3,1,3.9459459459459456,0.14598715932966522
sin_homo,0.3,1,3.9559559559559556,0.15731850979153386
sin_homo,0.3,1,3.9659659659659656,0.15042045300153073
sin_homo,0.3,1,3.9759759759759756,0.1290204851528333
sin_homo,0.3,1,3.9859859859859856,0.15159759607165094
sin_homo,0.3,1,3.9959959959959956,0.13793833618461288
sin_homo,0.3,1,4.006006006006006,0.1270374220689909
sin_homo,0.3,1,4.016016016016016,0.15867073145206886
sin_homo,0.3,1,4.026026026026026,0.13768601866686062
sin_homo,0.3,1,4.036036036036036,0.14373166727032677
sin_homo,0.3,1,4.046046046046046,0.13996517306743247
sin_homo,0.3,1,4.056056056056056,0.16178229758892643
sin_homo,0.3,1,4.066066066066066,0.16669368270708995
sin_homo,0.3,1,4.076076076076076,0.14752654529393738
sin_homo,0.3,1,4.086086086086086,0.15337259924805927
sin_homo,0.3,1,4.096096096096096,0.14116204265177104
sin_homo,0.3,1,4.106106106106106,0.14222603497952585
sin_homo,0.3,1,4.116116116116116,0.14002249513142664
sin_homo,0.3,1,4.126126126126126,0.1601581892415618
sin_homo,0.3,1,4.136136136136136,0.1462549729311893
sin_homo,0.3,1,4.146146146146146,0.16604036951162487
sin_homo,0.3,1,4.156156156156156,0.13581928065681678
sin_homo,0.3,1,4.166166166166166,0.147562908370589
sin_homo,0.3,1,4.176176176176176,0.16187774330185414
sin_homo,0.3,1,4.186186186186186,0.14054652343962437
sin_homo,0.3,1,4.196196196196196,0.1556078959938831
sin_homo,0.3,1,4.206206206206206,0.17601198983632205
sin_homo,0.3,1,4.216216216216216,0.1496083085830166
sin_homo,0.3,1,4.226226226226226,0.15891991776624642
sin_homo,0.3,1,4.236236236236236,0.1484167573572108
sin_homo,0.3,1,4.246246246246246,0.16001029716275988
sin_homo,0.3,1,4.256256256256256,0.15111430620976413
sin_homo,0.3,1,4.266266266266266,0.1512712935858956
sin_homo,0.3,1,4.276276276276276,0.1670318226871474
sin_homo,0.3,1,4.286286286286286,0.16172837609039917
sin_homo,0.3,1,4.296296296296296,0.16193643036361424
sin_homo,0.3,1,4.306306306306306,0.14619461303097167
sin_homo,0.3,1,4.316316316316316,0.15514231806498344
sin_homo,0.3,1,4.326326326326326,0.14356220009794055
sin_homo,0.3,1,4.336336336336336,0.16465590794633178
sin_homo,0.3,1,4.346346346346346,0.16550362489023665
sin_homo,0.3,1,4.356356356356356,0.1763113395392389
sin_homo,0.3,1,4.366366366366366,0.1582641219194808
sin_homo,0.3,1,4.376376376376376,0.14855206589995162
sin_homo,0.3,1,4.386386386386386,0.16411671868430924
sin_homo,0.3,1,4.396396396396396,0.1465604080183162
sin_homo,0.3,1,4.406406406406406,0.16334904027174704
sin_homo,0.3,1,4.416416416416417,0.1558054506703212
sin_homo,0.3,1,4.426426426426427,0.1751485841078219
sin_homo,0.3,1,4.436436436436437,0.1526001270907697
sin_homo,0.3,1,4.446446446446447,0.17434413226479875
sin_homo,0.3,1,4.456456456456457,0.14251880948551698
sin_homo,0.3,1,4.466466466466467,0.16632122354279572
sin_homo,0.3,1,4.476476476476477,0.1675158186305103
sin_homo,0.3,1,4.486486486486487,0.15364333962238935
sin_homo,0.3,1,4.496496496496497,0.16864076029180505
sin_homo,0.3,1,4.506506506506507,0.13676793212397406
sin_homo,0.3,1,4.516516516516517,0.162417970116691
sin_homo,0.3,1,4.526526526526527,0.16177131921316726
sin_homo,0.3,1,4.536536536536537,0.16351116061186816
sin_homo,0.3,1,4.546546546546547,0.1825779553406287
sin_homo,0.3,1,4.556556556556557,0.1687651350318738
sin_homo,0.3,1,4.566566566566567,0.17384392410665137
sin_homo,0.3,1,4.576576576576577,0.14508538584018574
sin_homo,0.3,1,4.586586586586587,0.16672556841790453
sin_homo,0.3,1,4.596596596596597,0.17636718982266583
sin_homo,0.3,1,4.606606606606607,0.14689156394688482
sin_homo,0.3,1,4.616616616616617,0.16769161797842908
sin_homo,0.3,1,4.626626626626627,0.16695481514817082
sin_homo,0.3,1,4.636636636636637,0.16678691933034726
sin_homo,0.3,1,4.646646646646647,0.16973999278320906
sin_homo,0.3,1,4.656656656656657,0.16905478872033855
sin_homo,0.3,1,4.666666666666667,0.16511805701612212
sin_homo,0.3,1,4.676676676676677,0.16801798371642845
sin_homo,0.3,1,4.686686686686687,0.1730612765644408
sin_homo,0.3,1,4.696696696696697,0.15866319130055045
sin_homo,0.3,1,4.706706706706707,0.16928909333959405
sin_homo,0.3,1,4.716716716716717,0.17172255299450034
sin_homo,0.3,1,4.726726726726727,0.15853726602616747
sin_homo,0.3,1,4.736736736736737,0.17509521110452483
sin_homo,0.3,1,4.746746746746747,0.14038507733824665
sin_homo,0.3,1,4.756756756756757,0.17548997307426767
sin_homo,0.3,1,4.766766766766767,0.15855299521448726
sin_homo,0.3,1,4.776776776776777,0.1649971727291514
sin_homo,0.3,1,4.786786786786787,0.15590500341321478
sin_homo,0.3,1,4.796796796796797,0.1655113815726536
sin_homo,0.3,1,4.806806806806807,0.14514182640790244
sin_homo,0.3,1,4.816816816816817,0.19029771934102296
sin_homo,0.3,1,4.826826826826827,0.16400708687110177
sin_homo,0.3,1,4.836836836836837,0.1614419221427189
sin_homo,0.3,1,4.846846846846847,0.1696769977928675
sin_homo,0.3,1,4.856856856856857,0.1846621258504688
sin_homo,0.3,1,4.866866866866867,0.16981783084259636
sin_homo,0.3,1,4.876876876876877,0.17498933620867183
sin_homo,0.3,1,4.886886886886887,0.18997697218720605
sin_homo,0.3,1,4.896896896896897,0.17151048134463898
sin_homo,0.3,1,4.906906906906907,0.15547972140530764
sin_homo,0.3,1,4.916916916916917,0.1757047546238505
sin_homo,0.3,1,4.926926926926927,0.1445009752566879
sin_homo,0.3,1,4.936936936936937,0.16235306181434708
sin_homo,0.3,1,4.946946946946947,0.19143763678265424
sin_homo,0.3,1,4.956956956956957,0.17313232268191592
sin_homo,0.3,1,4.966966966966967,0.17284334133130624
sin_homo,0.3,1,4.976976976976977,0.18512396412984422
sin_homo,0.3,1,4.986986986986987,0.18053973276149327
sin_homo,0.3,1,4.996996996996997,0.1726610878475979
sin_homo,0.3,1,5.007007007007007,0.19567526144829822
sin_homo,0.3,1,5.017017017017017,0.17954213272970707
sin_homo,0.3,1,5.027027027027027,0.18500855347786935
sin_homo,0.3,1,5.037037037037037,0.17615195002503756
sin_homo,0.3,1,5.047047047047047,0.18444940290266487
sin_homo,0.3,1,5.057057057057057,0.15031949904943842
sin_homo,0.3,1,5.067067067067067,0.17186712125522374
sin_homo,0.3,1,5.077077077077077,0.17561904668738856
sin_homo,0.3,1,5.087087087087087,0.18151089094615835
sin_homo,0.3,1,5.097097097097097,0.1795226424757387
sin_homo,0.3,1,5.107107107107107,0.18692803689595247
sin_homo,0.3,1,5.117117117117117,0.15769013317381245
sin_homo,0.3,1,5.127127127127127,0.17691536757261944
sin_homo,0.3,1,5.137137137137137,0.1992096501177669
sin_homo,0.3,1,5.147147147147147,0.15900561189869375
sin_homo,0.3,1,5.157157157157157,0.17714791952436568
sin_homo,0.3,1,5.167167167167167,0.18902858262255523
sin_homo,0.3,1,5.177177177177177,0.18100300689942786
sin_homo,0.3,1,5.187187187187187,0.17053163466303445
sin_homo,0.3,1,5.197197197197197,0.16729216422902152
sin_homo,0.3,1,5.207207207207207,0.15895262157947218
sin_homo,0.3,1,5.217217217217217,0.1642805586698864
sin_homo,0.3,1,5.227227227227227,0.16307283209063148
sin_homo,0.3,1,5.237237237237237,0.1734050087246504
sin_homo,0.3,1,5.247247247247247,0.17562209956509633
sin_homo,0.3,1,5.257257257257257,0.14322362580738796
sin_homo,0.3,1,5.267267267267267,0.16116712665859312
sin_homo,0.3,1,5.277277277277277,0.18298965821092342
sin_homo,0.3,1,5.287287287287287,0.18077007708663545
sin_homo,0.3,1,5.297297297297297,0.16367212898360645
sin_homo,0.3,1,5.307307307307307,0.16938750890315735
sin_homo,0.3,1,5.317317317317317,0.15131494125290548
sin_homo,0.3,1,5.327327327327327,0.17095445548679294
sin_homo,0.3,1,5.337337337337337,0.20068117526636703
sin_homo,0.3,1,5.347347347347347,0.1572070647885094
sin_homo,0.3,1,5.357357357357357,0.14308576926800226
sin_homo,0.3,1,5.367367367367367,0.18125469924764173
sin_homo,0.3,1,5.377377377377377,0.17560365198477582
sin_homo,0.3,1,5.387387387387387,0.202194076592121
sin_homo,0.3,1,5.397397397397397,0.1831475937985163
sin_homo,0.3,1,5.407407407407407,0.1721333024995908
sin_homo,0.3,1,5.4174174174174174,0.14469629467320955
sin_homo,0.3,1,5.4274274274274275,0.16606495352112718
sin_homo,0.3,1,5.4374374374374375,0.16846626724713915
sin_homo,0.3,1,5.4474474474474475,0.1545626360299628
sin_homo,0.3,1,5.4574574574574575,0.17502292604586972
sin_homo,0.3,1,5.4674674674674675,0.19890822551868453
sin_homo,0.3,1,5.4774774774774775,0.16511683960446596
sin_homo,0.3,1,5.4874874874874875,0.17468210619029928
sin_homo,0.3,1,5.4974974974974975,0.17747191408909094
sin_homo,0.3,1,5.5075075075075075,0.192122215122856
sin_homo,0.3,1,5.5175175175175175,0.16646446746293708
sin_homo,0.3,1,5.5275275275275275,0.18377306802114987
sin_homo,0.3,1,5.5375375375375375,0.16613392879710415
sin_homo,0.3,1,5.5475475475475475,0.1566383323429011
sin_homo,0.3,1,5.5575575575575575,0.16446000994166485
sin_homo,0.3,1,5.5675675675675675,0.1581656279633183
sin_homo,0.3,1,5.5775775775775776,0.18255643008928132
sin_homo,0.3,1,5.587587587587588,0.16662180188457293
sin_homo,0.3,1,5.597597597597598,0.16735843522340374
sin_homo,0.3,1,5.607607607607608,0.17694512811329516
sin_homo,0.3,1,5.617617617617618,0.1889530033019958
sin_homo,0.3,1,5.627627627627628,0.17069011153444055
sin_homo,0.3,1,5.637637637637638,0.16647941071561279
sin_homo,0.3,1,5.647647647647648,0.17618257611522992
sin_homo,0.3,1,5.657657657657658,0.17128468625598176
sin_homo,0.3,1,5.667667667667668,0.1476985863866152
sin_homo,0.3,1,5.677677677677678,0.15402039032897274
sin_homo,0.3,1,5.687687687687688,0.1587697309728514
sin_homo,0.3,1,5.697697697697698,0.15984817851919556
sin_homo,0.3,1,5.707707707707708,0.1695489649152806
sin_homo,0.3,1,5.717717717717718,0.17106696549453052
sin_homo,0.3,1,5.727727727727728,0.16206421887148517
sin_homo,0.3,1,5.737737737737738,0.16226578209504305
sin_homo,0.3,1,5.747747747747748,0.17513922869016138
sin_homo,0.3,1,5.757757757757758,0.1770507507875532
sin_homo,0.3,1,5.767767767767768,0.17881867314453762
sin_homo,0.3,1,5.777777777777778,0.20428091013856797
sin_homo,0.3,1,5.787787787787788,0.16979432288792776
sin_homo,0.3,1,5.797797797797798,0.16573873472508394
sin_homo,0.3,1,5.807807807807808,0.1778971677973924
sin_homo,0.3,1,5.817817817817818,0.16267720770789604
sin_homo,0.3,1,5.827827827827828,0.16941650845900577
sin_homo,0.3,1,5.837837837837838,0.17554895225423456
sin_homo,0.3,1,5.847847847847848,0.14154039080306158
sin_homo,0.3,1,5.857857857857858,0.18270187090533122
sin_homo,0.3,1,5.867867867867868,0.17105458201418458
sin_homo,0.3,1,5.877877877877878,0.15741975450766074
sin_homo,0.3,1,5.887887887887888,0.1824553050144395
sin_homo,0.3,1,5.897897897897898,0.19139592311670298
sin_homo,0.3,1,5.907907907907908,0.18260807531316106
sin_homo,0.3,1,5.917917917917918,0.15282973003811157
sin_homo,0.3,1,5.927927927927928,0.1862551939336883
sin_homo,0.3,1,5.937937937937938,0.16267894616729772
sin_homo,0.3,1,5.947947947947948,0.16457014565861572
sin_homo,0.3,1,5.957957957957958,0.16344904983719563
sin_homo,0.3,1,5.967967967967968,0.18860078648806863
sin_homo,0.3,1,5.977977977977978,0.15368175537898163
sin_homo,0.3,1,5.987987987987988,0.1645146065648093
sin_homo,0.3,1,5.997997997997998,0.16282382325100775
sin_homo,0.3,1,6.008008008008009,0.15429676972310077
sin_homo,0.3,1,6.018018018018019,0.17714659909934058
sin_homo,0.3,1,6.028028028028029,0.18885516028925656
sin_homo,0.3,1,6.038038038038039,0.20039904908821762
sin_homo,0.3,1,6.048048048048049,0.18670644040250603
sin_homo,0.3,1,6.058058058058059,0.18184778439077157
sin_homo,0.3,1,6.068068068068069,0.15388614102586512
sin_homo,0.3,1,6.078078078078079,0.1737127066694842
sin_homo,0.3,1,6.088088088088089,0.16381382073339454
sin_homo,0.3,1,6.098098098098099,0.1778765589624236
sin_homo,0.3,1,6.108108108108109,0.17179766755774215
sin_homo,0.3,1,6.118118118118119,0.1472667358076681
sin_homo,0.3,1,6.128128128128129,0.16576564030330362
sin_homo,0.3,1,6.138138138138139,0.15280919390766712
sin_homo,0.3,1,6.148148148148149,0.1807410663859466
sin_homo,0.3,1,6.158158158158159,0.16781081554845392
sin_homo,0.3,1,6.168168168168169,0.16276047229644366
sin_homo,0.3,1,6.178178178178179,0.17719925584583315
sin_homo,0.3,1,6.188188188188189,0.16731408283656862
sin_homo,0.3,1,6.198198198198199,0.1868821774089813
sin_homo,0.3,1,6.208208208208209,0.18005992850322008
sin_homo,0.3,1,6.218218218218219,0.17760402128685698
sin_homo,0.3,1,6.228228228228229,0.15938716893639757
sin_homo,0.3,1,6.238238238238239,0.2090615024742246
sin_homo,0.3,1,6.248248248248249,0.1690219620302618
sin_homo,0.3,1,6.258258258258259,0.15309447666768125
sin_homo,0.3,1,6.268268268268269,0.15664960208359732
sin_homo,0.3,1,6.278278278278279,0.17011514806156253
sin_homo,0.3,1,6.288288288288289,0.18831056966651719
sin_homo,0.3,1,6.298298298298299,0.17396275507245518
sin_homo,0.3,1,6.308308308308309,0.1730379037506547
sin_homo,0.3,1,6.318318318318319,0.18251637434637055
sin_homo,0.3,1,6.328328328328329,0.18454699071356312
sin_homo,0.3,1,6.338338338338339,0.1589709636714036
sin_homo,0.3,1,6.348348348348349,0.18981986905194084
sin_homo,0.3,1,6.358358358358359,0.15611037308620546
sin_homo,0.3,1,6.368368368368369,0.16142538404720258
sin_homo,0.3,1,6.378378378378379,0.175821874425828
sin_homo,0.3,1,6.388388388388389,0.1601032163798925
sin_homo,0.3,1,6.398398398398399,0.1557711571597467
sin_homo,0.3,1,6.408408408408409,0.17698522606298292
sin_homo,0.3,1,6.418418418418419,0.18639055837231466
sin_homo,0.3,1,6.428428428428429,0.19167429667940752
sin_homo,0.3,1,6.438438438438439,0.19529008276001192
sin_homo,0.3,1,6.448448448448449,0.1702258794230326
sin_homo,0.3,1,6.458458458458459,0.18467844851370194
sin_homo,0.3,1,6.468468468468469,0.18183948179478954
sin_homo,0.3,1,6.478478478478479,0.18049649119761296
sin_homo,0.3,1,6.488488488488489,0.17893822560887868
sin_homo,0.3,1,6.498498498498499,0.16293883161776934
sin_homo,0.3,1,6.508508508508509,0.17960662130237542
sin_homo,0.3,1,6.518518518518519,0.1702662533245762
sin_homo,0.3,1,6.528528528528529,0.1408248647142221
sin_homo,0.3,1,6.538538538538539,0.16283965910370873
sin_homo,0.3,1,6.548548548548549,0.18321631375544936
sin_homo,0.3,1,6.558558558558559,0.16466604587100614
sin_homo,0.3,1,6.568568568568569,0.16386420833504464
sin_homo,0.3,1,6.578578578578579,0.18062189273020401
sin_homo,0.3,1,6.588588588588589,0.1748968874593328
sin_homo,0.3,1,6.598598598598599,0.18369005170376732
sin_homo,0.3,1,6.608608608608609,0.18459564880472978
sin_homo,0.3,1,6.618618618618619,0.1712973703526747
sin_homo,0.3,1,6.628628628628629,0.16623239004233065
sin_homo,0.3,1,6.638638638638639,0.18407879493169052
sin_homo,0.3,1,6.648648648648649,0.18915825887865215
sin_homo,0.3,1,6.658658658658659,0.1678611843098824
sin_homo,0.3,1,6.668668668668669,0.1638242139786363
sin_homo,0.3,1,6.678678678678679,0.14929719495330981
sin_homo,0.3,1,6.688688688688689,0.15965196833594728
sin_homo,0.3,1,6.698698698698699,0.18353733451940765
sin_homo,0.3,1,6.708708708708709,0.17102130447343009
sin_homo,0.3,1,6.718718718718719,0.16160195520882176
sin_homo,0.3,1,6.728728728728729,0.18315333741182654
sin_homo,0.3,1,6.738738738738739,0.174652767713948
sin_homo,0.3,1,6.748748748748749,0.1728260048576967
sin_homo,0.3,1,6.758758758758759,0.16382968616705346
sin_homo,0.3,1,6.768768768768769,0.17825321201922995
sin_homo,0.3,1,6.778778778778779,0.1624837501439299
sin_homo,0.3,1,6.788788788788789,0.1429039694552558
sin_homo,0.3,1,6.798798798798799,0.17972813471317667
sin_homo,0.3,1,6.808808808808809,0.1729268559497789
sin_homo,0.3,1,6.818818818818819,0.18639867067138144
sin_homo,0.3,1,6.828828828828829,0.16726635736940587
sin_homo,0.3,1,6.838838838838839,0.16717530196921257
sin_homo,0.3,1,6.848848848848849,0.1887383975061421
sin_homo,0.3,1,6.858858858858859,0.18320321839795367
sin_homo,0.3,1,6.868868868868869,0.1800081464579914
sin_homo,0.3,1,6.878878878878879,0.1725023799475225
sin_homo,0.3,1,6.888888888888889,0.17110569424648622
sin_homo,0.3,1,6.898898898898899,0.16418480221973927
sin_homo,0.3,1,6.908908908908909,0.1726589908378282
sin_homo,0.3,1,6.918918918918919,0.17431293280712443
sin_homo,0.3,1,6.928928928928929,0.16519826003165033
sin_homo,0.3,1,6.938938938938939,0.16660100361237049
sin_homo,0.3,1,6.948948948948949,0.14911474319827533
sin_homo,0.3,1,6.958958958958959,0.1672317747767936
sin_homo,0.3,1,6.968968968968969,0.17371509367211194
sin_homo,0.3,1,6.978978978978979,0.1553501814880831
sin_homo,0.3,1,6.988988988988989,0.17605830537080186
sin_homo,0.3,1,6.998998998998999,0.17819206106854887
sin_homo,0.3,1,7.009009009009009,0.18153987848792802
sin_homo,0.3,1,7.019019019019019,0.1869568529654395
sin_homo,0.3,1,7.029029029029029,0.18615394317094416
sin_homo,0.3,1,7.039039039039039,0.17038377790486486
sin_homo,0.3,1,7.049049049049049,0.17209903441710017
sin_homo,0.3,1,7.059059059059059,0.16810181418282247
sin_homo,0.3,1,7.069069069069069,0.15304435062079125
sin_homo,0.3,1,7.079079079079079,0.19873404569947953
sin_homo,0.3,1,7.089089089089089,0.18138370624336528
sin_homo,0.3,1,7.099099099099099,0.17124930476028027
sin_homo,0.3,1,7.109109109109109,0.19357242211641507
sin_homo,0.3,1,7.119119119119119,0.15573587633355102
sin_homo,0.3,1,7.129129129129129,0.20943084375387128
sin_homo,0.3,1,7.1391391391391394,0.18323841089300552
sin_homo,0.3,1,7.1491491491491495,0.16492470810913598
sin_homo,0.3,1,7.1591591591591595,0.18994355048431022
sin_homo,0.3,1,7.1691691691691695,0.16053189455360733
sin_homo,0.3,1,7.1791791791791795,0.1838171750548418
sin_homo,0.3,1,7.1891891891891895,0.19137387862768107
sin_homo,0.3,1,7.1991991991991995,0.15972314397760398
sin_homo,0.3,1,7.2092092092092095,0.169041927452068
sin_homo,0.3,1,7.2192192192192195,0.17581516468852215
sin_homo,0.3,1,7.2292292292292295,0.15614351199676738
sin_homo,0.3,1,7.2392392392392395,0.16778948032503188
sin_homo,0.3,1,7.2492492492492495,0.18512486494732286
sin_homo,0.3,1,7.2592592592592595,0.19415985990740867
sin_homo,0.3,1,7.2692692692692695,0.1856990877619344
sin_homo,0.3,1,7.2792792792792795,0.1634845923207986
sin_homo,0.3,1,7.2892892892892895,0.18603862935223356
sin_homo,0.3,1,7.2992992992992995,0.14872941515642396
sin_homo,0.3,1,7.3093093093093096,0.18603766539015607
sin_homo,0.3,1,7.31931931931932,0.1834907835985693
sin_homo,0.3,1,7.32932932932933,0.1553976185465776
sin_homo,0.3,1,7.33933933933934,0.17051698880091967
sin_homo,0.3,1,7.34934934934935,0.17038870671320192
sin_homo,0.3,1,7.35935935935936,0.17622876783712033
sin_homo,0.3,1,7.36936936936937,0.17544255884962082
sin_homo,0.3,1,7.37937937937938,0.1517231925743556
sin_homo,0.3,1,7.38938938938939,0.16845321665010396
sin_homo,0.3,1,7.3993993993994,0.18451779862164788
sin_homo,0.3,1,7.40940940940941,0.17134287300337786
sin_homo,0.3,1,7.41941941941942,0.16492426308026384
sin_homo,0.3,1,7.42942942942943,0.1525760587939248
sin_homo,0.3,1,7.43943943943944,0.18539055918877204
sin_homo,0.3,1,7.44944944944945,0.179501883468768
sin_homo,0.3,1,7.45945945945946,0.16931944266614246
sin_homo,0.3,1,7.46946946946947,0.18714855287184748
sin_homo,0.3,1,7.47947947947948,0.16123594553516618
sin_homo,0.3,1,7.48948948948949,0.1539428744139558
sin_homo,0.3,1,7.4994994994995,0.15125980863276706
sin_homo,0.3,1,7.50950950950951,0.1694488057030963
sin_homo,0.3,1,7.51951951951952,0.18303516747876325
sin_homo,0.3,1,7.52952952952953,0.17105269451554314
sin_homo,0.3,1,7.53953953953954,0.177724356562003
sin_homo,0.3,1,7.54954954954955,0.1776567580368745
sin_homo,0.3,1,7.55955955955956,0.1807414129474127
sin_homo,0.3,1,7.56956956956957,0.1741930845165711
sin_homo,0.3,1,7.57957957957958,0.18019493200500358
sin_homo,0.3,1,7.58958958958959,0.156304254881638
sin_homo,0.3,1,7.5995995995996,0.1837926196075975
sin_homo,0.3,1,7.60960960960961,0.1790034507204611
sin_homo,0.3,1,7.61961961961962,0.1688561457887528
sin_homo,0.3,1,7.62962962962963,0.14852925054740557
sin_homo,0.3,1,7.63963963963964,0.1710713705960934
sin_homo,0.3,1,7.64964964964965,0.18185642803097588
sin_homo,0.3,1,7.65965965965966,0.17417738759534493
sin_homo,0.3,1,7.66966966966967,0.1997683101057883
sin_homo,0.3,1,7.67967967967968,0.17761352703061037
sin_homo,0.3,1,7.68968968968969,0.18728169286182328
sin_homo,0.3,1,7.6996996996997,0.16133411701374437
sin_homo,0.3,1,7.70970970970971,0.1744897273499447
sin_homo,0.3,1,7.71971971971972,0.1943866974998878
sin_homo,0.3,1,7.72972972972973,0.1641160951723039
sin_homo,0.3,1,7.73973973973974,0.1621018019587457
sin_homo,0.3,1,7.74974974974975,0.1452852598269084
sin_homo,0.3,1,7.75975975975976,0.17440298885841132
sin_homo,0.3,1,7.76976976976977,0.18539987091431864
sin_homo,0.3,1,7.77977977977978,0.1742708926708625
sin_homo,0.3,1,7.78978978978979,0.16332143009511516
sin_homo,0.3,1,7.7997997997998,0.17733947405691466
sin_homo,0.3,1,7.80980980980981,0.18727498292590652
sin_homo,0.3,1,7.81981981981982,0.18575351015072813
sin_homo,0.3,1,7.82982982982983,0.1697804044814001
sin_homo,0.3,1,7.83983983983984,0.18264990815698964
sin_homo,0.3,1,7.84984984984985,0.19523640351052926
sin_homo,0.3,1,7.85985985985986,0.16316856807931765
sin_homo,0.3,1,7.86986986986987,0.15578269397291603
sin_homo,0.3,1,7.87987987987988,0.17466528794397604
sin_homo,0.3,1,7.88988988988989,0.17377854046112598
sin_homo,0.3,1,7.8998998998999,0.17151165273987296
sin_homo,0.3,1,7.90990990990991,0.1867125325813047
sin_homo,0.3,1,7.91991991991992,0.18207531253646428
sin_homo,0.3,1,7.92992992992993,0.16052107279272518
sin_homo,0.3,1,7.93993993993994,0.17101549047163386
sin_homo,0.3,1,7.94994994994995,0.18877905195307446
sin_homo,0.3,1,7.95995995995996,0.17198009997573918
sin_homo,0.3,1,7.96996996996997,0.16465152069267397
sin_homo,0.3,1,7.97997997997998,0.1755400606430131
sin_homo,0.3,1,7.98998998998999,0.1564374129019614
sin_homo,0.3,1,8.0,0.17221493403631527
sin_homo,0.3,2,-2.0,0.17504729448913015
sin_homo,0.3,2,-1.98998998998999,0.1858442289462388
sin_homo,0.3,2,-1.97997997997998,0.15639465972228206
sin_homo,0.3,2,-1.96996996996997,0.16512320543150436
sin_homo,0.3,2,-1.95995995995996,0.1877947878783203
sin_homo,0.3,2,-1.94994994994995,0.16358007596238877
sin_homo,0.3,2,-1.93993993993994,0.17272911007138173
sin_homo,0.3,2,-1.92992992992993,0.18308885202457484
sin_homo,0.3,2,-1.91991991991992,0.1810429770628951
sin_homo,0.3,2,-1.90990990990991,0.16504197946481328
sin_homo,0.3,2,-1.8998998998999,0.15514428655935605
sin_homo,0.3,2,-1.88988988988989,0.16075366353597853
sin_homo,0.3,2,-1.87987987987988,0.17227543288995792
sin_homo,0.3,2,-1.86986986986987,0.19188579472792838
sin_homo,0.3,2,-1.85985985985986,0.17669496006441307
sin_homo,0.3,2,-1.84984984984985,0.18036323339790752
sin_homo,0.3,2,-1.83983983983984,0.17971494041341995
sin_homo,0.3,2,-1.82982982982983,0.18240585881140128
sin_homo,0.3,2,-1.8198198198198199,0.16841978828288076
sin_homo,0.3,2,-1.8098098098098099,0.1982211908920314
sin_homo,0.3,2,-1.7997997997997999,0.16148112738884096
sin_homo,0.3,2,-1.7897897897897899,0.1620369592790008
sin_homo,0.3,2,-1.7797797797797799,0.1743406413668629
sin_homo,0.3,2,-1.7697697697697699,0.19744833879453036
sin_homo,0.3,2,-1.7597597597597598,0.16666099541205134
sin_homo,0.3,2,-1.7497497497497498,0.1686137547238493
sin_homo,0.3,2,-1.7397397397397398,0.178686819203731
sin_homo,0.3,2,-1.7297297297297298,0.17722297387989577
sin_homo,0.3,2,-1.7197197197197198,0.16054343846640104
sin_homo,0.3,2,-1.7097097097097098,0.1862172109333109
sin_homo,0.3,2,-1.6996996996996998,0.16313928401184186
sin_homo,0.3,2,-1.6896896896896898,0.20487071003994484
sin_homo,0.3,2,-1.6796796796796798,0.17586667591856553
sin_homo,0.3,2,-1.6696696696696698,0.1583927090703461
sin_homo,0.3,2,-1.6596596596596598,0.16957479605684864
sin_homo,0.3,2,-1.6496496496496498,0.17523544986406525
sin_homo,0.3,2,-1.6396396396396398,0.19191295894979818
sin_homo,0.3,2,-1.6296296296296298,0.18292029265097323
sin_homo,0.3,2,-1.6196196196196198,0.1825358567634584
sin_homo,0.3,2,-1.6096096096096097,0.17115735992021844
sin_homo,0.3,2,-1.5995995995995997,0.16449613822351766
sin_homo,0.3,2,-1.5895895895895895,0.17457568975336074
sin_homo,0.3,2,-1.5795795795795795,0.19091616352186314
sin_homo,0.3,2,-1.5695695695695695,0.1692774872231229
sin_homo,0.3,2,-1.5595595595595595,0.15177699192458918
sin_homo,0.3,2,-1.5495495495495495,0.19952879608846083
sin_homo,0.3,2,-1.5395395395395395,0.1744996420398391
sin_homo,0.3,2,-1.5295295295295295,0.17771989860130852
sin_homo,0.3,2,-1.5195195195195195,0.16044618042311748
sin_homo,0.3,2,-1.5095095095095095,0.18765745180226315
sin_homo,0.3,2,-1.4994994994994995,0.16177974939782233
sin_homo,0.3,2,-1.4894894894894894,0.17223656738106716
sin_homo,0.3,2,-1.4794794794794794,0.16856175319891945
sin_homo,0.3,2,-1.4694694694694694,0.17819877760083605
sin_homo,0.3,2,-1.4594594594594594,0.18726649016458732
sin_homo,0.3,2,-1.4494494494494494,0.1648195996624406
sin_homo,0.3,2,-1.4394394394394394,0.16738655927433074
sin_homo,0.3,2,-1.4294294294294294,0.17889088386442129
sin_homo,0.3,2,-1.4194194194194194,0.15531155474631406
sin_homo,0.3,2,-1.4094094094094094,0.1535697659322282
sin_homo,0.3,2,-1.3993993993993994,0.16696949111234424
sin_homo,0.3,2,-1.3893893893893894,0.15854588468521966
sin_homo,0.3,2,-1.3793793793793794,0.18562820471706418
sin_homo,0.3,2,-1.3693693693693694,0.16557489694081323
sin_homo,0.3,2,-1.3593593593593594,0.16532587634179038
sin_homo,0.3,2,-1.3493493493493494,0.18447107202975338
sin_homo,0.3,2,-1.3393393393393394,0.15157783815373402
sin_homo,0.3,2,-1.3293293293293293,0.18407809813742404
sin_homo,0.3,2,-1.3193193193193193,0.18086326297779307
sin_homo,0.3,2,-1.3093093093093093,0.1881010571469226
sin_homo,0.3,2,-1.2992992992992993,0.1698177106450558
sin_homo,0.3,2,-1.2892892892892893,0.16777866120770826
sin_homo,0.3,2,-1.2792792792792793,0.16898211638422814
sin_homo,0.3,2,-1.2692692692692693,0.1788125271554817
sin_homo,0.3,2,-1.2592592592592593,0.1842203091260904
sin_homo,0.3,2,-1.2492492492492493,0.1789041673327317
sin_homo,0.3,2,-1.2392392392392393,0.16267775772171075
sin_homo,0.3,2,-1.2292292292292293,0.17812118650606162
sin_homo,0.3,2,-1.2192192192192193,0.19932718154901952
sin_homo,0.3,2,-1.2092092092092093,0.1733073445684233
sin_homo,0.3,2,-1.1991991991991993,0.1826848664718677
sin_homo,0.3,2,-1.189189189189189,0.19487925705184914
sin_homo,0.3,2,-1.179179179179179,0.16207339021671335
sin_homo,0.3,2,-1.169169169169169,0.1727034441280064
sin_homo,0.3,2,-1.159159159159159,0.16065678091054783
sin_homo,0.3,2,-1.149149149149149,0.1713660468437269
sin_homo,0.3,2,-1.139139139139139,0.19394172077961078
sin_homo,0.3,2,-1.129129129129129,0.18875507826564847
sin_homo,0.3,2,-1.119119119119119,0.17100613080753244
sin_homo,0.3,2,-1.109109109109109,0.17168087204039278
sin_homo,0.3,2,-1.099099099099099,0.18358318122551243
sin_homo,0.3,2,-1.089089089089089,0.1686674468812009
sin_homo,0.3,2,-1.079079079079079,0.18005777068067497
sin_homo,0.3,2,-1.069069069069069,0.16134437782553118
sin_homo,0.3,2,-1.059059059059059,0.18286213845597132
sin_homo,0.3,2,-1.049049049049049,0.18270655933828647
sin_homo,0.3,2,-1.039039039039039,0.16070361871931158
sin_homo,0.3,2,-1.029029029029029,0.156819040096214
sin_homo,0.3,2,-1.019019019019019,0.15477523631938467
sin_homo,0.3,2,-1.009009009009009,0.15040354421774238
sin_homo,0.3,2,-0.9989989989989989,0.15980835952912278
sin_homo,0.3,2,-0.9889889889889889,0.16894863628905835
sin_homo,0.3,2,-0.9789789789789789,0.15240318852151905
sin_homo,0.3,2,-0.9689689689689689,0.16567324212003814
sin_homo,0.3,2,-0.9589589589589589,0.18371083235395677
sin_homo,0.3,2,-0.9489489489489489,0.17853333599235652
sin_homo,0.3,2,-0.9389389389389389,0.16766835345976422
sin_homo,0.3,2,-0.9289289289289289,0.15547013223396403
sin_homo,0.3,2,-0.9189189189189189,0.1780505406074375
sin_homo,0.3,2,-0.9089089089089089,0.15333112238464364
sin_homo,0.3,2,-0.8988988988988988,0.1737985503354386
sin_homo,0.3,2,-0.8888888888888888,0.1663770536884602
sin_homo,0.3,2,-0.8788788788788788,0.16308796870491163
sin_homo,0.3,2,-0.8688688688688688,0.1475646206359334
sin_homo,0.3,2,-0.8588588588588588,0.18052281534750084
sin_homo,0.3,2,-0.8488488488488488,0.18530737914689613
sin_homo,0.3,2,-0.8388388388388388,0.16888029155944817
sin_homo,0.3,2,-0.8288288288288288,0.15480669170622377
sin_homo,0.3,2,-0.8188188188188188,0.18205636794459662
sin_homo,0.3,2,-0.8088088088088088,0.17413728644002688
sin_homo,0.3,2,-0.7987987987987988,0.16246871701738003
sin_homo,0.3,2,-0.7887887887887888,0.16764234283177654
sin_homo,0.3,2,-0.7787787787787788,0.15934049158454872
sin_homo,0.3,2,-0.7687687687687688,0.17757811851211242
sin_homo,0.3,2,-0.7587587587587588,0.1585232655899182
sin_homo,0.3,2,-0.7487487487487487,0.18489510465839368
sin_homo,0.3,2,-0.7387387387387387,0.16888259517699797
sin_homo,0.3,2,-0.7287287287287287,0.1703931580137156
sin_homo,0.3,2,-0.7187187187187187,0.1847665800463514
sin_homo,0.3,2,-0.7087087087087087,0.16093160674472268
sin_homo,0.3,2,-0.6986986986986987,0.17169815548320905
sin_homo,0.3,2,-0.6886886886886887,0.16781461452845442
sin_homo,0.3,2,-0.6786786786786787,0.16275896859082684
sin_homo,0.3,2,-0.6686686686686687,0.14695735910274083
sin_homo,0.3,2,-0.6586586586586587,0.16050479151161837
sin_homo,0.3,2,-0.6486486486486487,0.16194828717611817
sin_homo,0.3,2,-0.6386386386386387,0.17027972555932666
sin_homo,0.3,2,-0.6286286286286287,0.15246687735788178
sin_homo,0.3,2,-0.6186186186186187,0.18211818703770052
sin_homo,0.3,2,-0.6086086086086087,0.15192652735397627
sin_homo,0.3,2,-0.5985985985985987,0.17310707442547996
sin_homo,0.3,2,-0.5885885885885886,0.14048110507261963
sin_homo,0.3,2,-0.5785785785785786,0.1694663161109307
sin_homo,0.3,2,-0.5685685685685686,0.15846694338746903
sin_homo,0.3,2,-0.5585585585585586,0.1597003431414835
sin_homo,0.3,2,-0.5485485485485486,0.17223064322776574
sin_homo,0.3,2,-0.5385385385385386,0.17584640735386953
sin_homo,0.3,2,-0.5285285285285286,0.1631869540990914
sin_homo,0.3,2,-0.5185185185185186,0.1624063095333602
sin_homo,0.3,2,-0.5085085085085086,0.16193263311495834
sin_homo,0.3,2,-0.4984984984984986,0.15582710448761758
sin_homo,0.3,2,-0.4884884884884886,0.18994476540010596
sin_homo,0.3,2,-0.4784784784784786,0.15389858182652105
sin_homo,0.3,2,-0.46846846846846857,0.16137612794741696
sin_homo,0.3,2,-0.45845845845845856,0.15961082511801533
sin_homo,0.3,2,-0.44844844844844856,0.15568547349794745
sin_homo,0.3,2,-0.43843843843843855,0.16507271687618347
sin_homo,0.3,2,-0.42842842842842854,0.16669944133609918
sin_homo,0.3,2,-0.41841841841841854,0.16517429963766406
sin_homo,0.3,2,-0.40840840840840853,0.18915559355015096
sin_homo,0.3,2,-0.3983983983983985,0.17846486428548744
sin_homo,0.3,2,-0.3883883883883883,0.17110445598470125
sin_homo,0.3,2,-0.3783783783783783,0.17758373890870344
sin_homo,0.3,2,-0.3683683683683683,0.17867845844070604
sin_homo,0.3,2,-0.3583583583583583,0.1816998379146554
sin_homo,0.3,2,-0.34834834834834827,0.16733327952064683
sin_homo,0.3,2,-0.33833833833833826,0.17332606455733818
sin_homo,0.3,2,-0.32832832832832826,0.16859591616566708
sin_homo,0.3,2,-0.31831831831831825,0.15456008757603162
sin_homo,0.3,2,-0.30830830830830824,0.14777632093189766
sin_homo,0.3,2,-0.29829829829829824,0.15642677867523966
sin_homo,0.3,2,-0.28828828828828823,0.17244772826324903
sin_homo,0.3,2,-0.2782782782782782,0.16333691062552644
sin_homo,0.3,2,-0.2682682682682682,0.17730180926788056
sin_homo,0.3,2,-0.2582582582582582,0.15794315395999825
sin_homo,0.3,2,-0.2482482482482482,0.17431079915967623
sin_homo,0.3,2,-0.2382382382382382,0.15498572293783572
sin_homo,0.3,2,-0.2282282282282282,0.13895072464219402
sin_homo,0.3,2,-0.21821821821821819,0.1463227262434505
sin_homo,0.3,2,-0.20820820820820818,0.15714532005115867
sin_homo,0.3,2,-0.19819819819819817,0.1691950710030159
sin_homo,0.3,2,-0.18818818818818817,0.15385958528534793
sin_homo,0.3,2,-0.17817817817817816,0.15936599192897052
sin_homo,0.3,2,-0.16816816816816815,0.1655967793877353
sin_homo,0.3,2,-0.15815815815815815,0.1460388470828298
sin_homo,0.3,2,-0.14814814814814814,0.16444496049643034
sin_homo,0.3,2,-0.13813813813813813,0.153178282115272
sin_homo,0.3,2,-0.12812812812812813,0.17165360984379863
sin_homo,0.3,2,-0.11811811811811812,0.1714954480524089
sin_homo,0.3,2,-0.10810810810810811,0.1909357969529081
sin_homo,0.3,2,-0.09809809809809811,0.15209292481104586
sin_homo,0.3,2,-0.0880880880880881,0.1497704372979482
sin_homo,0.3,2,-0.0780780780780781,0.16852883699259086
sin_homo,0.3,2,-0.06806806806806809,0.1669909537739192
sin_homo,0.3,2,-0.05805805805805808,0.1819937307688947
sin_homo,0.3,2,-0.048048048048048075,0.17706766314822667
sin_homo,0.3,2,-0.03803803803803807,0.14686330370066478
sin_homo,0.3,2,-0.028028028028028062,0.17724853910570648
sin_homo,0.3,2,-0.018018018018018056,0.15825317469066305
sin_homo,0.3,2,-0.00800800800800805,0.15775942010934926
sin_homo,0.3,2,0.002002002002002179,0.14121560715207052
sin_homo,0.3,2,0.012012012012012185,0.1682563212402399
sin_homo,0.3,2,0.022022022022022192,0.16096199233522612
sin_homo,0.3,2,0.0320320320320322,0.15333513340961397
sin_homo,0.3,2,0.042042042042042205,0.14488175299158065
sin_homo,0.3,2,0.05205205205205221,0.15866913721523057
sin_homo,0.3,2,0.06206206206206222,0.15923743131416604
sin_homo,0.3,2,0.07207207207207222,0.15422862921607913
sin_homo,0.3,2,0.08208208208208223,0.15915401145664923
sin_homo,0.3,2,0.09209209209209224,0.172822952565255
sin_homo,0.3,2,0.10210210210210224,0.1525228039027216
sin_homo,0.3,2,0.11211211211211225,0.16236145814293404
sin_homo,0.3,2,0.12212212212212226,0.1640858217450241
sin_homo,0.3,2,0.13213213213213226,0.16283777997441187
sin_homo,0.3,2,0.14214214214214227,0.1456911867239057
sin_homo,0.3,2,0.15215215215215228,0.1492350117061369
sin_homo,0.3,2,0.16216216216216228,0.142840826858609
sin_homo,0.3,2,0.1721721721721723,0.14795703339914223
sin_homo,0.3,2,0.1821821821821823,0.163671334649546
sin_homo,0.3,2,0.1921921921921923,0.15147954856857088
sin_homo,0.3,2,0.2022022022022023,0.1504448994151944
sin_homo,0.3,2,0.21221221221221231,0.13913523315604298
sin_homo,0.3,2,0.22222222222222232,0.1398519560545896
sin_homo,0.3,2,0.23223223223223233,0.17281026083394674
sin_homo,0.3,2,0.24224224224224233,0.15366703903685
sin_homo,0.3,2,0.25225225225225234,0.13510899956296404
sin_homo,0.3,2,0.26226226226226235,0.15570533209140136
sin_homo,0.3,2,0.27227227227227235,0.14787838907871756
sin_homo,0.3,2,0.28228228228228236,0.15687572415858556
sin_homo,0.3,2,0.29229229229229237,0.16022322046136717
sin_homo,0.3,2,0.3023023023023024,0.15310937104300998
sin_homo,0.3,2,0.3123123123123124,0.14655058174843666
sin_homo,0.3,2,0.3223223223223224,0.1657065985536655
sin_homo,0.3,2,0.3323323323323324,0.15350184451746904
sin_homo,0.3,2,0.3423423423423424,0.14318493308652383
sin_homo,0.3,2,0.3523523523523524,0.15903757042845865
sin_homo,0.3,2,0.3623623623623624,0.16658932037606103
sin_homo,0.3,2,0.3723723723723724,0.14767118453129147
sin_homo,0.3,2,0.3823823823823824,0.12737572703391511
sin_homo,0.3,2,0.39239239239239243,0.15655378124156188
sin_homo,0.3,2,0.40240240240240244,0.14335480303400386
sin_homo,0.3,2,0.41241241241241244,0.14186959902698257
sin_homo,0.3,2,0.42242242242242245,0.12631932563876416
sin_homo,0.3,2,0.43243243243243246,0.1542193123730986
sin_homo,0.3,2,0.44244244244244246,0.1322885289820445
sin_homo,0.3,2,0.45245245245245247,0.1332083177379808
sin_homo,0.3,2,0.4624624624624625,0.14109032836752103
sin_homo,0.3,2,0.4724724724724725,0.1536585472020569
sin_homo,0.3,2,0.4824824824824825,0.13657585957951024
sin_homo,0.3,2,0.4924924924924925,0.154296876464395
sin_homo,0.3,2,0.5025025025025025,0.13324505818667642
sin_homo,0.3,2,0.5125125125125125,0.1414701301835685
sin_homo,0.3,2,0.5225225225225225,0.15144032038613542
sin_homo,0.3,2,0.5325325325325325,0.14548620667610637
sin_homo,0.3,2,0.5425425425425425,0.15966572863907383
sin_homo,0.3,2,0.5525525525525525,0.1336060552203176
sin_homo,0.3,2,0.5625625625625625,0.15415461006818337
sin_homo,0.3,2,0.5725725725725725,0.13709231336643082
sin_homo,0.3,2,0.5825825825825826,0.14487009887132735
sin_homo,0.3,2,0.5925925925925926,0.1682629532290488
sin_homo,0.3,2,0.6026026026026026,0.14718444085290994
sin_homo,0.3,2,0.6126126126126126,0.13468481199162913
sin_homo,0.3,2,0.6226226226226226,0.1327343601595525
sin_homo,0.3,2,0.6326326326326326,0.13662375757599435
sin_homo,0.3,2,0.6426426426426426,0.13915383270244186
sin_homo,0.3,2,0.6526526526526526,0.1298677948136694
sin_homo,0.3,2,0.6626626626626626,0.1390497301210927
sin_homo,0.3,2,0.6726726726726726,0.13668839694330193
sin_homo,0.3,2,0.6826826826826826,0.14177923911869408
sin_homo,0.3,2,0.6926926926926926,0.14572894355278737
sin_homo,0.3,2,0.7027027027027026,0.15968030758621918
sin_homo,0.3,2,0.7127127127127126,0.15359239695450655
sin_homo,0.3,2,0.7227227227227226,0.1638492518152978
sin_homo,0.3,2,0.7327327327327327,0.1506464034651075
sin_homo,0.3,2,0.7427427427427427,0.14167822316126336
sin_homo,0.3,2,0.7527527527527527,0.16215145319890623
sin_homo,0.3,2,0.7627627627627627,0.1682233735747022
sin_homo,0.3,2,0.7727727727727727,0.14504450448160178
sin_homo,0.3,2,0.7827827827827827,0.14934509574942317
sin_homo,0.3,2,0.7927927927927927,0.14623800794079783
sin_homo,0.3,2,0.8028028028028027,0.15343951083310411
sin_homo,0.3,2,0.8128128128128127,0.14809338418930354
sin_homo,0.3,2,0.8228228228228227,0.13099655340258537
sin_homo,0.3,2,0.8328328328328327,0.15335122389428665
sin_homo,0.3,2,0.8428428428428427,0.15800719061449595
sin_homo,0.3,2,0.8528528528528527,0.15261975747357895
sin_homo,0.3,2,0.8628628628628627,0.14044161686309023
sin_homo,0.3,2,0.8728728728728727,0.13974880875881443
sin_homo,0.3,2,0.8828828828828827,0.17325162637260114
sin_homo,0.3,2,0.8928928928928928,0.16151443333571275
sin_homo,0.3,2,0.9029029029029028,0.14120511578050546
sin_homo,0.3,2,0.9129129129129128,0.15606250455184656
sin_homo,0.3,2,0.9229229229229228,0.13826984080685037
sin_homo,0.3,2,0.9329329329329328,0.17088475732880018
sin_homo,0.3,2,0.9429429429429428,0.1414608406141114
sin_homo,0.3,2,0.9529529529529528,0.1520730444319331
sin_homo,0.3,2,0.9629629629629628,0.13336787431222563
sin_homo,0.3,2,0.9729729729729728,0.17501455109114958
sin_homo,0.3,2,0.9829829829829828,0.13960527135823658
sin_homo,0.3,2,0.9929929929929928,0.13606016288377823
sin_homo,0.3,2,1.0030030030030028,0.1314576900062651
sin_homo,0.3,2,1.0130130130130128,0.147421635744817
sin_homo,0.3,2,1.0230230230230228,0.1536394577972717
sin_homo,0.3,2,1.0330330330330328,0.15938515153086089
sin_homo,0.3,2,1.0430430430430429,0.14034310839116418
sin_homo,0.3,2,1.0530530530530529,0.1211012060968756
sin_homo,0.3,2,1.0630630630630629,0.1758805876959734
sin_homo,0.3,2,1.0730730730730729,0.1489638720373011
sin_homo,0.3,2,1.0830830830830829,0.1534455356945247
sin_homo,0.3,2,1.0930930930930929,0.15688088822490215
sin_homo,0.3,2,1.1031031031031029,0.15477994133822653
sin_homo,0.3,2,1.113113113113113,0.15067186214300926
sin_homo,0.3,2,1.123123123123123,0.15420775207448983
sin_homo,0.3,2,1.133133133133133,0.15559040651212414
sin_homo,0.3,2,1.143143143143143,0.17237586075416875
sin_homo,0.3,2,1.153153153153153,0.1613474716793067
sin_homo,0.3,2,1.163163163163163,0.12343074325638011
sin_homo,0.3,2,1.173173173173173,0.14251341694499475
sin_homo,0.3,2,1.183183183183183,0.15456843074923207
sin_homo,0.3,2,1.193193193193193,0.15076514953499703
sin_homo,0.3,2,1.203203203203203,0.15092221015075521
sin_homo,0.3,2,1.2132132132132134,0.14283613498740189
sin_homo,0.3,2,1.2232232232232234,0.17317822508875114
sin_homo,0.3,2,1.2332332332332334,0.15383761161167042
sin_homo,0.3,2,1.2432432432432434,0.1640496495364854
sin_homo,0.3,2,1.2532532532532534,0.1477310855424626
sin_homo,0.3,2,1.2632632632632634,0.1688392871776935
sin_homo,0.3,2,1.2732732732732734,0.171563495408193
sin_homo,0.3,2,1.2832832832832834,0.14465914325334403
sin_homo,0.3,2,1.2932932932932935,0.16248291814189478
sin_homo,0.3,2,1.3033033033033035,0.15435561776515286
sin_homo,0.3,2,1.3133133133133135,0.14277896081691283
sin_homo,0.3,2,1.3233233233233235,0.16576206570111893
sin_homo,0.3,2,1.3333333333333335,0.14556042377082695
sin_homo,0.3,2,1.3433433433433435,0.14203141015270193
sin_homo,0.3,2,1.3533533533533535,0.1776946693117966
sin_homo,0.3,2,1.3633633633633635,0.14630873737262926
sin_homo,0.3,2,1.3733733733733735,0.16161847843871982
sin_homo,0.3,2,1.3833833833833835,0.15020415582152802
sin_homo,0.3,2,1.3933933933933935,0.14597749071933872
sin_homo,0.3,2,1.4034034034034035,0.16100248213965632
sin_homo,0.3,2,1.4134134134134135,0.16649880446582807
sin_homo,0.3,2,1.4234234234234235,0.14456085867833648
sin_homo,0.3,2,1.4334334334334335,0.1643180758990409
sin_homo,0.3,2,1.4434434434434436,0.15271117006730167
sin_homo,0.3,2,1.4534534534534536,0.13970057412624792
sin_homo,0.3,2,1.4634634634634636,0.14956394239053739
sin_homo,0.3,2,1.4734734734734736,0.17553425533682582
sin_homo,0.3,2,1.4834834834834836,0.16093604460278477
sin_homo,0.3,2,1.4934934934934936,0.15683668994258118
sin_homo,0.3,2,1.5035035035035036,0.15661435558280049
sin_homo,0.3,2,1.5135135135135136,0.14764524147231223
sin_homo,0.3,2,1.5235235235235236,0.15667653367886403
sin_homo,0.3,2,1.5335335335335336,0.14039721547238496
sin_homo,0.3,2,1.5435435435435436,0.14122557049439696
sin_homo,0.3,2,1.5535535535535536,0.15507583171986755
sin_homo,0.3,2,1.5635635635635636,0.13407392949314084
sin_homo,0.3,2,1.5735735735735736,0.14691138199716353
sin_homo,0.3,2,1.5835835835835836,0.15991707610090564
sin_homo,0.3,2,1.5935935935935936,0.12594285829964233
sin_homo,0.3,2,1.6036036036036037,0.13505745053165918
sin_homo,0.3,2,1.6136136136136137,0.14332131635218523
sin_homo,0.3,2,1.6236236236236237,0.138376379841405
sin_homo,0.3,2,1.6336336336336337,0.1342171365114336
sin_homo,0.3,2,1.6436436436436437,0.14893853228106574
sin_homo,0.3,2,1.6536536536536537,0.1512614484317275
sin_homo,0.3,2,1.6636636636636637,0.11843071212997247
sin_homo,0.3,2,1.6736736736736737,0.14660310955541458
sin_homo,0.3,2,1.6836836836836837,0.15405367024994895
sin_homo,0.3,2,1.6936936936936937,0.15045575901325997
sin_homo,0.3,2,1.7037037037037037,0.15726996261317
sin_homo,0.3,2,1.7137137137137137,0.15908935373321217
sin_homo,0.3,2,1.7237237237237237,0.13284910769331643
sin_homo,0.3,2,1.7337337337337337,0.13783836299676805
sin_homo,0.3,2,1.7437437437437437,0.14289454536412347
sin_homo,0.3,2,1.7537537537537538,0.15107614854694376
sin_homo,0.3,2,1.7637637637637638,0.16136502227836172
sin_homo,0.3,2,1.7737737737737738,0.13956275186173606
sin_homo,0.3,2,1.7837837837837838,0.14986162194574068
sin_homo,0.3,2,1.7937937937937938,0.156287465864149
sin_homo,0.3,2,1.8038038038038038,0.16036212390151353
sin_homo,0.3,2,1.8138138138138138,0.14868026111244947
sin_homo,0.3,2,1.8238238238238238,0.1564865642224594
sin_homo,0.3,2,1.8338338338338338,0.15147795130181554
sin_homo,0.3,2,1.8438438438438438,0.16644256877779393
sin_homo,0.3,2,1.8538538538538538,0.13736852358251334
sin_homo,0.3,2,1.8638638638638638,0.14199047873484028
sin_homo,0.3,2,1.8738738738738738,0.1525184907758125
sin_homo,0.3,2,1.8838838838838838,0.14337453335518385
sin_homo,0.3,2,1.8938938938938938,0.14807802688171937
sin_homo,0.3,2,1.9039039039039038,0.15307032482505886
sin_homo,0.3,2,1.9139139139139139,0.141256779509469
sin_homo,0.3,2,1.9239239239239239,0.1474824295755659
sin_homo,0.3,2,1.9339339339339339,0.15728895032938622
sin_homo,0.3,2,1.9439439439439439,0.1530182049371692
sin_homo,0.3,2,1.9539539539539539,0.14219972782522053
sin_homo,0.3,2,1.9639639639639639,0.12957062297711977
sin_homo,0.3,2,1.973973973973974,0.14756693005458876
sin_homo,0.3,2,1.983983983983984,0.14527866812910897
sin_homo,0.3,2,1.993993993993994,0.12753119463026513
sin_homo,0.3,2,2.0040040040040044,0.14059829242845567
sin_homo,0.3,2,2.0140140140140144,0.15136798297511034
sin_homo,0.3,2,2.0240240240240244,0.1181853213588258
sin_homo,0.3,2,2.0340340340340344,0.15497817845561748
sin_homo,0.3,2,2.0440440440440444,0.14451611689048016
sin_homo,0.3,2,2.0540540540540544,0.13548779603671857
sin_homo,0.3,2,2.0640640640640644,0.14847819784486016
sin_homo,0.3,2,2.0740740740740744,0.11823469899493363
sin_homo,0.3,2,2.0840840840840844,0.14897224393357272
sin_homo,0.3,2,2.0940940940940944,0.14882671804630662
sin_homo,0.3,2,2.1041041041041044,0.12891046905831263
sin_homo,0.3,2,2.1141141141141144,0.12820730364314617
sin_homo,0.3,2,2.1241241241241244,0.12332266636731497
sin_homo,0.3,2,2.1341341341341344,0.13303092070859301
sin_homo,0.3,2,2.1441441441441444,0.11776943890144433
sin_homo,0.3,2,2.1541541541541545,0.13717676397537387
sin_homo,0.3,2,2.1641641641641645,0.12159276575770313
sin_homo,0.3,2,2.1741741741741745,0.11813569137010244
sin_homo,0.3,2,2.1841841841841845,0.14512546609468457
sin_homo,0.3,2,2.1941941941941945,0.1097858768122913
sin_homo,0.3,2,2.2042042042042045,0.13558091583633777
sin_homo,0.3,2,2.2142142142142145,0.12476971745810878
sin_homo,0.3,2,2.2242242242242245,0.13739741363902072
sin_homo,0.3,2,2.2342342342342345,0.12546214600767122
sin_homo,0.3,2,2.2442442442442445,0.12279469750552348
sin_homo,0.3,2,2.2542542542542545,0.12207416675744501
sin_homo,0.3,2,2.2642642642642645,0.12210252751767754
sin_homo,0.3,2,2.2742742742742745,0.12842944704454098
sin_homo,0.3,2,2.2842842842842845,0.11125757272112126
sin_homo,0.3,2,2.2942942942942945,0.11480180011039559
sin_homo,0.3,2,2.3043043043043046,0.11684624091144348
sin_homo,0.3,2,2.3143143143143146,0.12316146997190607
sin_homo,0.3,2,2.3243243243243246,0.13871452776026116
sin_homo,0.3,2,2.3343343343343346,0.12737513845026896
sin_homo,0.3,2,2.3443443443443446,0.11699971995080466
sin_homo,0.3,2,2.3543543543543546,0.11267290006139959
sin_homo,0.3,2,2.3643643643643646,0.12030744745319227
sin_homo,0.3,2,2.3743743743743746,0.11806997846261655
sin_homo,0.3,2,2.3843843843843846,0.12173111157407474
sin_homo,0.3,2,2.3943943943943946,0.11058491568609002
sin_homo,0.3,2,2.4044044044044046,0.12480480123820403
sin_homo,0.3,2,2.4144144144144146,0.11724356674208924
sin_homo,0.3,2,2.4244244244244246,0.09596864767033067
sin_homo,0.3,2,2.4344344344344346,0.10627757096020138
sin_homo,0.3,2,2.4444444444444446,0.12301958643519789
sin_homo,0.3,2,2.4544544544544546,0.11735589642110579
sin_homo,0.3,2,2.4644644644644647,0.11368852152801015
sin_homo,0.3,2,2.4744744744744747,0.11208805510307782
sin_homo,0.3,2,2.4844844844844847,0.11561664711761975
sin_homo,0.3,2,2.4944944944944947,0.11809331207036047
sin_homo,0.3,2,2.5045045045045047,0.10661696198826827
sin_homo,0.3,2,2.5145145145145147,0.11051747563024893
sin_homo,0.3,2,2.5245245245245247,0.09664526801398504
sin_homo,0.3,2,2.5345345345345347,0.10627916096094182
sin_homo,0.3,2,2.5445445445445447,0.11365817584720705
sin_homo,0.3,2,2.5545545545545547,0.11056884423441678
sin_homo,0.3,2,2.5645645645645647,0.10768536261158226
sin_homo,0.3,2,2.5745745745745747,0.10637946111940544
sin_homo,0.3,2,2.5845845845845847,0.11987202750346239
sin_homo,0.3,2,2.5945945945945947,0.10688212783558347
sin_homo,0.3,2,2.6046046046046047,0.09936241224853071
sin_homo,0.3,2,2.6146146146146148,0.09153884907356087
sin_homo,0.3,2,2.6246246246246248,0.09554136779586846
sin_homo,0.3,2,2.6346346346346348,0.0926071720116998
sin_homo,0.3,2,2.6446446446446448,0.09544453266344012
sin_homo,0.3,2,2.6546546546546548,0.09379974702341114
sin_homo,0.3,2,2.664664664664665,0.09309787224207185
sin_homo,0.3,2,2.674674674674675,0.0967354894947744
sin_homo,0.3,2,2.684684684684685,0.10137662000043347
sin_homo,0.3,2,2.694694694694695,0.10178998558871383
sin_homo,0.3,2,2.704704704704705,0.0917788353292944
sin_homo,0.3,2,2.714714714714715,0.08891448936755483
sin_homo,0.3,2,2.724724724724725,0.09035428348300517
sin_homo,0.3,2,2.734734734734735,0.08990569091333885
sin_homo,0.3,2,2.744744744744745,0.0825250029753507
sin_homo,0.3,2,2.754754754754755,0.09794578860435031
sin_homo,0.3,2,2.764764764764765,0.08217601299854249
sin_homo,0.3,2,2.774774774774775,0.08508313784542236
sin_homo,0.3,2,2.784784784784785,0.08138806873393205
sin_homo,0.3,2,2.794794794794795,0.08163373258031947
sin_homo,0.3,2,2.804804804804805,0.09373665224413842
sin_homo,0.3,2,2.814814814814815,0.08831918248898284
sin_homo,0.3,2,2.824824824824825,0.08204994760155086
sin_homo,0.3,2,2.834834834834835,0.08716606192594516
sin_homo,0.3,2,2.844844844844845,0.08870789221149918
sin_homo,0.3,2,2.854854854854855,0.08159594568777176
sin_homo,0.3,2,2.864864864864865,0.09058313596135666
sin_homo,0.3,2,2.874874874874875,0.09528500542699689
sin_homo,0.3,2,2.884884884884885,0.09255892286928288
sin_homo,0.3,2,2.894894894894895,0.07848995749114775
sin_homo,0.3,2,2.904904904904905,0.07863299684080399
sin_homo,0.3,2,2.914914914914915,0.08446612129217204
sin_homo,0.3,2,2.924924924924925,0.08167682474403018
sin_homo,0.3,2,2.934934934934935,0.08663947582084648
sin_homo,0.3,2,2.944944944944945,0.07990405798169707
sin_homo,0.3,2,2.954954954954955,0.08184508192161868
sin_homo,0.3,2,2.964964964964965,0.07861467958686952
sin_homo,0.3,2,2.974974974974975,0.07782554916295809
sin_homo,0.3,2,2.984984984984985,0.07843785140447294
sin_homo,0.3,2,2.994994994994995,0.08631140394183147
sin_homo,0.3,2,3.005005005005005,0.08145382064895249
sin_homo,0.3,2,3.015015015015015,0.08590950274394245
sin_homo,0.3,2,3.025025025025025,0.08806472837855113
sin_homo,0.3,2,3.035035035035035,0.07902862487386794
sin_homo,0.3,2,3.045045045045045,0.07556140548877575
sin_homo,0.3,2,3.055055055055055,0.0855521239073545
sin_homo,0.3,2,3.065065065065065,0.0808049204034876
sin_homo,0.3,2,3.075075075075075,0.08372401055541913
sin_homo,0.3,2,3.085085085085085,0.08858597700271746
sin_homo,0.3,2,3.095095095095095,0.08112947410270219
sin_homo,0.3,2,3.105105105105105,0.07994237379811073
sin_homo,0.3,2,3.115115115115115,0.08271867768442508
sin_homo,0.3,2,3.125125125125125,0.08453778983064394
sin_homo,0.3,2,3.135135135135135,0.0797300139661452
sin_homo,0.3,2,3.145145145145145,0.07590322119263822
sin_homo,0.3,2,3.155155155155155,0.08406222616239832
sin_homo,0.3,2,3.165165165165165,0.0795875430218316
sin_homo,0.3,2,3.175175175175175,0.08164144474971578
sin_homo,0.3,2,3.185185185185185,0.08626621007234196
sin_homo,0.3,2,3.195195195195195,0.07685144870252142
sin_homo,0.3,2,3.205205205205205,0.09770241975507996
sin_homo,0.3,2,3.215215215215215,0.08954532307432753
sin_homo,0.3,2,3.225225225225225,0.09551387314954433
sin_homo,0.3,2,3.235235235235235,0.08359449201340982
sin_homo,0.3,2,3.245245245245245,0.08139480023828255
sin_homo,0.3,2,3.255255255255255,0.09195537837151598
sin_homo,0.3,2,3.265265265265265,0.08763507969750732
sin_homo,0.3,2,3.275275275275275,0.08252773926302857
sin_homo,0.3,2,3.285285285285285,0.07862678345190798
sin_homo,0.3,2,3.295295295295295,0.09033963423642073
sin_homo,0.3,2,3.305305305305305,0.08881745192359142
sin_homo,0.3,2,3.315315315315315,0.0864795031470452
sin_homo,0.3,2,3.325325325325325,0.08811275696053454
sin_homo,0.3,2,3.335335335335335,0.10303191935340361
sin_homo,0.3,2,3.3453453453453452,0.09164106376206324
sin_homo,0.3,2,3.3553553553553552,0.09244145177845856
sin_homo,0.3,2,3.3653653653653652,0.09334634195854534
sin_homo,0.3,2,3.3753753753753752,0.09962761186018726
sin_homo,0.3,2,3.3853853853853852,0.10085125168390423
sin_homo,0.3,2,3.3953953953953953,0.08942320360615774
sin_homo,0.3,2,3.4054054054054053,0.0963548290815194
sin_homo,0.3,2,3.4154154154154153,0.10426167825019841
sin_homo,0.3,2,3.4254254254254253,0.09698475182096306
sin_homo,0.3,2,3.4354354354354353,0.11812924216022819
sin_homo,0.3,2,3.4454454454454453,0.09226892014872178
sin_homo,0.3,2,3.4554554554554553,0.11009367084219608
sin_homo,0.3,2,3.4654654654654653,0.10100731703714734
sin_homo,0.3,2,3.4754754754754753,0.10945887792376921
sin_homo,0.3,2,3.4854854854854853,0.10497406131970749
sin_homo,0.3,2,3.4954954954954953,0.10331637759794136
sin_homo,0.3,2,3.5055055055055053,0.10958349663583812
sin_homo,0.3,2,3.5155155155155153,0.11099852153367648
sin_homo,0.3,2,3.5255255255255253,0.098256932441114
sin_homo,0.3,2,3.5355355355355353,0.10361855479735121
sin_homo,0.3,2,3.5455455455455454,0.10179402005434424
sin_homo,0.3,2,3.5555555555555554,0.11034891254472645
sin_homo,0.3,2,3.5655655655655654,0.10551978701856403
sin_homo,0.3,2,3.5755755755755754,0.11592831725432161
sin_homo,0.3,2,3.5855855855855854,0.11862893874413374
sin_homo,0.3,2,3.5955955955955954,0.10513385023248702
sin_homo,0.3,2,3.6056056056056054,0.11734630875462995
sin_homo,0.3,2,3.6156156156156154,0.12582606288786785
sin_homo,0.3,2,3.6256256256256254,0.1186484885814566
sin_homo,0.3,2,3.6356356356356354,0.1232250265589599
sin_homo,0.3,2,3.6456456456456454,0.12708494885378552
sin_homo,0.3,2,3.6556556556556554,0.11189243578275365
sin_homo,0.3,2,3.6656656656656654,0.11334153228841161
sin_homo,0.3,2,3.6756756756756754,0.12409478341607055
sin_homo,0.3,2,3.6856856856856854,0.12270092667891436
sin_homo,0.3,2,3.6956956956956954,0.12026997163449377
sin_homo,0.3,2,3.7057057057057055,0.12643819430003606
sin_homo,0.3,2,3.7157157157157155,0.1176359549543245
sin_homo,0.3,2,3.7257257257257255,0.11931569312841935
sin_homo,0.3,2,3.7357357357357355,0.14093868135485377
sin_homo,0.3,2,3.7457457457457455,0.11759996485841515
sin_homo,0.3,2,3.7557557557557555,0.12425434489555305
sin_homo,0.3,2,3.7657657657657655,0.12427265307551283
sin_homo,0.3,2,3.7757757757757755,0.10808915635150716
sin_homo,0.3,2,3.7857857857857855,0.1289669026715826
sin_homo,0.3,2,3.7957957957957955,0.13777477750698036
sin_homo,0.3,2,3.8058058058058055,0.13985914288935322
sin_homo,0.3,2,3.8158158158158155,0.1249423118416534
sin_homo,0.3,2,3.8258258258258255,0.13390770766486434
sin_homo,0.3,2,3.8358358358358355,0.13304495241621564
sin_homo,0.3,2,3.8458458458458455,0.14225924439229695
sin_homo,0.3,2,3.8558558558558556,0.128499359459558
sin_homo,0.3,2,3.8658658658658656,0.13951550026619944
sin_homo,0.3,2,3.8758758758758756,0.14343021897169234
sin_homo,0.3,2,3.8858858858858856,0.14252603495110075
sin_homo,0.3,2,3.8958958958958956,0.13059231027891907
sin_homo,0.3,2,3.9059059059059056,0.12123501681768638
sin_homo,0.3,2,3.9159159159159156,0.13410296951276396
sin_homo,0.3,2,3.9259259259259256,0.14790835501145475
sin_homo,0.3,2,3.9359359359359356,0.12497120587434195
sin_homo,0.3,2,3.9459459459459456,0.13100385121991692
sin_homo,0.3,2,3.9559559559559556,0.1325358813797444
sin_homo,0.3,2,3.9659659659659656,0.13378802610474658
sin_homo,0.3,2,3.9759759759759756,0.13687352517123247
sin_homo,0.3,2,3.9859859859859856,0.15226361213273662
sin_homo,0.3,2,3.9959959959959956,0.1388318441382028
sin_homo,0.3,2,4.006006006006006,0.1433576050666748
sin_homo,0.3,2,4.016016016016016,0.13144203836163915
sin_homo,0.3,2,4.026026026026026,0.1507459824824231
sin_homo,0.3,2,4.036036036036036,0.14530381527171013
sin_homo,0.3,2,4.046046046046046,0.15096940229790196
sin_homo,0.3,2,4.056056056056056,0.12997866783625914
sin_homo,0.3,2,4.066066066066066,0.1386539156204479
sin_homo,0.3,2,4.076076076076076,0.1442174805536976
sin_homo,0.3,2,4.086086086086086,0.16842840213739962
sin_homo,0.3,2,4.096096096096096,0.1543837739338962
sin_homo,0.3,2,4.106106106106106,0.1446084740260681
sin_homo,0.3,2,4.116116116116116,0.13756227772904478
sin_homo,0.3,2,4.126126126126126,0.1386173878153369
sin_homo,0.3,2,4.136136136136136,0.12921966617645828
sin_homo,0.3,2,4.146146146146146,0.1381599932394432
sin_homo,0.3,2,4.156156156156156,0.16461359614485757
sin_homo,0.3,2,4.166166166166166,0.1467695852954766
sin_homo,0.3,2,4.176176176176176,0.13920099182877121
sin_homo,0.3,2,4.186186186186186,0.14588035256785642
sin_homo,0.3,2,4.196196196196196,0.16746245088118042
sin_homo,0.3,2,4.206206206206206,0.13318304700187023
sin_homo,0.3,2,4.216216216216216,0.1635001988715288
sin_homo,0.3,2,4.226226226226226,0.15225503115697545
sin_homo,0.3,2,4.236236236236236,0.15231024260841575
sin_homo,0.3,2,4.246246246246246,0.16308667916917982
sin_homo,0.3,2,4.256256256256256,0.1427692915758306
sin_homo,0.3,2,4.266266266266266,0.14242780247861658
sin_homo,0.3,2,4.276276276276276,0.1752838447144384
sin_homo,0.3,2,4.286286286286286,0.15013967956957425
sin_homo,0.3,2,4.296296296296296,0.14665717799854355
sin_homo,0.3,2,4.306306306306306,0.1569803423599346
sin_homo,0.3,2,4.316316316316316,0.14250817494531387
sin_homo,0.3,2,4.326326326326326,0.15691142347001166
sin_homo,0.3,2,4.336336336336336,0.1651768487093605
sin_homo,0.3,2,4.346346346346346,0.1556667743884337
sin_homo,0.3,2,4.356356356356356,0.12698573762249316
sin_homo,0.3,2,4.366366366366366,0.15533281665815313
sin_homo,0.3,2,4.376376376376376,0.1537095156346122
sin_homo,0.3,2,4.386386386386386,0.1493399681747512
sin_homo,0.3,2,4.396396396396396,0.1618999984645342
sin_homo,0.3,2,4.406406406406406,0.1576908910173487
sin_homo,0.3,2,4.416416416416417,0.15819663816771734
sin_homo,0.3,2,4.426426426426427,0.14830081328286995
sin_homo,0.3,2,4.436436436436437,0.12431333958971606
sin_homo,0.3,2,4.446446446446447,0.1541785065932594
sin_homo,0.3,2,4.456456456456457,0.16553990038013616
sin_homo,0.3,2,4.466466466466467,0.1607974362237994
sin_homo,0.3,2,4.476476476476477,0.1575399244787158
sin_homo,0.3,2,4.486486486486487,0.15691274850890916
sin_homo,0.3,2,4.496496496496497,0.1498358641784339
sin_homo,0.3,2,4.506506506506507,0.17448021314627674
sin_homo,0.3,2,4.516516516516517,0.15847477080843456
sin_homo,0.3,2,4.526526526526527,0.14881064647183745
sin_homo,0.3,2,4.536536536536537,0.15367333982989742
sin_homo,0.3,2,4.546546546546547,0.16166037638498965
sin_homo,0.3,2,4.556556556556557,0.15210799343929937
sin_homo,0.3,2,4.566566566566567,0.17155813969119088
sin_homo,0.3,2,4.576576576576577,0.13725849186701858
sin_homo,0.3,2,4.586586586586587,0.17344201072926382
sin_homo,0.3,2,4.596596596596597,0.15666999656597652
sin_homo,0.3,2,4.606606606606607,0.16281830548775775
sin_homo,0.3,2,4.616616616616617,0.16146177985264354
sin_homo,0.3,2,4.626626626626627,0.1491451764686507
sin_homo,0.3,2,4.636636636636637,0.14898649009364026
sin_homo,0.3,2,4.646646646646647,0.15003856253228107
sin_homo,0.3,2,4.656656656656657,0.14699646418467927
sin_homo,0.3,2,4.666666666666667,0.16629121457574872
sin_homo,0.3,2,4.676676676676677,0.1569363389608608
sin_homo,0.3,2,4.686686686686687,0.15690795618065936
sin_homo,0.3,2,4.696696696696697,0.16781746631535271
sin_homo,0.3,2,4.706706706706707,0.1600056709616965
sin_homo,0.3,2,4.716716716716717,0.18204432451402905
sin_homo,0.3,2,4.726726726726727,0.16838690290897976
sin_homo,0.3,2,4.736736736736737,0.16303755410039256
sin_homo,0.3,2,4.746746746746747,0.1476928821277821
sin_homo,0.3,2,4.756756756756757,0.1775397254624149
sin_homo,0.3,2,4.766766766766767,0.16300342193926914
sin_homo,0.3,2,4.776776776776777,0.16702485276801554
sin_homo,0.3,2,4.786786786786787,0.16049474370044953
sin_homo,0.3,2,4.796796796796797,0.13091620508553461
sin_homo,0.3,2,4.806806806806807,0.13931954874344382
sin_homo,0.3,2,4.816816816816817,0.15261499601869372
sin_homo,0.3,2,4.826826826826827,0.14270766005718252
sin_homo,0.3,2,4.836836836836837,0.14716128692120664
sin_homo,0.3,2,4.846846846846847,0.16592830886330034
sin_homo,0.3,2,4.856856856856857,0.17346807953511686
sin_homo,0.3,2,4.866866866866867,0.15533819788452513
sin_homo,0.3,2,4.876876876876877,0.1662241129421484
sin_homo,0.3,2,4.886886886886887,0.18123014310063848
sin_homo,0.3,2,4.896896896896897,0.159285131527568
sin_homo,0.3,2,4.906906906906907,0.17074886670132308
sin_homo,0.3,2,4.916916916916917,0.17267062347059117
sin_homo,0.3,2,4.926926926926927,0.16519480184157287
sin_homo,0.3,2,4.936936936936937,0.15096805336891084
sin_homo,0.3,2,4.946946946946947,0.16664405352225664
sin_homo,0.3,2,4.956956956956957,0.1681376196462886
sin_homo,0.3,2,4.966966966966967,0.16121425106774606
sin_homo,0.3,2,4.976976976976977,0.1664097267509821
sin_homo,0.3,2,4.986986986986987,0.1609916495962542
sin_homo,0.3,2,4.996996996996997,0.15911594588379654
sin_homo,0.3,2,5.007007007007007,0.16438983252434175
sin_homo,0.3,2,5.017017017017017,0.16503229313291518
sin_homo,0.3,2,5.027027027027027,0.1723504123098453
sin_homo,0.3,2,5.037037037037037,0.1673363806993968
sin_homo,0.3,2,5.047047047047047,0.14872864234253988
sin_homo,0.3,2,5.057057057057057,0.15203786448353987
sin_homo,0.3,2,5.067067067067067,0.17176225817571436
sin_homo,0.3,2,5.077077077077077,0.1639663281748018
sin_homo,0.3,2,5.087087087087087,0.14872729141864477
sin_homo,0.3,2,5.097097097097097,0.17112930154207792
sin_homo,0.3,2,5.107107107107107,0.1721275008019814
sin_homo,0.3,2,5.117117117117117,0.1749495158650891
sin_homo,0.3,2,5.127127127127127,0.14083431333181526
sin_homo,0.3,2,5.137137137137137,0.15849642742561937
sin_homo,0.3,2,5.147147147147147,0.16676701316086884
sin_homo,0.3,2,5.157157157157157,0.16499433649885978
sin_homo,0.3,2,5.167167167167167,0.1582009086541678
sin_homo,0.3,2,5.177177177177177,0.1653960537715526
sin_homo,0.3,2,5.187187187187187,0.17008758170007734
sin_homo,0.3,2,5.197197197197197,0.1633030347696228
sin_homo,0.3,2,5.207207207207207,0.18049824632788533
sin_homo,0.3,2,5.217217217217217,0.16029112767227355
sin_homo,0.3,2,5.227227227227227,0.19689489165933066
sin_homo,0.3,2,5.237237237237237,0.1614662500906749
sin_homo,0.3,2,5.247247247247247,0.17366917128271728
sin_homo,0.3,2,5.257257257257257,0.15607350231846792
sin_homo,0.3,2,5.267267267267267,0.16085867204776094
sin_homo,0.3,2,5.277277277277277,0.15644930126022966
sin_homo,0.3,2,5.287287287287287,0.1690326470405239
sin_homo,0.3,2,5.297297297297297,0.16406112533073108
sin_homo,0.3,2,5.307307307307307,0.17913714485423898
sin_homo,0.3,2,5.317317317317317,0.160587321566174
sin_homo,0.3,2,5.327327327327327,0.16654891827341775
sin_homo,0.3,2,5.337337337337337,0.17133684507939118
sin_homo,0.3,2,5.347347347347347,0.1721669133903347
sin_homo,0.3,2,5.357357357357357,0.1989926591853638
sin_homo,0.3,2,5.367367367367367,0.16616433499194275
sin_homo,0.3,2,5.377377377377377,0.14899200380572433
sin_homo,0.3,2,5.387387387387387,0.15701868516714756
sin_homo,0.3,2,5.397397397397397,0.15696996721072112
sin_homo,0.3,2,5.407407407407407,0.1650249499245794
sin_homo,0.3,2,5.4174174174174174,0.1779099207179315
sin_homo,0.3,2,5.4274274274274275,0.1526796074224949
sin_homo,0.3,2,5.4374374374374375,0.1714258261186089
sin_homo,0.3,2,5.4474474474474475,0.17765612777498774
sin_homo,0.3,2,5.4574574574574575,0.18509621511999344
sin_homo,0.3,2,5.4674674674674675,0.17274366708695862
sin_homo,0.3,2,5.4774774774774775,0.1593204663735532
sin_homo,0.3,2,5.4874874874874875,0.1632178217293679
sin_homo,0.3,2,5.4974974974974975,0.16613081249112488
sin_homo,0.3,2,5.5075075075075075,0.17180385525182074
sin_homo,0.3,2,5.5175175175175175,0.18756899176586941
sin_homo,0.3,2,5.5275275275275275,0.17571515081716746
sin_homo,0.3,2,5.5375375375375375,0.15909571462361385
sin_homo,0.3,2,5.5475475475475475,0.16927819882148548
sin_homo,0.3,2,5.5575575575575575,0.1843513031788124
sin_homo,0.3,2,5.5675675675675675,0.18298552860205472
sin_homo,0.3,2,5.5775775775775776,0.18472515619888508
sin_homo,0.3,2,5.587587587587588,0.17910670385712926
sin_homo,0.3,2,5.597597597597598,0.15455047583561046
sin_homo,0.3,2,5.607607607607608,0.15822997362761934
sin_homo,0.3,2,5.617617617617618,0.17681742479715315
sin_homo,0.3,2,5.627627627627628,0.16857485336137165
sin_homo,0.3,2,5.637637637637638,0.1640192257186068
sin_homo,0.3,2,5.647647647647648,0.15919686388652773
sin_homo,0.3,2,5.657657657657658,0.16121279639906888
sin_homo,0.3,2,5.667667667667668,0.16654147296903093
sin_homo,0.3,2,5.677677677677678,0.16656273121683204
sin_homo,0.3,2,5.687687687687688,0.17054234622328118
sin_homo,0.3,2,5.697697697697698,0.18135704070008715
sin_homo,0.3,2,5.707707707707708,0.15536834404656255
sin_homo,0.3,2,5.717717717717718,0.1664081480240951
sin_homo,0.3,2,5.727727727727728,0.16823517066064014
sin_homo,0.3,2,5.737737737737738,0.16379274755621023
sin_homo,0.3,2,5.747747747747748,0.18512202834708374
sin_homo,0.3,2,5.757757757757758,0.15829407844511087
sin_homo,0.3,2,5.767767767767768,0.16926198352251434
sin_homo,0.3,2,5.777777777777778,0.1520145417801493
sin_homo,0.3,2,5.787787787787788,0.16524349819867534
sin_homo,0.3,2,5.797797797797798,0.19469223697160806
sin_homo,0.3,2,5.807807807807808,0.17243447667068063
sin_homo,0.3,2,5.817817817817818,0.16131870276812943
sin_homo,0.3,2,5.827827827827828,0.18788342500837701
sin_homo,0.3,2,5.837837837837838,0.16033026448038204
sin_homo,0.3,2,5.847847847847848,0.18593209865814
sin_homo,0.3,2,5.857857857857858,0.1706149407044852
sin_homo,0.3,2,5.867867867867868,0.17789704681226218
sin_homo,0.3,2,5.877877877877878,0.1893995654995337
sin_homo,0.3,2,5.887887887887888,0.19081042636698511
sin_homo,0.3,2,5.897897897897898,0.17626777000644928
sin_homo,0.3,2,5.907907907907908,0.165649914372578
sin_homo,0.3,2,5.917917917917918,0.1727854245431688
sin_homo,0.3,2,5.927927927927928,0.17934916556444938
sin_homo,0.3,2,5.937937937937938,0.1528765252697295
sin_homo,0.3,2,5.947947947947948,0.16133648415014692
sin_homo,0.3,2,5.957957957957958,0.18237696389328023
sin_homo,0.3,2,5.967967967967968,0.17381873805700834
sin_homo,0.3,2,5.977977977977978,0.14487221270558545
sin_homo,0.3,2,5.987987987987988,0.1709232336192612
sin_homo,0.3,2,5.997997997997998,0.17677483122499157
sin_homo,0.3,2,6.008008008008009,0.17212844688241422
sin_homo,0.3,2,6.018018018018019,0.15078353508333486
sin_homo,0.3,2,6.028028028028029,0.1578874628414711
sin_homo,0.3,2,6.038038038038039,0.15559874668399565
sin_homo,0.3,2,6.048048048048049,0.1820926873960221
sin_homo,0.3,2,6.058058058058059,0.18584128178692386
sin_homo,0.3,2,6.068068068068069,0.15981430232029112
sin_homo,0.3,2,6.078078078078079,0.15790187174001533
sin_homo,0.3,2,6.088088088088089,0.16804334195932452
sin_homo,0.3,2,6.098098098098099,0.14973341244122818
sin_homo,0.3,2,6.108108108108109,0.16445060266063266
sin_homo,0.3,2,6.118118118118119,0.1629922536432971
sin_homo,0.3,2,6.128128128128129,0.16341193007526772
sin_homo,0.3,2,6.138138138138139,0.16406397283903226
sin_homo,0.3,2,6.148148148148149,0.1599062307072127
sin_homo,0.3,2,6.158158158158159,0.17170681803934523
sin_homo,0.3,2,6.168168168168169,0.16522925756275844
sin_homo,0.3,2,6.178178178178179,0.1573938496968873
sin_homo,0.3,2,6.188188188188189,0.1767228134004093
sin_homo,0.3,2,6.198198198198199,0.18522813327509788
sin_homo,0.3,2,6.208208208208209,0.1572917139253074
sin_homo,0.3,2,6.218218218218219,0.188264934990731
sin_homo,0.3,2,6.228228228228229,0.16620533266504453
sin_homo,0.3,2,6.238238238238239,0.1611035380403629
sin_homo,0.3,2,6.248248248248249,0.17317690064341848
sin_homo,0.3,2,6.258258258258259,0.19291897784714285
sin_homo,0.3,2,6.268268268268269,0.1813535174336487
sin_homo,0.3,2,6.278278278278279,0.18280112814227137
sin_homo,0.3,2,6.288288288288289,0.18650501325379318
sin_homo,0.3,2,6.298298298298299,0.15870764297455048
sin_homo,0.3,2,6.308308308308309,0.16477504921662853
sin_homo,0.3,2,6.318318318318319,0.17210114886763098
sin_homo,0.3,2,6.328328328328329,0.1808224429106548
sin_homo,0.3,2,6.338338338338339,0.1652574124769244
sin_homo,0.3,2,6.348348348348349,0.1702915706449835
sin_homo,0.3,2,6.358358358358359,0.1615431668911338
sin_homo,0.3,2,6.368368368368369,0.15826669675272828
sin_homo,0.3,2,6.378378378378379,0.16605789928497364
sin_homo,0.3,2,6.388388388388389,0.17538463984787153
sin_homo,0.3,2,6.398398398398399,0.16715865766166946
sin_homo,0.3,2,6.408408408408409,0.1696877865468673
sin_homo,0.3,2,6.418418418418419,0.1690914250026948
sin_homo,0.3,2,6.428428428428429,0.16207567803490505
sin_homo,0.3,2,6.438438438438439,0.1729615203187708
sin_homo,0.3,2,6.448448448448449,0.16257124275855173
sin_homo,0.3,2,6.458458458458459,0.17375503681622845
sin_homo,0.3,2,6.468468468468469,0.17482235049035927
sin_homo,0.3,2,6.478478478478479,0.1734280088052911
sin_homo,0.3,2,6.488488488488489,0.17971923501325635
sin_homo,0.3,2,6.498498498498499,0.17233130647334852
sin_homo,0.3,2,6.508508508508509,0.1734476477732626
sin_homo,0.3,2,6.518518518518519,0.18685974270002828
sin_homo,0.3,2,6.528528528528529,0.15331788641446112
sin_homo,0.3,2,6.538538538538539,0.1635117690125183
sin_homo,0.3,2,6.548548548548549,0.18236196397531598
sin_homo,0.3,2,6.558558558558559,0.16788500826281344
sin_homo,0.3,2,6.568568568568569,0.14884976617605525
sin_homo,0.3,2,6.578578578578579,0.1846241200194891
sin_homo,0.3,2,6.588588588588589,0.1877402761545372
sin_homo,0.3,2,6.598598598598599,0.16991357673660343
sin_homo,0.3,2,6.608608608608609,0.16580854958164581
sin_homo,0.3,2,6.618618618618619,0.14970377385362899
sin_homo,0.3,2,6.628628628628629,0.17905406508967978
sin_homo,0.3,2,6.638638638638639,0.19238419467251983
sin_homo,0.3,2,6.648648648648649,0.16126383820756632
sin_homo,0.3,2,6.658658658658659,0.17388987983274765
sin_homo,0.3,2,6.668668668668669,0.1756148559265898
sin_homo,0.3,2,6.678678678678679,0.17091259502900147
sin_homo,0.3,2,6.688688688688689,0.179240112535379
sin_homo,0.3,2,6.698698698698699,0.17384349743595656
sin_homo,0.3,2,6.708708708708709,0.15049811277516972
sin_homo,0.3,2,6.718718718718719,0.17433535757168714
sin_homo,0.3,2,6.728728728728729,0.17917330779284651
sin_homo,0.3,2,6.738738738738739,0.17169297979261602
sin_homo,0.3,2,6.748748748748749,0.1817097420332429
sin_homo,0.3,2,6.758758758758759,0.16939600490915818
sin_homo,0.3,2,6.768768768768769,0.1762869230634052
sin_homo,0.3,2,6.778778778778779,0.18357385369584098
sin_homo,0.3,2,6.788788788788789,0.171165028617108
sin_homo,0.3,2,6.798798798798799,0.17540280686477253
sin_homo,0.3,2,6.808808808808809,0.18632879419430204
sin_homo,0.3,2,6.818818818818819,0.14379966133757488
sin_homo,0.3,2,6.828828828828829,0.17016260150100113
sin_homo,0.3,2,6.838838838838839,0.15575955087414087
sin_homo,0.3,2,6.848848848848849,0.15729099323503043
sin_homo,0.3,2,6.858858858858859,0.17051231451453072
sin_homo,0.3,2,6.868868868868869,0.18332154705459125
sin_homo,0.3,2,6.878878878878879,0.16054263529617152
sin_homo,0.3,2,6.888888888888889,0.1597069634582585
sin_homo,0.3,2,6.898898898898899,0.16437942408538636
sin_homo,0.3,2,6.908908908908909,0.1725265074679633
sin_homo,0.3,2,6.918918918918919,0.16185310693533198
sin_homo,0.3,2,6.928928928928929,0.17289738317472803
sin_homo,0.3,2,6.938938938938939,0.17779814943464403
sin_homo,0.3,2,6.948948948948949,0.1745504437940366
sin_homo,0.3,2,6.958958958958959,0.17414122403795396
sin_homo,0.3,2,6.968968968968969,0.1739970697442048
sin_homo,0.3,2,6.978978978978979,0.17170808896631537
sin_homo,0.3,2,6.988988988988989,0.1841529904594566
sin_homo,0.3,2,6.998998998998999,0.1758420186079796
sin_homo,0.3,2,7.009009009009009,0.17136768421358325
sin_homo,0.3,2,7.019019019019019,0.16407288970346706
sin_homo,0.3,2,7.029029029029029,0.15754214265311967
sin_homo,0.3,2,7.039039039039039,0.14082691247638854
sin_homo,0.3,2,7.049049049049049,0.1821071544975194
sin_homo,0.3,2,7.059059059059059,0.19506746478983236
sin_homo,0.3,2,7.069069069069069,0.15120373167378287
sin_homo,0.3,2,7.079079079079079,0.15189435804491763
sin_homo,0.3,2,7.089089089089089,0.1664809648248179
sin_homo,0.3,2,7.099099099099099,0.17900360708793867
sin_homo,0.3,2,7.109109109109109,0.16589893767329
sin_homo,0.3,2,7.119119119119119,0.17920290535404568
sin_homo,0.3,2,7.129129129129129,0.18820500662787407
sin_homo,0.3,2,7.1391391391391394,0.15952628294366802
sin_homo,0.3,2,7.1491491491491495,0.17448082726737066
sin_homo,0.3,2,7.1591591591591595,0.17586430017293866
sin_homo,0.3,2,7.1691691691691695,0.15292595832723074
sin_homo,0.3,2,7.1791791791791795,0.18352877981049595
sin_homo,0.3,2,7.1891891891891895,0.17996017603924278
sin_homo,0.3,2,7.1991991991991995,0.1652317391258689
sin_homo,0.3,2,7.2092092092092095,0.15581228038023884
sin_homo,0.3,2,7.2192192192192195,0.18441645805763635
sin_homo,0.3,2,7.2292292292292295,0.16342846511526804
sin_homo,0.3,2,7.2392392392392395,0.17364545655001365
sin_homo,0.3,2,7.2492492492492495,0.18151986166987077
sin_homo,0.3,2,7.2592592592592595,0.16314656036562183
sin_homo,0.3,2,7.2692692692692695,0.16324494567605907
sin_homo,0.3,2,7.2792792792792795,0.1589136637314081
sin_homo,0.3,2,7.2892892892892895,0.17990144893770946
sin_homo,0.3,2,7.2992992992992995,0.16915590186956758
sin_homo,0.3,2,7.3093093093093096,0.19219415360988423
sin_homo,0.3,2,7.31931931931932,0.1780134218046657
sin_homo,0.3,2,7.32932932932933,0.15579115524571985
sin_homo,0.3,2,7.33933933933934,0.18108485899390392
sin_homo,0.3,2,7.34934934934935,0.1766216516527739
sin_homo,0.3,2,7.35935935935936,0.17321661315422765
sin_homo,0.3,2,7.36936936936937,0.17221871771029973
sin_homo,0.3,2,7.37937937937938,0.17423844912303324
sin_homo,0.3,2,7.38938938938939,0.17125112612342971
sin_homo,0.3,2,7.3993993993994,0.1710235105569309
sin_homo,0.3,2,7.40940940940941,0.16099256490524358
sin_homo,0.3,2,7.41941941941942,0.15765487050067378
sin_homo,0.3,2,7.42942942942943,0.1659993080812304
sin_homo,0.3,2,7.43943943943944,0.17040463179071652
sin_homo,0.3,2,7.44944944944945,0.18486346237086157
sin_homo,0.3,2,7.45945945945946,0.1540852035636612
sin_homo,0.3,2,7.46946946946947,0.16331067811752586
sin_homo,0.3,2,7.47947947947948,0.16875745474967624
sin_homo,0.3,2,7.48948948948949,0.16601158422176135
sin_homo,0.3,2,7.4994994994995,0.1927608314563823
sin_homo,0.3,2,7.50950950950951,0.15814014267527235
sin_homo,0.3,2,7.51951951951952,0.18142643931782307
sin_homo,0.3,2,7.52952952952953,0.19905921027221143
sin_homo,0.3,2,7.53953953953954,0.202549384949308
sin_homo,0.3,2,7.54954954954955,0.1680658900361001
sin_homo,0.3,2,7.55955955955956,0.17681560330578266
sin_homo,0.3,2,7.56956956956957,0.17939136671643308
sin_homo,0.3,2,7.57957957957958,0.172996652808389
sin_homo,0.3,2,7.58958958958959,0.20024772279521438
sin_homo,0.3,2,7.5995995995996,0.1680038342851998
sin_homo,0.3,2,7.60960960960961,0.16597219165804605
sin_homo,0.3,2,7.61961961961962,0.1920611587648445
sin_homo,0.3,2,7.62962962962963,0.1727449574610096
sin_homo,0.3,2,7.63963963963964,0.16103703680308643
sin_homo,0.3,2,7.64964964964965,0.1441903695091446
sin_homo,0.3,2,7.65965965965966,0.16310030554491564
sin_homo,0.3,2,7.66966966966967,0.17438560085496058
sin_homo,0.3,2,7.67967967967968,0.16875421194358353
sin_homo,0.3,2,7.68968968968969,0.18557045820519824
sin_homo,0.3,2,7.6996996996997,0.1768547846591979
sin_homo,0.3,2,7.70970970970971,0.16495078136046043
sin_homo,0.3,2,7.71971971971972,0.17858001783589056
sin_homo,0.3,2,7.72972972972973,0.17851493553807835
sin_homo,0.3,2,7.73973973973974,0.17158452490967543
sin_homo,0.3,2,7.74974974974975,0.17312434211970165
sin_homo,0.3,2,7.75975975975976,0.17578804072184726
sin_homo,0.3,2,7.76976976976977,0.16907827735691744
sin_homo,0.3,2,7.77977977977978,0.17315332365181657
sin_homo,0.3,2,7.78978978978979,0.1635692895611717
sin_homo,0.3,2,7.7997997997998,0.1779379180549262
sin_homo,0.3,2,7.80980980980981,0.17747088682692636
sin_homo,0.3,2,7.81981981981982,0.16111026730654568
sin_homo,0.3,2,7.82982982982983,0.1864393547127132
sin_homo,0.3,2,7.83983983983984,0.16785780290558744
sin_homo,0.3,2,7.84984984984985,0.1729191124687273
sin_homo,0.3,2,7.85985985985986,0.1829618148297674
sin_homo,0.3,2,7.86986986986987,0.1918780776789594
sin_homo,0.3,2,7.87987987987988,0.18742381938107847
sin_homo,0.3,2,7.88988988988989,0.18990138131434312
sin_homo,0.3,2,7.8998998998999,0.14820916498313186
sin_homo,0.3,2,7.90990990990991,0.1856475817373987
sin_homo,0.3,2,7.91991991991992,0.19281184142831082
sin_homo,0.3,2,7.92992992992993,0.20766635076478895
sin_homo,0.3,2,7.93993993993994,0.1584488892904956
sin_homo,0.3,2,7.94994994994995,0.16272660127239633
sin_homo,0.3,2,7.95995995995996,0.16723855909708746
sin_homo,0.3,2,7.96996996996997,0.1715545686595296
sin_homo,0.3,2,7.97997997997998,0.18731203595052934
sin_homo,0.3,2,7.98998998998999,0.16198213927552424
sin_homo,0.3,2,8.0,0.18066212058788214
